origin,destination,hour,trips,mean_trip_seconds
1,1,0,151.0,332.3
1,1,1,111.0,289.4
1,1,2,92.0,258.8
1,1,3,49.0,273.1
1,1,4,55.0,435.9
1,1,5,20.0,252.7
1,1,6,72.0,314.5
1,1,7,149.0,400.6
1,1,8,286.0,375.0
1,1,9,176.0,424.4
1,1,10,147.0,346.2
1,1,11,145.0,358.8
1,1,12,135.0,339.1
1,1,13,139.0,342.2
1,1,14,143.0,375.2
1,1,15,234.0,529.7
1,1,16,197.0,404.0
1,1,17,188.0,453.4
1,1,18,181.0,424.1
1,1,19,206.0,337.4
1,1,20,199.0,330.4
1,1,21,228.0,332.0
1,1,22,221.0,390.1
1,1,23,259.0,288.9
1,2,0,14.0,489.8
1,2,1,48.0,417.7
1,2,2,30.0,392.3
1,2,3,23.0,455.6
1,2,4,21.0,402.2
1,2,5,24.0,344.1
1,3,0,32.0,732.2
1,3,1,22.0,723.6
1,3,2,18.0,631.3
1,3,3,19.0,603.2
1,3,4,29.0,635.6
1,3,5,16.0,699.4
1,3,6,36.0,787.2
1,3,7,37.0,1043.1
1,3,8,71.0,1045.3
1,3,9,98.0,953.4
1,3,10,71.0,872.5
1,3,11,66.0,931.7
1,3,12,53.0,880.9
1,3,13,51.0,899.8
1,3,14,58.0,905.7
1,3,15,52.0,1038.9
1,3,16,78.0,1078.7
1,3,17,75.0,1104.9
1,3,18,90.0,1052.1
1,3,19,107.0,811.8
1,3,20,66.0,769.8
1,3,21,81.0,734.0
1,3,22,93.0,742.2
1,3,23,81.0,747.1
1,4,1,7.0,626.4
1,4,2,7.0,960.1
1,4,3,6.0,639.8
1,4,4,5.0,543.0
1,5,1,3.0,804.7
1,5,2,1.0,671.0
1,5,3,2.0,1049.0
1,5,4,2.0,1214.5
1,5,5,4.0,1376.0
1,6,0,62.0,906.1
1,6,1,24.0,975.8
1,6,2,16.0,876.5
1,6,3,20.0,792.9
1,6,4,15.0,808.0
1,6,5,9.0,859.4
1,6,6,49.0,1012.0
1,6,7,70.0,1679.5
1,6,8,60.0,1451.5
1,6,9,100.0,1335.9
1,6,10,75.0,1215.7
1,6,11,56.0,1168.9
1,6,12,59.0,1138.7
1,6,13,75.0,1189.1
1,6,14,60.0,1231.5
1,6,15,61.0,1374.3
1,6,16,56.0,1511.0
1,6,17,79.0,1463.6
1,6,18,114.0,1374.0
1,6,19,123.0,1161.6
1,6,20,116.0,1063.9
1,6,21,123.0,1033.0
1,6,22,132.0,963.6
1,6,23,119.0,954.0
1,7,0,20.0,1078.2
1,7,1,4.0,1257.5
1,7,2,3.0,1236.7
1,7,3,3.0,1018.3
1,7,4,8.0,1056.8
1,7,5,7.0,1114.1
1,7,6,44.0,1171.9
1,7,7,15.0,1859.3
1,7,8,22.0,1731.5
1,7,9,45.0,1642.4
1,7,10,54.0,1410.7
1,7,11,52.0,1316.5
1,7,12,37.0,1412.6
1,7,13,31.0,1430.3
1,7,14,25.0,1541.8
1,7,15,18.0,1450.3
1,7,16,9.0,1591.1
1,7,17,23.0,1580.1
1,7,18,27.0,1538.6
1,7,19,19.0,1286.6
1,7,20,22.0,1381.0
1,7,21,20.0,1141.2
1,7,22,46.0,1092.1
1,7,23,52.0,1118.2
1,8,0,24.0,1167.0
1,8,1,20.0,1283.4
1,8,2,12.0,1135.2
1,8,3,17.0,1156.6
1,8,4,24.0,1073.8
1,8,5,67.0,1144.5
1,8,6,145.0,1332.3
1,8,7,170.0,2570.2
1,8,8,142.0,2376.6
1,8,9,187.0,1734.6
1,8,10,210.0,1495.4
1,8,11,139.0,1412.0
1,8,12,121.0,1414.2
1,8,13,112.0,1363.9
1,8,14,127.0,1496.7
1,8,15,104.0,1663.4
1,8,16,93.0,1836.9
1,8,17,86.0,1838.0
1,8,18,112.0,1659.2
1,8,19,108.0,1453.6
1,8,20,71.0,1301.7
1,8,21,74.0,1209.3
1,8,22,57.0,1296.3
1,8,23,80.0,1231.0
1,10,1,1.0,1849.0
1,10,4,1.0,1421.0
1,11,2,1.0,1429.0
1,11,3,2.0,1745.0
1,11,4,4.0,1182.5
1,12,1,1.0,1425.0
1,12,6,3.0,1682.7
1,12,7,8.0,1058.8
1,12,8,14.0,1336.4
1,12,9,8.0,1275.8
1,12,10,7.0,1070.0
1,12,11,4.0,1427.0
1,12,12,3.0,1427.3
1,12,13,4.0,1391.8
1,12,14,2.0,1621.0
1,12,15,1.0,1952.0
1,12,17,1.0,1786.0
1,12,18,5.0,1500.4
1,12,19,4.0,1408.0
1,12,20,2.0,1167.5
1,12,21,1.0,1250.0
1,12,22,2.0,1076.5
1,12,23,1.0,1061.0
1,13,1,2.0,941.0
1,13,3,5.0,889.4
1,13,4,3.0,685.0
1,13,5,11.0,738.8
1,13,6,11.0,1262.0
1,13,7,55.0,1170.3
1,13,8,48.0,1148.1
1,13,9,45.0,1112.4
1,13,10,18.0,1010.6
1,13,11,19.0,1025.5
1,13,12,18.0,1122.2
1,13,13,14.0,1014.9
1,13,14,14.0,1047.4
1,13,15,14.0,1253.6
1,13,16,13.0,1145.8
1,13,17,14.0,1218.8
1,13,18,19.0,1179.8
1,13,19,10.0,936.3
1,13,20,7.0,1026.4
1,13,21,7.0,965.4
1,13,22,8.0,974.9
1,13,23,4.0,934.2
1,14,0,12.0,960.4
1,14,1,8.0,1069.6
1,14,2,4.0,1083.2
1,14,3,8.0,939.2
1,14,4,6.0,966.2
1,14,5,2.0,991.0
1,14,7,14.0,1473.6
1,14,8,7.0,1349.1
1,14,9,8.0,1439.0
1,14,10,16.0,1225.0
1,14,11,15.0,1261.8
1,14,12,7.0,1302.4
1,14,13,11.0,1285.4
1,14,14,14.0,1388.9
1,14,15,16.0,1747.2
1,14,16,7.0,1861.1
1,14,17,11.0,1762.3
1,14,18,17.0,1502.2
1,14,19,25.0,1248.8
1,14,20,18.0,1199.5
1,14,21,30.0,1149.7
1,14,22,13.0,1070.7
1,14,23,21.0,1039.8
1,15,1,6.0,1339.7
1,15,2,4.0,1384.5
1,15,3,4.0,1935.0
1,15,4,2.0,1372.5
1,16,0,3.0,1145.7
1,16,1,7.0,1093.4
1,16,2,6.0,1009.7
1,16,3,4.0,1013.8
1,16,4,4.0,1194.5
1,16,5,1.0,1456.0
1,16,6,6.0,1396.0
1,16,7,2.0,1567.0
1,16,22,1.0,1371.0
1,16,23,4.0,1316.5
1,17,0,3.0,1920.0
1,17,1,1.0,1760.0
1,17,2,2.0,1527.0
1,17,4,3.0,1536.0
1,17,5,9.0,1677.0
1,17,8,4.0,2811.2
1,17,9,7.0,2097.3
1,17,10,3.0,2963.0
1,17,11,2.0,2171.5
1,17,13,1.0,2060.0
1,17,14,2.0,2845.0
1,17,15,4.0,2730.2
1,17,17,2.0,3110.5
1,17,18,1.0,2399.0
1,17,19,3.0,2458.3
1,17,22,2.0,2051.0
1,17,23,4.0,2027.5
1,19,0,4.0,1664.5
1,19,2,2.0,1698.0
1,19,3,1.0,1864.0
1,19,6,2.0,2630.5
1,19,7,1.0,2852.0
1,19,8,7.0,2641.9
1,19,9,5.0,2251.8
1,19,10,1.0,2629.0
1,19,11,2.0,2842.5
1,19,12,3.0,2499.3
1,19,13,4.0,2557.5
1,19,14,4.0,3103.2
1,19,15,4.0,3143.5
1,19,16,5.0,3598.8
1,19,18,3.0,3047.0
1,19,19,2.0,2324.0
1,19,20,3.0,2355.7
1,19,21,7.0,1925.1
1,19,22,4.0,1804.8
1,19,23,4.0,1940.0
1,20,0,2.0,1884.0
1,20,1,1.0,1715.0
1,21,0,2.0,1534.5
1,21,1,3.0,1562.7
1,21,2,1.0,1328.0
1,21,3,2.0,1347.5
1,21,4,2.0,1206.5
1,21,5,6.0,1295.5
1,22,1,5.0,1402.6
1,22,2,3.0,1455.3
1,22,3,9.0,1524.6
1,22,4,5.0,1502.8
1,22,5,3.0,1636.3
1,23,0,2.0,1785.5
1,23,1,1.0,1756.0
1,23,2,1.0,2098.0
1,23,3,1.0,1585.0
1,23,6,2.0,2645.0
1,23,7,6.0,3235.5
1,23,8,2.0,2857.0
1,23,9,7.0,2365.4
1,23,10,4.0,2393.2
1,23,11,2.0,2349.5
1,23,12,6.0,2422.2
1,23,13,3.0,2091.3
1,23,14,2.0,2418.0
1,23,15,2.0,3127.5
1,23,16,2.0,2779.0
1,23,17,4.0,3386.5
1,23,19,8.0,2409.9
1,23,20,3.0,2572.7
1,23,21,3.0,2147.0
1,23,22,2.0,2282.5
1,23,23,10.0,1986.1
1,24,0,4.0,1415.5
1,24,1,4.0,1454.5
1,24,2,1.0,1356.0
1,24,3,2.0,1188.0
1,24,5,6.0,1619.7
1,25,0,1.0,2397.0
1,27,2,2.0,1868.0
1,27,3,1.0,1610.0
1,28,0,9.0,1641.3
1,28,1,6.0,1844.8
1,28,2,4.0,1926.5
1,28,3,8.0,1446.1
1,28,4,9.0,1523.6
1,28,5,33.0,1672.4
1,28,6,14.0,1576.1
1,29,4,1.0,1841.0
1,29,5,1.0,1991.0
1,30,0,1.0,2362.0
1,30,2,1.0,1996.0
1,30,3,1.0,2008.0
1,30,4,1.0,2737.0
1,30,5,2.0,2304.0
1,30,6,1.0,2385.0
1,30,23,2.0,2032.0
1,31,0,1.0,1543.0
1,31,1,1.0,1819.0
1,31,2,1.0,1807.0
1,31,3,3.0,1518.0
1,31,4,2.0,1524.0
1,31,6,1.0,2053.0
1,31,9,1.0,2133.0
1,31,12,5.0,2166.8
1,31,13,5.0,2398.4
1,31,14,1.0,3341.0
1,31,15,1.0,6199.0
1,31,17,1.0,2588.0
1,31,19,2.0,2107.0
1,31,20,3.0,2065.0
1,31,21,3.0,1991.3
1,31,23,2.0,2024.5
1,32,0,3.0,1427.3
1,32,1,9.0,1610.0
1,32,2,4.0,1263.5
1,32,3,8.0,1312.0
1,32,4,5.0,1279.0
1,32,5,43.0,1365.9
1,32,6,124.0,1501.0
1,32,7,131.0,2809.9
1,32,8,149.0,2727.7
1,32,9,137.0,2224.5
1,32,10,115.0,2012.0
1,32,11,101.0,1852.2
1,32,12,91.0,1855.2
1,32,13,62.0,1787.5
1,32,14,41.0,1898.1
1,32,15,43.0,2298.4
1,32,16,45.0,2423.2
1,32,17,31.0,2292.0
1,32,18,35.0,1976.1
1,32,19,19.0,1772.8
1,32,20,23.0,1518.7
1,32,21,21.0,1517.2
1,32,22,17.0,1501.4
1,32,23,10.0,1751.4
1,33,0,4.0,1609.2
1,33,1,4.0,1824.0
1,33,3,3.0,1272.0
1,33,4,2.0,1487.5
1,33,5,4.0,1409.5
1,33,6,6.0,1826.8
1,33,7,1.0,3007.0
1,33,21,2.0,1398.5
1,33,22,2.0,1979.5
1,33,23,2.0,1677.5
1,34,3,2.0,1428.5
1,34,13,2.0,2297.5
1,34,15,1.0,2432.0
1,34,16,1.0,2392.0
1,34,18,1.0,2999.0
1,34,19,2.0,1863.5
1,34,20,5.0,1604.6
1,34,22,1.0,1321.0
1,35,4,1.0,1510.0
1,35,5,1.0,1508.0
1,35,6,4.0,1738.5
1,35,7,3.0,4308.0
1,35,8,1.0,3425.0
1,35,9,3.0,3078.3
1,35,10,3.0,2327.7
1,35,11,2.0,2439.5
1,35,12,1.0,3036.0
1,35,13,1.0,1595.0
1,35,14,2.0,2178.5
1,35,18,1.0,2450.0
1,35,20,1.0,1732.0
1,35,21,1.0,1830.0
1,35,23,3.0,2290.7
1,36,1,1.0,1965.0
1,38,1,2.0,1796.5
1,38,6,1.0,1945.0
1,38,7,10.0,3338.9
1,38,8,1.0,3650.0
1,38,11,1.0,2158.0
1,38,12,1.0,2119.0
1,38,13,1.0,2921.0
1,38,16,1.0,2257.0
1,38,17,1.0,3091.0
1,38,19,2.0,1991.5
1,38,20,3.0,1856.7
1,38,21,3.0,1849.7
1,38,22,1.0,2092.0
1,38,23,6.0,1808.2
1,39,6,1.0,1459.0
1,39,8,1.0,2377.0
1,39,9,1.0,2565.0
1,39,12,1.0,2269.0
1,39,14,1.0,2643.0
1,39,15,1.0,4150.0
1,39,17,2.0,2901.5
1,39,19,1.0,2917.0
1,39,20,1.0,2829.0
1,39,21,1.0,3172.0
1,39,22,1.0,2389.0
1,39,23,2.0,1743.0
1,40,0,1.0,2528.0
1,40,9,1.0,3070.0
1,40,10,2.0,2910.0
1,40,12,1.0,3369.0
1,40,15,1.0,3087.0
1,40,21,1.0,2002.0
1,41,0,2.0,2100.0
1,41,1,1.0,2330.0
1,41,2,1.0,1751.0
1,41,4,1.0,1764.0
1,41,5,5.0,1749.0
1,41,6,1.0,2442.0
1,41,7,10.0,3709.7
1,41,8,13.0,3144.0
1,41,9,3.0,2211.3
1,41,10,4.0,2460.8
1,41,11,2.0,2221.0
1,41,12,6.0,2609.7
1,41,13,3.0,1891.3
1,41,14,4.0,2259.2
1,41,15,1.0,2975.0
1,41,16,5.0,2749.2
1,41,17,1.0,2150.0
1,41,18,8.0,2833.4
1,41,19,4.0,2345.8
1,41,20,1.0,1706.0
1,41,22,4.0,2029.0
1,41,23,1.0,1555.0
1,42,1,1.0,3271.0
1,42,3,3.0,2129.0
1,42,6,1.0,2632.0
1,42,7,2.0,3297.5
1,42,8,1.0,2872.0
1,42,9,1.0,2431.0
1,42,10,2.0,2611.0
1,42,12,1.0,2887.0
1,42,13,2.0,2305.0
1,42,17,1.0,3034.0
1,42,18,2.0,2339.0
1,42,21,4.0,2036.0
1,42,22,4.0,2353.0
1,43,4,1.0,1879.0
1,46,0,1.0,2647.0
1,46,6,2.0,2643.5
1,46,12,1.0,2515.0
1,46,13,1.0,3307.0
1,46,19,3.0,3063.0
1,46,20,1.0,3395.0
1,46,22,2.0,2369.0
1,46,23,2.0,3375.0
1,47,7,2.0,3104.5
1,47,11,1.0,3497.0
1,49,0,2.0,2780.5
1,49,3,1.0,2311.0
1,49,22,1.0,3307.0
1,51,3,1.0,2366.0
1,53,0,1.0,2320.0
1,53,19,1.0,3820.0
1,54,15,1.0,4445.0
1,55,0,1.0,2944.0
1,56,0,1.0,2412.0
1,56,1,1.0,2077.0
1,56,2,1.0,2003.0
1,56,3,8.0,2283.4
1,56,4,16.0,2270.8
1,56,5,14.0,2243.4
1,56,6,17.0,2600.0
1,56,7,12.0,3544.8
1,56,8,4.0,2906.5
1,56,9,9.0,3251.2
1,56,10,14.0,2860.9
1,56,11,12.0,3117.8
1,56,12,14.0,3042.4
1,56,13,13.0,3464.5
1,56,14,16.0,4655.8
1,56,15,17.0,4569.5
1,56,16,13.0,4895.3
1,56,17,10.0,4911.8
1,56,18,9.0,3485.6
1,56,19,4.0,3099.2
1,56,20,8.0,2451.0
1,56,21,1.0,2239.0
1,56,22,2.0,3304.5
1,57,4,1.0,2304.0
1,57,6,2.0,2240.5
1,59,2,1.0,1740.0
1,59,23,1.0,2478.0
1,60,0,2.0,2059.5
1,60,1,1.0,3196.0
1,60,3,1.0,2399.0
1,60,6,3.0,1830.7
1,60,7,1.0,2751.0
1,60,9,1.0,2206.0
1,60,10,2.0,2402.0
1,60,11,1.0,1856.0
1,60,13,1.0,3323.0
1,60,14,1.0,1953.0
1,60,15,4.0,2704.5
1,60,16,6.0,3722.2
1,60,17,1.0,3159.0
1,60,18,1.0,1925.0
1,60,19,3.0,1878.0
1,60,21,1.0,2039.0
1,60,22,3.0,1758.3
1,60,23,1.0,2133.0
1,61,2,1.0,2125.0
1,61,3,2.0,2149.0
1,61,5,1.0,1506.0
1,61,6,1.0,2215.0
1,61,7,2.0,2826.5
1,61,8,3.0,3544.7
1,61,9,1.0,2368.0
1,61,10,1.0,3508.0
1,61,17,1.0,2701.0
1,61,18,3.0,2945.7
1,62,23,1.0,2665.0
1,64,17,1.0,4024.0
1,65,3,1.0,1828.0
1,67,3,1.0,1914.0
1,67,8,1.0,4918.0
1,67,11,1.0,3303.0
1,67,12,1.0,2393.0
1,67,19,4.0,3085.0
1,67,20,1.0,3389.0
1,67,23,1.0,1671.0
1,68,1,1.0,1567.0
1,68,11,2.0,2779.0
1,68,13,1.0,2358.0
1,68,18,1.0,1780.0
1,68,21,2.0,1820.5
1,68,22,1.0,1783.0
1,68,23,2.0,2403.0
1,69,0,1.0,2227.0
1,69,2,1.0,2226.0
1,69,9,1.0,2536.0
1,69,10,1.0,1984.0
1,69,14,2.0,3547.0
1,69,15,2.0,2653.0
1,69,18,1.0,2847.0
1,69,19,2.0,2871.5
1,69,21,1.0,2543.0
1,69,22,1.0,2681.0
1,70,2,1.0,2461.0
1,70,8,2.0,3978.5
1,70,9,1.0,2767.0
1,70,13,1.0,2891.0
1,70,16,1.0,4140.0
1,70,19,1.0,3481.0
1,70,23,1.0,2463.0
1,71,1,2.0,3210.5
1,71,3,1.0,2455.0
1,71,12,1.0,3816.0
1,71,16,1.0,4846.0
1,71,18,1.0,3862.0
1,71,23,2.0,2935.5
1,72,7,1.0,3045.0
1,72,8,1.0,3812.0
1,72,9,1.0,2462.0
1,72,15,3.0,3926.7
1,72,19,1.0,4004.0
1,76,1,1.0,1699.0
1,76,2,4.0,2155.0
1,76,3,32.0,1881.9
1,76,4,111.0,1881.4
1,76,5,120.0,2322.8
1,76,6,108.0,2541.2
1,76,7,93.0,2849.5
1,76,8,65.0,2775.7
1,76,9,74.0,2371.1
1,76,10,78.0,2380.5
1,76,11,77.0,2530.2
1,76,12,87.0,2784.6
1,76,13,85.0,2916.8
1,76,14,63.0,3135.0
1,76,15,89.0,3539.0
1,76,16,86.0,3523.7
1,76,17,56.0,3263.8
1,76,18,48.0,2915.1
1,76,19,31.0,2641.7
1,76,20,10.0,2248.4
1,76,21,10.0,2124.7
1,76,22,3.0,1969.0
1,76,23,2.0,1981.5
1,77,0,65.0,449.4
1,77,1,55.0,388.4
1,77,2,24.0,347.4
1,77,3,26.0,306.6
1,77,4,23.0,378.2
1,77,5,18.0,394.0
2,1,0,30.0,451.0
2,1,1,33.0,381.7
2,1,2,18.0,372.9
2,1,3,9.0,378.2
2,1,4,20.0,348.0
2,1,5,12.0,441.8
2,2,0,65.0,321.7
2,2,1,40.0,277.2
2,2,2,36.0,256.4
2,2,3,17.0,290.8
2,2,4,35.0,300.5
2,2,5,22.0,351.7
2,2,6,43.0,360.0
2,2,7,156.0,493.6
2,2,8,168.0,387.7
2,2,9,126.0,453.4
2,2,10,124.0,385.2
2,2,11,98.0,366.6
2,2,12,112.0,387.8
2,2,13,81.0,447.3
2,2,14,144.0,388.3
2,2,15,170.0,508.4
2,2,16,206.0,488.6
2,2,17,201.0,489.6
2,2,18,168.0,472.2
2,2,19,145.0,417.4
2,2,20,90.0,393.3
2,2,21,121.0,370.3
2,2,22,101.0,387.0
2,2,23,111.0,350.6
2,3,0,18.0,756.9
2,3,1,11.0,770.5
2,3,2,3.0,906.7
2,3,3,3.0,578.0
2,3,4,14.0,599.4
2,3,5,9.0,917.4
2,3,6,28.0,866.7
2,3,23,21.0,676.6
2,4,0,11.0,477.9
2,4,1,8.0,414.2
2,4,2,7.0,493.9
2,4,3,5.0,504.4
2,4,4,20.0,363.2
2,4,5,21.0,386.4
2,4,6,1.0,405.0
2,5,0,2.0,595.0
2,5,1,4.0,710.2
2,5,2,1.0,703.0
2,5,3,1.0,735.0
2,5,5,2.0,515.5
2,5,6,13.0,958.6
2,5,7,31.0,1709.3
2,5,8,35.0,1244.6
2,5,9,24.0,1167.7
2,5,10,15.0,888.8
2,5,11,12.0,854.4
2,5,12,12.0,953.3
2,5,13,14.0,921.1
2,5,14,13.0,951.3
2,5,15,23.0,1075.4
2,5,16,23.0,1309.2
2,5,17,14.0,1207.4
2,5,18,21.0,1229.4
2,5,19,12.0,988.2
2,5,20,6.0,977.2
2,5,21,5.0,787.4
2,5,22,4.0,840.2
2,5,23,9.0,840.2
2,6,1,2.0,1092.0
2,6,2,1.0,930.0
2,6,3,1.0,677.0
2,7,0,3.0,1428.3
2,7,1,1.0,1244.0
2,7,2,1.0,1200.0
2,7,3,3.0,1364.7
2,7,5,5.0,1059.6
2,7,6,22.0,1628.6
2,7,7,5.0,2264.2
2,7,8,29.0,2204.0
2,7,9,27.0,1479.3
2,7,10,20.0,1410.5
2,7,11,20.0,1399.7
2,7,12,21.0,1497.7
2,7,13,9.0,1289.1
2,7,14,17.0,1694.6
2,7,15,12.0,1485.9
2,7,16,17.0,1847.6
2,7,17,14.0,1917.6
2,7,18,18.0,1737.5
2,7,19,13.0,1577.2
2,7,20,15.0,1390.1
2,7,21,18.0,1367.5
2,7,22,7.0,1525.3
2,7,23,8.0,1284.6
2,8,0,4.0,1315.5
2,8,1,9.0,1286.0
2,8,2,7.0,1483.3
2,8,3,14.0,1291.1
2,8,4,4.0,1479.2
2,8,5,38.0,1298.3
2,8,6,67.0,1479.6
2,8,7,85.0,2707.0
2,8,8,65.0,2415.0
2,8,9,88.0,2048.3
2,8,10,68.0,1708.4
2,8,11,49.0,1499.5
2,8,12,54.0,1525.5
2,8,13,43.0,1562.7
2,8,14,68.0,1630.3
2,8,15,51.0,1970.0
2,8,16,47.0,2208.3
2,8,17,39.0,2127.1
2,8,18,36.0,1999.6
2,8,19,34.0,1617.4
2,8,20,39.0,1579.5
2,8,21,43.0,1493.3
2,8,22,44.0,1386.0
2,8,23,34.0,1425.7
2,9,7,2.0,1805.5
2,9,9,1.0,1450.0
2,9,12,3.0,1439.0
2,9,15,1.0,2404.0
2,9,16,2.0,1941.5
2,9,18,2.0,1402.0
2,9,19,1.0,1088.0
2,9,20,4.0,1184.0
2,10,1,2.0,942.0
2,10,2,1.0,699.0
2,10,4,1.0,989.0
2,10,6,12.0,1592.6
2,10,7,13.0,1793.6
2,10,8,4.0,1709.2
2,10,9,7.0,1609.4
2,10,10,7.0,1501.7
2,10,11,8.0,1269.1
2,10,12,5.0,1335.6
2,10,13,2.0,1461.0
2,10,14,1.0,1471.0
2,10,15,4.0,1951.5
2,10,16,2.0,1864.5
2,10,17,2.0,1672.0
2,10,18,5.0,1635.2
2,10,19,2.0,1407.5
2,10,20,4.0,1328.8
2,10,21,2.0,1383.5
2,10,22,2.0,1097.0
2,10,23,3.0,1047.0
2,11,0,2.0,840.5
2,11,1,1.0,1116.0
2,11,4,2.0,998.5
2,11,6,7.0,1196.6
2,11,8,1.0,831.0
2,11,9,3.0,993.0
2,11,10,5.0,1291.2
2,11,11,9.0,1245.8
2,11,12,6.0,1330.7
2,11,13,3.0,1223.0
2,11,14,3.0,1721.0
2,11,20,7.0,1032.3
2,11,21,4.0,968.2
2,11,22,1.0,1032.0
2,11,23,5.0,1395.0
2,12,0,1.0,625.0
2,12,4,2.0,646.0
2,12,5,6.0,567.0
2,12,6,4.0,593.8
2,12,7,17.0,897.7
2,12,8,16.0,1009.0
2,12,9,6.0,923.7
2,12,10,12.0,878.3
2,12,11,15.0,763.8
2,12,12,8.0,889.8
2,12,13,9.0,811.4
2,12,14,12.0,1004.9
2,12,15,12.0,1103.6
2,12,16,6.0,1167.8
2,12,17,5.0,1351.6
2,12,18,5.0,788.2
2,12,19,7.0,873.0
2,12,20,3.0,658.0
2,12,21,2.0,860.0
2,12,22,4.0,647.8
2,12,23,4.0,797.0
2,13,0,13.0,499.7
2,13,1,4.0,401.5
2,13,2,1.0,445.0
2,13,3,3.0,547.0
2,13,4,6.0,470.2
2,13,5,2.0,304.5
2,13,6,20.0,655.8
2,13,7,65.0,712.3
2,13,8,55.0,653.1
2,13,9,69.0,602.6
2,13,10,48.0,546.4
2,13,11,50.0,541.3
2,13,12,31.0,682.8
2,13,13,33.0,588.7
2,13,14,44.0,570.2
2,13,15,49.0,624.9
2,13,16,10.0,663.9
2,13,17,28.0,697.9
2,13,18,22.0,617.5
2,13,19,13.0,405.8
2,13,20,6.0,581.5
2,13,21,13.0,598.6
2,13,22,5.0,542.6
2,13,23,10.0,476.7
2,14,0,15.0,712.8
2,14,1,8.0,743.5
2,14,2,4.0,1252.0
2,14,3,6.0,889.8
2,14,4,7.0,720.3
2,14,5,4.0,813.2
2,14,6,5.0,679.6
2,14,7,16.0,888.5
2,14,8,17.0,932.3
2,14,9,14.0,878.4
2,14,10,22.0,737.7
2,14,11,12.0,910.8
2,14,12,27.0,769.9
2,14,13,26.0,961.0
2,14,14,36.0,907.2
2,14,15,26.0,1029.4
2,14,16,36.0,1090.7
2,14,17,34.0,1011.1
2,14,18,30.0,944.8
2,14,19,18.0,857.1
2,14,20,21.0,829.9
2,14,21,22.0,750.6
2,14,22,37.0,688.1
2,14,23,27.0,745.2
2,15,1,4.0,853.0
2,15,2,9.0,978.4
2,15,4,1.0,1090.0
2,15,5,2.0,1190.5
2,16,0,5.0,815.4
2,16,1,4.0,809.2
2,16,2,3.0,891.7
2,16,3,4.0,992.0
2,16,4,3.0,771.3
2,16,5,4.0,996.5
2,17,0,2.0,1577.0
2,17,1,1.0,1791.0
2,17,5,2.0,1463.5
2,17,6,3.0,1820.7
2,17,7,7.0,2065.0
2,17,8,12.0,2111.2
2,17,9,5.0,1855.8
2,17,10,6.0,1707.5
2,17,11,7.0,1823.7
2,17,12,9.0,1810.8
2,17,13,5.0,1900.4
2,17,15,3.0,2614.3
2,17,16,4.0,2731.0
2,17,17,7.0,2613.9
2,17,18,2.0,1963.0
2,17,19,1.0,1884.0
2,17,20,2.0,1785.0
2,17,22,4.0,1650.0
2,17,23,2.0,1439.5
2,18,0,1.0,2420.0
2,18,1,2.0,1716.0
2,18,5,2.0,1854.5
2,19,0,6.0,1554.7
2,19,2,3.0,1239.0
2,19,3,1.0,1486.0
2,19,4,2.0,1407.0
2,19,5,2.0,1614.0
2,19,6,7.0,1538.9
2,19,7,5.0,2159.0
2,19,8,4.0,2170.0
2,19,9,5.0,1898.8
2,19,10,1.0,2007.0
2,19,11,1.0,1768.0
2,19,12,3.0,2301.0
2,19,13,6.0,2027.0
2,19,14,8.0,2571.9
2,19,15,8.0,2783.2
2,19,16,2.0,2824.0
2,19,17,14.0,2502.7
2,19,18,7.0,2259.6
2,19,19,7.0,1827.0
2,19,20,5.0,1583.4
2,19,21,7.0,1679.6
2,19,22,7.0,1622.6
2,19,23,8.0,1643.9
2,20,3,2.0,1274.0
2,21,0,3.0,1169.7
2,21,2,3.0,1020.3
2,21,3,1.0,907.0
2,21,4,1.0,1355.0
2,21,5,4.0,1154.2
2,21,6,9.0,1051.2
2,21,7,17.0,1862.1
2,21,8,13.0,1751.5
2,21,9,4.0,1069.0
2,21,10,9.0,1263.0
2,21,11,11.0,1387.4
2,21,12,5.0,1356.6
2,21,13,1.0,846.0
2,21,14,8.0,1409.1
2,21,15,7.0,1852.6
2,21,16,7.0,1628.6
2,21,17,17.0,1806.5
2,21,18,9.0,1549.8
2,21,19,15.0,1311.5
2,21,20,7.0,1335.3
2,21,21,10.0,1280.4
2,21,22,12.0,1140.2
2,21,23,10.0,1161.0
2,22,0,6.0,1247.5
2,22,1,4.0,1201.0
2,22,2,2.0,1046.0
2,22,3,1.0,949.0
2,22,4,3.0,1132.0
2,22,5,2.0,1776.0
2,23,1,1.0,1930.0
2,23,2,3.0,1595.0
2,23,3,2.0,1581.0
2,23,4,1.0,1193.0
2,24,0,4.0,1350.0
2,24,1,2.0,1454.0
2,24,2,3.0,1354.7
2,24,3,1.0,1151.0
2,24,4,1.0,1544.0
2,24,5,2.0,1295.5
2,24,6,9.0,1513.2
2,24,7,1.0,1466.0
2,24,22,2.0,1253.0
2,24,23,3.0,1358.7
2,25,0,2.0,2134.5
2,25,1,1.0,1747.0
2,25,4,3.0,1961.3
2,25,5,4.0,2256.2
2,25,6,13.0,2039.2
2,25,7,4.0,3071.2
2,25,8,5.0,2836.8
2,25,9,1.0,3099.0
2,25,10,8.0,2519.5
2,25,11,2.0,2216.5
2,25,12,3.0,2459.7
2,25,13,3.0,2986.3
2,25,14,5.0,3152.4
2,25,15,5.0,4018.0
2,25,16,5.0,3689.8
2,25,17,7.0,3554.3
2,25,18,7.0,3013.7
2,25,19,1.0,3597.0
2,25,20,1.0,2251.0
2,25,21,8.0,2498.4
2,25,22,3.0,2079.0
2,25,23,4.0,2511.5
2,26,1,1.0,1718.0
2,26,8,1.0,2910.0
2,26,15,1.0,3396.0
2,26,17,2.0,2981.5
2,26,19,1.0,2636.0
2,26,22,1.0,2030.0
2,27,1,1.0,1240.0
2,27,6,4.0,2412.8
2,27,7,2.0,2983.0
2,27,8,1.0,3780.0
2,27,10,1.0,2430.0
2,27,11,1.0,1919.0
2,27,14,1.0,1872.0
2,27,15,3.0,2618.7
2,27,18,2.0,2627.5
2,27,19,1.0,1621.0
2,27,20,1.0,2922.0
2,27,21,6.0,2289.3
2,27,23,2.0,2075.0
2,28,0,1.0,1991.0
2,28,1,2.0,1662.5
2,28,2,5.0,1617.2
2,28,4,7.0,1565.1
2,28,5,23.0,1642.9
2,29,3,1.0,2459.0
2,29,4,1.0,1910.0
2,29,5,5.0,1791.4
2,29,23,4.0,1973.2
2,30,1,2.0,2009.5
2,30,2,2.0,2068.0
2,30,3,1.0,1818.0
2,30,5,2.0,1938.0
2,31,0,1.0,1428.0
2,31,5,1.0,1591.0
2,32,1,1.0,1850.0
2,32,2,4.0,1383.8
2,32,4,11.0,1229.4
2,32,5,38.0,1671.9
2,32,6,57.0,1718.4
2,32,7,112.0,2890.7
2,32,8,108.0,2833.2
2,32,9,96.0,2186.0
2,32,10,56.0,2092.8
2,32,11,34.0,1966.9
2,32,12,42.0,1950.0
2,32,13,35.0,1899.0
2,32,14,31.0,1996.3
2,32,15,20.0,2198.2
2,32,16,24.0,2864.7
2,32,17,18.0,2696.3
2,32,18,22.0,2280.5
2,32,19,14.0,1975.7
2,32,20,28.0,1669.8
2,32,21,27.0,1557.3
2,32,22,17.0,1616.3
2,32,23,6.0,1556.3
2,33,0,1.0,1232.0
2,33,1,3.0,1901.3
2,33,2,1.0,1375.0
2,33,4,3.0,1516.7
2,33,5,3.0,1489.0
2,33,6,1.0,2524.0
2,33,7,8.0,3544.8
2,33,8,4.0,2720.0
2,33,9,6.0,2691.8
2,33,10,2.0,2784.5
2,33,11,3.0,2032.7
2,33,12,3.0,1902.7
2,33,13,9.0,1702.6
2,33,14,2.0,2317.5
2,33,15,1.0,2420.0
2,33,16,1.0,4263.0
2,33,17,2.0,2332.5
2,33,18,4.0,2461.2
2,33,19,2.0,2202.5
2,33,22,1.0,1583.0
2,33,23,2.0,1910.0
2,34,2,1.0,3383.0
2,35,1,1.0,1517.0
2,35,5,2.0,1464.5
2,35,6,2.0,1480.0
2,35,8,1.0,3840.0
2,35,9,4.0,2789.0
2,35,10,1.0,1594.0
2,35,11,2.0,2033.5
2,35,12,3.0,1950.0
2,35,16,1.0,3149.0
2,35,17,5.0,2572.6
2,35,18,1.0,2879.0
2,35,19,2.0,2138.0
2,35,20,3.0,2110.0
2,35,21,1.0,2150.0
2,35,22,1.0,2341.0
2,35,23,2.0,2547.5
2,36,7,1.0,5830.0
2,36,8,1.0,3022.0
2,37,12,1.0,2365.0
2,38,3,1.0,1597.0
2,39,4,2.0,1846.0
2,39,9,1.0,2493.0
2,39,12,1.0,2964.0
2,39,16,2.0,3104.5
2,39,17,2.0,4140.0
2,39,18,1.0,2650.0
2,39,20,1.0,2075.0
2,39,23,1.0,1564.0
2,40,11,1.0,3426.0
2,40,14,1.0,3630.0
2,40,19,1.0,3002.0
2,40,20,2.0,2504.0
2,40,21,1.0,2709.0
2,41,0,1.0,1748.0
2,41,1,1.0,2003.0
2,41,5,6.0,2235.2
2,41,6,1.0,2351.0
2,41,7,4.0,3346.2
2,41,8,2.0,2463.0
2,41,9,5.0,3368.0
2,41,10,2.0,3018.0
2,41,11,3.0,2401.7
2,41,13,1.0,2253.0
2,41,14,6.0,2684.8
2,41,15,6.0,3144.5
2,41,17,1.0,2863.0
2,41,18,3.0,2781.7
2,41,20,4.0,2239.5
2,41,21,6.0,2235.0
2,41,22,1.0,2062.0
2,42,2,2.0,2841.0
2,42,4,3.0,2024.0
2,42,8,1.0,2336.0
2,42,12,1.0,2156.0
2,42,14,1.0,2640.0
2,42,22,1.0,2296.0
2,42,23,3.0,2326.0
2,43,0,1.0,2343.0
2,43,1,2.0,2004.5
2,43,4,4.0,2132.0
2,43,8,1.0,2161.0
2,43,9,1.0,2334.0
2,43,10,1.0,3229.0
2,43,11,1.0,1929.0
2,43,15,1.0,3038.0
2,43,16,3.0,3830.3
2,43,18,1.0,2164.0
2,43,19,3.0,2814.3
2,43,20,2.0,2819.5
2,43,21,1.0,2519.0
2,43,22,3.0,2824.7
2,49,6,3.0,2243.0
2,56,2,1.0,2278.0
2,56,3,9.0,2460.4
2,56,4,11.0,2380.6
2,56,5,14.0,2584.1
2,57,5,2.0,1990.0
2,58,0,1.0,2260.0
2,58,8,1.0,3612.0
2,58,9,1.0,3546.0
2,58,10,2.0,3099.0
2,58,11,3.0,2407.0
2,58,12,2.0,3293.5
2,58,14,1.0,4181.0
2,58,15,3.0,3512.3
2,58,20,3.0,2701.0
2,58,22,1.0,1927.0
2,58,23,1.0,2188.0
2,60,4,1.0,1413.0
2,62,21,1.0,2432.0
2,64,3,1.0,2110.0
2,64,6,2.0,2986.0
2,64,7,3.0,4091.0
2,64,10,1.0,2673.0
2,66,3,1.0,2204.0
2,66,11,2.0,2842.5
2,66,13,1.0,3098.0
2,66,14,1.0,3623.0
2,66,16,1.0,4741.0
2,66,17,1.0,4676.0
2,67,4,1.0,2511.0
2,67,5,2.0,2055.0
2,67,8,1.0,3619.0
2,67,9,1.0,3086.0
2,67,16,2.0,3573.5
2,67,22,1.0,2204.0
2,67,23,2.0,2585.5
2,68,1,2.0,2505.5
2,68,2,1.0,2053.0
2,69,4,1.0,1841.0
2,69,6,2.0,3253.0
2,69,10,2.0,3372.0
2,69,22,2.0,1953.0
2,70,6,2.0,3526.0
2,70,15,1.0,4341.0
2,71,4,2.0,2074.5
2,71,7,1.0,4325.0
2,71,12,1.0,2494.0
2,71,14,1.0,3465.0
2,71,16,1.0,3881.0
2,71,21,1.0,2396.0
2,71,22,3.0,2950.7
2,71,23,1.0,2318.0
2,75,2,1.0,2154.0
2,76,0,1.0,1856.0
2,76,1,3.0,1541.7
2,76,2,8.0,1542.8
2,76,3,41.0,1554.4
2,76,4,84.0,1563.3
2,76,5,94.0,1919.2
2,76,6,61.0,2237.0
2,76,7,56.0,2507.2
2,76,8,51.0,2371.4
2,76,9,33.0,2049.7
2,76,10,37.0,1960.9
2,76,11,24.0,2046.6
2,76,12,43.0,2173.3
2,76,13,28.0,2400.6
2,76,14,29.0,2581.6
2,76,15,28.0,2821.9
2,76,16,37.0,2935.8
2,76,17,31.0,2658.9
2,76,18,22.0,2412.3
2,76,19,25.0,1994.2
2,76,20,11.0,1776.7
2,76,21,8.0,1725.6
2,76,22,2.0,1854.5
2,77,0,29.0,523.7
2,77,1,19.0,493.3
2,77,2,13.0,490.9
2,77,3,10.0,517.6
2,77,4,12.0,510.4
2,77,5,25.0,473.5
2,77,6,33.0,422.4
2,77,7,147.0,702.1
2,77,8,143.0,642.4
2,77,9,68.0,595.3
2,77,10,63.0,535.6
2,77,11,66.0,570.7
2,77,12,50.0,509.0
2,77,13,53.0,633.9
2,77,14,69.0,615.0
2,77,15,84.0,728.6
2,77,16,98.0,797.5
2,77,17,124.0,749.4
2,77,18,90.0,803.2
2,77,19,85.0,694.2
2,77,20,64.0,596.4
2,77,21,59.0,582.2
2,77,22,58.0,509.8
2,77,23,47.0,568.1
3,1,1,25.0,699.3
3,1,2,40.0,572.7
3,1,3,19.0,685.9
3,1,4,9.0,610.9
3,2,0,35.0,770.9
3,2,1,11.0,911.4
3,2,2,14.0,744.1
3,2,3,5.0,795.0
3,2,4,15.0,628.7
3,2,5,7.0,914.0
3,2,6,13.0,763.4
3,2,7,21.0,992.0
3,2,8,19.0,944.3
3,2,9,20.0,873.3
3,2,10,34.0,890.9
3,2,11,25.0,1017.9
3,2,12,44.0,1001.9
3,2,13,45.0,1061.4
3,2,14,54.0,1150.3
3,2,15,63.0,1144.0
3,2,16,67.0,1154.1
3,2,17,60.0,1214.8
3,2,18,66.0,1100.2
3,2,19,58.0,934.6
3,2,20,61.0,893.5
3,2,21,49.0,983.7
3,2,22,34.0,911.7
3,2,23,45.0,862.5
3,3,0,165.0,306.9
3,3,1,110.0,291.0
3,3,2,70.0,266.4
3,3,3,54.0,334.5
3,3,4,19.0,204.3
3,3,5,37.0,335.8
3,3,6,68.0,486.5
3,3,7,121.0,421.9
3,3,8,162.0,400.2
3,3,9,164.0,328.4
3,3,10,195.0,342.9
3,3,11,148.0,377.3
3,3,12,184.0,374.4
3,3,13,167.0,355.7
3,3,14,201.0,372.0
3,3,15,192.0,367.7
3,3,16,269.0,386.7
3,3,17,293.0,412.0
3,3,18,390.0,388.2
3,3,19,427.0,361.8
3,3,20,295.0,354.3
3,3,21,309.0,337.0
3,3,22,311.0,318.2
3,3,23,273.0,338.8
3,4,0,48.0,450.3
3,4,1,30.0,562.6
3,4,2,24.0,474.0
3,4,3,21.0,475.3
3,4,4,14.0,453.3
3,4,5,13.0,472.5
3,4,6,41.0,434.3
3,4,7,86.0,610.6
3,4,8,88.0,579.3
3,4,9,66.0,538.9
3,4,10,79.0,543.1
3,4,11,66.0,590.9
3,4,12,60.0,623.1
3,4,13,72.0,608.3
3,4,14,87.0,689.3
3,4,15,89.0,646.2
3,4,16,122.0,664.4
3,4,17,128.0,712.0
3,4,18,213.0,636.0
3,4,19,176.0,575.0
3,4,20,119.0,486.6
3,4,21,117.0,525.4
3,4,22,102.0,474.7
3,4,23,101.0,471.4
3,5,0,24.0,523.9
3,5,1,19.0,536.3
3,5,2,10.0,571.2
3,5,3,4.0,457.8
3,5,4,3.0,397.3
3,5,5,6.0,456.2
3,5,6,34.0,596.0
3,5,7,5.0,554.8
3,5,11,7.0,554.6
3,5,12,6.0,653.5
3,5,20,11.0,643.2
3,5,21,13.0,611.4
3,5,22,19.0,520.9
3,5,23,25.0,556.5
3,6,0,201.0,473.6
3,6,1,127.0,433.6
3,6,2,66.0,431.4
3,6,3,41.0,446.5
3,6,4,40.0,417.8
3,6,5,51.0,423.3
3,6,6,141.0,484.6
3,6,7,166.0,849.8
3,6,8,262.0,735.3
3,6,9,257.0,569.9
3,6,10,325.0,535.0
3,6,11,280.0,541.7
3,6,12,253.0,533.0
3,6,13,277.0,514.0
3,6,14,282.0,547.8
3,6,15,305.0,565.7
3,6,16,334.0,587.4
3,6,17,455.0,619.5
3,6,18,771.0,614.3
3,6,19,761.0,559.1
3,6,20,577.0,521.3
3,6,21,539.0,521.0
3,6,22,526.0,510.2
3,6,23,423.0,486.0
3,7,0,31.0,717.3
3,7,1,25.0,694.9
3,7,2,15.0,703.1
3,7,3,9.0,679.1
3,7,4,18.0,663.5
3,7,5,34.0,661.4
3,7,6,82.0,815.3
3,7,7,143.0,1262.5
3,7,8,132.0,1348.1
3,7,9,187.0,936.2
3,7,10,151.0,844.3
3,7,11,124.0,840.4
3,7,12,109.0,875.9
3,7,13,96.0,815.1
3,7,14,131.0,828.9
3,7,15,128.0,870.2
3,7,16,149.0,910.7
3,7,17,167.0,976.4
3,7,18,251.0,901.9
3,7,19,261.0,854.2
3,7,20,181.0,823.7
3,7,21,126.0,777.9
3,7,22,156.0,779.6
3,7,23,101.0,753.8
3,8,0,67.0,839.6
3,8,1,30.0,797.2
3,8,2,24.0,729.6
3,8,3,15.0,800.5
3,8,4,46.0,731.6
3,8,5,140.0,738.8
3,8,6,336.0,826.2
3,8,7,470.0,1533.8
3,8,8,541.0,1717.3
3,8,9,741.0,1176.0
3,8,10,542.0,1036.2
3,8,11,313.0,901.0
3,8,12,300.0,916.6
3,8,13,257.0,905.8
3,8,14,290.0,967.5
3,8,15,295.0,1015.8
3,8,16,313.0,1110.1
3,8,17,348.0,1109.7
3,8,18,380.0,1013.5
3,8,19,319.0,958.1
3,8,20,258.0,895.7
3,8,21,283.0,889.3
3,8,22,254.0,878.8
3,8,23,210.0,858.4
3,9,7,2.0,2836.5
3,9,12,1.0,2478.0
3,9,14,1.0,5147.0
3,9,18,2.0,2144.0
3,9,19,2.0,2142.5
3,9,20,1.0,1918.0
3,9,21,1.0,1409.0
3,10,0,4.0,1657.8
3,10,1,1.0,1063.0
3,10,2,2.0,1276.0
3,10,4,1.0,1819.0
3,10,5,1.0,2632.0
3,10,6,4.0,2201.2
3,10,23,1.0,1389.0
3,11,0,5.0,1088.2
3,11,1,1.0,1267.0
3,11,2,3.0,1245.0
3,11,3,1.0,1023.0
3,11,4,5.0,991.6
3,11,5,4.0,1196.5
3,11,6,10.0,1460.3
3,11,7,6.0,1920.7
3,11,8,5.0,1929.2
3,11,9,7.0,1592.0
3,11,10,7.0,1586.4
3,11,11,6.0,1430.7
3,11,12,7.0,1615.0
3,11,13,7.0,1535.7
3,11,14,7.0,2067.3
3,11,15,4.0,2234.2
3,11,16,6.0,2136.8
3,11,17,5.0,2438.4
3,11,18,6.0,2187.7
3,11,19,6.0,1726.2
3,11,20,1.0,1391.0
3,11,22,8.0,1274.1
3,11,23,7.0,1338.6
3,12,0,1.0,899.0
3,12,7,3.0,1419.7
3,12,8,7.0,1622.0
3,12,9,4.0,1537.2
3,12,10,6.0,1383.8
3,12,11,3.0,1428.7
3,12,12,4.0,1637.5
3,12,13,3.0,1753.3
3,12,14,3.0,1426.3
3,12,15,1.0,1571.0
3,12,16,4.0,1684.0
3,12,17,7.0,1882.4
3,12,18,8.0,1760.6
3,12,19,2.0,1476.5
3,12,20,4.0,1410.5
3,12,21,4.0,1210.0
3,12,22,2.0,1479.0
3,12,23,8.0,989.6
3,13,0,2.0,624.0
3,13,1,1.0,946.0
3,13,2,1.0,737.0
3,13,5,2.0,678.5
3,13,6,6.0,790.0
3,13,7,2.0,1153.0
3,13,8,2.0,1098.5
3,13,9,8.0,1176.9
3,13,10,16.0,1120.2
3,13,11,26.0,1091.1
3,13,12,13.0,1021.1
3,13,13,14.0,1025.5
3,13,14,8.0,1117.2
3,13,15,3.0,1524.3
3,13,16,4.0,1217.2
3,13,17,2.0,1188.0
3,13,18,5.0,1403.0
3,13,19,2.0,1114.0
3,13,20,6.0,1080.0
3,13,21,10.0,800.8
3,13,22,5.0,824.2
3,13,23,5.0,882.4
3,14,0,18.0,817.9
3,14,1,14.0,676.8
3,14,2,11.0,849.5
3,14,3,4.0,671.0
3,14,4,3.0,767.3
3,14,5,6.0,740.2
3,14,6,8.0,788.0
3,14,7,19.0,1104.9
3,14,8,18.0,992.2
3,14,9,34.0,932.4
3,14,10,14.0,969.0
3,14,11,22.0,1030.2
3,14,12,27.0,1113.3
3,14,13,24.0,1059.9
3,14,14,24.0,1153.9
3,14,15,23.0,1308.9
3,14,16,29.0,1373.1
3,14,17,58.0,1303.1
3,14,18,53.0,1139.0
3,14,19,47.0,1022.7
3,14,20,46.0,930.5
3,14,21,50.0,809.1
3,14,22,41.0,802.8
3,14,23,49.0,800.4
3,15,0,5.0,1201.2
3,15,1,11.0,1263.5
3,15,2,1.0,1510.0
3,15,3,4.0,1164.5
3,15,4,6.0,1270.2
3,15,5,5.0,1707.2
3,15,23,6.0,1245.3
3,16,0,19.0,910.4
3,16,1,10.0,917.7
3,16,2,8.0,694.2
3,16,3,10.0,789.1
3,16,4,10.0,1215.1
3,16,5,18.0,897.7
3,16,6,23.0,972.3
3,16,7,42.0,1335.4
3,16,8,54.0,1217.1
3,16,9,28.0,955.9
3,16,10,38.0,1115.8
3,16,11,33.0,1098.1
3,16,12,38.0,1119.8
3,16,13,31.0,1146.6
3,16,14,44.0,1478.0
3,16,15,41.0,1526.1
3,16,16,58.0,1574.0
3,16,17,42.0,1644.9
3,16,18,61.0,1427.1
3,16,19,62.0,1056.6
3,16,20,46.0,1003.8
3,16,21,43.0,850.6
3,16,22,35.0,998.8
3,16,23,44.0,906.4
3,17,2,1.0,1706.0
3,18,0,1.0,1435.0
3,18,1,1.0,1683.0
3,18,3,1.0,1436.0
3,18,9,2.0,2435.5
3,18,10,1.0,2087.0
3,18,13,1.0,2636.0
3,18,17,2.0,3289.0
3,18,20,1.0,1876.0
3,18,21,1.0,1757.0
3,18,23,1.0,1802.0
3,19,0,4.0,1643.5
3,19,1,2.0,1613.5
3,19,2,1.0,1531.0
3,19,3,1.0,1355.0
3,19,4,1.0,1385.0
3,19,5,1.0,1540.0
3,20,0,5.0,1491.4
3,20,1,1.0,1231.0
3,20,2,1.0,989.0
3,20,3,1.0,1501.0
3,20,5,1.0,1144.0
3,20,7,4.0,2973.5
3,20,9,3.0,1423.7
3,20,10,2.0,1697.0
3,20,11,6.0,1417.3
3,20,12,3.0,1604.0
3,20,14,2.0,2536.5
3,20,15,6.0,2375.3
3,20,16,4.0,2587.5
3,20,17,1.0,2544.0
3,20,18,2.0,1858.0
3,20,19,4.0,2040.0
3,20,20,6.0,1768.0
3,20,21,3.0,1624.7
3,20,22,4.0,1410.2
3,20,23,3.0,1345.0
3,21,0,19.0,1129.3
3,21,1,13.0,965.2
3,21,2,8.0,1274.5
3,21,3,8.0,828.6
3,21,4,15.0,831.0
3,21,5,5.0,835.0
3,21,6,1.0,1610.0
3,22,1,7.0,1038.1
3,22,2,9.0,1048.4
3,22,3,12.0,1075.2
3,22,4,2.0,752.0
3,23,0,3.0,1909.3
3,23,1,3.0,1528.0
3,23,2,2.0,1529.0
3,23,3,3.0,1662.7
3,23,4,2.0,1137.0
3,23,5,1.0,1906.0
3,23,6,7.0,1682.9
3,23,7,5.0,2159.2
3,23,8,5.0,2225.0
3,23,9,11.0,1667.5
3,23,10,8.0,1768.8
3,23,11,4.0,1804.2
3,23,12,7.0,1797.0
3,23,13,3.0,1584.7
3,23,14,7.0,2324.1
3,23,15,6.0,2551.7
3,23,16,13.0,2343.4
3,23,17,16.0,2445.9
3,23,18,18.0,2200.8
3,23,19,14.0,1840.6
3,23,20,13.0,1685.4
3,23,21,9.0,1601.6
3,23,22,7.0,1630.9
3,23,23,3.0,1495.0
3,24,0,42.0,1215.0
3,24,1,21.0,1213.9
3,24,2,11.0,985.5
3,24,3,7.0,1162.0
3,24,4,8.0,999.4
3,24,5,32.0,1110.0
3,24,6,40.0,1247.8
3,24,7,76.0,1933.7
3,24,8,76.0,1880.5
3,24,9,77.0,1382.2
3,24,10,94.0,1410.7
3,24,11,69.0,1414.5
3,24,12,70.0,1402.9
3,24,13,49.0,1404.6
3,24,14,57.0,1499.1
3,24,15,59.0,1742.1
3,24,16,61.0,1708.2
3,24,17,96.0,1809.8
3,24,18,143.0,1581.4
3,24,19,136.0,1492.4
3,24,20,116.0,1306.6
3,24,21,127.0,1244.3
3,24,22,104.0,1256.4
3,24,23,93.0,1234.2
3,25,0,2.0,2011.5
3,25,1,1.0,1605.0
3,25,5,1.0,1281.0
3,25,7,3.0,2346.0
3,25,8,2.0,2649.0
3,25,9,5.0,2244.4
3,25,10,2.0,2353.0
3,25,12,6.0,2669.5
3,25,13,4.0,2339.2
3,25,14,8.0,2879.2
3,25,15,8.0,3179.8
3,25,16,3.0,2854.7
3,25,17,3.0,3308.0
3,25,18,6.0,2733.0
3,25,19,7.0,2337.9
3,25,20,4.0,2413.0
3,25,21,6.0,2069.3
3,25,22,3.0,1951.3
3,25,23,7.0,1764.6
3,26,2,1.0,1657.0
3,26,4,2.0,1782.0
3,26,5,2.0,1768.0
3,27,0,1.0,1522.0
3,27,1,1.0,1316.0
3,27,4,2.0,1313.0
3,27,5,1.0,1207.0
3,27,6,6.0,1590.2
3,27,7,5.0,2175.0
3,27,8,5.0,2530.0
3,27,9,2.0,2533.5
3,27,11,3.0,1731.0
3,27,12,3.0,2121.0
3,27,14,1.0,1686.0
3,27,15,4.0,2237.5
3,27,16,9.0,2659.1
3,27,17,6.0,2734.0
3,27,18,4.0,2360.0
3,27,19,3.0,2047.0
3,27,20,1.0,1564.0
3,27,22,2.0,1402.5
3,27,23,3.0,1473.0
3,28,0,20.0,1259.0
3,28,1,13.0,1298.7
3,28,2,5.0,1334.2
3,28,3,4.0,1105.8
3,28,4,17.0,1112.3
3,28,5,57.0,1118.8
3,28,6,215.0,1317.5
3,28,7,349.0,2071.3
3,28,8,270.0,2389.1
3,28,9,248.0,1760.9
3,28,10,202.0,1653.0
3,28,11,149.0,1538.0
3,28,12,129.0,1665.4
3,28,13,114.0,1716.9
3,28,14,128.0,1758.0
3,28,15,121.0,1762.4
3,28,16,101.0,2033.9
3,28,17,141.0,2148.1
3,28,18,142.0,1782.3
3,28,19,136.0,1560.9
3,28,20,81.0,1558.0
3,28,21,66.0,1359.3
3,28,22,59.0,1328.1
3,28,23,64.0,1299.9
3,29,0,3.0,1822.3
3,29,1,1.0,1807.0
3,29,4,2.0,1337.5
3,29,5,6.0,1708.0
3,29,6,1.0,1429.0
3,30,0,2.0,1724.5
3,30,2,1.0,1541.0
3,30,3,1.0,2471.0
3,30,7,4.0,3290.8
3,30,8,1.0,2737.0
3,30,9,2.0,2791.5
3,30,10,4.0,1690.8
3,30,11,6.0,1963.7
3,30,12,4.0,2264.2
3,30,13,1.0,1738.0
3,30,14,2.0,2792.0
3,30,15,4.0,2827.5
3,30,19,1.0,1937.0
3,30,20,4.0,2174.0
3,30,21,1.0,2902.0
3,30,22,3.0,2108.7
3,30,23,1.0,2184.0
3,31,1,5.0,1572.2
3,31,2,3.0,1301.7
3,31,4,3.0,1143.3
3,32,0,29.0,1055.8
3,32,1,23.0,1009.2
3,32,2,14.0,951.9
3,32,3,13.0,839.4
3,32,4,44.0,841.5
3,32,5,113.0,927.5
3,32,6,299.0,1035.3
3,32,7,578.0,1773.4
3,32,8,676.0,1984.8
3,32,9,741.0,1460.9
3,32,10,447.0,1310.0
3,32,11,288.0,1245.6
3,32,12,268.0,1256.4
3,32,13,183.0,1246.4
3,32,14,185.0,1315.5
3,32,15,129.0,1380.0
3,32,16,136.0,1579.1
3,32,17,163.0,1563.4
3,32,18,118.0,1321.0
3,32,19,95.0,1239.3
3,32,20,67.0,1139.2
3,32,21,92.0,1126.4
3,32,22,94.0,1089.6
3,32,23,73.0,1061.4
3,33,0,7.0,1083.3
3,33,1,2.0,1438.5
3,33,2,3.0,1735.7
3,33,5,8.0,1068.4
3,33,6,5.0,1055.2
3,33,7,21.0,2414.5
3,33,8,18.0,2007.6
3,33,9,18.0,1485.9
3,33,10,24.0,1617.7
3,33,11,17.0,1435.2
3,33,12,12.0,1386.0
3,33,13,13.0,1466.4
3,33,14,17.0,1762.0
3,33,15,14.0,1711.4
3,33,16,15.0,2065.1
3,33,17,17.0,1921.2
3,33,18,24.0,1592.5
3,33,19,11.0,1478.3
3,33,20,18.0,1354.0
3,33,21,18.0,1356.4
3,33,22,9.0,1321.2
3,33,23,19.0,1283.5
3,34,2,1.0,997.0
3,34,4,1.0,1583.0
3,34,5,3.0,2185.7
3,34,6,1.0,1135.0
3,34,7,1.0,1672.0
3,34,8,1.0,3900.0
3,34,9,2.0,2368.5
3,34,10,2.0,1580.5
3,34,11,4.0,1756.2
3,34,12,3.0,1566.7
3,34,13,3.0,1941.0
3,34,14,2.0,1944.0
3,34,15,1.0,2099.0
3,34,16,2.0,1919.0
3,34,18,6.0,1469.0
3,34,19,1.0,1451.0
3,34,20,3.0,1500.0
3,34,21,3.0,1625.7
3,34,22,2.0,1212.5
3,34,23,1.0,1038.0
3,35,0,2.0,1234.0
3,35,1,1.0,1609.0
3,35,4,2.0,1114.5
3,35,5,1.0,947.0
3,35,6,3.0,1277.7
3,35,7,4.0,1454.2
3,35,8,2.0,1568.0
3,35,9,5.0,1731.4
3,35,10,3.0,1464.7
3,35,11,4.0,1832.0
3,35,12,3.0,1401.7
3,35,13,3.0,1802.7
3,35,14,2.0,2210.5
3,35,15,4.0,1664.8
3,35,16,2.0,1599.5
3,35,17,5.0,1930.0
3,35,18,6.0,1737.2
3,35,19,2.0,1437.5
3,35,20,1.0,1429.0
3,35,21,3.0,1543.0
3,35,22,1.0,1328.0
3,35,23,7.0,1538.4
3,37,2,1.0,1548.0
3,38,0,2.0,1351.5
3,38,1,4.0,1592.8
3,38,2,1.0,2023.0
3,38,3,1.0,1990.0
3,38,4,3.0,1429.7
3,38,6,1.0,1158.0
3,38,7,1.0,2386.0
3,38,8,1.0,2012.0
3,38,9,1.0,3349.0
3,38,10,2.0,2034.0
3,38,13,3.0,1931.0
3,38,14,4.0,1936.8
3,38,15,3.0,2126.7
3,38,16,6.0,2282.5
3,38,17,5.0,2309.0
3,38,18,2.0,2033.0
3,38,19,2.0,1422.5
3,38,22,3.0,1418.3
3,38,23,6.0,1341.3
3,39,1,1.0,1107.0
3,39,2,3.0,1276.7
3,39,3,1.0,1493.0
3,39,6,2.0,1545.5
3,39,23,1.0,1381.0
3,40,0,1.0,1921.0
3,40,1,2.0,1427.0
3,40,14,1.0,3523.0
3,40,17,1.0,1825.0
3,40,22,2.0,1625.5
3,41,1,1.0,1228.0
3,41,2,1.0,1336.0
3,41,3,1.0,1074.0
3,41,4,1.0,1240.0
3,42,0,1.0,1795.0
3,42,3,2.0,1839.0
3,42,7,2.0,3082.5
3,42,8,4.0,2361.0
3,42,9,1.0,4310.0
3,42,11,5.0,1509.4
3,42,12,2.0,1969.0
3,42,13,1.0,1579.0
3,42,14,2.0,2164.0
3,42,15,2.0,2929.0
3,42,16,1.0,3716.0
3,42,17,3.0,2187.3
3,42,18,3.0,2012.3
3,42,19,6.0,1988.3
3,42,20,2.0,1671.0
3,42,21,1.0,1675.0
3,42,22,1.0,2395.0
3,42,23,2.0,1869.5
3,43,0,4.0,1880.8
3,43,2,1.0,1421.0
3,43,3,1.0,1436.0
3,43,5,1.0,1478.0
3,43,6,3.0,2208.3
3,43,7,7.0,2197.0
3,43,8,1.0,2573.0
3,43,10,1.0,2118.0
3,43,11,4.0,1989.2
3,43,12,4.0,2314.2
3,43,14,2.0,2037.0
3,43,15,8.0,2431.8
3,43,16,5.0,2698.0
3,43,17,7.0,2735.3
3,43,18,8.0,2200.8
3,43,19,11.0,2131.0
3,43,20,1.0,2027.0
3,43,21,4.0,1739.5
3,43,22,3.0,1456.7
3,43,23,6.0,1602.5
3,44,10,3.0,2071.7
3,44,11,1.0,1786.0
3,44,12,2.0,3571.5
3,44,14,1.0,2412.0
3,44,15,4.0,2671.0
3,44,17,3.0,3080.3
3,44,19,2.0,2023.0
3,44,20,1.0,1718.0
3,44,22,4.0,2383.5
3,45,0,1.0,2185.0
3,45,1,2.0,1988.0
3,45,10,1.0,1914.0
3,46,2,1.0,2166.0
3,46,8,1.0,3340.0
3,46,11,2.0,2051.5
3,46,14,1.0,1884.0
3,46,16,1.0,3068.0
3,46,17,1.0,3614.0
3,46,18,1.0,2312.0
3,46,19,1.0,2061.0
3,46,23,2.0,2355.0
3,48,1,1.0,3001.0
3,48,8,1.0,3190.0
3,48,11,1.0,2339.0
3,48,13,1.0,2254.0
3,48,14,1.0,2986.0
3,48,15,1.0,2794.0
3,48,18,1.0,2322.0
3,48,19,1.0,2012.0
3,50,9,2.0,2487.0
3,50,13,1.0,2173.0
3,52,18,1.0,16550.0
3,54,21,1.0,1884.0
3,56,1,1.0,2358.0
3,56,2,1.0,1756.0
3,56,3,15.0,2111.0
3,56,4,57.0,1924.7
3,56,5,40.0,1806.8
3,56,6,53.0,2146.2
3,56,7,27.0,2811.1
3,56,8,18.0,2805.4
3,56,9,15.0,2557.8
3,56,10,22.0,2412.8
3,56,11,21.0,2354.3
3,56,12,22.0,2565.8
3,56,13,10.0,2643.5
3,56,14,15.0,3733.9
3,56,15,20.0,3935.5
3,56,16,13.0,4491.6
3,56,17,11.0,3616.9
3,56,18,10.0,3074.8
3,56,19,10.0,2286.6
3,56,20,9.0,2123.3
3,56,21,3.0,1812.7
3,56,23,2.0,1718.5
3,57,0,1.0,2003.0
3,57,2,1.0,2638.0
3,57,6,1.0,2111.0
3,58,0,2.0,1748.0
3,58,1,2.0,1571.0
3,58,6,1.0,1693.0
3,58,7,1.0,4361.0
3,58,8,1.0,3307.0
3,58,14,1.0,3487.0
3,58,15,1.0,2743.0
3,58,17,1.0,2728.0
3,58,19,1.0,2995.0
3,58,23,2.0,2231.0
3,59,0,1.0,1167.0
3,59,6,1.0,1139.0
3,59,7,1.0,2153.0
3,59,10,3.0,2399.7
3,59,11,1.0,2284.0
3,59,12,1.0,1686.0
3,59,14,2.0,1624.5
3,59,17,1.0,2908.0
3,59,18,1.0,1661.0
3,59,19,2.0,1973.5
3,59,21,2.0,1531.0
3,59,23,1.0,1327.0
3,60,0,5.0,1530.4
3,60,1,4.0,1228.8
3,60,2,3.0,1392.0
3,60,4,1.0,1175.0
3,60,6,1.0,1450.0
3,60,7,5.0,3066.8
3,60,9,2.0,1945.5
3,60,10,2.0,1416.0
3,60,11,2.0,1222.0
3,60,12,1.0,1362.0
3,60,14,3.0,1715.0
3,60,15,3.0,1981.0
3,60,16,1.0,4040.0
3,60,17,6.0,2229.5
3,60,18,5.0,1716.2
3,60,19,4.0,1540.8
3,60,20,2.0,1823.0
3,60,21,3.0,1791.0
3,60,22,6.0,1617.0
3,60,23,5.0,1637.4
3,61,3,1.0,1483.0
3,62,6,1.0,2748.0
3,62,13,1.0,2208.0
3,62,19,1.0,2525.0
3,62,22,1.0,3144.0
3,64,1,1.0,1814.0
3,64,4,1.0,1834.0
3,64,8,1.0,4114.0
3,64,19,1.0,2621.0
3,64,23,1.0,2655.0
3,65,0,3.0,2084.7
3,65,7,3.0,3524.3
3,65,11,2.0,2562.5
3,65,18,2.0,3591.0
3,65,20,1.0,2115.0
3,65,22,2.0,2354.0
3,65,23,1.0,2602.0
3,66,0,2.0,2110.5
3,66,6,1.0,1845.0
3,66,8,1.0,2498.0
3,66,10,2.0,2280.5
3,66,11,2.0,2142.5
3,66,12,1.0,3481.0
3,66,13,1.0,2204.0
3,66,14,1.0,3962.0
3,66,16,1.0,2735.0
3,66,17,1.0,3666.0
3,66,20,3.0,2463.7
3,66,21,2.0,2321.5
3,66,22,1.0,2120.0
3,66,23,4.0,2670.8
3,68,4,3.0,1349.3
3,68,6,3.0,1228.7
3,68,7,1.0,2165.0
3,68,9,3.0,1622.3
3,68,10,1.0,2210.0
3,68,11,2.0,3008.0
3,68,13,2.0,2110.5
3,68,14,1.0,2559.0
3,68,15,2.0,2855.5
3,68,16,4.0,3046.8
3,68,18,3.0,2914.0
3,68,20,1.0,2444.0
3,68,23,1.0,2126.0
3,69,0,3.0,1828.0
3,69,3,1.0,1342.0
3,69,7,1.0,1379.0
3,69,9,1.0,2389.0
3,69,11,2.0,1773.5
3,69,14,1.0,2073.0
3,69,15,5.0,3228.8
3,69,18,3.0,2899.0
3,69,20,1.0,1572.0
3,69,22,3.0,1681.7
3,69,23,1.0,1930.0
3,70,0,1.0,2825.0
3,70,6,1.0,2642.0
3,70,7,1.0,3306.0
3,70,8,1.0,3947.0
3,70,10,1.0,3256.0
3,70,12,1.0,4409.0
3,70,16,1.0,4811.0
3,70,19,1.0,2953.0
3,70,22,2.0,2527.0
3,70,23,1.0,2354.0
3,72,4,1.0,2080.0
3,72,10,2.0,3017.5
3,72,13,2.0,2749.0
3,72,22,1.0,2027.0
3,74,0,1.0,1980.0
3,75,9,1.0,2767.0
3,75,10,1.0,2809.0
3,75,22,1.0,2239.0
3,76,0,5.0,1643.0
3,76,2,8.0,1589.4
3,76,3,63.0,1685.7
3,76,4,181.0,1673.7
3,76,5,326.0,2236.2
3,76,6,254.0,2687.4
3,76,7,162.0,3212.4
3,76,8,121.0,2902.6
3,76,9,106.0,2302.6
3,76,10,138.0,2177.6
3,76,11,108.0,2334.6
3,76,12,121.0,2710.2
3,76,13,101.0,2793.3
3,76,14,68.0,3107.9
3,76,15,105.0,3360.1
3,76,16,67.0,3352.9
3,76,17,43.0,3294.5
3,76,18,45.0,2915.2
3,76,19,19.0,2221.6
3,76,20,14.0,2120.8
3,76,21,13.0,1914.4
3,76,22,4.0,1797.8
3,76,23,5.0,1768.0
3,77,0,103.0,451.9
3,77,1,72.0,413.2
3,77,2,44.0,391.7
3,77,3,24.0,421.7
3,77,4,18.0,447.1
3,77,5,26.0,388.1
3,77,6,2.0,361.0
3,77,23,24.0,469.5
4,1,1,10.0,946.6
4,1,2,8.0,705.0
4,1,3,5.0,765.4
4,1,4,6.0,746.8
4,1,5,3.0,621.7
4,2,1,19.0,429.8
4,2,2,17.0,556.2
4,2,3,6.0,447.3
4,2,4,5.0,565.4
4,3,0,51.0,423.4
4,3,1,33.0,422.9
4,3,2,24.0,385.0
4,3,3,23.0,389.1
4,3,4,20.0,440.4
4,3,5,12.0,613.4
4,3,6,17.0,589.6
4,3,7,53.0,668.8
4,3,8,69.0,760.0
4,3,9,91.0,601.8
4,3,10,84.0,576.1
4,3,11,52.0,509.3
4,3,12,58.0,590.3
4,3,13,59.0,569.9
4,3,14,67.0,574.1
4,3,15,70.0,668.2
4,3,16,91.0,667.2
4,3,17,132.0,633.3
4,3,18,198.0,618.6
4,3,19,161.0,495.1
4,3,20,148.0,510.9
4,3,21,166.0,488.0
4,3,22,147.0,462.0
4,3,23,120.0,471.3
4,4,0,50.0,345.4
4,4,1,40.0,280.1
4,4,2,23.0,266.7
4,4,3,17.0,173.4
4,4,4,21.0,279.2
4,4,5,11.0,259.5
4,4,6,66.0,323.3
4,4,7,143.0,479.9
4,4,8,189.0,419.0
4,4,9,69.0,429.6
4,4,10,93.0,367.9
4,4,11,84.0,418.7
4,4,12,87.0,373.7
4,4,13,76.0,381.3
4,4,14,83.0,465.0
4,4,15,110.0,468.8
4,4,16,118.0,401.2
4,4,17,171.0,457.1
4,4,18,208.0,443.3
4,4,19,161.0,402.5
4,4,20,144.0,349.2
4,4,21,143.0,358.9
4,4,22,109.0,319.4
4,4,23,94.0,296.2
4,5,0,20.0,361.9
4,5,1,8.0,450.2
4,5,2,7.0,377.3
4,5,3,7.0,245.3
4,5,4,5.0,377.4
4,5,5,2.0,617.5
4,5,6,18.0,524.7
4,5,7,56.0,815.6
4,5,8,56.0,679.5
4,5,9,54.0,622.0
4,5,10,46.0,557.0
4,5,11,46.0,485.1
4,5,12,40.0,509.4
4,5,13,48.0,584.2
4,5,14,39.0,594.8
4,5,15,60.0,658.6
4,5,16,63.0,655.0
4,5,17,87.0,659.2
4,5,18,113.0,623.4
4,5,19,98.0,526.0
4,5,20,76.0,497.3
4,5,21,67.0,461.5
4,5,22,70.0,449.3
4,5,23,47.0,414.3
4,6,0,15.0,595.9
4,6,1,22.0,647.1
4,6,2,24.0,564.6
4,6,3,10.0,629.2
4,6,4,23.0,706.3
4,6,5,24.0,775.9
4,7,0,8.0,869.1
4,7,1,2.0,636.0
4,7,2,3.0,928.0
4,7,3,3.0,912.3
4,7,4,11.0,835.5
4,7,5,5.0,918.6
4,8,0,13.0,1054.0
4,8,1,7.0,1274.1
4,8,2,8.0,1238.8
4,8,3,8.0,1075.5
4,8,4,9.0,1092.2
4,8,5,42.0,1122.6
4,9,8,3.0,1717.3
4,9,9,1.0,1787.0
4,9,11,1.0,1869.0
4,9,15,1.0,1705.0
4,9,16,4.0,1656.8
4,9,17,4.0,2056.2
4,9,19,1.0,1340.0
4,9,20,1.0,1084.0
4,9,21,1.0,1440.0
4,9,23,2.0,1666.0
4,10,0,5.0,1200.8
4,10,1,2.0,1101.5
4,10,4,2.0,1223.0
4,10,5,5.0,1082.2
4,10,6,3.0,1336.0
4,10,7,6.0,2112.5
4,10,8,6.0,1753.3
4,10,9,2.0,1058.5
4,10,10,2.0,1248.0
4,10,11,1.0,2611.0
4,10,12,2.0,1583.5
4,10,13,2.0,1242.0
4,10,14,4.0,1557.5
4,10,15,2.0,1872.0
4,10,16,3.0,2488.3
4,10,17,2.0,1888.5
4,10,18,4.0,1767.2
4,10,19,3.0,1127.7
4,10,20,1.0,1648.0
4,10,21,3.0,1178.3
4,10,22,6.0,1223.5
4,10,23,11.0,1126.9
4,11,0,4.0,910.8
4,11,1,1.0,1072.0
4,11,3,6.0,785.2
4,11,4,5.0,1013.8
4,11,5,4.0,945.0
4,12,3,1.0,507.0
4,12,7,8.0,1146.2
4,12,8,3.0,1183.3
4,12,9,2.0,1221.5
4,12,10,1.0,1136.0
4,12,11,1.0,1310.0
4,12,12,4.0,865.8
4,12,13,1.0,866.0
4,12,14,6.0,1163.0
4,12,15,8.0,1133.4
4,12,16,6.0,1233.3
4,12,17,4.0,1485.8
4,12,18,3.0,1208.0
4,12,19,4.0,994.2
4,12,20,6.0,895.8
4,12,21,5.0,794.4
4,12,22,4.0,1118.0
4,12,23,8.0,636.9
4,13,0,11.0,489.1
4,13,1,2.0,408.5
4,13,2,2.0,351.5
4,13,3,3.0,317.0
4,13,4,8.0,438.1
4,13,5,5.0,422.4
4,13,6,2.0,468.5
4,13,7,35.0,663.6
4,13,8,39.0,629.3
4,13,9,55.0,561.9
4,13,10,46.0,483.8
4,13,11,39.0,533.7
4,13,12,29.0,532.1
4,13,13,12.0,640.1
4,13,14,18.0,497.1
4,13,15,20.0,666.0
4,13,16,19.0,767.4
4,13,17,26.0,812.7
4,13,18,20.0,673.4
4,13,19,26.0,552.0
4,13,20,24.0,588.5
4,13,21,9.0,410.0
4,13,22,28.0,499.2
4,13,23,11.0,475.5
4,14,0,33.0,392.1
4,14,1,21.0,392.5
4,14,2,9.0,376.2
4,14,3,11.0,439.1
4,14,4,5.0,364.6
4,14,5,4.0,399.8
4,14,6,6.0,520.7
4,14,7,27.0,550.0
4,14,8,17.0,700.8
4,14,9,29.0,599.8
4,14,10,25.0,583.6
4,14,11,24.0,456.3
4,14,12,36.0,537.0
4,14,13,28.0,566.5
4,14,14,47.0,630.4
4,14,15,47.0,788.0
4,14,16,47.0,698.9
4,14,17,52.0,733.4
4,14,18,59.0,688.9
4,14,19,65.0,548.1
4,14,20,56.0,447.1
4,14,21,55.0,466.5
4,14,22,64.0,491.6
4,14,23,63.0,449.0
4,15,0,10.0,938.4
4,15,1,4.0,1066.0
4,15,2,3.0,984.3
4,15,3,3.0,832.0
4,15,4,2.0,801.5
4,15,5,2.0,865.5
4,15,6,4.0,1054.0
4,15,7,8.0,1441.4
4,15,8,12.0,1370.8
4,15,9,15.0,1227.8
4,15,10,7.0,1249.4
4,15,11,10.0,1173.8
4,15,12,10.0,1216.8
4,15,13,15.0,1323.0
4,15,14,12.0,1666.3
4,15,15,17.0,1955.2
4,15,16,7.0,2102.3
4,15,17,19.0,1881.2
4,15,18,17.0,1696.8
4,15,19,15.0,1414.3
4,15,20,14.0,1196.9
4,15,21,16.0,1034.1
4,15,22,24.0,989.8
4,15,23,16.0,994.6
4,16,0,22.0,528.8
4,16,1,9.0,682.1
4,16,2,10.0,538.0
4,16,3,6.0,483.2
4,16,4,7.0,605.9
4,16,5,5.0,637.2
4,16,6,10.0,705.5
4,16,7,38.0,876.2
4,16,8,15.0,933.6
4,16,9,22.0,804.0
4,16,10,21.0,770.2
4,16,11,23.0,722.1
4,16,12,32.0,838.8
4,16,13,32.0,832.7
4,16,14,37.0,866.4
4,16,15,41.0,1098.5
4,16,16,55.0,984.9
4,16,17,62.0,1070.6
4,16,18,83.0,925.4
4,16,19,57.0,771.4
4,16,20,43.0,666.9
4,16,21,39.0,610.4
4,16,22,42.0,540.3
4,16,23,47.0,629.4
4,17,2,1.0,1240.0
4,17,5,10.0,1179.6
4,17,6,1.0,3200.0
4,17,7,1.0,1497.0
4,17,8,1.0,1315.0
4,17,9,1.0,1306.0
4,17,10,2.0,1260.0
4,17,11,2.0,1815.0
4,17,12,2.0,1889.0
4,17,13,4.0,1801.5
4,17,14,1.0,2173.0
4,17,19,1.0,1877.0
4,17,20,2.0,1784.0
4,17,21,1.0,1483.0
4,17,22,2.0,1336.0
4,18,7,1.0,1903.0
4,18,8,1.0,1794.0
4,18,12,2.0,1999.0
4,18,14,1.0,2133.0
4,18,16,1.0,2473.0
4,18,19,2.0,1777.0
4,18,21,1.0,1521.0
4,19,0,2.0,1248.5
4,19,3,1.0,1278.0
4,19,6,1.0,1826.0
4,19,7,5.0,2102.4
4,19,8,4.0,2079.0
4,19,10,3.0,1472.3
4,19,11,7.0,1868.4
4,19,12,5.0,1526.6
4,19,13,7.0,2011.3
4,19,14,4.0,2120.8
4,19,15,8.0,2336.2
4,19,16,5.0,2007.2
4,19,17,7.0,2178.0
4,19,18,11.0,2190.5
4,19,19,17.0,1942.8
4,19,20,4.0,1963.2
4,19,21,1.0,1359.0
4,19,22,5.0,1468.8
4,19,23,1.0,1270.0
4,20,0,1.0,1012.0
4,20,1,1.0,946.0
4,20,2,1.0,1108.0
4,20,4,2.0,1229.5
4,20,7,1.0,2608.0
4,20,8,1.0,1876.0
4,20,9,2.0,1498.0
4,20,10,1.0,1695.0
4,20,11,1.0,1128.0
4,20,13,2.0,1616.0
4,20,14,5.0,1778.6
4,20,15,5.0,2043.2
4,20,16,2.0,1996.0
4,20,17,5.0,1918.4
4,20,18,5.0,1684.2
4,20,19,8.0,1625.8
4,20,20,5.0,1321.6
4,20,21,2.0,1167.5
4,20,22,4.0,1274.0
4,20,23,5.0,1378.2
4,21,1,5.0,826.2
4,21,2,6.0,699.0
4,21,3,2.0,765.0
4,21,4,2.0,472.0
4,21,5,4.0,502.8
4,22,0,23.0,963.5
4,22,1,15.0,788.0
4,22,2,7.0,853.0
4,22,3,7.0,834.0
4,22,4,9.0,877.7
4,22,5,5.0,935.2
4,22,6,10.0,906.1
4,22,7,42.0,1473.0
4,22,8,24.0,1297.6
4,22,9,22.0,1082.4
4,22,10,30.0,1043.8
4,22,11,35.0,1089.1
4,22,12,31.0,1055.4
4,22,13,19.0,1126.9
4,22,14,32.0,1053.9
4,22,15,35.0,1530.1
4,22,16,62.0,1463.9
4,22,17,81.0,1494.2
4,22,18,114.0,1390.1
4,22,19,99.0,1124.7
4,22,20,94.0,1035.4
4,22,21,78.0,958.9
4,22,22,105.0,953.1
4,22,23,58.0,930.6
4,23,1,4.0,1260.5
4,23,2,1.0,2698.0
4,23,4,1.0,1298.0
4,24,0,9.0,870.4
4,24,1,12.0,988.3
4,24,2,10.0,881.5
4,24,3,5.0,928.0
4,24,4,4.0,1008.2
4,25,2,1.0,1591.0
4,25,4,1.0,2500.0
4,25,5,2.0,1685.0
4,25,10,2.0,2103.5
4,25,11,2.0,1882.5
4,25,12,1.0,2161.0
4,25,16,1.0,3056.0
4,25,19,3.0,1940.3
4,25,20,1.0,1996.0
4,25,21,1.0,2164.0
4,25,23,1.0,1848.0
4,26,0,1.0,1138.0
4,26,10,1.0,2604.0
4,26,12,1.0,1813.0
4,26,18,1.0,2655.0
4,26,19,1.0,2138.0
4,26,20,1.0,1333.0
4,26,21,2.0,1855.0
4,27,0,1.0,1271.0
4,27,3,1.0,1066.0
4,27,4,1.0,2181.0
4,28,0,2.0,1687.0
4,28,1,2.0,1091.5
4,28,2,3.0,1118.3
4,28,3,1.0,1169.0
4,28,4,6.0,1156.0
4,28,5,30.0,1307.2
4,28,6,87.0,1586.5
4,28,7,102.0,2431.2
4,28,8,108.0,2653.3
4,28,9,103.0,1943.3
4,28,10,76.0,1792.8
4,28,11,53.0,1802.5
4,28,12,32.0,1869.9
4,28,13,29.0,1895.3
4,28,14,24.0,2155.4
4,28,15,32.0,2180.5
4,28,16,40.0,2405.6
4,28,17,57.0,2379.4
4,28,18,76.0,2108.2
4,28,19,46.0,1816.6
4,28,20,47.0,1571.9
4,28,21,30.0,1408.3
4,28,22,25.0,1362.8
4,28,23,17.0,1337.7
4,29,4,1.0,1844.0
4,29,7,2.0,2153.0
4,29,10,1.0,1788.0
4,29,11,1.0,2705.0
4,29,12,3.0,2446.3
4,29,13,3.0,1910.7
4,29,15,3.0,3600.0
4,29,17,1.0,2407.0
4,29,19,2.0,2360.0
4,29,22,1.0,2353.0
4,30,0,1.0,1386.0
4,30,1,1.0,1693.0
4,30,5,1.0,1697.0
4,30,6,2.0,2417.5
4,30,8,1.0,3708.0
4,30,9,2.0,2419.5
4,30,11,2.0,2926.5
4,30,14,2.0,2552.5
4,30,16,3.0,3559.0
4,30,17,1.0,3731.0
4,30,18,2.0,2571.5
4,30,19,2.0,2640.5
4,30,20,1.0,1902.0
4,30,21,3.0,2273.7
4,30,22,2.0,1532.5
4,31,0,4.0,1872.8
4,31,6,5.0,1820.2
4,31,7,11.0,3172.0
4,31,8,5.0,2681.6
4,31,9,3.0,2031.7
4,31,10,3.0,2151.7
4,31,11,3.0,2152.7
4,31,13,2.0,1800.0
4,31,14,1.0,3002.0
4,31,15,1.0,2262.0
4,31,16,2.0,2807.5
4,31,17,6.0,2614.2
4,31,18,2.0,1963.5
4,31,19,9.0,2093.1
4,31,20,13.0,1884.2
4,31,21,5.0,1736.2
4,31,22,3.0,1443.0
4,31,23,6.0,1728.3
4,32,0,5.0,1150.8
4,32,1,1.0,1062.0
4,32,3,1.0,1082.0
4,32,4,6.0,1098.2
4,32,5,28.0,1281.1
4,32,6,88.0,1426.8
4,32,7,144.0,2560.1
4,32,8,156.0,2577.4
4,32,9,225.0,1988.0
4,32,10,120.0,1754.9
4,32,11,109.0,1591.9
4,32,12,66.0,1706.0
4,32,13,55.0,1698.7
4,32,14,51.0,1745.8
4,32,15,34.0,2012.9
4,32,16,34.0,2099.1
4,32,17,37.0,1970.8
4,32,18,39.0,1936.7
4,32,19,47.0,1693.0
4,32,20,30.0,1564.7
4,32,21,29.0,1492.7
4,32,22,27.0,1298.3
4,32,23,18.0,1261.7
4,33,0,2.0,1406.5
4,33,1,3.0,1635.0
4,33,6,4.0,1490.2
4,33,7,3.0,2355.3
4,33,8,5.0,1981.4
4,33,10,7.0,1612.0
4,33,11,7.0,2207.9
4,33,12,5.0,1790.0
4,33,13,6.0,1863.0
4,33,14,4.0,1907.5
4,33,17,1.0,2651.0
4,33,18,3.0,2055.0
4,33,20,6.0,1611.3
4,33,21,11.0,1473.1
4,33,22,4.0,1818.2
4,33,23,2.0,1434.0
4,34,0,1.0,1292.0
4,34,5,1.0,1208.0
4,34,7,1.0,1382.0
4,34,23,1.0,1294.0
4,35,2,1.0,1575.0
4,35,3,1.0,1555.0
4,35,4,2.0,1609.5
4,35,6,3.0,1469.0
4,35,11,1.0,1414.0
4,35,13,1.0,1726.0
4,35,21,2.0,1403.0
4,37,12,1.0,2031.0
4,37,19,1.0,1876.0
4,37,22,1.0,1556.0
4,38,6,1.0,1772.0
4,38,7,2.0,4443.0
4,38,9,2.0,3147.5
4,38,10,1.0,1269.0
4,38,12,2.0,2070.5
4,38,13,1.0,1300.0
4,38,14,1.0,1814.0
4,38,16,2.0,3358.5
4,38,17,3.0,2771.3
4,38,19,1.0,2736.0
4,38,21,1.0,2208.0
4,38,22,1.0,1687.0
4,39,6,1.0,2341.0
4,39,16,1.0,2233.0
4,39,17,2.0,2615.0
4,39,20,1.0,2106.0
4,40,11,1.0,2810.0
4,40,14,1.0,3697.0
4,40,21,1.0,1882.0
4,41,0,1.0,1741.0
4,41,1,1.0,1560.0
4,41,5,1.0,1841.0
4,41,23,1.0,1580.0
4,42,5,3.0,1513.3
4,42,9,3.0,3073.0
4,42,10,1.0,2034.0
4,42,14,1.0,2000.0
4,42,15,5.0,2671.8
4,43,23,1.0,1977.0
4,48,4,1.0,1791.0
4,48,6,1.0,2574.0
4,53,12,1.0,3273.0
4,53,16,1.0,5082.0
4,53,18,1.0,2638.0
4,56,1,1.0,1944.0
4,56,2,2.0,1873.0
4,56,3,10.0,2095.9
4,56,4,23.0,2022.6
4,56,5,29.0,2002.0
4,56,6,28.0,2507.9
4,56,7,22.0,3476.0
4,56,8,9.0,3260.3
4,56,9,16.0,2788.0
4,56,10,19.0,2810.6
4,56,11,13.0,2765.0
4,56,12,8.0,2807.8
4,56,13,6.0,2950.5
4,56,14,7.0,3977.1
4,56,15,10.0,4462.8
4,56,16,10.0,4289.8
4,56,17,4.0,4137.0
4,56,18,8.0,3432.8
4,56,19,6.0,2987.0
4,56,20,2.0,2576.0
4,56,21,2.0,2191.0
4,56,23,2.0,2269.5
4,57,5,1.0,3234.0
4,58,2,1.0,1648.0
4,58,5,1.0,2608.0
4,58,6,5.0,2257.2
4,58,7,1.0,3480.0
4,58,10,1.0,2585.0
4,58,11,1.0,2062.0
4,58,17,1.0,2682.0
4,58,18,1.0,3099.0
4,58,23,2.0,1900.5
4,59,12,1.0,1832.0
4,59,19,1.0,2454.0
4,60,1,1.0,1462.0
4,60,4,1.0,1332.0
4,60,7,1.0,1984.0
4,60,10,1.0,2520.0
4,60,12,2.0,2032.0
4,60,14,1.0,2176.0
4,60,15,1.0,2806.0
4,60,16,3.0,3290.3
4,60,17,2.0,1971.0
4,60,18,6.0,2457.3
4,60,19,4.0,2205.0
4,60,20,5.0,1891.8
4,60,21,2.0,1574.5
4,60,22,4.0,1664.5
4,61,6,2.0,1990.0
4,61,7,2.0,2515.5
4,62,16,1.0,5467.0
4,62,22,3.0,2012.7
4,64,0,1.0,2114.0
4,65,1,1.0,2077.0
4,68,10,2.0,2341.0
4,68,16,2.0,3659.5
4,68,23,1.0,3253.0
4,69,0,1.0,1702.0
4,69,12,1.0,2538.0
4,70,3,1.0,2570.0
4,75,22,1.0,2156.0
4,76,0,1.0,1099.0
4,76,2,5.0,1387.0
4,76,3,40.0,1376.7
4,76,4,122.0,1407.7
4,76,5,188.0,1939.1
4,76,6,189.0,2342.3
4,76,7,126.0,2596.6
4,76,8,103.0,2566.5
4,76,9,73.0,1925.3
4,76,10,94.0,1896.2
4,76,11,84.0,1917.0
4,76,12,85.0,2257.5
4,76,13,68.0,2313.9
4,76,14,52.0,2420.8
4,76,15,75.0,2821.6
4,76,16,70.0,2890.9
4,76,17,47.0,2648.1
4,76,18,40.0,2447.1
4,76,19,29.0,1977.3
4,76,20,14.0,1709.9
4,76,21,3.0,1709.3
4,76,22,2.0,1432.5
4,76,23,4.0,1588.8
4,77,0,35.0,615.8
4,77,1,27.0,625.9
4,77,2,17.0,511.9
4,77,3,6.0,497.8
4,77,4,11.0,460.4
4,77,5,7.0,457.0
4,77,6,17.0,536.1
4,77,7,6.0,473.7
4,77,10,6.0,579.5
4,77,11,22.0,661.2
4,77,12,7.0,548.4
4,77,20,20.0,649.8
4,77,21,13.0,552.8
4,77,22,25.0,685.8
4,77,23,25.0,582.2
5,1,0,14.0,1115.8
5,1,1,8.0,868.2
5,1,2,6.0,893.3
5,1,3,3.0,954.3
5,1,4,1.0,1175.0
5,1,5,1.0,1482.0
5,1,6,2.0,1256.5
5,1,11,2.0,1110.5
5,1,12,1.0,937.0
5,1,20,6.0,1214.8
5,1,21,3.0,2502.0
5,1,22,3.0,970.7
5,1,23,11.0,1159.2
5,2,0,8.0,725.6
5,2,1,5.0,810.0
5,2,2,4.0,795.2
5,2,3,2.0,1533.5
5,2,4,1.0,1081.0
5,3,0,37.0,642.0
5,3,1,27.0,490.9
5,3,2,22.0,474.0
5,3,3,6.0,550.8
5,3,4,7.0,501.4
5,3,5,11.0,472.3
5,3,6,6.0,628.8
5,3,7,21.0,748.9
5,3,8,34.0,688.6
5,3,9,43.0,599.1
5,3,10,36.0,588.7
5,3,11,22.0,680.2
5,3,12,30.0,728.6
5,3,13,30.0,620.2
5,3,14,32.0,702.6
5,3,15,32.0,732.1
5,3,16,90.0,670.8
5,3,17,95.0,801.9
5,3,18,119.0,690.9
5,3,19,145.0,685.2
5,3,20,101.0,586.5
5,3,21,125.0,571.6
5,3,22,140.0,586.2
5,3,23,83.0,582.9
5,4,0,31.0,454.8
5,4,1,21.0,474.8
5,4,2,21.0,429.6
5,4,3,7.0,380.9
5,4,4,4.0,397.8
5,4,5,9.0,344.3
5,4,6,20.0,396.6
5,4,7,26.0,638.2
5,4,8,32.0,588.7
5,4,9,44.0,530.5
5,4,10,33.0,558.2
5,4,11,26.0,554.5
5,4,12,32.0,621.4
5,4,13,46.0,553.8
5,4,14,36.0,559.3
5,4,15,47.0,684.3
5,4,16,70.0,684.6
5,4,17,79.0,725.9
5,4,18,149.0,668.8
5,4,19,137.0,564.9
5,4,20,92.0,504.8
5,4,21,112.0,513.3
5,4,22,81.0,509.8
5,4,23,75.0,468.1
5,5,1,31.0,319.7
5,5,2,25.0,261.6
5,5,3,17.0,256.7
5,5,4,3.0,242.3
5,5,5,1.0,241.0
5,6,0,101.0,499.3
5,6,1,53.0,470.9
5,6,2,35.0,466.3
5,6,3,20.0,429.2
5,6,4,16.0,413.0
5,6,5,19.0,508.1
5,6,6,48.0,539.7
5,6,7,99.0,656.4
5,6,8,120.0,707.4
5,6,9,133.0,603.8
5,6,10,163.0,562.5
5,6,11,112.0,606.2
5,6,12,116.0,603.6
5,6,13,106.0,558.4
5,6,14,117.0,640.1
5,6,15,171.0,607.2
5,6,16,216.0,633.3
5,6,17,272.0,696.0
5,6,18,425.0,603.8
5,6,19,347.0,607.9
5,6,20,328.0,552.9
5,6,21,307.0,547.2
5,6,22,322.0,531.6
5,6,23,284.0,489.7
5,7,0,36.0,603.4
5,7,1,19.0,646.3
5,7,2,11.0,586.6
5,7,3,7.0,656.7
5,7,4,6.0,547.0
5,7,5,19.0,629.6
5,7,6,29.0,721.9
5,7,7,42.0,1241.5
5,7,8,75.0,1156.4
5,7,9,91.0,885.3
5,7,10,61.0,821.6
5,7,11,79.0,829.4
5,7,12,70.0,790.1
5,7,13,66.0,891.3
5,7,14,56.0,880.1
5,7,15,87.0,898.3
5,7,16,99.0,884.4
5,7,17,176.0,1030.7
5,7,18,241.0,968.9
5,7,19,199.0,895.6
5,7,20,135.0,774.7
5,7,21,137.0,726.4
5,7,22,132.0,710.1
5,7,23,97.0,670.3
5,8,0,24.0,984.5
5,8,1,10.0,896.0
5,8,2,8.0,764.6
5,8,3,3.0,780.3
5,8,4,10.0,935.4
5,8,5,46.0,923.2
5,8,6,176.0,1031.4
5,8,7,233.0,1685.6
5,8,8,335.0,1943.0
5,8,9,292.0,1436.2
5,8,10,180.0,1318.2
5,8,11,156.0,1286.3
5,8,12,156.0,1288.7
5,8,13,118.0,1226.7
5,8,14,113.0,1298.8
5,8,15,139.0,1389.3
5,8,16,151.0,1518.7
5,8,17,244.0,1527.1
5,8,18,256.0,1399.1
5,8,19,212.0,1258.6
5,8,20,160.0,1124.1
5,8,21,158.0,1057.4
5,8,22,149.0,995.4
5,8,23,112.0,977.4
5,9,11,2.0,1534.5
5,9,12,1.0,1670.0
5,9,15,1.0,1564.0
5,9,18,1.0,2277.0
5,9,20,1.0,1286.0
5,9,21,2.0,1349.0
5,9,22,1.0,1251.0
5,9,23,1.0,974.0
5,10,1,2.0,1085.0
5,10,2,2.0,951.0
5,10,3,1.0,1605.0
5,10,4,5.0,1178.6
5,10,5,1.0,2432.0
5,10,6,3.0,2259.0
5,10,7,1.0,2187.0
5,10,8,2.0,2628.0
5,10,11,4.0,1417.2
5,10,12,1.0,1271.0
5,10,13,2.0,1952.5
5,10,15,1.0,2516.0
5,10,16,1.0,1913.0
5,10,17,2.0,1797.0
5,10,18,8.0,2159.9
5,10,19,9.0,1394.8
5,10,20,6.0,1196.3
5,10,21,3.0,1040.3
5,10,22,7.0,1174.0
5,10,23,6.0,1016.5
5,11,0,2.0,1166.5
5,11,1,2.0,787.5
5,11,2,1.0,673.0
5,11,3,1.0,774.0
5,11,5,2.0,2190.0
5,12,0,2.0,861.0
5,12,1,1.0,692.0
5,12,2,1.0,804.0
5,12,3,1.0,943.0
5,12,7,3.0,1222.0
5,12,8,3.0,1215.7
5,12,9,6.0,1057.2
5,12,10,4.0,1107.8
5,12,11,4.0,887.8
5,12,13,1.0,1262.0
5,12,14,2.0,1076.0
5,12,15,2.0,1570.0
5,12,17,7.0,1341.7
5,12,18,2.0,1619.0
5,12,19,5.0,1034.6
5,12,20,3.0,940.7
5,12,21,2.0,940.5
5,12,22,8.0,1190.4
5,12,23,3.0,988.7
5,13,1,2.0,727.0
5,13,2,1.0,725.0
5,13,3,1.0,731.0
5,14,0,18.0,661.6
5,14,1,9.0,570.8
5,14,2,5.0,504.6
5,14,3,6.0,558.0
5,14,4,1.0,4195.0
5,14,6,3.0,497.3
5,14,7,2.0,733.0
5,14,8,9.0,899.3
5,14,9,14.0,730.2
5,14,10,18.0,805.1
5,14,11,6.0,707.3
5,14,12,10.0,783.9
5,14,13,9.0,642.0
5,14,14,10.0,842.5
5,14,15,21.0,1052.5
5,14,16,19.0,985.7
5,14,17,26.0,885.1
5,14,18,48.0,916.5
5,14,19,40.0,690.0
5,14,20,58.0,667.7
5,14,21,30.0,626.3
5,14,22,39.0,628.4
5,14,23,39.0,606.7
5,15,0,1.0,1325.0
5,15,1,4.0,1160.5
5,15,2,5.0,743.6
5,15,3,1.0,501.0
5,15,4,2.0,761.5
5,15,5,3.0,1277.3
5,15,6,2.0,971.5
5,15,7,7.0,1887.0
5,15,8,1.0,1220.0
5,15,9,4.0,833.5
5,15,10,1.0,1105.0
5,15,11,9.0,1168.6
5,15,12,4.0,1284.5
5,15,13,12.0,1271.0
5,15,14,14.0,1350.1
5,15,15,12.0,2108.6
5,15,16,11.0,1718.3
5,15,17,11.0,1984.4
5,15,18,22.0,1531.7
5,15,19,16.0,1175.7
5,15,20,12.0,1081.2
5,15,21,19.0,970.8
5,15,22,19.0,1015.6
5,15,23,19.0,1032.4
5,16,0,11.0,625.5
5,16,1,12.0,454.0
5,16,2,18.0,465.4
5,16,3,8.0,401.6
5,16,4,18.0,514.6
5,16,5,13.0,427.2
5,17,0,4.0,1172.5
5,17,4,1.0,926.0
5,17,10,2.0,1207.5
5,17,21,1.0,1402.0
5,17,22,3.0,1405.7
5,17,23,1.0,1378.0
5,18,3,1.0,1193.0
5,19,1,2.0,1191.5
5,19,2,7.0,1023.6
5,19,4,4.0,948.0
5,20,0,1.0,1094.0
5,20,2,2.0,947.0
5,20,3,1.0,1240.0
5,21,0,16.0,611.6
5,21,1,7.0,609.1
5,21,2,4.0,494.2
5,21,3,6.0,494.5
5,21,4,9.0,464.8
5,21,5,7.0,491.1
5,21,23,6.0,664.0
5,22,0,48.0,629.6
5,22,1,19.0,631.1
5,22,2,15.0,491.3
5,22,3,9.0,740.4
5,22,4,6.0,483.3
5,22,5,13.0,488.7
5,22,6,2.0,598.0
5,23,0,9.0,759.8
5,23,1,1.0,1182.0
5,23,2,3.0,870.0
5,23,3,1.0,844.0
5,23,4,4.0,1062.5
5,23,6,3.0,1096.7
5,23,7,4.0,1192.5
5,23,8,8.0,1275.2
5,23,9,4.0,1232.8
5,23,10,5.0,1216.6
5,23,11,1.0,1031.0
5,23,12,10.0,1284.6
5,23,13,10.0,1198.6
5,23,14,7.0,1380.6
5,23,15,9.0,1853.2
5,23,16,17.0,1418.6
5,23,17,17.0,1524.7
5,23,18,14.0,1510.8
5,23,19,26.0,1323.3
5,23,20,19.0,1195.9
5,23,21,8.0,1106.2
5,23,22,9.0,989.2
5,23,23,10.0,1018.6
5,24,1,16.0,820.5
5,24,2,11.0,694.2
5,24,3,4.0,855.5
5,24,4,4.0,873.2
5,24,5,4.0,572.5
5,25,0,1.0,1543.0
5,25,1,1.0,1262.0
5,25,6,1.0,1795.0
5,25,7,8.0,1926.4
5,25,8,2.0,2352.5
5,25,9,1.0,2620.0
5,25,10,2.0,1566.5
5,25,12,2.0,1919.0
5,25,13,3.0,1720.0
5,25,14,1.0,1957.0
5,25,15,5.0,2395.4
5,25,16,15.0,2636.2
5,25,17,21.0,2772.7
5,25,18,8.0,2374.6
5,25,19,7.0,1777.1
5,25,20,27.0,1734.4
5,25,21,8.0,1966.9
5,25,22,9.0,1646.7
5,25,23,11.0,1813.7
5,27,1,4.0,1067.0
5,27,2,2.0,970.0
5,27,3,1.0,802.0
5,28,0,14.0,880.9
5,28,1,4.0,1098.8
5,28,2,1.0,950.0
5,28,3,1.0,532.0
5,28,4,5.0,766.0
5,28,5,45.0,817.9
5,28,6,119.0,1193.0
5,28,7,258.0,1722.3
5,28,8,269.0,2001.9
5,28,9,139.0,1425.2
5,28,10,95.0,1382.9
5,28,11,81.0,1469.2
5,28,12,74.0,1369.0
5,28,13,49.0,1252.0
5,28,14,71.0,1416.5
5,28,15,52.0,1631.1
5,28,16,85.0,1739.9
5,28,17,137.0,1662.1
5,28,18,179.0,1557.9
5,28,19,121.0,1313.2
5,28,20,45.0,1174.3
5,28,21,37.0,1094.1
5,28,22,49.0,985.7
5,28,23,43.0,1010.9
5,29,1,1.0,958.0
5,29,4,1.0,1209.0
5,29,6,3.0,1562.3
5,29,8,1.0,1462.0
5,29,10,1.0,1863.0
5,29,11,1.0,1239.0
5,29,13,3.0,1605.0
5,29,14,2.0,2084.0
5,29,20,7.0,1596.7
5,29,21,8.0,1629.9
5,29,22,3.0,1592.7
5,29,23,4.0,1512.5
5,30,0,2.0,1598.5
5,30,1,1.0,2355.0
5,30,3,3.0,1257.3
5,30,4,1.0,1069.0
5,30,5,2.0,2062.0
5,30,6,1.0,1389.0
5,30,23,1.0,2087.0
5,31,0,4.0,1129.0
5,31,1,4.0,1180.5
5,31,2,1.0,874.0
5,31,3,2.0,829.5
5,31,4,3.0,857.7
5,31,5,1.0,1024.0
5,31,6,1.0,872.0
5,31,7,2.0,1565.5
5,31,8,16.0,2199.0
5,31,9,11.0,1574.8
5,31,10,3.0,1335.3
5,31,11,5.0,1418.4
5,31,12,4.0,1939.2
5,31,13,2.0,1542.0
5,31,14,2.0,3046.0
5,31,15,4.0,2142.8
5,31,16,8.0,2496.4
5,31,17,6.0,2298.0
5,31,18,15.0,2067.9
5,31,19,9.0,1555.1
5,31,20,14.0,1495.3
5,31,21,12.0,1576.4
5,31,22,11.0,1177.6
5,31,23,3.0,1202.7
5,32,0,4.0,949.2
5,32,1,6.0,1043.0
5,32,2,6.0,929.7
5,32,4,6.0,908.5
5,32,5,30.0,900.8
5,32,6,199.0,1213.2
5,32,7,347.0,1911.7
5,32,8,333.0,2296.7
5,32,9,286.0,1683.0
5,32,10,171.0,1550.2
5,32,11,109.0,1605.9
5,32,12,114.0,1559.3
5,32,13,81.0,1561.8
5,32,14,59.0,1635.3
5,32,15,63.0,1710.6
5,32,16,45.0,1912.3
5,32,17,60.0,1893.5
5,32,18,62.0,1685.8
5,32,19,55.0,1496.7
5,32,20,32.0,1385.0
5,32,21,49.0,1263.2
5,32,22,48.0,1120.0
5,32,23,36.0,1175.8
5,33,0,2.0,1149.0
5,33,1,1.0,1197.0
5,33,3,1.0,877.0
5,33,4,4.0,1062.5
5,33,5,5.0,918.8
5,33,6,7.0,1404.6
5,33,7,7.0,1977.1
5,33,8,11.0,2343.5
5,33,9,16.0,1852.9
5,33,10,15.0,1863.0
5,33,11,15.0,1789.5
5,33,12,9.0,2193.0
5,33,13,11.0,1954.0
5,33,14,12.0,2273.6
5,33,15,10.0,2763.0
5,33,16,17.0,2401.1
5,33,17,7.0,2454.4
5,33,18,7.0,1961.1
5,33,19,8.0,1587.1
5,33,20,10.0,1573.2
5,33,21,12.0,1554.2
5,33,22,13.0,1445.3
5,33,23,13.0,1315.5
5,34,10,3.0,1393.7
5,34,12,1.0,1898.0
5,34,13,2.0,1629.0
5,34,14,1.0,2643.0
5,34,17,1.0,3148.0
5,34,18,2.0,1594.0
5,34,20,1.0,1331.0
5,34,22,1.0,1139.0
5,34,23,3.0,1230.3
5,35,0,1.0,1647.0
5,35,1,2.0,1064.5
5,35,5,1.0,1092.0
5,35,6,1.0,1099.0
5,35,8,1.0,1602.0
5,35,11,1.0,1547.0
5,35,12,3.0,1584.0
5,35,13,2.0,3212.5
5,35,14,2.0,2469.5
5,35,16,2.0,2610.5
5,35,17,6.0,3134.7
5,35,18,3.0,2527.0
5,35,20,3.0,2044.3
5,35,21,2.0,1377.5
5,35,23,4.0,1441.8
5,36,9,1.0,1583.0
5,36,12,2.0,2135.5
5,36,17,2.0,3202.0
5,36,18,1.0,1915.0
5,36,19,3.0,1905.7
5,36,20,3.0,1818.0
5,36,23,1.0,884.0
5,37,18,1.0,1702.0
5,38,0,1.0,1375.0
5,38,9,1.0,2427.0
5,38,10,2.0,1930.0
5,38,11,1.0,1579.0
5,38,13,1.0,1899.0
5,38,14,3.0,2349.0
5,38,15,3.0,2704.3
5,38,16,2.0,3180.0
5,38,17,5.0,2577.4
5,38,18,6.0,2380.0
5,38,19,1.0,1936.0
5,38,20,3.0,1632.0
5,38,21,1.0,2191.0
5,38,22,1.0,1370.0
5,38,23,7.0,1489.0
5,39,0,2.0,1494.0
5,39,2,2.0,1536.0
5,39,7,1.0,2883.0
5,39,10,3.0,2589.3
5,39,12,1.0,2308.0
5,39,13,1.0,2084.0
5,39,15,3.0,2509.7
5,39,16,1.0,2400.0
5,39,17,1.0,3056.0
5,39,18,9.0,2455.7
5,39,19,5.0,2579.8
5,39,20,4.0,2132.0
5,39,21,2.0,1525.0
5,39,22,10.0,1897.9
5,39,23,4.0,1453.8
5,40,12,1.0,1543.0
5,40,13,3.0,1640.7
5,40,18,1.0,1826.0
5,40,19,8.0,1620.2
5,40,20,4.0,2028.0
5,40,21,1.0,1679.0
5,40,22,2.0,1591.0
5,40,23,9.0,1599.8
5,41,1,1.0,1529.0
5,41,5,8.0,1584.8
5,41,6,3.0,1941.0
5,41,7,18.0,2230.4
5,41,8,1.0,3970.0
5,41,9,2.0,2183.0
5,41,10,6.0,1892.8
5,41,11,4.0,1884.8
5,41,12,3.0,2234.0
5,41,13,3.0,1976.3
5,41,14,3.0,2558.3
5,41,15,1.0,2766.0
5,41,16,4.0,2662.0
5,41,17,7.0,2303.3
5,41,18,4.0,2775.8
5,41,19,3.0,2375.0
5,41,21,7.0,2004.9
5,41,22,3.0,1527.7
5,41,23,4.0,1558.0
5,43,0,1.0,1594.0
5,43,2,1.0,1463.0
5,43,13,2.0,2219.5
5,43,14,2.0,2317.5
5,43,16,1.0,3946.0
5,43,17,2.0,2922.5
5,43,18,4.0,2707.5
5,43,19,3.0,2236.7
5,43,20,4.0,2221.2
5,43,21,2.0,1958.0
5,43,22,3.0,1954.7
5,43,23,9.0,2424.0
5,44,0,1.0,2170.0
5,44,7,3.0,2004.0
5,44,13,1.0,1964.0
5,44,16,1.0,3470.0
5,44,17,3.0,3207.0
5,44,18,6.0,3510.5
5,44,19,3.0,2429.0
5,44,20,2.0,1891.0
5,44,21,5.0,1931.6
5,44,22,2.0,1470.5
5,44,23,1.0,1324.0
5,45,19,1.0,2245.0
5,45,20,2.0,2250.0
5,45,23,2.0,2395.0
5,46,2,1.0,1880.0
5,46,15,1.0,2729.0
5,46,22,1.0,2305.0
5,46,23,1.0,2181.0
5,47,20,1.0,2463.0
5,47,21,3.0,2166.7
5,48,13,1.0,3007.0
5,48,18,2.0,2616.0
5,48,23,1.0,2075.0
5,49,12,1.0,1860.0
5,49,13,1.0,1888.0
5,49,17,2.0,3554.5
5,49,20,9.0,2382.3
5,49,21,5.0,1985.4
5,49,23,6.0,1838.0
5,50,14,1.0,3369.0
5,50,16,1.0,3832.0
5,50,17,3.0,4132.0
5,50,20,1.0,2102.0
5,51,4,1.0,3394.0
5,53,16,2.0,5054.5
5,53,18,1.0,3156.0
5,53,19,1.0,2868.0
5,53,21,1.0,2199.0
5,54,23,5.0,2207.2
5,56,0,2.0,1799.5
5,56,2,1.0,1922.0
5,56,3,10.0,1504.3
5,56,4,41.0,1737.3
5,56,5,38.0,1693.5
5,56,6,58.0,2221.0
5,56,7,34.0,2579.6
5,56,8,13.0,2657.2
5,56,9,21.0,2437.4
5,56,10,31.0,2493.8
5,56,11,17.0,2376.6
5,56,12,19.0,2438.4
5,56,13,13.0,2883.8
5,56,14,19.0,3608.2
5,56,15,16.0,4046.3
5,56,16,9.0,3979.7
5,56,17,10.0,3763.7
5,56,18,7.0,2890.0
5,56,19,4.0,2519.5
5,56,20,7.0,2443.0
5,56,21,1.0,1674.0
5,56,22,2.0,2288.5
5,56,23,1.0,1971.0
5,57,6,2.0,1789.0
5,57,7,1.0,1961.0
5,57,10,1.0,4748.0
5,57,17,1.0,3041.0
5,57,20,1.0,2077.0
5,57,21,1.0,1402.0
5,57,22,1.0,1529.0
5,58,9,1.0,1802.0
5,58,10,1.0,1629.0
5,58,11,1.0,1949.0
5,58,14,1.0,3125.0
5,58,15,1.0,4553.0
5,58,17,1.0,3614.0
5,58,18,3.0,3017.3
5,58,19,1.0,1799.0
5,58,21,1.0,1305.0
5,58,23,1.0,1771.0
5,59,1,1.0,1089.0
5,60,2,3.0,1095.0
5,60,4,6.0,843.7
5,60,5,2.0,958.0
5,60,6,1.0,1780.0
5,60,7,2.0,2099.0
5,60,8,1.0,2450.0
5,60,9,1.0,1127.0
5,60,14,3.0,2380.7
5,60,15,2.0,2385.0
5,60,16,3.0,3408.7
5,60,17,1.0,2390.0
5,60,18,3.0,1724.0
5,60,19,8.0,1672.6
5,60,20,2.0,1461.0
5,60,21,2.0,1162.5
5,60,22,1.0,1996.0
5,60,23,6.0,1432.0
5,61,1,1.0,1637.0
5,61,3,1.0,1602.0
5,62,3,1.0,1263.0
5,62,9,1.0,1721.0
5,62,18,1.0,3975.0
5,62,20,1.0,2532.0
5,63,3,1.0,1744.0
5,63,4,1.0,2262.0
5,64,5,1.0,1706.0
5,64,15,1.0,4960.0
5,64,16,1.0,4185.0
5,64,17,1.0,4654.0
5,64,20,1.0,2346.0
5,65,4,1.0,1729.0
5,65,11,1.0,2339.0
5,65,20,1.0,3241.0
5,65,22,2.0,2888.0
5,66,0,1.0,2798.0
5,66,13,2.0,2766.0
5,66,16,1.0,4009.0
5,66,17,2.0,3856.5
5,66,18,1.0,3556.0
5,66,20,2.0,3118.0
5,66,21,3.0,2332.0
5,66,23,1.0,2053.0
5,68,7,1.0,2424.0
5,68,8,1.0,2103.0
5,68,11,1.0,2100.0
5,68,13,3.0,2455.7
5,68,14,2.0,2486.5
5,68,15,1.0,3149.0
5,68,16,1.0,2284.0
5,68,17,5.0,3252.0
5,68,18,2.0,2201.0
5,68,19,3.0,2277.3
5,68,20,7.0,1896.6
5,68,21,4.0,1592.8
5,68,22,1.0,1532.0
5,68,23,9.0,1733.7
5,69,7,1.0,2137.0
5,69,14,1.0,2563.0
5,69,16,1.0,3485.0
5,69,17,2.0,3033.0
5,69,18,6.0,2564.0
5,69,19,8.0,2274.0
5,69,20,1.0,2428.0
5,69,21,5.0,1585.0
5,69,22,4.0,1968.0
5,69,23,7.0,1836.7
5,70,7,1.0,2982.0
5,70,13,1.0,3368.0
5,70,20,2.0,3009.5
5,70,21,3.0,2652.3
5,70,23,1.0,1949.0
5,71,13,3.0,2936.3
5,71,16,1.0,5764.0
5,71,17,1.0,4305.0
5,71,18,5.0,2916.2
5,71,19,1.0,1950.0
5,71,20,4.0,2099.2
5,71,21,1.0,1614.0
5,73,0,1.0,2493.0
5,73,20,1.0,1774.0
5,73,21,1.0,2118.0
5,73,23,3.0,1730.7
5,74,18,1.0,4502.0
5,74,23,7.0,2548.0
5,75,16,3.0,3993.3
5,75,17,1.0,4506.0
5,75,18,1.0,3308.0
5,75,19,1.0,3681.0
5,75,20,7.0,2624.0
5,75,21,1.0,2616.0
5,75,23,3.0,1816.7
5,76,1,1.0,986.0
5,76,2,3.0,1159.0
5,76,3,29.0,1294.0
5,76,4,147.0,1286.6
5,76,5,308.0,1830.3
5,76,6,278.0,2376.1
5,76,7,139.0,2775.8
5,76,8,119.0,2638.8
5,76,9,96.0,1798.2
5,76,10,142.0,1745.4
5,76,11,111.0,1735.0
5,76,12,111.0,2198.6
5,76,13,88.0,2454.9
5,76,14,87.0,2770.3
5,76,15,78.0,2877.0
5,76,16,78.0,3047.1
5,76,17,58.0,2757.5
5,76,18,63.0,2463.5
5,76,19,43.0,1916.7
5,76,20,28.0,1586.8
5,76,21,10.0,1728.4
5,76,22,6.0,1641.2
5,76,23,3.0,1167.3
5,77,0,25.0,762.5
5,77,1,17.0,777.8
5,77,2,13.0,708.5
5,77,3,3.0,667.7
5,77,5,2.0,833.0
6,1,0,22.0,932.0
6,1,1,142.0,934.6
6,1,2,83.0,900.0
6,1,3,33.0,855.5
6,1,4,27.0,906.4
6,1,5,16.0,934.0
6,2,0,32.0,1047.2
6,2,1,18.0,1016.2
6,2,2,19.0,980.1
6,2,3,12.0,1102.9
6,2,4,7.0,936.3
6,2,5,1.0,719.0
6,2,6,5.0,1099.4
6,2,7,25.0,1377.1
6,2,8,24.0,1280.5
6,2,9,21.0,1131.3
6,2,10,23.0,1122.5
6,2,11,16.0,1345.5
6,2,12,20.0,1263.0
6,2,13,30.0,1294.0
6,2,14,37.0,1451.6
6,2,15,35.0,1526.4
6,2,16,39.0,1658.0
6,2,17,50.0,1569.3
6,2,18,48.0,1515.0
6,2,19,50.0,1283.3
6,2,20,36.0,1287.8
6,2,21,58.0,1182.3
6,2,22,55.0,1116.4
6,2,23,53.0,1180.1
6,3,0,395.0,471.2
6,3,1,312.0,495.2
6,3,2,207.0,442.5
6,3,3,134.0,425.2
6,3,4,101.0,416.0
6,3,5,44.0,478.5
6,3,6,58.0,450.9
6,3,23,219.0,487.1
6,4,0,95.0,672.4
6,4,1,67.0,685.0
6,4,2,52.0,649.3
6,4,3,25.0,702.8
6,4,4,24.0,753.3
6,4,5,20.0,578.5
6,5,0,115.0,481.2
6,5,1,69.0,461.9
6,5,2,53.0,466.3
6,5,3,29.0,546.8
6,5,4,28.0,468.6
6,5,5,32.0,432.1
6,5,6,61.0,607.6
6,5,7,122.0,712.3
6,5,8,144.0,640.2
6,5,9,174.0,544.6
6,5,10,151.0,565.9
6,5,11,117.0,606.8
6,5,12,114.0,543.2
6,5,13,106.0,574.7
6,5,14,134.0,596.0
6,5,15,165.0,684.2
6,5,16,183.0,678.9
6,5,17,257.0,678.5
6,5,18,424.0,646.2
6,5,19,427.0,607.4
6,5,20,355.0,520.5
6,5,21,307.0,504.6
6,5,22,320.0,506.0
6,5,23,264.0,495.0
6,6,0,807.0,316.4
6,6,1,550.0,304.1
6,6,2,372.0,286.2
6,6,3,220.0,311.1
6,6,4,132.0,315.5
6,6,5,153.0,318.2
6,6,6,59.0,349.7
6,6,23,226.0,332.1
6,7,0,401.0,404.9
6,7,1,239.0,415.6
6,7,2,163.0,370.6
6,7,3,66.0,413.4
6,7,4,64.0,408.6
6,7,5,140.0,424.3
6,7,6,42.0,538.0
6,8,0,115.0,689.8
6,8,1,234.0,744.5
6,8,2,126.0,748.7
6,8,3,70.0,708.4
6,8,4,109.0,654.4
6,8,5,327.0,700.1
6,9,0,4.0,1334.2
6,9,2,2.0,1245.0
6,9,5,1.0,1340.0
6,9,7,2.0,2309.5
6,9,8,1.0,2311.0
6,9,9,1.0,2137.0
6,9,10,1.0,1668.0
6,9,11,1.0,2077.0
6,9,14,1.0,2362.0
6,9,15,1.0,2724.0
6,9,17,2.0,3157.5
6,9,19,1.0,1822.0
6,9,20,5.0,1575.4
6,9,21,1.0,1672.0
6,9,22,3.0,1393.0
6,10,0,3.0,1159.3
6,10,1,3.0,1341.7
6,10,2,3.0,1366.7
6,10,3,2.0,1057.0
6,10,4,4.0,1827.5
6,10,5,6.0,2681.0
6,10,6,3.0,2020.3
6,10,7,1.0,2301.0
6,10,8,3.0,2505.7
6,10,9,3.0,2026.0
6,10,10,5.0,1982.2
6,10,11,1.0,2455.0
6,10,12,4.0,2688.8
6,10,13,6.0,2591.7
6,10,14,5.0,2714.2
6,10,15,4.0,3211.0
6,10,16,4.0,3324.2
6,10,17,5.0,2899.4
6,10,18,4.0,2711.0
6,10,19,9.0,1755.2
6,10,20,7.0,1510.0
6,10,21,10.0,1525.5
6,10,22,16.0,1458.2
6,10,23,19.0,1306.9
6,11,0,8.0,1194.4
6,11,1,1.0,1579.0
6,11,2,2.0,1177.5
6,11,3,1.0,1255.0
6,11,4,3.0,1617.7
6,11,5,2.0,1745.0
6,11,6,2.0,1632.5
6,11,7,3.0,2939.3
6,11,8,5.0,1793.6
6,11,9,3.0,1206.0
6,11,10,5.0,1448.2
6,11,11,2.0,2107.0
6,11,12,3.0,1413.3
6,11,13,6.0,1581.0
6,11,14,6.0,2287.3
6,11,15,2.0,2562.5
6,11,16,4.0,2683.2
6,11,17,6.0,2673.8
6,11,18,10.0,1928.1
6,11,19,11.0,1359.7
6,11,20,15.0,1310.5
6,11,21,8.0,1219.6
6,11,22,16.0,1142.6
6,11,23,18.0,1177.3
6,12,1,2.0,1364.0
6,12,4,1.0,834.0
6,13,0,13.0,1073.2
6,13,1,11.0,1023.8
6,13,2,4.0,1084.0
6,13,3,5.0,1036.6
6,13,4,4.0,1053.5
6,13,5,1.0,1047.0
6,14,1,19.0,981.6
6,14,2,36.0,875.5
6,14,3,16.0,900.1
6,14,4,12.0,998.0
6,15,0,27.0,1198.9
6,15,1,18.0,1215.4
6,15,2,16.0,1129.7
6,15,3,17.0,1147.4
6,15,4,9.0,1232.9
6,15,5,3.0,1107.0
6,15,6,12.0,1315.3
6,15,7,30.0,1626.7
6,15,8,13.0,2233.5
6,15,9,4.0,1394.0
6,15,10,16.0,1383.1
6,15,11,12.0,1415.8
6,15,12,15.0,1561.6
6,15,13,17.0,1718.5
6,15,14,21.0,2048.5
6,15,15,25.0,2367.0
6,15,16,19.0,2243.5
6,15,17,20.0,2114.3
6,15,18,31.0,1809.3
6,15,19,46.0,1561.0
6,15,20,25.0,1334.8
6,15,21,37.0,1285.0
6,15,22,43.0,1188.1
6,15,23,44.0,1336.5
6,16,1,32.0,829.0
6,16,2,37.0,841.7
6,16,3,27.0,813.5
6,16,4,30.0,741.8
6,17,1,5.0,1634.4
6,17,2,2.0,1877.5
6,17,3,2.0,1561.0
6,18,0,1.0,2053.0
6,18,1,1.0,2666.0
6,18,3,2.0,1842.0
6,18,5,1.0,1498.0
6,18,7,1.0,2492.0
6,18,11,1.0,1790.0
6,18,12,2.0,1985.5
6,18,14,1.0,1865.0
6,18,16,1.0,3369.0
6,18,17,1.0,2660.0
6,18,18,1.0,1981.0
6,18,20,1.0,1823.0
6,18,21,2.0,1889.5
6,18,22,3.0,1994.3
6,18,23,1.0,1764.0
6,19,0,14.0,1399.0
6,19,1,9.0,1326.4
6,19,2,8.0,1449.9
6,19,3,11.0,1363.1
6,19,4,6.0,1668.5
6,19,5,3.0,1374.0
6,19,6,6.0,1579.3
6,19,9,3.0,2027.3
6,19,10,4.0,1592.0
6,19,11,8.0,1722.2
6,19,12,8.0,1772.6
6,19,13,9.0,1929.6
6,19,14,6.0,2057.2
6,19,15,1.0,1471.0
6,19,16,2.0,1952.5
6,19,19,11.0,1838.4
6,19,20,10.0,1820.2
6,19,21,23.0,1517.4
6,19,22,16.0,1478.9
6,19,23,13.0,1455.3
6,20,0,8.0,1334.0
6,20,1,4.0,1136.8
6,20,2,10.0,1091.9
6,20,3,3.0,1238.7
6,20,4,4.0,945.0
6,21,0,72.0,855.1
6,21,1,48.0,786.4
6,21,2,35.0,783.3
6,21,3,39.0,796.9
6,21,4,24.0,829.6
6,21,5,25.0,769.5
6,21,6,63.0,858.0
6,21,7,74.0,1034.1
6,21,8,60.0,1082.9
6,21,9,75.0,965.0
6,21,10,54.0,973.7
6,21,11,41.0,920.6
6,21,12,57.0,966.4
6,21,13,52.0,970.9
6,21,14,66.0,1080.1
6,21,15,87.0,1280.9
6,21,16,95.0,1312.7
6,21,17,120.0,1256.0
6,21,18,179.0,1176.0
6,21,19,202.0,1007.2
6,21,20,146.0,934.8
6,21,21,154.0,929.5
6,21,22,162.0,883.7
6,21,23,139.0,867.3
6,22,0,179.0,889.3
6,22,1,127.0,864.5
6,22,2,77.0,865.2
6,22,3,52.0,904.8
6,22,4,48.0,774.8
6,22,5,48.0,711.0
6,22,6,176.0,746.4
6,22,7,24.0,741.0
6,22,8,18.0,782.7
6,22,9,55.0,927.4
6,22,10,94.0,909.8
6,22,11,108.0,958.0
6,22,12,86.0,1028.5
6,22,13,91.0,919.6
6,22,14,63.0,1072.6
6,22,15,28.0,1070.4
6,22,16,26.0,1108.5
6,22,17,26.0,1159.6
6,22,18,43.0,1126.5
6,22,19,176.0,1009.2
6,22,20,199.0,931.0
6,22,21,251.0,927.9
6,22,22,286.0,904.0
6,22,23,222.0,854.3
6,23,1,12.0,1182.7
6,23,2,11.0,1198.3
6,23,3,8.0,1120.4
6,23,4,4.0,1437.5
6,24,0,210.0,947.5
6,24,1,120.0,901.5
6,24,2,94.0,874.7
6,24,3,55.0,940.3
6,24,4,54.0,956.8
6,24,5,45.0,964.6
6,24,6,149.0,974.1
6,24,7,196.0,1284.0
6,24,8,276.0,1444.7
6,24,9,207.0,1136.9
6,24,10,212.0,1122.8
6,24,11,178.0,1074.5
6,24,12,168.0,1175.3
6,24,13,203.0,1169.7
6,24,14,169.0,1180.6
6,24,15,197.0,1280.5
6,24,16,255.0,1387.9
6,24,17,432.0,1434.0
6,24,18,716.0,1284.9
6,24,19,700.0,1148.2
6,24,20,583.0,1058.4
6,24,21,623.0,1025.4
6,24,22,626.0,998.1
6,24,23,492.0,958.0
6,25,0,15.0,1824.2
6,25,1,9.0,1659.2
6,25,2,5.0,1564.0
6,25,3,9.0,1467.0
6,25,4,5.0,1568.8
6,25,5,4.0,1735.8
6,25,6,8.0,2034.6
6,25,7,9.0,2401.4
6,25,8,1.0,3506.0
6,25,9,2.0,1798.5
6,25,10,1.0,2206.0
6,25,11,4.0,2055.8
6,25,12,5.0,1996.0
6,25,13,6.0,2014.5
6,25,14,10.0,2558.7
6,25,15,5.0,3315.8
6,25,16,10.0,3374.2
6,25,17,10.0,3187.4
6,25,18,6.0,2927.7
6,25,19,15.0,2047.9
6,25,20,14.0,2127.5
6,25,21,11.0,1947.5
6,25,22,25.0,1919.7
6,25,23,30.0,1858.7
6,26,1,2.0,1229.5
6,26,2,5.0,1753.0
6,27,0,2.0,1282.0
6,27,1,3.0,1196.0
6,27,2,2.0,1044.5
6,27,3,1.0,1520.0
6,27,6,2.0,1594.5
6,27,7,5.0,1493.0
6,27,8,11.0,2208.1
6,27,9,8.0,1668.4
6,27,10,11.0,1590.6
6,27,11,5.0,1483.6
6,27,12,3.0,2099.3
6,27,13,7.0,1811.3
6,27,14,6.0,1771.0
6,27,15,4.0,2418.5
6,27,16,8.0,2101.9
6,27,17,5.0,2118.8
6,27,18,7.0,1636.4
6,27,19,2.0,1629.0
6,27,21,4.0,1734.8
6,27,22,6.0,1520.3
6,27,23,5.0,1490.4
6,28,0,104.0,1098.9
6,28,1,51.0,1132.5
6,28,2,26.0,1120.0
6,28,3,27.0,1035.3
6,28,4,36.0,924.8
6,28,5,186.0,988.3
6,28,6,622.0,1156.3
6,28,7,1200.0,1621.7
6,28,8,1119.0,1961.3
6,28,9,806.0,1505.2
6,28,10,416.0,1422.3
6,28,11,321.0,1439.7
6,28,12,313.0,1498.8
6,28,13,280.0,1504.8
6,28,14,287.0,1536.8
6,28,15,273.0,1650.1
6,28,16,395.0,1818.0
6,28,17,504.0,1807.1
6,28,18,779.0,1633.4
6,28,19,684.0,1423.3
6,28,20,402.0,1284.4
6,28,21,340.0,1198.1
6,28,22,324.0,1185.0
6,28,23,239.0,1165.6
6,29,0,5.0,1736.0
6,29,1,2.0,1926.0
6,29,2,3.0,1410.3
6,29,3,3.0,1299.0
6,29,4,4.0,1383.2
6,29,5,20.0,1343.2
6,29,6,12.0,1438.4
6,29,7,8.0,2074.5
6,29,8,13.0,2291.5
6,29,9,11.0,1882.9
6,29,10,10.0,1672.6
6,29,11,3.0,1739.0
6,29,12,7.0,2044.3
6,29,13,7.0,2092.3
6,29,14,7.0,2162.6
6,29,15,10.0,2718.4
6,29,16,4.0,2530.8
6,29,17,11.0,2546.1
6,29,18,7.0,2340.9
6,29,19,8.0,2107.9
6,29,20,7.0,2103.1
6,29,21,7.0,2033.0
6,29,22,2.0,1982.5
6,29,23,16.0,1598.2
6,30,0,11.0,1588.5
6,30,1,11.0,1472.9
6,30,2,5.0,1333.2
6,30,3,11.0,1577.3
6,30,4,7.0,1744.4
6,30,5,3.0,2293.3
6,30,6,13.0,1795.8
6,30,7,7.0,2316.7
6,30,8,12.0,2523.4
6,30,9,10.0,2019.7
6,30,10,2.0,2443.0
6,30,11,2.0,1772.0
6,30,12,3.0,1945.0
6,30,13,3.0,2217.0
6,30,14,3.0,3045.0
6,30,15,6.0,2715.2
6,30,16,9.0,2753.3
6,30,17,20.0,2802.5
6,30,18,4.0,2520.8
6,30,19,4.0,1744.2
6,30,20,5.0,1704.8
6,30,21,5.0,1755.4
6,30,22,14.0,1747.0
6,30,23,5.0,2032.2
6,31,1,19.0,1435.7
6,31,2,33.0,1348.3
6,31,3,17.0,1291.7
6,31,4,8.0,1380.9
6,32,0,25.0,902.2
6,32,1,114.0,896.6
6,32,2,81.0,891.5
6,32,3,44.0,826.8
6,32,4,61.0,813.2
6,32,5,162.0,870.5
6,33,0,26.0,1103.6
6,33,1,23.0,1170.3
6,33,2,11.0,1131.1
6,33,3,8.0,1009.2
6,33,4,6.0,907.2
6,33,5,16.0,903.8
6,33,6,28.0,1186.5
6,33,7,86.0,1731.5
6,33,8,62.0,1824.1
6,33,9,75.0,1495.6
6,33,10,78.0,1535.9
6,33,11,59.0,1366.5
6,33,12,61.0,1442.4
6,33,13,40.0,1542.5
6,33,14,46.0,1713.3
6,33,15,44.0,1756.1
6,33,16,47.0,1977.9
6,33,17,45.0,1898.0
6,33,18,58.0,1539.2
6,33,19,50.0,1351.0
6,33,20,74.0,1227.9
6,33,21,76.0,1202.0
6,33,22,79.0,1240.0
6,33,23,66.0,1153.4
6,34,0,7.0,1211.9
6,34,3,1.0,1238.0
6,34,4,2.0,1353.5
6,34,7,1.0,2211.0
6,34,8,2.0,2073.0
6,34,9,2.0,1216.0
6,34,10,9.0,1300.9
6,34,11,1.0,1439.0
6,34,12,4.0,1673.2
6,34,13,4.0,1418.2
6,34,14,3.0,1656.3
6,34,15,5.0,1787.2
6,34,16,4.0,2190.0
6,34,17,6.0,1972.2
6,34,18,11.0,1718.7
6,34,19,16.0,1768.6
6,34,20,11.0,1445.7
6,34,21,5.0,1373.0
6,34,22,10.0,1352.3
6,34,23,9.0,1313.6
6,35,0,6.0,1194.7
6,35,1,4.0,1166.5
6,35,2,1.0,878.0
6,35,3,2.0,1751.0
6,35,6,1.0,1001.0
6,35,7,7.0,1389.7
6,35,8,9.0,2023.8
6,35,9,8.0,1133.9
6,35,10,6.0,1281.3
6,35,11,5.0,1427.2
6,35,12,7.0,1482.6
6,35,13,7.0,2195.4
6,35,14,5.0,1412.4
6,35,15,9.0,2083.8
6,35,16,9.0,2132.9
6,35,17,7.0,2056.7
6,35,18,14.0,1526.6
6,35,19,9.0,1398.0
6,35,20,11.0,1682.1
6,35,21,12.0,1422.2
6,35,22,5.0,1423.4
6,35,23,6.0,1409.5
6,36,1,1.0,1578.0
6,36,2,1.0,974.0
6,37,1,2.0,1793.5
6,37,2,1.0,1163.0
6,37,6,1.0,1478.0
6,37,10,1.0,1238.0
6,37,19,2.0,1993.0
6,37,21,1.0,2239.0
6,38,0,4.0,1475.0
6,38,1,6.0,1309.3
6,38,2,2.0,1355.0
6,38,3,3.0,1673.7
6,38,4,1.0,1147.0
6,38,5,2.0,1134.0
6,39,1,10.0,1232.8
6,39,2,6.0,1276.8
6,39,3,8.0,1222.4
6,39,4,5.0,1107.4
6,40,0,1.0,1949.0
6,40,1,1.0,1375.0
6,40,3,1.0,1657.0
6,40,4,2.0,1260.0
6,40,8,3.0,2347.7
6,40,12,1.0,1324.0
6,40,13,1.0,1672.0
6,40,15,1.0,2197.0
6,40,16,1.0,1710.0
6,40,18,2.0,1879.5
6,40,19,3.0,1847.7
6,40,20,2.0,1622.5
6,40,21,4.0,1794.8
6,40,22,3.0,1675.0
6,40,23,2.0,1430.5
6,41,0,31.0,1527.9
6,41,1,27.0,1402.5
6,41,2,4.0,1327.0
6,41,3,4.0,1486.8
6,41,4,4.0,1225.0
6,41,5,13.0,1450.2
6,41,6,20.0,1330.3
6,41,7,42.0,1972.5
6,41,8,50.0,2095.3
6,41,9,46.0,2006.7
6,41,10,41.0,1840.6
6,41,11,28.0,1779.8
6,41,12,34.0,1766.2
6,41,13,14.0,1780.1
6,41,14,24.0,1977.9
6,41,15,13.0,2307.0
6,41,16,9.0,1993.4
6,41,17,12.0,2895.8
6,41,18,22.0,1903.0
6,41,19,12.0,1729.1
6,41,20,22.0,1701.8
6,41,21,29.0,1487.2
6,41,22,29.0,1504.9
6,41,23,27.0,1557.0
6,42,0,9.0,1533.6
6,42,1,4.0,1606.5
6,42,2,4.0,1647.5
6,42,3,1.0,1687.0
6,42,4,1.0,1281.0
6,42,6,2.0,2181.0
6,42,7,1.0,1788.0
6,42,8,5.0,2067.0
6,42,9,3.0,1531.0
6,42,10,5.0,1986.8
6,42,11,1.0,2115.0
6,42,12,2.0,2538.5
6,42,14,5.0,1978.0
6,42,15,3.0,2071.7
6,42,16,9.0,3011.7
6,42,17,5.0,2322.0
6,42,18,2.0,1893.5
6,42,19,8.0,2015.5
6,42,20,5.0,1872.4
6,42,21,9.0,1749.7
6,42,22,13.0,1685.3
6,42,23,5.0,1879.2
6,43,0,3.0,2205.0
6,43,1,6.0,1728.8
6,43,2,5.0,1825.8
6,43,3,3.0,1544.0
6,43,4,3.0,1539.7
6,43,5,1.0,1386.0
6,44,0,1.0,2254.0
6,44,1,3.0,2839.3
6,44,2,1.0,1509.0
6,44,3,1.0,1711.0
6,44,7,1.0,2771.0
6,44,8,1.0,2311.0
6,44,13,2.0,2372.0
6,44,14,2.0,2937.0
6,44,15,2.0,3556.0
6,44,17,1.0,2995.0
6,44,19,1.0,3056.0
6,44,20,1.0,2893.0
6,44,21,2.0,1714.0
6,44,22,3.0,1783.3
6,44,23,5.0,2047.8
6,45,0,1.0,1923.0
6,45,1,1.0,1459.0
6,45,23,1.0,1799.0
6,46,1,1.0,1844.0
6,46,2,1.0,1652.0
6,46,13,1.0,2643.0
6,46,14,1.0,2624.0
6,46,17,1.0,2442.0
6,46,20,1.0,3156.0
6,46,21,2.0,3120.0
6,46,22,2.0,2612.5
6,48,2,1.0,1895.0
6,49,0,1.0,1564.0
6,49,1,2.0,1892.0
6,49,3,1.0,1873.0
6,49,5,1.0,3246.0
6,49,8,2.0,3918.5
6,49,19,1.0,2480.0
6,49,20,2.0,2318.0
6,49,21,3.0,2278.0
6,49,22,6.0,1904.2
6,49,23,2.0,2072.5
6,50,0,1.0,3022.0
6,50,15,1.0,2690.0
6,51,0,1.0,2003.0
6,52,6,1.0,1589.0
6,52,17,2.0,3287.5
6,52,20,1.0,2660.0
6,53,0,1.0,2648.0
6,53,6,1.0,1871.0
6,53,12,1.0,1933.0
6,53,22,3.0,2185.3
6,53,23,1.0,2223.0
6,55,14,1.0,4340.0
6,55,22,1.0,2979.0
6,56,0,3.0,1369.0
6,56,1,2.0,1586.5
6,56,2,3.0,1686.3
6,56,3,38.0,1727.6
6,56,4,251.0,1804.7
6,56,5,195.0,1721.1
6,56,6,206.0,2118.2
6,56,7,103.0,2485.3
6,56,8,68.0,2586.6
6,56,9,90.0,2294.5
6,56,10,124.0,2493.3
6,56,11,94.0,2446.0
6,56,12,88.0,2494.1
6,56,13,65.0,2797.7
6,56,14,71.0,3517.3
6,56,15,71.0,3873.5
6,56,16,54.0,3836.0
6,56,17,38.0,3692.9
6,56,18,33.0,2991.6
6,56,19,48.0,2405.9
6,56,20,28.0,2185.6
6,56,21,12.0,2187.8
6,56,22,7.0,2056.0
6,56,23,4.0,2324.0
6,57,1,1.0,2349.0
6,57,3,1.0,1410.0
6,57,5,1.0,1398.0
6,58,0,1.0,1579.0
6,58,1,4.0,1419.2
6,58,2,2.0,1517.5
6,58,3,1.0,1598.0
6,58,4,5.0,1363.4
6,59,0,3.0,1779.7
6,59,1,2.0,1578.5
6,59,2,1.0,1015.0
6,59,3,2.0,1380.0
6,59,4,2.0,2167.0
6,59,5,1.0,1320.0
6,60,0,10.0,1509.3
6,60,1,10.0,1377.6
6,60,2,11.0,1256.7
6,60,3,8.0,1203.9
6,60,4,5.0,1344.4
6,60,5,2.0,1131.0
6,60,6,14.0,1306.1
6,60,7,3.0,1362.3
6,60,8,2.0,1691.0
6,60,9,1.0,1504.0
6,60,10,4.0,1339.8
6,60,11,4.0,1690.0
6,60,12,11.0,1942.0
6,60,13,6.0,1624.3
6,60,14,6.0,1742.5
6,60,15,7.0,2102.9
6,60,16,4.0,2034.0
6,60,17,11.0,2015.2
6,60,18,8.0,1696.0
6,60,19,10.0,1617.8
6,60,20,14.0,1649.3
6,60,21,11.0,1369.7
6,60,22,25.0,1470.7
6,60,23,13.0,1394.7
6,61,1,1.0,1859.0
6,61,2,2.0,1553.0
6,61,3,2.0,2279.5
6,61,4,1.0,1382.0
6,62,1,3.0,1768.0
6,62,2,1.0,2173.0
6,63,1,5.0,1929.8
6,63,2,4.0,1515.0
6,63,3,1.0,1695.0
6,63,4,1.0,2022.0
6,63,12,1.0,1948.0
6,63,13,1.0,2183.0
6,63,20,1.0,1882.0
6,63,21,2.0,2190.5
6,63,23,2.0,1721.5
6,64,0,1.0,2654.0
6,64,1,2.0,1960.0
6,64,2,1.0,1656.0
6,64,12,1.0,2442.0
6,64,13,1.0,3211.0
6,64,17,1.0,3367.0
6,64,19,3.0,2805.7
6,64,20,1.0,2301.0
6,64,23,3.0,2472.3
6,65,1,2.0,2243.5
6,65,3,1.0,1617.0
6,65,4,2.0,1835.5
6,65,5,1.0,1668.0
6,66,0,2.0,2086.0
6,66,1,1.0,2261.0
6,66,2,4.0,2526.0
6,66,3,2.0,1986.5
6,66,7,1.0,2581.0
6,66,8,1.0,2551.0
6,66,10,1.0,3449.0
6,66,13,1.0,2727.0
6,66,14,1.0,4715.0
6,66,15,4.0,3706.2
6,66,16,3.0,3585.7
6,66,17,2.0,3333.5
6,66,18,2.0,3438.5
6,66,20,3.0,2314.0
6,66,21,2.0,2058.0
6,66,23,6.0,2121.3
6,67,1,1.0,1323.0
6,67,3,1.0,1543.0
6,68,1,1.0,1556.0
6,68,6,2.0,1404.5
6,68,7,10.0,1603.0
6,68,8,1.0,2096.0
6,68,9,1.0,2293.0
6,68,10,2.0,2137.5
6,68,11,1.0,1864.0
6,68,12,2.0,2786.0
6,68,13,3.0,1676.7
6,68,14,1.0,2223.0
6,68,17,1.0,2658.0
6,68,18,1.0,2320.0
6,68,19,1.0,2261.0
6,68,20,4.0,2226.8
6,68,21,2.0,1479.5
6,68,22,1.0,1236.0
6,69,0,1.0,1324.0
6,69,1,2.0,1470.0
6,69,2,1.0,1477.0
6,69,3,1.0,2417.0
6,69,4,1.0,1725.0
6,69,6,2.0,1677.5
6,69,8,1.0,4001.0
6,69,12,4.0,2170.5
6,69,13,2.0,2184.5
6,69,14,2.0,3664.5
6,69,15,5.0,2732.8
6,69,16,1.0,2570.0
6,69,17,2.0,2535.5
6,69,18,2.0,2408.0
6,69,19,3.0,2137.7
6,69,20,7.0,1911.7
6,69,21,1.0,1429.0
6,69,22,3.0,1675.7
6,69,23,3.0,2036.0
6,70,1,1.0,2100.0
6,70,3,1.0,1950.0
6,70,11,1.0,2552.0
6,70,14,1.0,3951.0
6,70,18,2.0,3784.5
6,70,19,1.0,2461.0
6,70,20,1.0,2374.0
6,70,23,1.0,2021.0
6,71,0,2.0,1783.0
6,71,1,2.0,1858.0
6,71,2,1.0,1652.0
6,71,20,1.0,1686.0
6,71,21,1.0,1832.0
6,72,1,1.0,2141.0
6,72,2,1.0,2273.0
6,72,3,1.0,1917.0
6,72,9,1.0,2223.0
6,72,11,1.0,2274.0
6,72,12,1.0,1991.0
6,72,16,1.0,4048.0
6,72,19,1.0,2897.0
6,72,20,2.0,2176.5
6,72,22,3.0,2185.3
6,72,23,2.0,2150.0
6,73,1,1.0,2073.0
6,73,10,1.0,2701.0
6,73,13,1.0,3187.0
6,73,16,1.0,3597.0
6,73,19,1.0,1930.0
6,73,20,1.0,1830.0
6,73,21,1.0,2277.0
6,73,22,1.0,1398.0
6,73,23,2.0,2506.5
6,74,0,1.0,3142.0
6,74,3,1.0,1996.0
6,74,8,1.0,3259.0
6,74,11,1.0,2157.0
6,74,15,1.0,4144.0
6,74,18,1.0,3824.0
6,75,10,1.0,2243.0
6,75,13,1.0,2343.0
6,75,16,1.0,4082.0
6,75,19,1.0,2908.0
6,75,21,1.0,1876.0
6,75,22,1.0,1977.0
6,75,23,1.0,2600.0
6,76,0,7.0,1652.0
6,76,1,7.0,1458.9
6,76,2,18.0,1659.7
6,76,3,178.0,1564.7
6,76,4,786.0,1547.2
6,76,5,1304.0,2192.1
6,76,6,780.0,2744.4
6,76,7,69.0,3282.9
6,76,20,2.0,1614.0
6,76,21,3.0,2060.3
6,76,23,5.0,1518.6
6,77,0,186.0,732.9
6,77,1,145.0,708.9
6,77,2,93.0,682.2
6,77,3,67.0,642.0
6,77,4,45.0,615.7
6,77,5,20.0,597.7
6,77,6,39.0,661.8
6,77,7,46.0,804.2
6,77,8,57.0,801.6
6,77,9,81.0,719.7
6,77,10,92.0,700.0
6,77,11,87.0,737.6
6,77,12,94.0,738.2
6,77,13,102.0,744.6
6,77,14,111.0,745.2
6,77,15,145.0,837.9
6,77,16,196.0,880.2
6,77,17,254.0,916.3
6,77,18,324.0,918.0
6,77,19,369.0,831.2
6,77,20,277.0,793.0
6,77,21,321.0,742.7
6,77,22,311.0,778.7
6,77,23,252.0,745.5
7,1,0,62.0,1054.5
7,1,1,63.0,1047.9
7,1,2,19.0,961.7
7,1,3,9.0,961.3
7,1,4,6.0,1044.7
7,1,5,2.0,979.0
7,1,6,10.0,974.6
7,1,7,7.0,1361.6
7,1,8,12.0,1463.3
7,1,9,15.0,1226.3
7,1,10,6.0,1236.0
7,1,11,12.0,1223.5
7,1,12,23.0,1334.2
7,1,13,20.0,1331.0
7,1,14,30.0,1507.9
7,1,15,35.0,1486.5
7,1,16,49.0,1681.2
7,1,17,57.0,1666.5
7,1,18,74.0,1570.0
7,1,19,91.0,1379.8
7,1,20,83.0,1284.2
7,1,21,78.0,1230.9
7,1,22,111.0,1227.2
7,1,23,84.0,1202.3
7,2,0,11.0,1389.7
7,2,1,3.0,963.0
7,2,2,7.0,1159.0
7,2,3,3.0,1082.3
7,2,4,1.0,1069.0
7,2,5,7.0,1213.4
7,2,6,5.0,1016.6
7,2,7,4.0,1906.8
7,2,8,4.0,1191.0
7,2,9,7.0,1475.0
7,2,10,8.0,1402.6
7,2,11,14.0,1349.9
7,2,12,7.0,1634.4
7,2,13,13.0,1547.5
7,2,14,21.0,1652.1
7,2,15,16.0,1695.9
7,2,16,33.0,1820.1
7,2,17,21.0,1726.8
7,2,18,25.0,1785.9
7,2,19,27.0,1623.8
7,2,20,25.0,1568.4
7,2,21,17.0,1328.2
7,2,22,29.0,1253.0
7,2,23,20.0,1326.5
7,3,0,37.0,803.1
7,3,1,69.0,700.3
7,3,2,48.0,698.5
7,3,3,26.0,656.7
7,3,4,22.0,667.9
7,3,5,20.0,609.5
7,4,0,38.0,1025.0
7,4,1,24.0,861.0
7,4,2,19.0,961.5
7,4,3,11.0,805.2
7,4,4,5.0,803.6
7,4,5,2.0,906.0
7,4,6,17.0,1072.2
7,4,7,29.0,1184.3
7,4,8,24.0,1241.2
7,4,9,24.0,1180.3
7,4,10,19.0,1093.1
7,4,11,22.0,1231.1
7,4,12,22.0,1267.8
7,4,13,27.0,1194.0
7,4,14,35.0,1236.9
7,4,15,35.0,1352.7
7,4,16,68.0,1487.8
7,4,17,60.0,1584.5
7,4,18,96.0,1429.4
7,4,19,110.0,1260.6
7,4,20,80.0,1154.5
7,4,21,134.0,1093.2
7,4,22,153.0,1091.3
7,4,23,92.0,1064.4
7,5,0,58.0,659.7
7,5,1,27.0,657.7
7,5,2,26.0,574.8
7,5,3,6.0,623.7
7,5,4,7.0,640.7
7,5,5,13.0,774.0
7,5,6,13.0,579.3
7,5,7,35.0,820.7
7,5,8,55.0,784.5
7,5,9,49.0,796.4
7,5,10,46.0,773.1
7,5,11,36.0,781.0
7,5,12,49.0,879.1
7,5,13,55.0,836.4
7,5,14,61.0,901.1
7,5,15,85.0,1086.6
7,5,16,67.0,1040.1
7,5,17,104.0,1105.1
7,5,18,121.0,966.6
7,5,19,158.0,862.1
7,5,20,160.0,838.8
7,5,21,123.0,741.3
7,5,22,146.0,740.0
7,5,23,103.0,736.4
7,6,0,555.0,468.1
7,6,1,343.0,468.3
7,6,2,204.0,442.2
7,6,3,85.0,404.8
7,6,4,58.0,408.7
7,6,5,65.0,380.2
7,6,6,149.0,436.9
7,6,7,32.0,488.8
7,6,9,21.0,479.0
7,6,10,178.0,610.3
7,6,11,176.0,571.5
7,6,12,72.0,531.4
7,6,13,106.0,582.2
7,6,14,47.0,609.9
7,6,20,474.0,569.2
7,6,21,664.0,548.6
7,6,22,651.0,527.6
7,6,23,728.0,497.9
7,7,0,431.0,312.2
7,7,1,298.0,278.6
7,7,2,140.0,307.8
7,7,3,47.0,303.8
7,7,4,55.0,272.1
7,7,5,101.0,271.7
7,7,6,230.0,300.0
7,7,7,423.0,427.5
7,7,8,474.0,463.0
7,7,9,554.0,378.2
7,7,10,488.0,378.4
7,7,11,567.0,406.3
7,7,12,556.0,429.0
7,7,13,548.0,409.4
7,7,14,578.0,410.0
7,7,15,660.0,481.8
7,7,16,992.0,473.6
7,7,17,1185.0,486.4
7,7,18,1918.0,466.7
7,7,19,2112.0,428.5
7,7,20,1638.0,387.5
7,7,21,1463.0,372.3
7,7,22,1456.0,363.2
7,7,23,1021.0,328.8
7,8,0,444.0,557.7
7,8,1,225.0,590.5
7,8,2,109.0,563.0
7,8,3,61.0,462.1
7,8,4,68.0,615.4
7,8,5,236.0,532.0
7,8,6,764.0,606.1
7,8,7,1473.0,809.8
7,8,8,1917.0,986.2
7,8,9,2035.0,795.8
7,8,10,1314.0,754.7
7,8,11,1170.0,708.4
7,8,12,1120.0,718.0
7,8,13,1086.0,693.8
7,8,14,852.0,740.1
7,8,15,781.0,757.8
7,8,16,711.0,783.7
7,8,17,1121.0,808.4
7,8,18,1342.0,740.1
7,8,19,1585.0,692.8
7,8,20,1369.0,661.6
7,8,21,1426.0,619.9
7,8,22,1264.0,575.6
7,8,23,645.0,582.6
7,9,1,4.0,1494.0
7,9,2,1.0,1305.0
7,9,3,1.0,1313.0
7,10,0,3.0,1077.7
7,10,1,4.0,1239.2
7,10,2,1.0,877.0
7,10,4,4.0,1418.0
7,10,5,2.0,2790.0
7,10,6,3.0,2684.3
7,10,7,1.0,2482.0
7,10,8,3.0,2141.7
7,10,10,3.0,1522.7
7,10,11,3.0,1614.0
7,10,12,2.0,1751.0
7,10,13,2.0,2188.5
7,10,14,7.0,2271.4
7,10,15,1.0,3518.0
7,10,16,2.0,3313.5
7,10,17,2.0,2841.5
7,10,18,7.0,2219.7
7,10,19,6.0,1404.8
7,10,20,8.0,1303.0
7,10,21,11.0,1194.9
7,10,22,14.0,1141.7
7,10,23,8.0,1086.4
7,11,0,3.0,792.0
7,11,1,6.0,1127.2
7,11,2,3.0,974.7
7,11,5,1.0,3033.0
7,11,6,1.0,2806.0
7,11,7,2.0,1755.0
7,11,8,1.0,1324.0
7,11,9,5.0,1139.8
7,11,10,1.0,964.0
7,11,11,5.0,1162.6
7,11,12,7.0,1668.4
7,11,13,6.0,1363.3
7,11,14,3.0,2181.0
7,11,15,3.0,2161.3
7,11,16,7.0,2196.4
7,11,17,3.0,2187.0
7,11,18,5.0,1573.4
7,11,19,12.0,1466.3
7,11,20,16.0,1169.4
7,11,21,9.0,1161.1
7,11,22,8.0,1148.5
7,11,23,7.0,1016.7
7,12,0,6.0,1122.3
7,12,1,3.0,922.0
7,12,2,1.0,848.0
7,12,5,1.0,900.0
7,12,7,1.0,2347.0
7,12,8,2.0,1551.0
7,12,9,3.0,1436.0
7,12,10,2.0,1504.5
7,12,11,2.0,1252.5
7,12,12,3.0,1647.0
7,12,13,3.0,1891.3
7,12,14,2.0,1335.0
7,12,15,3.0,2032.3
7,12,17,12.0,1826.8
7,12,18,7.0,1603.9
7,12,19,5.0,1155.6
7,12,20,2.0,2124.5
7,12,21,3.0,1174.0
7,12,22,6.0,1150.0
7,12,23,6.0,1137.8
7,13,1,2.0,1031.5
7,13,2,1.0,1471.0
7,13,3,1.0,782.0
7,13,4,2.0,1014.5
7,14,1,10.0,1018.7
7,14,2,11.0,927.5
7,14,3,3.0,1058.7
7,14,4,8.0,1003.1
7,15,0,5.0,1095.4
7,15,1,10.0,1044.0
7,15,2,3.0,1143.7
7,15,3,5.0,1083.4
7,15,4,7.0,1066.4
7,15,5,8.0,1033.5
7,16,0,37.0,848.6
7,16,1,26.0,882.8
7,16,2,17.0,733.2
7,16,3,5.0,975.2
7,16,4,1.0,647.0
7,16,5,9.0,756.4
7,16,6,11.0,1080.4
7,16,9,5.0,893.0
7,16,10,1.0,1151.0
7,16,11,8.0,1021.2
7,16,12,12.0,997.7
7,16,13,8.0,1052.6
7,16,14,4.0,1084.5
7,16,20,31.0,935.7
7,16,21,36.0,852.0
7,16,22,36.0,908.9
7,16,23,26.0,939.7
7,17,0,2.0,1597.0
7,17,1,2.0,1407.0
7,17,2,4.0,1180.8
7,17,3,4.0,1346.2
7,17,7,1.0,2511.0
7,17,8,1.0,2427.0
7,17,9,1.0,1348.0
7,17,10,1.0,1786.0
7,17,12,2.0,1807.0
7,17,13,2.0,1882.0
7,17,14,5.0,2482.0
7,17,15,7.0,3321.0
7,17,16,7.0,3170.0
7,17,17,7.0,2895.7
7,17,19,3.0,1777.7
7,17,20,2.0,1739.0
7,17,21,4.0,1578.8
7,17,22,4.0,1503.8
7,17,23,5.0,1611.4
7,18,0,1.0,1532.0
7,18,1,1.0,1413.0
7,18,3,1.0,1089.0
7,18,7,1.0,1736.0
7,18,8,1.0,2269.0
7,18,9,3.0,1894.0
7,18,11,1.0,1828.0
7,18,12,1.0,2056.0
7,18,15,1.0,2517.0
7,18,16,1.0,2629.0
7,18,18,1.0,3103.0
7,18,19,1.0,1803.0
7,18,20,2.0,1710.5
7,18,22,4.0,1810.2
7,18,23,3.0,1798.7
7,19,1,19.0,1345.4
7,19,2,12.0,1382.4
7,19,3,2.0,1227.5
7,19,4,4.0,1274.0
7,20,0,11.0,1468.1
7,20,1,4.0,916.2
7,20,2,4.0,821.2
7,20,3,1.0,1219.0
7,20,6,1.0,945.0
7,20,7,4.0,1286.2
7,20,8,1.0,959.0
7,20,9,2.0,1195.5
7,20,10,3.0,1641.0
7,20,11,3.0,1068.7
7,20,12,5.0,1402.8
7,20,13,6.0,1405.0
7,20,14,9.0,1637.8
7,20,15,10.0,1805.5
7,20,16,14.0,1850.9
7,20,17,13.0,1658.4
7,20,18,11.0,1616.9
7,20,19,12.0,1340.4
7,20,20,4.0,1621.8
7,20,21,14.0,1206.4
7,20,22,16.0,1029.1
7,20,23,13.0,1360.9
7,21,0,38.0,717.1
7,21,1,29.0,655.7
7,21,2,25.0,754.8
7,21,3,10.0,731.6
7,21,4,4.0,1009.5
7,21,5,5.0,857.2
7,21,6,13.0,811.3
7,21,7,35.0,775.1
7,21,8,33.0,912.5
7,21,9,24.0,874.9
7,21,10,31.0,848.3
7,21,11,16.0,841.1
7,21,12,22.0,1005.4
7,21,13,21.0,881.6
7,21,14,37.0,1038.1
7,21,15,41.0,1234.9
7,21,16,46.0,1323.7
7,21,17,81.0,1299.0
7,21,18,116.0,1184.9
7,21,19,129.0,990.7
7,21,20,104.0,922.5
7,21,21,113.0,839.0
7,21,22,121.0,858.8
7,21,23,83.0,848.7
7,22,0,184.0,715.0
7,22,1,98.0,692.8
7,22,2,59.0,701.2
7,22,3,32.0,678.7
7,22,4,32.0,676.3
7,22,5,46.0,539.8
7,22,6,124.0,626.2
7,22,7,301.0,700.0
7,22,8,151.0,833.7
7,22,9,137.0,756.0
7,22,10,125.0,707.9
7,22,11,123.0,720.0
7,22,12,154.0,749.5
7,22,13,170.0,709.2
7,22,14,207.0,829.9
7,22,15,262.0,917.1
7,22,16,331.0,961.0
7,22,17,441.0,1053.6
7,22,18,603.0,967.3
7,22,19,640.0,850.7
7,22,20,493.0,811.0
7,22,21,518.0,750.7
7,22,22,511.0,765.6
7,22,23,409.0,744.8
7,23,0,16.0,1024.6
7,23,1,24.0,1042.9
7,23,2,11.0,1107.1
7,23,3,4.0,918.8
7,23,4,2.0,825.0
7,23,5,1.0,1347.0
7,24,0,202.0,686.0
7,24,1,124.0,650.4
7,24,2,71.0,628.2
7,24,3,29.0,612.7
7,24,4,24.0,682.8
7,24,5,67.0,619.4
7,24,6,90.0,703.2
7,24,7,189.0,884.5
7,24,8,225.0,963.9
7,24,9,211.0,822.5
7,24,10,183.0,759.8
7,24,11,181.0,742.1
7,24,12,207.0,836.4
7,24,13,228.0,820.3
7,24,14,236.0,812.1
7,24,15,287.0,927.0
7,24,16,410.0,983.2
7,24,17,534.0,1075.3
7,24,18,885.0,942.7
7,24,19,977.0,818.4
7,24,20,823.0,735.9
7,24,21,777.0,722.3
7,24,22,796.0,707.9
7,24,23,540.0,712.7
7,25,0,17.0,1479.9
7,25,1,12.0,1469.1
7,25,2,3.0,1435.7
7,25,3,3.0,1516.0
7,25,4,4.0,1474.8
7,25,6,2.0,2066.0
7,25,7,7.0,1526.4
7,25,8,8.0,1624.1
7,25,9,5.0,2160.4
7,25,10,6.0,1999.8
7,25,11,6.0,2136.0
7,25,12,5.0,2343.6
7,25,13,5.0,1885.8
7,25,14,19.0,2160.1
7,25,15,12.0,2546.5
7,25,16,11.0,2363.6
7,25,17,19.0,2373.9
7,25,18,10.0,2029.9
7,25,19,8.0,1948.1
7,25,20,18.0,1806.0
7,25,21,18.0,1609.6
7,25,22,21.0,1727.7
7,25,23,15.0,1686.7
7,26,0,5.0,1341.4
7,26,1,1.0,817.0
7,26,2,2.0,1195.0
7,26,8,5.0,1706.2
7,26,11,2.0,1670.5
7,26,12,4.0,1890.5
7,26,13,1.0,1265.0
7,26,14,3.0,2008.7
7,26,16,2.0,2057.5
7,26,17,1.0,2408.0
7,26,18,3.0,1694.7
7,26,19,1.0,1170.0
7,26,20,1.0,1670.0
7,26,21,3.0,984.7
7,26,22,1.0,764.0
7,27,0,2.0,1094.5
7,27,1,5.0,1077.2
7,27,2,3.0,1083.3
7,27,3,1.0,1045.0
7,27,4,1.0,1047.0
7,27,6,7.0,1328.6
7,27,7,3.0,1429.3
7,27,8,7.0,1634.7
7,27,9,8.0,1342.5
7,27,10,7.0,1460.1
7,27,11,1.0,2376.0
7,27,12,1.0,1537.0
7,27,13,7.0,1634.6
7,27,14,6.0,1672.0
7,27,15,11.0,1756.5
7,27,16,6.0,2113.2
7,27,17,9.0,2119.0
7,27,18,10.0,1735.0
7,27,19,6.0,1414.3
7,27,20,2.0,1420.5
7,27,21,14.0,1424.6
7,27,22,11.0,1213.9
7,27,23,10.0,1523.1
7,28,0,111.0,809.5
7,28,1,47.0,871.9
7,28,2,34.0,849.8
7,28,3,29.0,827.0
7,28,4,17.0,914.4
7,28,5,125.0,829.6
7,28,6,485.0,938.2
7,28,7,1028.0,1237.2
7,28,8,1475.0,1441.7
7,28,9,821.0,1184.5
7,28,10,402.0,1127.5
7,28,11,375.0,1176.5
7,28,12,392.0,1251.1
7,28,13,277.0,1163.4
7,28,14,301.0,1242.6
7,28,15,325.0,1299.2
7,28,16,464.0,1488.4
7,28,17,628.0,1472.4
7,28,18,939.0,1260.0
7,28,19,861.0,1101.4
7,28,20,537.0,1014.0
7,28,21,467.0,922.8
7,28,22,435.0,872.7
7,28,23,270.0,876.6
7,29,0,4.0,913.8
7,29,1,4.0,1407.2
7,29,2,4.0,1290.5
7,29,3,2.0,1431.0
7,29,4,2.0,1149.0
7,29,5,10.0,1388.0
7,29,6,1.0,1301.0
7,30,0,2.0,1114.0
7,30,1,3.0,1703.0
7,30,2,8.0,1522.9
7,30,3,2.0,1424.5
7,30,4,6.0,1233.8
7,30,5,1.0,1131.0
7,30,6,2.0,1790.0
7,30,7,4.0,1577.2
7,30,8,6.0,1914.2
7,30,9,3.0,1675.7
7,30,10,5.0,1814.6
7,30,11,5.0,1644.6
7,30,12,2.0,1932.0
7,30,13,2.0,2755.5
7,30,14,3.0,2025.0
7,30,15,15.0,2527.1
7,30,16,12.0,2510.0
7,30,17,8.0,2254.4
7,30,18,6.0,2178.8
7,30,19,6.0,1626.8
7,30,20,9.0,1608.7
7,30,21,5.0,1377.4
7,30,22,12.0,1194.7
7,30,23,12.0,1332.1
7,31,0,24.0,1108.0
7,31,1,24.0,1068.0
7,31,2,22.0,1076.0
7,31,3,15.0,966.3
7,31,4,14.0,941.9
7,31,5,2.0,1374.5
7,31,6,5.0,1271.6
7,31,7,10.0,1475.2
7,31,8,17.0,1707.6
7,31,9,8.0,1419.0
7,31,10,9.0,1449.8
7,31,11,13.0,1435.2
7,31,12,8.0,1439.5
7,31,13,14.0,1446.4
7,31,14,11.0,1975.6
7,31,15,12.0,1854.0
7,31,16,20.0,1926.8
7,31,17,40.0,1990.0
7,31,18,48.0,1671.8
7,31,19,70.0,1460.8
7,31,20,68.0,1358.8
7,31,21,58.0,1217.9
7,31,22,50.0,1219.7
7,31,23,47.0,1142.8
7,32,0,142.0,817.7
7,32,1,69.0,846.7
7,32,2,35.0,849.9
7,32,3,25.0,762.0
7,32,4,45.0,692.6
7,32,5,133.0,746.4
7,32,6,214.0,827.7
7,32,23,85.0,819.9
7,33,0,21.0,988.0
7,33,1,16.0,935.7
7,33,2,11.0,896.5
7,33,3,3.0,810.3
7,33,4,4.0,1030.5
7,33,5,7.0,1192.6
7,33,6,24.0,999.4
7,33,7,3.0,963.3
7,33,10,5.0,1060.4
7,33,11,12.0,997.8
7,33,12,6.0,1106.7
7,33,20,15.0,994.5
7,33,21,25.0,1062.6
7,33,22,36.0,994.2
7,33,23,30.0,1093.3
7,34,0,6.0,945.7
7,34,1,2.0,1164.0
7,34,2,2.0,869.0
7,34,4,1.0,1286.0
7,34,7,1.0,1583.0
7,34,8,1.0,1904.0
7,34,9,3.0,1177.7
7,34,11,8.0,1746.0
7,34,12,5.0,1390.4
7,34,13,7.0,1675.6
7,34,14,4.0,1420.5
7,34,15,6.0,2006.8
7,34,16,6.0,2063.7
7,34,17,6.0,1773.0
7,34,18,18.0,1577.1
7,34,19,15.0,1459.5
7,34,20,10.0,1324.1
7,34,21,6.0,1222.0
7,34,22,8.0,1128.5
7,34,23,5.0,1077.6
7,35,0,6.0,1196.8
7,35,1,7.0,1023.7
7,35,2,4.0,1007.0
7,35,4,1.0,850.0
7,35,6,1.0,946.0
7,35,7,7.0,1521.1
7,35,8,5.0,1467.0
7,35,9,7.0,1344.4
7,35,10,7.0,1548.6
7,35,11,7.0,1240.6
7,35,12,7.0,1407.1
7,35,13,11.0,1229.2
7,35,14,6.0,1341.7
7,35,15,5.0,1420.6
7,35,16,11.0,1814.1
7,35,17,19.0,1941.4
7,35,18,15.0,1311.8
7,35,19,6.0,1246.5
7,35,20,10.0,1148.6
7,35,21,12.0,1118.4
7,35,22,18.0,1179.9
7,35,23,14.0,1091.0
7,36,1,1.0,1085.0
7,36,7,3.0,1413.3
7,36,8,1.0,1516.0
7,36,11,1.0,1235.0
7,36,12,1.0,2126.0
7,36,13,2.0,1429.5
7,36,15,5.0,1989.4
7,36,18,3.0,1450.0
7,36,19,2.0,1201.0
7,36,21,1.0,1283.0
7,36,22,2.0,1230.5
7,36,23,1.0,1240.0
7,38,0,2.0,1106.0
7,38,1,1.0,1045.0
7,38,2,1.0,1298.0
7,38,3,1.0,845.0
7,38,6,2.0,1639.0
7,38,7,1.0,1209.0
7,38,8,1.0,3530.0
7,38,9,5.0,1306.8
7,38,11,3.0,1781.7
7,38,12,3.0,1846.3
7,38,13,3.0,1440.0
7,38,14,6.0,2225.8
7,38,15,3.0,2491.0
7,38,16,7.0,2390.0
7,38,17,4.0,2230.0
7,38,18,8.0,1690.9
7,38,19,4.0,1449.5
7,38,20,2.0,1655.0
7,38,21,6.0,1679.7
7,38,22,4.0,1431.2
7,38,23,9.0,1405.1
7,39,0,10.0,1184.7
7,39,2,1.0,1158.0
7,39,3,2.0,922.5
7,39,8,1.0,1475.0
7,39,9,1.0,1508.0
7,39,10,2.0,2161.5
7,39,11,3.0,1224.0
7,39,12,4.0,1497.5
7,39,13,3.0,2211.7
7,39,14,4.0,2209.5
7,39,15,10.0,1960.1
7,39,16,6.0,2071.7
7,39,17,5.0,1851.0
7,39,18,8.0,2163.2
7,39,19,11.0,1531.6
7,39,20,12.0,1364.5
7,39,21,10.0,1303.6
7,39,22,11.0,1452.8
7,39,23,14.0,1264.4
7,40,0,1.0,1259.0
7,40,2,1.0,1258.0
7,40,5,1.0,1100.0
7,40,12,1.0,1564.0
7,40,15,4.0,2162.5
7,40,16,1.0,1972.0
7,40,17,4.0,2544.2
7,40,18,8.0,1917.0
7,40,19,2.0,1989.5
7,40,20,5.0,1745.2
7,40,21,1.0,2331.0
7,40,22,1.0,1410.0
7,40,23,2.0,1244.5
7,41,0,12.0,1381.9
7,41,1,5.0,1086.4
7,41,2,2.0,1238.5
7,41,3,2.0,1330.5
7,41,5,2.0,1073.0
7,41,6,16.0,1292.5
7,41,7,34.0,1659.5
7,41,8,39.0,1700.8
7,41,9,41.0,1558.4
7,41,10,31.0,1667.5
7,41,11,12.0,1640.4
7,41,12,15.0,1787.5
7,41,13,20.0,1573.2
7,41,14,15.0,1945.4
7,41,15,14.0,1919.7
7,41,16,14.0,2069.5
7,41,17,8.0,2199.8
7,41,18,21.0,1796.7
7,41,19,20.0,1749.3
7,41,20,16.0,1593.9
7,41,21,30.0,1499.8
7,41,22,47.0,1382.0
7,41,23,14.0,1487.1
7,42,0,3.0,1907.7
7,42,1,1.0,1278.0
7,43,0,5.0,1505.0
7,43,1,3.0,1671.0
7,43,2,2.0,1631.0
7,43,3,2.0,1270.5
7,43,4,3.0,1508.3
7,43,7,1.0,1595.0
7,43,8,4.0,2280.2
7,43,9,1.0,1656.0
7,43,10,3.0,2184.0
7,43,11,1.0,1458.0
7,43,12,1.0,1528.0
7,43,14,4.0,2263.2
7,43,15,7.0,2233.1
7,43,16,12.0,2342.1
7,43,17,4.0,2540.5
7,43,18,1.0,2621.0
7,43,19,3.0,2332.3
7,43,20,10.0,1710.2
7,43,21,12.0,1932.9
7,43,22,5.0,1572.8
7,43,23,5.0,1563.4
7,44,0,1.0,1672.0
7,44,1,2.0,1567.5
7,44,2,1.0,2331.0
7,44,3,1.0,1937.0
7,44,6,1.0,2073.0
7,44,9,1.0,1791.0
7,44,12,2.0,1814.0
7,44,14,2.0,2356.0
7,44,15,2.0,3133.5
7,44,16,2.0,3092.5
7,44,17,3.0,3659.0
7,44,19,2.0,2960.0
7,44,20,1.0,2157.0
7,44,21,2.0,1958.0
7,44,22,4.0,1737.8
7,44,23,4.0,1657.8
7,45,15,1.0,3010.0
7,45,23,1.0,1549.0
7,46,0,1.0,2292.0
7,46,2,4.0,2088.2
7,46,11,1.0,2096.0
7,46,14,2.0,2178.0
7,46,15,1.0,1987.0
7,46,16,2.0,3008.0
7,46,17,1.0,3492.0
7,46,19,2.0,2259.5
7,46,21,1.0,1786.0
7,46,23,2.0,2049.5
7,48,1,2.0,1750.5
7,48,11,1.0,1934.0
7,48,12,1.0,1780.0
7,48,14,2.0,2798.0
7,48,20,2.0,2011.5
7,48,21,1.0,2779.0
7,48,22,2.0,1456.0
7,49,0,1.0,2901.0
7,49,1,2.0,1447.5
7,49,2,1.0,3229.0
7,49,3,1.0,1740.0
7,49,4,1.0,1320.0
7,51,0,1.0,1688.0
7,51,4,1.0,1828.0
7,51,14,1.0,2393.0
7,52,0,1.0,2455.0
7,52,10,1.0,3145.0
7,52,19,1.0,2666.0
7,52,22,2.0,3426.0
7,52,23,1.0,1825.0
7,53,0,4.0,1949.2
7,53,7,1.0,2149.0
7,53,9,1.0,1803.0
7,53,10,2.0,2190.0
7,53,21,1.0,1891.0
7,54,0,1.0,1861.0
7,54,21,1.0,2061.0
7,55,21,2.0,2246.5
7,56,0,1.0,1520.0
7,56,1,4.0,1647.0
7,56,3,28.0,1713.4
7,56,4,198.0,1640.9
7,56,5,176.0,1590.0
7,57,1,1.0,1501.0
7,57,4,1.0,2496.0
7,57,6,1.0,3001.0
7,57,8,5.0,1555.0
7,57,9,1.0,1320.0
7,57,11,1.0,2015.0
7,57,12,2.0,2369.5
7,57,13,1.0,2485.0
7,57,14,1.0,2335.0
7,57,17,1.0,4166.0
7,57,18,1.0,3022.0
7,57,20,1.0,1275.0
7,57,21,1.0,1259.0
7,57,22,4.0,1502.8
7,57,23,2.0,2015.0
7,58,0,2.0,1253.5
7,58,1,5.0,1278.2
7,58,3,2.0,1639.0
7,58,4,3.0,1437.3
7,58,5,1.0,1868.0
7,59,0,7.0,1352.1
7,59,2,2.0,1029.0
7,59,4,1.0,1321.0
7,59,5,2.0,2525.5
7,59,6,5.0,1450.0
7,59,7,1.0,1502.0
7,59,8,1.0,1776.0
7,59,9,1.0,1331.0
7,59,10,1.0,2747.0
7,59,12,1.0,1450.0
7,59,13,1.0,2037.0
7,59,14,2.0,1839.5
7,59,15,4.0,2218.0
7,59,16,5.0,2477.8
7,59,17,6.0,2370.5
7,59,18,2.0,2128.0
7,59,19,10.0,1565.0
7,59,20,4.0,1462.2
7,59,21,5.0,1456.2
7,59,22,3.0,1048.0
7,59,23,5.0,1418.6
7,60,0,10.0,1099.6
7,60,1,11.0,1080.9
7,60,2,8.0,1154.6
7,60,3,2.0,950.5
7,60,4,3.0,1219.0
7,60,6,1.0,1251.0
7,60,7,1.0,1209.0
7,60,10,1.0,931.0
7,60,11,1.0,1721.0
7,60,20,4.0,1858.0
7,60,21,8.0,1154.2
7,60,22,6.0,1171.8
7,60,23,16.0,1216.9
7,61,0,5.0,1126.2
7,61,1,2.0,1584.0
7,61,2,4.0,1219.8
7,61,3,1.0,2071.0
7,61,4,3.0,1390.7
7,61,7,1.0,1718.0
7,61,8,1.0,1508.0
7,61,10,1.0,2200.0
7,61,11,1.0,2488.0
7,61,12,1.0,1269.0
7,61,14,2.0,2039.0
7,61,15,1.0,2509.0
7,61,16,3.0,2133.7
7,61,17,2.0,2179.5
7,61,18,4.0,2318.0
7,61,19,3.0,1670.0
7,61,20,7.0,1528.7
7,61,21,6.0,1895.8
7,61,22,5.0,1235.0
7,61,23,11.0,1579.0
7,62,0,2.0,1468.0
7,63,1,4.0,1629.8
7,63,2,1.0,1483.0
7,63,3,1.0,1436.0
7,63,4,1.0,1450.0
7,63,5,1.0,1574.0
7,63,10,1.0,2322.0
7,63,14,1.0,2908.0
7,63,16,1.0,3083.0
7,63,19,1.0,2071.0
7,63,20,2.0,2075.5
7,63,21,3.0,2034.0
7,63,22,3.0,2433.3
7,63,23,5.0,1542.4
7,64,2,1.0,1502.0
7,65,2,2.0,1534.0
7,65,3,1.0,1456.0
7,66,0,1.0,1850.0
7,66,1,4.0,1873.5
7,66,2,1.0,1477.0
7,66,3,1.0,1637.0
7,66,4,1.0,1471.0
7,66,5,2.0,1935.5
7,66,20,1.0,1772.0
7,67,4,1.0,1344.0
7,67,7,1.0,2790.0
7,67,8,2.0,2713.0
7,67,11,1.0,2531.0
7,67,13,1.0,1553.0
7,67,14,3.0,3067.7
7,67,17,4.0,3350.2
7,67,18,6.0,2573.2
7,67,19,1.0,1637.0
7,67,20,3.0,2287.0
7,67,21,3.0,2047.0
7,67,22,1.0,2879.0
7,67,23,3.0,1969.0
7,68,1,1.0,1078.0
7,69,1,1.0,1254.0
7,69,2,2.0,1364.5
7,70,0,1.0,2582.0
7,70,3,4.0,2083.2
7,70,6,1.0,2809.0
7,70,10,1.0,2251.0
7,70,12,1.0,3913.0
7,70,15,6.0,4045.3
7,70,17,3.0,3545.0
7,70,18,1.0,2760.0
7,70,19,1.0,2444.0
7,70,21,1.0,2154.0
7,70,22,3.0,2286.0
7,70,23,1.0,2083.0
7,71,0,1.0,1699.0
7,71,1,2.0,1949.5
7,71,2,2.0,1260.5
7,71,3,2.0,2344.5
7,71,5,1.0,1397.0
7,71,10,1.0,2416.0
7,71,11,1.0,2405.0
7,71,21,4.0,1879.8
7,71,23,3.0,1991.0
7,72,1,1.0,1967.0
7,72,2,1.0,1733.0
7,72,6,1.0,2218.0
7,72,7,1.0,2026.0
7,72,8,1.0,1671.0
7,72,10,1.0,2486.0
7,72,11,1.0,2042.0
7,72,14,1.0,3055.0
7,72,18,2.0,3622.0
7,72,19,3.0,2802.3
7,72,21,1.0,1698.0
7,72,22,1.0,1728.0
7,72,23,2.0,1681.0
7,73,0,1.0,1236.0
7,73,2,2.0,1766.0
7,73,3,1.0,1382.0
7,73,4,2.0,1422.5
7,73,21,2.0,1873.5
7,74,2,2.0,3135.0
7,74,3,1.0,1747.0
7,74,18,1.0,2945.0
7,74,21,1.0,2350.0
7,76,0,4.0,1244.2
7,76,1,2.0,1388.5
7,76,2,14.0,1444.1
7,76,3,100.0,1418.7
7,76,4,536.0,1399.6
7,76,5,1001.0,2017.8
7,76,6,406.0,2658.1
7,76,23,1.0,1175.0
7,77,0,55.0,915.2
7,77,1,46.0,939.9
7,77,2,21.0,811.4
7,77,3,16.0,795.2
7,77,4,8.0,840.4
7,77,5,1.0,916.0
7,77,6,6.0,716.0
7,77,23,53.0,932.8
8,1,1,24.0,1377.3
8,1,2,50.0,1268.5
8,1,3,43.0,1226.3
8,1,4,23.0,1197.9
8,2,1,8.0,1212.1
8,2,2,17.0,1303.7
8,2,3,16.0,1518.6
8,2,4,8.0,1406.5
8,3,0,294.0,859.6
8,3,1,162.0,886.3
8,3,2,106.0,808.3
8,3,3,68.0,841.6
8,3,4,33.0,773.8
8,3,5,31.0,771.4
8,3,6,31.0,854.1
8,3,7,81.0,892.2
8,3,8,106.0,881.2
8,3,9,104.0,894.8
8,3,10,101.0,839.4
8,3,11,108.0,864.3
8,3,12,138.0,929.5
8,3,13,156.0,944.3
8,3,14,187.0,908.9
8,3,15,288.0,1000.5
8,3,16,385.0,1139.6
8,3,17,505.0,1311.7
8,3,18,625.0,1225.8
8,3,19,704.0,1001.3
8,3,20,696.0,947.7
8,3,21,748.0,914.7
8,3,22,615.0,894.8
8,3,23,517.0,883.4
8,4,0,81.0,1134.9
8,4,1,55.0,1203.3
8,4,2,31.0,1114.7
8,4,3,27.0,1100.2
8,4,4,9.0,1089.7
8,4,5,6.0,1037.5
8,4,6,18.0,1185.6
8,4,7,48.0,1334.2
8,4,8,40.0,1302.0
8,4,9,55.0,1330.1
8,4,10,32.0,1403.2
8,4,11,54.0,1304.1
8,4,12,52.0,1443.8
8,4,13,69.0,1385.9
8,4,14,72.0,1460.4
8,4,15,106.0,1543.9
8,4,16,143.0,1752.9
8,4,17,166.0,1905.8
8,4,18,212.0,1675.4
8,4,19,258.0,1397.2
8,4,20,243.0,1303.0
8,4,21,264.0,1291.7
8,4,22,221.0,1276.3
8,4,23,177.0,1200.4
8,5,0,105.0,931.2
8,5,1,44.0,866.5
8,5,2,43.0,769.8
8,5,3,23.0,714.7
8,5,4,13.0,783.6
8,5,5,14.0,819.9
8,5,6,43.0,1068.2
8,5,7,54.0,1214.3
8,5,8,92.0,1082.8
8,5,9,102.0,1114.7
8,5,10,55.0,1165.6
8,5,11,62.0,1198.5
8,5,12,82.0,1200.5
8,5,13,115.0,1213.1
8,5,14,115.0,1204.7
8,5,15,162.0,1377.7
8,5,16,257.0,1568.8
8,5,17,315.0,1713.6
8,5,18,355.0,1537.1
8,5,19,417.0,1248.0
8,5,20,379.0,1114.9
8,5,21,337.0,1110.1
8,5,22,333.0,1040.7
8,5,23,232.0,987.3
8,6,0,814.0,802.7
8,6,1,461.0,774.0
8,6,2,268.0,746.1
8,6,3,200.0,719.1
8,6,4,84.0,682.3
8,6,5,68.0,668.1
8,6,6,162.0,710.7
8,6,7,281.0,813.5
8,6,8,423.0,826.8
8,6,9,440.0,822.1
8,6,10,510.0,854.9
8,6,11,563.0,857.0
8,6,12,628.0,857.9
8,6,13,682.0,867.3
8,6,14,776.0,860.9
8,6,15,977.0,942.3
8,6,16,1383.0,1037.8
8,6,17,1990.0,1250.2
8,6,18,2421.0,1151.8
8,6,19,2916.0,972.1
8,6,20,2697.0,882.6
8,6,21,2846.0,851.2
8,6,22,2379.0,817.8
8,6,23,1882.0,805.8
8,7,0,559.0,607.9
8,7,1,275.0,579.4
8,7,2,169.0,581.5
8,7,3,104.0,582.7
8,7,4,55.0,525.7
8,7,5,131.0,445.0
8,7,6,254.0,505.4
8,7,7,53.0,555.4
8,7,8,52.0,609.7
8,7,9,186.0,630.2
8,7,10,455.0,651.2
8,7,11,706.0,686.1
8,7,12,567.0,686.3
8,7,13,706.0,684.7
8,7,14,370.0,711.9
8,7,15,124.0,676.0
8,7,17,272.0,796.6
8,7,18,299.0,761.3
8,7,19,1199.0,732.9
8,7,20,1422.0,682.3
8,7,21,1339.0,648.4
8,7,22,1155.0,621.0
8,7,23,884.0,610.7
8,8,0,1222.0,348.1
8,8,1,1110.0,358.7
8,8,2,625.0,336.9
8,8,3,456.0,367.7
8,8,4,285.0,333.7
8,8,5,634.0,335.8
8,9,0,2.0,1086.5
8,9,1,4.0,1396.8
8,9,2,2.0,1251.0
8,9,3,1.0,1358.0
8,9,4,1.0,1201.0
8,9,5,1.0,1107.0
8,9,6,2.0,1965.0
8,9,8,2.0,3684.5
8,9,9,3.0,2030.3
8,9,12,1.0,3637.0
8,9,13,1.0,1679.0
8,9,15,4.0,2936.0
8,9,16,2.0,2937.0
8,9,18,5.0,2038.4
8,9,19,13.0,1928.8
8,9,20,16.0,1467.3
8,9,21,14.0,1818.1
8,9,22,12.0,1567.9
8,9,23,8.0,1779.6
8,10,0,15.0,1171.6
8,10,1,19.0,1121.5
8,10,2,8.0,1141.9
8,10,3,3.0,1393.0
8,10,4,13.0,1647.5
8,10,5,8.0,2332.4
8,10,6,5.0,2417.0
8,10,23,9.0,1133.4
8,11,0,15.0,1278.0
8,11,1,11.0,1084.5
8,11,2,9.0,1024.4
8,11,3,5.0,1144.0
8,11,4,10.0,1657.2
8,11,5,6.0,2525.2
8,11,6,7.0,3217.3
8,11,7,2.0,2855.5
8,11,8,1.0,1895.0
8,11,9,2.0,1416.5
8,11,10,5.0,1387.2
8,11,11,4.0,1608.5
8,11,12,14.0,1670.6
8,11,13,16.0,1778.8
8,11,14,14.0,2346.5
8,11,15,12.0,2707.4
8,11,16,15.0,2405.5
8,11,17,12.0,2351.1
8,11,18,24.0,1761.9
8,11,19,38.0,1340.2
8,11,20,30.0,1272.5
8,11,21,29.0,1389.8
8,11,22,23.0,1354.5
8,11,23,24.0,1343.0
8,12,0,12.0,1191.2
8,12,1,5.0,972.8
8,12,2,1.0,1063.0
8,12,5,1.0,1120.0
8,12,6,1.0,876.0
8,12,23,1.0,1072.0
8,13,0,6.0,1232.7
8,13,1,8.0,1201.2
8,13,2,6.0,1370.8
8,13,3,2.0,1143.0
8,13,6,2.0,1266.0
8,13,7,8.0,1769.4
8,13,8,6.0,1547.5
8,13,9,12.0,1464.1
8,13,10,5.0,1502.0
8,13,11,3.0,1863.0
8,13,12,8.0,1795.1
8,13,13,8.0,1906.1
8,13,14,12.0,1901.5
8,13,15,12.0,2067.2
8,13,16,20.0,2432.1
8,13,17,19.0,2258.6
8,13,18,19.0,2006.5
8,13,19,20.0,1721.8
8,13,20,16.0,1755.5
8,13,21,21.0,1676.8
8,13,22,18.0,1542.2
8,13,23,15.0,1453.9
8,14,0,19.0,1060.7
8,14,1,49.0,1090.0
8,14,2,28.0,1034.4
8,14,3,16.0,1034.0
8,14,4,21.0,971.7
8,14,5,3.0,885.3
8,15,0,42.0,1235.0
8,15,1,27.0,1169.0
8,15,2,18.0,1171.3
8,15,3,15.0,1185.9
8,15,4,17.0,1073.1
8,15,5,6.0,1812.2
8,15,6,12.0,1799.4
8,15,10,12.0,1605.2
8,15,11,8.0,1467.2
8,15,12,10.0,1697.7
8,15,13,15.0,1529.7
8,15,14,9.0,1872.0
8,15,15,3.0,2435.3
8,15,19,20.0,1280.5
8,15,20,46.0,1246.0
8,15,21,46.0,1355.0
8,15,22,43.0,1351.8
8,15,23,49.0,1371.4
8,16,0,79.0,935.4
8,16,1,44.0,955.7
8,16,2,41.0,822.3
8,16,3,30.0,798.1
8,16,4,17.0,949.6
8,16,5,7.0,1250.0
8,16,6,3.0,905.0
8,16,23,21.0,910.5
8,17,0,12.0,1691.2
8,17,1,8.0,1711.8
8,17,2,10.0,1421.9
8,17,3,9.0,1519.4
8,17,6,1.0,1898.0
8,17,7,1.0,2160.0
8,17,8,3.0,1862.0
8,17,9,3.0,1811.7
8,17,10,4.0,1743.8
8,17,11,6.0,2043.3
8,17,12,7.0,2035.6
8,17,13,3.0,2500.0
8,17,14,9.0,2735.0
8,17,15,13.0,3728.5
8,17,16,13.0,3216.8
8,17,17,10.0,2801.4
8,17,18,21.0,2651.8
8,17,19,17.0,1963.3
8,17,20,13.0,1840.1
8,17,21,15.0,1810.9
8,17,22,15.0,1652.7
8,17,23,11.0,1533.2
8,18,0,5.0,1459.4
8,18,1,1.0,1567.0
8,18,2,2.0,2043.5
8,18,4,1.0,2531.0
8,19,0,33.0,1545.3
8,19,1,20.0,1486.0
8,19,2,28.0,1289.2
8,19,3,26.0,1190.8
8,19,4,8.0,1286.2
8,19,5,1.0,1351.0
8,20,0,22.0,1195.9
8,20,1,18.0,1184.6
8,20,2,12.0,1136.8
8,20,3,7.0,1251.3
8,20,4,7.0,1022.4
8,20,5,2.0,841.0
8,20,6,6.0,1428.8
8,20,7,3.0,1822.3
8,20,8,3.0,1278.7
8,20,9,5.0,1531.2
8,20,10,9.0,1514.6
8,20,11,7.0,2176.7
8,20,12,9.0,1636.6
8,20,13,9.0,1541.9
8,20,14,20.0,1953.2
8,20,15,26.0,2107.0
8,20,16,31.0,2649.3
8,20,17,33.0,2206.4
8,20,18,16.0,1955.4
8,20,19,18.0,1789.4
8,20,20,22.0,1611.1
8,20,21,25.0,1678.4
8,20,22,29.0,1375.1
8,20,23,35.0,1481.1
8,21,0,93.0,792.2
8,21,1,61.0,808.6
8,21,2,41.0,749.4
8,21,3,36.0,737.9
8,21,4,20.0,690.8
8,21,5,8.0,1051.4
8,21,6,20.0,911.0
8,21,7,50.0,1009.0
8,21,8,55.0,967.8
8,21,9,30.0,997.2
8,21,10,40.0,1075.5
8,21,11,51.0,1188.2
8,21,12,55.0,1388.4
8,21,13,63.0,1238.5
8,21,14,81.0,1304.6
8,21,15,111.0,1542.8
8,21,16,143.0,1767.9
8,21,17,222.0,1803.1
8,21,18,243.0,1451.3
8,21,19,268.0,1059.6
8,21,20,253.0,1063.8
8,21,21,244.0,1081.7
8,21,22,237.0,986.9
8,21,23,241.0,964.3
8,22,0,294.0,805.8
8,22,1,162.0,787.0
8,22,2,91.0,783.4
8,22,3,92.0,719.9
8,22,4,44.0,782.3
8,22,5,26.0,675.8
8,22,6,87.0,787.0
8,22,7,201.0,766.2
8,22,8,169.0,818.2
8,22,9,157.0,978.3
8,22,10,181.0,1012.1
8,22,11,215.0,1140.5
8,22,12,272.0,1259.4
8,22,13,305.0,1130.2
8,22,14,354.0,1147.9
8,22,15,440.0,1339.6
8,22,16,699.0,1537.0
8,22,17,939.0,1661.7
8,22,18,1170.0,1338.6
8,22,19,1299.0,1114.8
8,22,20,1125.0,1015.9
8,22,21,1045.0,1027.8
8,22,22,922.0,1024.3
8,22,23,691.0,921.0
8,23,0,84.0,1104.2
8,23,1,53.0,1072.2
8,23,2,26.0,937.2
8,23,3,29.0,988.2
8,23,4,21.0,902.6
8,23,5,11.0,999.7
8,23,6,12.0,1269.2
8,23,7,22.0,1145.4
8,23,8,23.0,1312.0
8,23,9,32.0,1467.5
8,23,10,34.0,1316.2
8,23,11,34.0,1364.1
8,23,12,40.0,1496.0
8,23,13,52.0,1407.4
8,23,14,55.0,1459.9
8,23,15,73.0,1750.5
8,23,16,83.0,1821.0
8,23,17,91.0,1938.4
8,23,18,88.0,1536.1
8,23,19,109.0,1436.0
8,23,20,90.0,1323.1
8,23,21,112.0,1270.9
8,23,22,125.0,1206.2
8,23,23,122.0,1166.2
8,24,0,381.0,601.4
8,24,1,389.0,581.1
8,24,2,249.0,575.4
8,24,3,167.0,539.7
8,24,4,132.0,549.2
8,24,5,106.0,492.8
8,25,1,28.0,1327.4
8,25,2,26.0,1182.2
8,25,3,11.0,1201.6
8,25,4,5.0,1360.2
8,26,0,7.0,1031.9
8,26,1,3.0,682.7
8,26,2,4.0,875.5
8,26,3,1.0,763.0
8,26,4,2.0,1030.5
8,26,5,1.0,811.0
8,27,0,30.0,842.6
8,27,1,17.0,907.1
8,27,2,10.0,791.6
8,27,3,5.0,1032.2
8,27,4,5.0,942.0
8,27,5,2.0,868.5
8,27,6,9.0,913.3
8,27,7,9.0,1302.6
8,27,8,30.0,1148.6
8,27,9,29.0,1117.3
8,27,10,27.0,1107.0
8,27,11,25.0,1230.2
8,27,12,20.0,1319.2
8,27,13,25.0,1237.6
8,27,14,28.0,1272.6
8,27,15,16.0,1369.3
8,27,16,28.0,1617.3
8,27,17,37.0,1615.7
8,27,18,30.0,1299.7
8,27,19,26.0,1082.0
8,27,20,27.0,1194.2
8,27,21,40.0,1087.6
8,27,22,46.0,1025.2
8,27,23,27.0,1003.1
8,28,0,570.0,605.8
8,28,1,259.0,588.5
8,28,2,156.0,632.5
8,28,3,114.0,597.8
8,28,4,94.0,600.1
8,28,5,436.0,589.3
8,28,6,1626.0,632.3
8,28,7,3849.0,751.3
8,28,8,5805.0,889.9
8,28,9,3642.0,827.4
8,28,10,2106.0,770.9
8,28,11,2011.0,828.3
8,28,12,2232.0,861.6
8,28,13,2174.0,845.8
8,28,14,2131.0,857.5
8,28,15,2438.0,859.9
8,28,16,3257.0,975.4
8,28,17,4426.0,1131.1
8,28,18,5489.0,943.5
8,28,19,4964.0,783.4
8,28,20,3533.0,711.1
8,28,21,3023.0,680.6
8,28,22,1993.0,670.4
8,28,23,1304.0,650.6
8,29,0,19.0,1100.9
8,29,1,14.0,1082.2
8,29,2,7.0,1175.7
8,29,3,6.0,812.8
8,29,4,6.0,903.8
8,29,5,14.0,904.0
8,30,0,43.0,1160.8
8,30,1,21.0,1083.6
8,30,2,20.0,1040.5
8,30,3,14.0,1075.5
8,30,4,7.0,1256.1
8,30,5,13.0,1122.3
8,30,6,10.0,1708.1
8,30,7,32.0,1252.6
8,30,8,9.0,1442.1
8,30,9,15.0,1782.3
8,30,10,11.0,1231.7
8,30,11,25.0,1454.7
8,30,12,18.0,1659.7
8,30,13,25.0,1560.4
8,30,14,25.0,2011.2
8,30,15,31.0,2152.1
8,30,16,52.0,2389.8
8,30,17,41.0,2192.1
8,30,18,39.0,1810.3
8,30,19,48.0,1552.1
8,30,20,52.0,1551.8
8,30,21,57.0,1333.9
8,30,22,55.0,1361.0
8,30,23,63.0,1284.8
8,31,0,138.0,846.3
8,31,1,82.0,837.2
8,31,2,64.0,814.3
8,31,3,42.0,764.9
8,31,4,21.0,749.0
8,31,5,13.0,715.5
8,31,6,18.0,902.6
8,31,7,66.0,1131.0
8,31,8,75.0,1390.8
8,31,9,64.0,1125.5
8,31,10,66.0,1136.6
8,31,11,63.0,1253.4
8,31,12,86.0,1260.0
8,31,13,68.0,1260.0
8,31,14,108.0,1363.9
8,31,15,130.0,1385.4
8,31,16,186.0,1590.9
8,31,17,271.0,1621.8
8,31,18,311.0,1333.2
8,31,19,304.0,1126.3
8,31,20,299.0,1067.5
8,31,21,243.0,1022.8
8,31,22,228.0,1002.2
8,31,23,231.0,933.9
8,32,0,847.0,479.2
8,32,1,475.0,477.2
8,32,2,229.0,489.1
8,32,3,146.0,510.2
8,32,4,129.0,447.9
8,32,5,460.0,469.4
8,32,6,1749.0,481.6
8,32,7,6268.0,580.7
8,32,8,12000.0,735.8
8,32,9,9088.0,711.5
8,32,10,4449.0,675.0
8,32,11,3913.0,713.2
8,32,12,3828.0,708.8
8,32,13,3665.0,678.0
8,32,14,3231.0,690.7
8,32,15,3045.0,697.4
8,32,16,3051.0,787.6
8,32,17,3646.0,871.1
8,32,18,3600.0,695.2
8,32,19,3348.0,609.8
8,32,20,3279.0,578.2
8,32,21,3462.0,561.0
8,32,22,2729.0,538.5
8,32,23,1780.0,520.2
8,33,1,47.0,778.0
8,33,2,56.0,713.7
8,33,3,49.0,738.5
8,33,4,26.0,795.9
8,34,0,26.0,731.1
8,34,1,9.0,822.1
8,34,2,10.0,750.8
8,34,3,6.0,711.5
8,34,4,6.0,964.5
8,34,5,1.0,633.0
8,34,6,1.0,904.0
8,34,7,11.0,1090.4
8,34,8,8.0,1071.6
8,34,9,24.0,1187.5
8,34,10,41.0,1105.3
8,34,11,54.0,1027.6
8,34,12,58.0,1089.2
8,34,13,65.0,1110.1
8,34,14,54.0,1203.0
8,34,15,65.0,1170.5
8,34,16,82.0,1306.2
8,34,17,124.0,1329.1
8,34,18,174.0,1122.6
8,34,19,159.0,998.5
8,34,20,122.0,941.8
8,34,21,98.0,919.1
8,34,22,53.0,925.5
8,34,23,53.0,923.2
8,35,0,58.0,876.2
8,35,1,36.0,794.6
8,35,2,24.0,787.3
8,35,3,10.0,909.5
8,35,4,7.0,750.3
8,35,5,4.0,806.5
8,35,6,15.0,896.1
8,35,7,30.0,1030.6
8,35,8,67.0,1034.2
8,35,9,55.0,1110.3
8,35,10,42.0,1106.5
8,35,11,43.0,953.0
8,35,12,50.0,1055.8
8,35,13,53.0,1026.8
8,35,14,56.0,1214.6
8,35,15,94.0,1294.9
8,35,16,101.0,1412.0
8,35,17,118.0,1451.7
8,35,18,85.0,1103.1
8,35,19,97.0,1042.4
8,35,20,122.0,976.3
8,35,21,142.0,952.9
8,35,22,132.0,980.3
8,35,23,110.0,909.4
8,36,0,5.0,787.2
8,36,1,3.0,886.7
8,36,3,1.0,932.0
8,36,4,1.0,762.0
8,36,6,3.0,1066.7
8,36,7,4.0,1144.5
8,36,8,9.0,1034.1
8,36,9,6.0,1302.2
8,36,10,4.0,918.8
8,36,11,18.0,960.7
8,36,12,13.0,971.5
8,36,13,6.0,1009.8
8,36,14,9.0,1437.6
8,36,15,19.0,1271.7
8,36,16,12.0,1496.3
8,36,17,24.0,1584.8
8,36,18,11.0,1062.8
8,36,19,17.0,1021.9
8,36,20,19.0,1083.4
8,36,21,19.0,987.4
8,36,22,16.0,985.0
8,36,23,15.0,966.3
8,37,0,2.0,1055.0
8,37,1,1.0,827.0
8,37,3,1.0,855.0
8,38,0,27.0,976.0
8,38,1,18.0,1198.1
8,38,2,9.0,1133.4
8,38,3,10.0,1101.3
8,38,4,5.0,842.2
8,38,5,3.0,813.3
8,38,6,11.0,1121.7
8,38,7,16.0,1428.9
8,38,8,13.0,1452.7
8,38,9,10.0,1518.4
8,38,10,18.0,1269.3
8,38,11,21.0,1150.4
8,38,12,16.0,1227.1
8,38,13,25.0,1186.2
8,38,14,31.0,1368.6
8,38,15,43.0,1544.3
8,38,16,52.0,1649.5
8,38,17,51.0,1838.1
8,38,18,73.0,1474.5
8,38,19,96.0,1305.9
8,38,20,95.0,1184.9
8,38,21,84.0,1183.1
8,38,22,57.0,1056.7
8,38,23,59.0,1076.3
8,39,1,25.0,1017.0
8,39,2,15.0,991.1
8,39,3,15.0,989.0
8,39,4,9.0,1037.0
8,39,5,2.0,1341.0
8,40,0,2.0,1100.0
8,40,1,8.0,1199.8
8,40,2,3.0,1384.3
8,40,3,7.0,1118.3
8,40,4,1.0,1147.0
8,40,5,1.0,1440.0
8,40,6,3.0,1336.0
8,40,7,3.0,1804.0
8,40,8,3.0,1239.7
8,40,9,8.0,1497.8
8,40,10,7.0,1287.0
8,40,11,7.0,1593.0
8,40,12,14.0,1433.9
8,40,13,13.0,1382.5
8,40,14,6.0,1577.2
8,40,15,20.0,2104.3
8,40,16,19.0,1952.2
8,40,17,17.0,2044.5
8,40,18,36.0,1562.7
8,40,19,19.0,1432.6
8,40,20,18.0,1475.5
8,40,21,24.0,1347.5
8,40,22,32.0,1291.6
8,40,23,14.0,1360.1
8,41,1,8.0,1070.9
8,41,2,19.0,1035.4
8,41,3,7.0,1086.6
8,41,4,3.0,1106.0
8,42,0,12.0,1470.0
8,42,1,12.0,1232.0
8,42,2,4.0,1097.2
8,42,3,2.0,981.5
8,42,4,3.0,1197.3
8,42,6,6.0,1413.8
8,42,7,14.0,1389.0
8,42,8,29.0,1472.5
8,42,9,24.0,1484.5
8,42,10,26.0,1528.3
8,42,11,18.0,1368.6
8,42,12,24.0,1569.5
8,42,13,23.0,1289.5
8,42,14,34.0,1757.8
8,42,15,38.0,1748.0
8,42,16,31.0,1976.7
8,42,17,42.0,2038.6
8,42,18,41.0,1657.4
8,42,19,34.0,1506.7
8,42,20,57.0,1402.5
8,42,21,66.0,1439.3
8,42,22,66.0,1390.3
8,42,23,55.0,1432.7
8,43,0,42.0,1442.3
8,43,1,22.0,1447.9
8,43,2,13.0,1530.5
8,43,3,10.0,1311.8
8,43,4,4.0,1850.0
8,43,5,6.0,1456.7
8,43,6,8.0,1649.9
8,43,7,5.0,1251.2
8,43,8,10.0,1779.0
8,43,9,7.0,1559.3
8,43,10,12.0,1556.6
8,43,11,16.0,1538.0
8,43,12,22.0,1446.4
8,43,13,17.0,1904.2
8,43,14,16.0,1734.5
8,43,15,33.0,2019.1
8,43,16,34.0,2176.6
8,43,17,46.0,2106.2
8,43,18,44.0,1835.5
8,43,19,49.0,1730.1
8,43,20,46.0,1520.5
8,43,21,55.0,1494.2
8,43,22,79.0,1565.4
8,43,23,88.0,1386.5
8,44,0,11.0,1542.1
8,44,1,4.0,1495.2
8,44,2,1.0,1205.0
8,44,3,1.0,1049.0
8,44,7,6.0,1713.0
8,44,8,2.0,1329.5
8,44,9,5.0,2129.4
8,44,10,5.0,1999.4
8,44,11,9.0,1896.3
8,44,12,9.0,1647.0
8,44,13,8.0,2167.0
8,44,14,7.0,2176.9
8,44,15,8.0,2910.0
8,44,16,10.0,2746.4
8,44,17,17.0,2942.2
8,44,18,15.0,2352.1
8,44,19,15.0,1712.3
8,44,20,20.0,1604.7
8,44,21,27.0,1619.4
8,44,22,23.0,1588.6
8,44,23,19.0,1436.5
8,45,1,2.0,1709.0
8,45,3,1.0,1948.0
8,45,4,1.0,1925.0
8,46,0,6.0,1622.7
8,46,1,4.0,1924.2
8,46,2,1.0,2006.0
8,46,3,11.0,1424.7
8,46,4,7.0,1577.1
8,46,5,1.0,1424.0
8,46,6,5.0,2558.6
8,46,7,5.0,1833.2
8,46,8,1.0,3155.0
8,46,9,5.0,2037.8
8,46,10,4.0,1546.2
8,46,11,7.0,1854.1
8,46,12,9.0,1902.7
8,46,13,2.0,1773.0
8,46,14,4.0,2019.0
8,46,15,3.0,2434.7
8,46,16,10.0,3018.1
8,46,17,10.0,2512.7
8,46,18,7.0,2219.6
8,46,19,11.0,2030.0
8,46,20,13.0,2027.9
8,46,21,20.0,1871.5
8,46,22,25.0,1953.0
8,46,23,20.0,1744.0
8,47,0,1.0,2061.0
8,47,3,1.0,1323.0
8,47,7,4.0,1672.8
8,47,8,2.0,1707.5
8,47,10,3.0,1698.3
8,47,11,1.0,2130.0
8,47,16,1.0,3195.0
8,47,17,1.0,2860.0
8,47,21,1.0,2119.0
8,48,0,4.0,1692.0
8,48,1,3.0,1700.3
8,48,2,2.0,1804.5
8,48,5,1.0,1192.0
8,48,6,2.0,1625.0
8,48,8,1.0,2169.0
8,48,9,1.0,2806.0
8,48,11,4.0,1756.0
8,48,12,3.0,1879.0
8,48,13,3.0,1956.3
8,48,14,7.0,2616.4
8,48,15,5.0,2699.6
8,48,16,4.0,2861.2
8,48,17,3.0,3298.3
8,48,18,2.0,2772.5
8,48,19,7.0,2077.6
8,48,20,5.0,1943.6
8,48,21,4.0,1606.2
8,48,22,9.0,1918.9
8,48,23,8.0,1711.9
8,49,0,7.0,1616.7
8,49,1,4.0,1334.2
8,49,2,4.0,1361.8
8,49,3,1.0,1498.0
8,49,4,1.0,1263.0
8,49,5,1.0,1497.0
8,49,6,1.0,1640.0
8,49,7,2.0,1781.0
8,49,8,4.0,1755.8
8,49,9,1.0,1490.0
8,49,10,4.0,1721.2
8,49,11,3.0,1707.7
8,49,12,3.0,1717.7
8,49,13,10.0,2129.5
8,49,14,5.0,2935.6
8,49,15,8.0,2839.4
8,49,16,6.0,3421.3
8,49,17,10.0,3172.5
8,49,18,10.0,2956.4
8,49,19,8.0,1720.0
8,49,20,13.0,1790.5
8,49,21,11.0,1783.9
8,49,22,14.0,1560.1
8,49,23,14.0,1651.7
8,50,0,1.0,2077.0
8,50,1,1.0,1872.0
8,50,3,1.0,1641.0
8,50,8,4.0,2307.5
8,50,10,2.0,1756.5
8,50,11,2.0,1372.5
8,50,13,4.0,1994.0
8,50,14,4.0,3453.8
8,50,15,1.0,2084.0
8,50,16,4.0,2626.2
8,50,17,1.0,3604.0
8,50,18,3.0,2515.0
8,50,19,3.0,2462.7
8,50,20,3.0,1788.0
8,50,21,3.0,1821.3
8,50,22,7.0,1632.7
8,50,23,4.0,1956.8
8,52,1,1.0,1657.0
8,52,2,4.0,2039.0
8,52,3,1.0,1890.0
8,52,7,2.0,1971.0
8,52,8,1.0,2544.0
8,52,9,2.0,2061.0
8,52,10,1.0,2199.0
8,52,11,2.0,2456.5
8,52,13,3.0,1991.0
8,52,15,2.0,2200.0
8,52,17,3.0,3029.0
8,52,18,1.0,2590.0
8,52,19,5.0,2778.8
8,52,20,3.0,2980.0
8,52,21,1.0,1753.0
8,52,22,3.0,2274.3
8,52,23,4.0,1840.0
8,53,0,3.0,2082.3
8,53,1,3.0,1874.7
8,53,2,1.0,1587.0
8,53,5,1.0,1564.0
8,54,2,1.0,1451.0
8,54,3,1.0,1490.0
8,55,0,1.0,2926.0
8,55,1,1.0,2632.0
8,55,2,1.0,1479.0
8,55,4,1.0,1737.0
8,55,21,2.0,1891.5
8,55,23,2.0,1619.0
8,56,0,8.0,1516.5
8,56,1,8.0,1331.0
8,56,2,12.0,1400.6
8,56,3,86.0,1458.3
8,56,4,483.0,1454.9
8,56,5,491.0,1421.6
8,56,6,542.0,1774.6
8,56,7,477.0,1893.5
8,56,8,330.0,1824.1
8,56,9,389.0,1877.7
8,56,10,567.0,1992.3
8,56,11,568.0,2005.0
8,56,12,530.0,2106.6
8,56,13,571.0,2335.1
8,56,14,482.0,2953.7
8,56,15,541.0,3265.9
8,56,16,458.0,3353.6
8,56,17,312.0,3322.3
8,56,18,229.0,2707.7
8,56,19,195.0,2074.2
8,56,20,154.0,1792.1
8,56,21,52.0,1827.2
8,56,22,27.0,1710.5
8,56,23,16.0,1620.9
8,57,0,7.0,1344.9
8,57,1,6.0,1226.8
8,57,2,5.0,1187.0
8,57,3,11.0,1138.9
8,57,4,2.0,1032.0
8,57,5,1.0,1822.0
8,57,6,1.0,1448.0
8,57,7,3.0,1676.7
8,57,8,12.0,1463.1
8,57,9,8.0,1357.5
8,57,10,3.0,1573.3
8,57,11,3.0,1440.3
8,57,12,8.0,1696.1
8,57,13,6.0,1983.7
8,57,14,12.0,3133.2
8,57,15,5.0,2759.8
8,57,16,7.0,3005.3
8,57,17,7.0,2810.6
8,57,18,3.0,2761.0
8,57,19,6.0,1916.2
8,57,20,11.0,1501.9
8,57,21,21.0,1547.5
8,57,22,11.0,1535.2
8,57,23,20.0,1449.8
8,58,0,5.0,1002.6
8,58,1,12.0,1208.0
8,58,2,12.0,1079.9
8,58,3,8.0,1063.0
8,58,4,5.0,901.8
8,58,5,1.0,1317.0
8,59,0,13.0,935.8
8,59,1,8.0,976.0
8,59,2,6.0,987.7
8,59,3,12.0,816.2
8,59,4,6.0,1229.0
8,59,5,3.0,1142.3
8,59,6,8.0,1197.1
8,59,7,17.0,1182.0
8,59,8,17.0,1306.9
8,59,9,8.0,1449.5
8,59,10,11.0,1311.3
8,59,11,6.0,1097.8
8,59,12,8.0,1235.6
8,59,13,9.0,1398.7
8,59,14,17.0,1711.8
8,59,15,21.0,1622.1
8,59,16,32.0,1998.7
8,59,17,19.0,1998.4
8,59,18,28.0,1652.8
8,59,19,25.0,1465.2
8,59,20,34.0,1172.1
8,59,21,38.0,1136.8
8,59,22,38.0,1062.6
8,59,23,24.0,1029.0
8,60,0,42.0,871.7
8,60,1,35.0,852.6
8,60,2,15.0,888.5
8,60,3,10.0,818.1
8,60,4,11.0,873.7
8,60,5,3.0,806.3
8,60,6,9.0,1136.6
8,60,7,19.0,1233.4
8,60,8,25.0,1304.8
8,60,9,22.0,1315.6
8,60,10,22.0,1107.9
8,60,11,40.0,1275.1
8,60,12,47.0,1252.9
8,60,13,33.0,1292.1
8,60,14,50.0,1333.3
8,60,15,71.0,1425.3
8,60,16,113.0,1536.8
8,60,17,130.0,1629.1
8,60,18,106.0,1303.4
8,60,19,99.0,1143.8
8,60,20,135.0,1108.9
8,60,21,128.0,1054.8
8,60,22,102.0,1044.3
8,60,23,115.0,957.1
8,61,0,15.0,1212.2
8,61,1,4.0,1253.2
8,61,2,6.0,986.2
8,61,3,6.0,1170.8
8,61,4,1.0,1040.0
8,61,5,3.0,838.0
8,61,6,2.0,1273.5
8,61,7,9.0,1585.1
8,61,8,12.0,1428.6
8,61,9,11.0,1425.5
8,61,10,11.0,1396.1
8,61,11,13.0,1515.4
8,61,12,15.0,1432.3
8,61,13,14.0,1563.1
8,61,14,13.0,1759.4
8,61,15,17.0,1909.3
8,61,16,32.0,1853.4
8,61,17,29.0,2091.2
8,61,18,19.0,1603.1
8,61,19,24.0,1326.7
8,61,20,17.0,1372.5
8,61,21,35.0,1303.3
8,61,22,37.0,1316.1
8,61,23,18.0,1204.3
8,62,0,7.0,1586.1
8,62,1,12.0,1390.2
8,62,2,4.0,1301.0
8,62,3,6.0,1342.3
8,62,4,5.0,1296.2
8,62,7,2.0,2576.0
8,62,8,2.0,1936.0
8,62,9,1.0,2017.0
8,62,11,1.0,1545.0
8,62,12,1.0,2397.0
8,62,13,3.0,1899.0
8,62,14,6.0,2885.3
8,62,15,4.0,2932.5
8,62,16,1.0,3184.0
8,62,17,3.0,2487.0
8,62,18,3.0,2245.0
8,62,19,7.0,2183.4
8,62,20,12.0,1666.3
8,62,21,8.0,1910.4
8,62,22,6.0,1735.8
8,62,23,12.0,1810.0
8,63,1,12.0,1365.2
8,63,2,4.0,1249.8
8,63,3,5.0,1115.4
8,63,4,3.0,1399.0
8,64,0,8.0,1572.2
8,64,1,5.0,1531.4
8,64,2,1.0,2531.0
8,64,3,3.0,1417.0
8,64,4,2.0,1282.0
8,64,5,1.0,1332.0
8,64,6,3.0,2248.7
8,64,7,3.0,1849.7
8,64,8,2.0,1997.0
8,64,9,1.0,1868.0
8,64,10,6.0,2187.7
8,64,11,1.0,1930.0
8,64,12,2.0,1652.5
8,64,13,4.0,2565.2
8,64,14,6.0,3042.3
8,64,15,3.0,3534.7
8,64,16,3.0,3688.7
8,64,17,6.0,3530.5
8,64,18,4.0,2745.8
8,64,19,10.0,2250.3
8,64,20,11.0,1970.2
8,64,21,17.0,1929.2
8,64,22,11.0,1866.5
8,64,23,10.0,1740.9
8,65,0,8.0,1860.8
8,65,1,5.0,1411.8
8,65,2,3.0,1823.3
8,65,3,1.0,2222.0
8,65,4,2.0,1601.0
8,65,5,2.0,1747.0
8,65,6,2.0,1770.5
8,65,8,7.0,2178.7
8,65,9,2.0,2281.0
8,65,10,3.0,2314.7
8,65,11,1.0,1729.0
8,65,12,5.0,2590.6
8,65,13,4.0,2284.5
8,65,14,5.0,3182.4
8,65,16,17.0,3735.0
8,65,17,11.0,3422.5
8,65,18,6.0,2857.0
8,65,19,6.0,2379.3
8,65,20,19.0,1912.5
8,65,21,15.0,2115.5
8,65,22,14.0,1887.4
8,65,23,13.0,1907.2
8,66,0,13.0,1878.4
8,66,1,10.0,1485.6
8,66,2,5.0,1271.2
8,66,3,1.0,1671.0
8,66,4,1.0,2613.0
8,66,5,1.0,1521.0
8,66,6,6.0,1812.5
8,66,7,5.0,1907.2
8,66,8,2.0,1645.5
8,66,9,3.0,2156.7
8,66,10,2.0,2362.5
8,66,11,3.0,2486.7
8,66,12,7.0,2213.3
8,66,13,11.0,2449.8
8,66,14,12.0,2674.2
8,66,15,10.0,3095.0
8,66,16,13.0,3242.9
8,66,17,13.0,2990.5
8,66,18,16.0,2691.1
8,66,19,20.0,2278.4
8,66,20,21.0,1999.6
8,66,21,23.0,1890.7
8,66,22,13.0,1714.6
8,66,23,22.0,1863.5
8,67,0,16.0,1406.2
8,67,1,6.0,1285.0
8,67,2,13.0,1333.6
8,67,3,4.0,1123.5
8,67,4,1.0,989.0
8,67,5,1.0,1274.0
8,67,6,1.0,1891.0
8,67,7,2.0,1403.5
8,67,8,5.0,2227.8
8,67,9,5.0,1772.2
8,67,10,5.0,1428.4
8,67,11,5.0,1497.6
8,67,12,8.0,1639.1
8,67,13,5.0,1877.6
8,67,14,14.0,1995.8
8,67,15,9.0,2971.0
8,67,16,6.0,2863.8
8,67,17,17.0,2385.4
8,67,18,12.0,2385.8
8,67,19,14.0,1767.2
8,67,20,13.0,1549.5
8,67,21,15.0,1841.3
8,67,22,16.0,1596.3
8,67,23,19.0,1507.4
8,68,1,4.0,935.8
8,68,2,1.0,1224.0
8,68,3,2.0,876.5
8,69,0,2.0,1455.5
8,69,1,10.0,1187.3
8,69,2,10.0,1267.1
8,69,3,4.0,1118.5
8,69,4,7.0,1084.9
8,69,5,1.0,1028.0
8,70,0,3.0,1856.7
8,70,1,1.0,1586.0
8,70,2,1.0,2160.0
8,70,4,2.0,1773.5
8,71,0,11.0,1701.1
8,71,1,4.0,1299.5
8,71,2,2.0,2030.0
8,71,3,3.0,1419.7
8,71,4,2.0,1359.0
8,71,6,1.0,1904.0
8,71,7,12.0,1784.5
8,71,8,3.0,2154.0
8,71,9,3.0,1752.0
8,71,10,7.0,2072.4
8,71,11,9.0,2083.1
8,71,12,5.0,1987.4
8,71,13,3.0,2231.0
8,71,14,8.0,3167.9
8,71,15,14.0,2681.3
8,71,16,9.0,3451.7
8,71,17,17.0,3050.3
8,71,18,12.0,2404.8
8,71,19,19.0,2028.4
8,71,20,19.0,1718.3
8,71,21,23.0,1876.5
8,71,22,25.0,1658.0
8,71,23,24.0,1474.3
8,72,0,1.0,1397.0
8,72,2,1.0,1634.0
8,72,3,1.0,1265.0
8,72,7,1.0,2083.0
8,72,9,9.0,2129.6
8,72,10,6.0,1928.8
8,72,11,5.0,2103.8
8,72,12,5.0,2089.2
8,72,13,4.0,2230.5
8,72,14,3.0,2834.3
8,72,16,1.0,3055.0
8,72,17,5.0,3709.6
8,72,18,11.0,2761.5
8,72,19,12.0,2110.7
8,72,20,18.0,1665.4
8,72,21,9.0,1711.7
8,72,22,12.0,1618.1
8,72,23,9.0,1582.8
8,73,1,2.0,1796.0
8,73,2,1.0,1151.0
8,73,3,2.0,1301.5
8,74,1,3.0,1864.3
8,74,2,1.0,3353.0
8,75,0,3.0,1538.0
8,75,1,1.0,1409.0
8,75,20,1.0,1567.0
8,75,21,1.0,1850.0
8,75,23,2.0,1849.5
8,76,0,20.0,1456.7
8,76,1,16.0,1515.5
8,76,2,61.0,1507.6
8,76,3,365.0,1428.2
8,76,4,1292.0,1415.3
8,76,5,2516.0,2010.7
8,77,0,205.0,931.4
8,77,1,90.0,1049.4
8,77,2,69.0,905.9
8,77,3,48.0,1003.5
8,77,4,28.0,912.3
8,77,5,8.0,814.6
8,77,6,11.0,881.1
8,77,7,39.0,1102.6
8,77,8,65.0,949.3
8,77,9,69.0,971.4
8,77,10,50.0,951.2
8,77,11,88.0,954.2
8,77,12,110.0,1026.2
8,77,13,116.0,1023.9
8,77,14,166.0,1067.2
8,77,15,142.0,1152.1
8,77,16,241.0,1303.3
8,77,17,312.0,1465.2
8,77,18,373.0,1366.7
8,77,19,333.0,1103.2
8,77,20,348.0,1030.9
8,77,21,372.0,1031.1
8,77,22,372.0,1001.7
8,77,23,385.0,979.0
9,1,10,2.0,1714.0
9,1,11,1.0,2351.0
9,1,12,1.0,1652.0
9,1,13,1.0,1543.0
9,1,15,1.0,1892.0
9,1,20,1.0,1543.0
9,1,21,1.0,2377.0
9,1,23,1.0,1216.0
9,2,1,1.0,772.0
9,2,7,1.0,2143.0
9,2,10,1.0,1150.0
9,2,11,1.0,1197.0
9,2,12,2.0,1507.0
9,2,13,1.0,1733.0
9,2,15,2.0,1820.0
9,2,16,2.0,1982.0
9,2,17,1.0,1919.0
9,2,19,1.0,1286.0
9,2,23,1.0,1157.0
9,4,0,1.0,1475.0
9,4,23,1.0,1529.0
9,5,0,1.0,1124.0
9,5,18,1.0,2149.0
9,5,19,3.0,1529.3
9,5,21,1.0,1359.0
9,5,22,1.0,1922.0
9,6,1,1.0,1177.0
9,6,4,2.0,1083.0
9,7,0,1.0,2201.0
9,7,5,1.0,939.0
9,7,10,2.0,1555.0
9,7,11,1.0,2004.0
9,7,12,1.0,2512.0
9,7,16,4.0,3822.0
9,7,18,1.0,2385.0
9,7,19,1.0,3132.0
9,7,20,1.0,2253.0
9,7,21,5.0,1370.6
9,7,22,5.0,1359.2
9,8,0,1.0,1309.0
9,8,4,2.0,1380.0
9,8,5,3.0,1682.0
9,9,1,3.0,269.0
9,9,2,1.0,225.0
9,10,0,3.0,332.3
9,10,1,10.0,362.7
9,10,2,8.0,454.2
9,10,3,1.0,517.0
9,10,4,1.0,370.0
9,10,5,8.0,341.6
9,11,0,2.0,716.0
9,11,1,1.0,758.0
9,11,2,2.0,582.0
9,11,3,1.0,759.0
9,11,4,3.0,585.7
9,11,23,3.0,553.0
9,12,1,4.0,497.8
9,12,2,2.0,596.5
9,12,8,3.0,754.3
9,12,9,1.0,312.0
9,12,11,1.0,643.0
9,12,12,3.0,495.3
9,12,15,1.0,743.0
9,12,16,1.0,943.0
9,12,20,2.0,644.0
9,12,21,4.0,698.2
9,12,22,3.0,678.0
9,12,23,3.0,709.0
9,13,10,1.0,1127.0
9,13,11,1.0,1286.0
9,13,18,1.0,1598.0
9,13,20,3.0,1238.7
9,14,4,2.0,832.5
9,15,1,2.0,916.0
9,15,3,1.0,702.0
9,15,5,1.0,761.0
9,16,0,1.0,753.0
9,17,1,4.0,816.5
9,17,6,1.0,1062.0
9,17,8,1.0,970.0
9,17,10,3.0,939.7
9,17,11,1.0,821.0
9,17,12,2.0,899.5
9,17,13,1.0,1342.0
9,17,14,2.0,1162.0
9,17,15,2.0,1326.0
9,17,17,2.0,1405.0
9,17,18,1.0,972.0
9,17,19,2.0,1245.5
9,17,20,2.0,1197.0
9,17,21,1.0,891.0
9,17,23,2.0,822.0
9,19,5,1.0,1536.0
9,19,8,1.0,1612.0
9,19,9,1.0,1595.0
9,19,14,1.0,1231.0
9,19,17,4.0,2500.8
9,19,19,2.0,1877.5
9,19,20,5.0,1283.0
9,19,23,2.0,1323.0
9,22,0,1.0,1424.0
9,22,10,1.0,2039.0
9,22,11,2.0,1343.5
9,22,12,3.0,1437.0
9,22,15,1.0,2933.0
9,22,16,1.0,2106.0
9,22,17,1.0,2328.0
9,22,18,1.0,2088.0
9,22,19,1.0,1668.0
9,22,20,2.0,1249.5
9,22,21,2.0,981.0
9,22,22,2.0,1089.0
9,24,1,1.0,1105.0
9,24,4,1.0,1273.0
9,25,5,1.0,1737.0
9,27,19,1.0,1653.0
9,28,4,2.0,1274.0
9,28,5,10.0,1225.8
9,28,6,1.0,1733.0
9,28,8,3.0,3148.0
9,28,9,3.0,2483.0
9,28,10,3.0,2511.0
9,28,12,4.0,2518.5
9,28,13,2.0,2333.5
9,28,15,2.0,2570.5
9,28,16,3.0,3813.3
9,28,17,1.0,2570.0
9,28,18,3.0,2621.7
9,28,19,4.0,2146.5
9,28,20,2.0,1565.0
9,28,21,1.0,1220.0
9,28,23,3.0,1697.0
9,31,6,1.0,2471.0
9,31,23,1.0,1425.0
9,32,5,9.0,1323.4
9,32,6,5.0,2649.8
9,32,7,2.0,3922.5
9,32,8,7.0,3229.6
9,32,9,2.0,1831.5
9,32,10,2.0,2311.5
9,32,11,2.0,2143.5
9,32,12,4.0,2517.2
9,32,13,1.0,3542.0
9,32,14,2.0,2535.5
9,32,15,1.0,3597.0
9,32,16,1.0,3188.0
9,32,19,1.0,1822.0
9,32,20,1.0,1818.0
9,32,21,3.0,1591.3
9,32,22,1.0,1536.0
9,32,23,2.0,1356.5
9,33,7,1.0,3720.0
9,33,13,1.0,2864.0
9,33,14,1.0,3075.0
9,33,15,1.0,3002.0
9,33,22,2.0,1736.5
9,34,10,1.0,1969.0
9,34,23,1.0,1918.0
9,35,6,1.0,3011.0
9,35,7,1.0,4434.0
9,35,20,1.0,1810.0
9,39,2,1.0,1640.0
9,56,4,1.0,2346.0
9,57,14,1.0,2952.0
9,58,6,1.0,2732.0
9,58,10,1.0,2453.0
9,61,7,1.0,2199.0
9,76,0,2.0,853.0
9,76,2,1.0,636.0
9,76,3,2.0,750.0
9,76,4,9.0,808.9
9,76,5,36.0,996.5
9,76,6,33.0,1173.7
9,76,7,36.0,996.3
9,76,8,24.0,933.0
9,76,9,13.0,860.7
9,76,10,14.0,985.0
9,76,11,15.0,930.6
9,76,12,14.0,1046.7
9,76,13,15.0,1106.7
9,76,14,10.0,1206.4
9,76,15,18.0,1126.3
9,76,16,14.0,1265.9
9,76,17,13.0,1166.8
9,76,18,9.0,1155.2
9,76,19,10.0,1014.7
9,76,20,7.0,907.7
9,76,21,5.0,514.0
9,76,22,4.0,629.2
9,76,23,1.0,1202.0
9,77,3,1.0,1556.0
10,1,0,1.0,1209.0
10,1,1,1.0,1270.0
10,1,2,1.0,1273.0
10,1,6,2.0,1481.0
10,1,8,1.0,1868.0
10,1,9,2.0,1739.5
10,1,10,2.0,1694.5
10,1,11,3.0,2903.0
10,1,12,1.0,1809.0
10,1,14,1.0,2347.0
10,1,15,1.0,2072.0
10,1,16,1.0,2458.0
10,1,17,5.0,2213.4
10,1,18,2.0,2405.0
10,1,19,6.0,1797.7
10,1,20,5.0,1783.8
10,1,21,3.0,1766.7
10,1,22,2.0,1425.5
10,2,0,1.0,961.0
10,2,2,1.0,1082.0
10,2,3,8.0,918.9
10,2,5,1.0,1282.0
10,3,0,1.0,1967.0
10,3,1,1.0,2350.0
10,3,7,9.0,2428.6
10,3,11,4.0,1910.5
10,3,12,5.0,1741.0
10,3,13,2.0,1739.5
10,3,14,2.0,2350.5
10,3,15,3.0,2353.3
10,3,16,2.0,2795.5
10,3,17,8.0,2673.4
10,3,18,4.0,2047.8
10,3,19,7.0,2238.9
10,3,20,5.0,1674.8
10,3,21,2.0,1643.0
10,3,22,2.0,1519.0
10,3,23,1.0,1563.0
10,4,1,2.0,1443.5
10,4,3,2.0,1125.0
10,4,4,1.0,1026.0
10,5,2,1.0,750.0
10,5,3,1.0,1184.0
10,6,0,1.0,823.0
10,6,7,1.0,2557.0
10,6,8,9.0,2830.1
10,6,9,3.0,2070.3
10,6,10,5.0,1586.0
10,6,11,1.0,1925.0
10,6,13,1.0,1733.0
10,6,14,3.0,1927.0
10,6,15,2.0,2518.5
10,6,16,5.0,2408.4
10,6,17,7.0,2619.4
10,6,18,16.0,2383.4
10,6,19,8.0,1972.0
10,6,20,10.0,1893.2
10,6,21,11.0,1401.6
10,6,22,8.0,1522.8
10,6,23,9.0,1244.8
10,7,5,4.0,996.8
10,8,2,4.0,1080.8
10,8,3,1.0,1165.0
10,8,4,2.0,1073.5
10,9,0,9.0,381.3
10,9,1,4.0,359.8
10,9,2,1.0,285.0
10,9,3,4.0,520.0
10,9,4,5.0,394.8
10,9,5,1.0,341.0
10,9,6,1.0,445.0
10,9,7,7.0,621.9
10,9,8,9.0,374.3
10,9,9,16.0,343.7
10,9,10,12.0,392.7
10,9,11,9.0,405.8
10,9,12,9.0,448.7
10,9,13,6.0,440.7
10,9,14,8.0,415.2
10,9,15,11.0,483.0
10,9,16,12.0,561.9
10,9,17,24.0,587.4
10,9,18,22.0,481.9
10,9,19,33.0,383.4
10,9,20,18.0,393.2
10,9,21,10.0,341.2
10,9,22,14.0,351.7
10,9,23,12.0,403.1
10,10,0,10.0,608.2
10,10,1,17.0,341.1
10,10,2,22.0,619.1
10,10,3,11.0,211.5
10,10,4,23.0,406.5
10,10,5,12.0,1101.3
10,11,0,11.0,529.5
10,11,1,6.0,426.0
10,11,2,6.0,400.7
10,11,3,1.0,502.0
10,11,4,4.0,333.0
10,11,5,8.0,396.9
10,12,0,5.0,562.0
10,12,1,1.0,550.0
10,12,2,1.0,427.0
10,12,3,1.0,487.0
10,12,4,2.0,795.0
10,12,5,2.0,537.0
10,12,6,3.0,782.0
10,12,11,1.0,1356.0
10,12,22,2.0,432.0
10,13,0,1.0,1005.0
10,14,1,1.0,810.0
10,14,2,1.0,565.0
10,14,3,1.0,666.0
10,14,6,1.0,982.0
10,14,7,4.0,1246.2
10,14,8,2.0,940.5
10,14,9,5.0,1254.8
10,14,10,1.0,1013.0
10,14,11,3.0,989.3
10,14,12,2.0,1010.5
10,14,13,2.0,738.5
10,14,14,5.0,918.2
10,14,15,11.0,1219.7
10,14,16,7.0,1453.0
10,14,17,6.0,1419.7
10,14,18,5.0,1532.6
10,14,19,5.0,1139.8
10,14,20,4.0,1167.0
10,14,21,6.0,834.5
10,14,22,4.0,896.2
10,14,23,5.0,867.6
10,15,1,6.0,733.2
10,15,2,3.0,622.0
10,15,3,4.0,481.2
10,15,4,3.0,598.7
10,16,0,4.0,660.0
10,16,2,1.0,685.0
10,16,3,2.0,718.0
10,16,4,2.0,623.5
10,16,5,1.0,605.0
10,16,7,8.0,1995.0
10,16,8,1.0,1548.0
10,16,9,3.0,1009.7
10,16,10,3.0,950.0
10,16,11,7.0,789.4
10,16,12,6.0,856.0
10,16,13,5.0,1002.8
10,16,14,1.0,1335.0
10,16,15,6.0,1375.7
10,16,16,3.0,914.7
10,16,17,4.0,1585.0
10,16,18,2.0,1252.0
10,16,19,4.0,1217.0
10,16,20,7.0,881.9
10,16,21,7.0,710.9
10,16,22,16.0,714.6
10,16,23,3.0,625.0
10,17,0,14.0,540.7
10,17,1,14.0,589.8
10,17,2,4.0,397.2
10,17,3,2.0,687.5
10,17,4,5.0,454.8
10,17,5,2.0,561.5
10,17,6,6.0,300.7
10,17,7,26.0,636.9
10,17,8,12.0,638.8
10,17,9,16.0,523.4
10,17,10,19.0,572.1
10,17,11,6.0,666.8
10,17,12,16.0,918.4
10,17,13,15.0,786.8
10,17,14,15.0,1000.6
10,17,15,13.0,1003.8
10,17,16,6.0,874.8
10,17,17,15.0,802.5
10,17,18,11.0,844.6
10,17,19,15.0,791.3
10,17,20,9.0,644.9
10,17,21,7.0,728.1
10,17,22,9.0,675.0
10,17,23,22.0,722.7
10,18,0,3.0,625.0
10,18,3,5.0,693.6
10,18,4,1.0,564.0
10,18,6,1.0,854.0
10,18,10,1.0,650.0
10,18,12,2.0,1416.0
10,18,13,1.0,841.0
10,18,20,1.0,1081.0
10,18,23,1.0,629.0
10,19,0,6.0,1024.2
10,19,1,3.0,923.0
10,19,2,2.0,642.5
10,19,4,4.0,829.0
10,19,5,2.0,969.0
10,19,6,6.0,902.7
10,19,7,3.0,1488.3
10,19,8,8.0,1115.9
10,19,9,8.0,855.8
10,19,10,4.0,996.5
10,19,11,3.0,1295.3
10,19,12,11.0,1072.7
10,19,13,5.0,1295.0
10,19,14,9.0,1347.8
10,19,15,8.0,1489.8
10,19,16,7.0,1661.9
10,19,17,9.0,1488.8
10,19,18,3.0,1355.7
10,19,19,5.0,1331.4
10,19,20,2.0,1620.5
10,19,21,9.0,1014.3
10,19,22,20.0,1036.3
10,19,23,7.0,1132.1
10,20,0,2.0,925.5
10,20,1,1.0,1018.0
10,20,7,4.0,2029.8
10,20,10,2.0,1154.0
10,20,11,1.0,1625.0
10,20,14,1.0,1452.0
10,20,15,1.0,2188.0
10,20,16,1.0,2243.0
10,20,18,3.0,1989.7
10,20,19,4.0,1630.5
10,20,20,2.0,1370.5
10,20,21,1.0,889.0
10,20,22,1.0,738.0
10,20,23,1.0,1323.0
10,21,3,3.0,644.0
10,21,4,3.0,747.0
10,22,0,2.0,921.0
10,22,1,3.0,818.7
10,22,5,3.0,1013.3
10,22,6,1.0,2041.0
10,22,7,2.0,3096.5
10,22,8,3.0,2274.0
10,22,9,4.0,1752.5
10,22,10,3.0,908.7
10,22,11,5.0,909.0
10,22,12,3.0,1010.0
10,22,13,6.0,1222.8
10,22,14,7.0,1538.0
10,22,15,3.0,2053.0
10,22,17,3.0,2022.0
10,22,18,7.0,1905.4
10,22,19,6.0,1322.8
10,22,20,9.0,1197.9
10,22,21,5.0,1032.4
10,22,22,9.0,841.7
10,22,23,5.0,872.0
10,23,1,2.0,1345.0
10,23,6,1.0,2064.0
10,23,10,2.0,1752.0
10,23,12,3.0,1812.7
10,23,13,2.0,1499.5
10,23,17,3.0,2312.3
10,23,18,2.0,1951.0
10,23,19,1.0,2273.0
10,23,22,1.0,1205.0
10,23,23,1.0,2308.0
10,24,0,1.0,1159.0
10,24,1,3.0,1215.0
10,24,2,1.0,1047.0
10,24,5,4.0,1169.8
10,24,6,3.0,2186.7
10,24,7,11.0,3331.1
10,24,8,6.0,2937.7
10,24,9,3.0,1813.0
10,24,10,4.0,1059.5
10,24,11,1.0,1099.0
10,24,12,3.0,1447.7
10,24,14,4.0,1825.2
10,24,15,6.0,2279.0
10,24,16,1.0,2462.0
10,24,17,1.0,1887.0
10,24,18,3.0,2396.0
10,24,19,2.0,1674.0
10,24,20,12.0,1306.0
10,24,21,9.0,1250.8
10,24,22,9.0,1132.3
10,24,23,2.0,845.0
10,25,0,1.0,743.0
10,25,1,3.0,788.0
10,25,4,2.0,789.5
10,25,6,1.0,1140.0
10,25,9,1.0,1571.0
10,25,11,1.0,1560.0
10,25,13,1.0,1333.0
10,25,14,3.0,1432.3
10,25,19,1.0,1142.0
10,25,20,4.0,1558.0
10,25,21,2.0,1517.0
10,25,22,4.0,1309.0
10,25,23,1.0,1398.0
10,26,12,1.0,2890.0
10,26,14,1.0,2338.0
10,26,16,1.0,3244.0
10,27,11,1.0,1328.0
10,27,16,1.0,4047.0
10,28,1,1.0,1078.0
10,28,4,1.0,1008.0
10,28,5,15.0,1389.4
10,28,6,13.0,2117.8
10,28,7,11.0,3141.2
10,28,8,4.0,3175.5
10,28,9,5.0,2334.4
10,28,10,14.0,1573.4
10,28,11,6.0,1589.8
10,28,12,5.0,1696.2
10,28,13,2.0,2389.0
10,28,14,1.0,3043.0
10,28,15,3.0,2299.0
10,28,16,2.0,2818.5
10,28,17,7.0,2926.0
10,28,18,7.0,2571.4
10,28,19,8.0,2238.9
10,28,20,4.0,1425.2
10,28,21,8.0,1273.6
10,28,22,3.0,1120.3
10,29,0,1.0,1676.0
10,29,1,1.0,2208.0
10,29,21,1.0,2245.0
10,29,22,1.0,1868.0
10,29,23,3.0,1521.0
10,30,5,1.0,1316.0
10,30,7,1.0,3740.0
10,30,8,2.0,3091.0
10,30,12,1.0,1791.0
10,30,16,1.0,3828.0
10,30,20,2.0,2364.0
10,31,1,1.0,1616.0
10,32,1,2.0,1326.5
10,32,3,1.0,1020.0
10,32,4,3.0,1049.7
10,32,5,6.0,1200.5
10,33,0,1.0,1992.0
10,33,5,1.0,1359.0
10,33,6,12.0,2307.5
10,33,8,2.0,3407.5
10,33,9,2.0,1937.0
10,33,10,1.0,1792.0
10,33,11,2.0,1650.0
10,33,12,1.0,1645.0
10,33,14,1.0,2909.0
10,33,16,1.0,3219.0
10,33,19,2.0,2167.5
10,33,20,3.0,2453.0
10,33,22,2.0,1539.5
10,33,23,1.0,1046.0
10,34,0,1.0,1142.0
10,34,1,1.0,993.0
10,34,7,2.0,3217.5
10,34,10,1.0,1853.0
10,34,20,1.0,1697.0
10,34,23,1.0,992.0
10,35,2,1.0,1930.0
10,35,5,1.0,1323.0
10,36,17,1.0,2871.0
10,39,5,1.0,2465.0
10,39,9,1.0,3408.0
10,39,21,2.0,1978.5
10,39,22,1.0,1385.0
10,39,23,1.0,2100.0
10,41,6,1.0,2555.0
10,41,9,1.0,3851.0
10,41,11,1.0,2369.0
10,41,18,1.0,2547.0
10,41,19,1.0,3009.0
10,41,20,1.0,2512.0
10,41,21,1.0,2000.0
10,42,15,1.0,3851.0
10,56,3,4.0,1884.8
10,56,4,3.0,1805.0
10,57,6,1.0,2201.0
10,57,8,1.0,3186.0
10,58,0,1.0,1320.0
10,58,1,1.0,1906.0
10,58,2,1.0,1317.0
10,58,22,1.0,1957.0
10,60,4,1.0,1148.0
10,61,5,1.0,1567.0
10,61,11,1.0,3060.0
10,63,22,1.0,2449.0
10,65,9,1.0,3808.0
10,65,17,1.0,3342.0
10,66,20,1.0,4590.0
10,67,23,4.0,2416.5
10,68,7,1.0,3227.0
10,70,16,1.0,4375.0
10,74,18,1.0,6124.0
10,76,0,5.0,578.8
10,76,1,2.0,609.0
10,76,2,5.0,661.2
10,76,3,27.0,670.3
10,76,4,50.0,645.8
10,76,5,93.0,954.4
10,76,6,93.0,1065.4
10,76,7,95.0,757.0
10,76,8,80.0,760.0
10,76,9,42.0,758.4
10,76,10,71.0,730.7
10,76,11,46.0,749.2
10,76,12,48.0,813.2
10,76,13,57.0,1017.1
10,76,14,51.0,942.5
10,76,15,58.0,889.6
10,76,16,61.0,890.8
10,76,17,61.0,881.6
10,76,18,48.0,750.6
10,76,19,33.0,815.2
10,76,20,34.0,693.8
10,76,21,23.0,484.9
10,76,22,13.0,510.4
10,76,23,3.0,697.3
10,77,1,3.0,1758.0
10,77,2,1.0,1358.0
11,1,0,6.0,1259.0
11,1,1,1.0,1270.0
11,1,2,10.0,1249.4
11,1,3,1.0,1528.0
11,1,4,1.0,945.0
11,1,5,1.0,932.0
11,1,6,3.0,1577.7
11,1,7,4.0,1967.8
11,1,8,2.0,2169.5
11,1,9,2.0,1630.5
11,1,10,2.0,1378.5
11,1,11,3.0,1557.7
11,1,12,10.0,1549.7
11,1,13,4.0,1806.0
11,1,14,5.0,1688.0
11,1,15,3.0,1974.0
11,1,16,6.0,2234.2
11,1,17,8.0,2073.5
11,1,18,7.0,1824.7
11,1,19,11.0,1687.4
11,1,20,3.0,1512.0
11,1,21,8.0,1610.4
11,1,22,6.0,1481.7
11,1,23,4.0,1291.5
11,2,0,5.0,900.6
11,2,3,1.0,891.0
11,2,5,1.0,1155.0
11,2,6,3.0,879.3
11,2,7,9.0,1395.1
11,2,8,5.0,1466.4
11,2,9,5.0,1262.4
11,2,10,3.0,978.0
11,2,11,2.0,973.0
11,2,12,3.0,1093.0
11,2,13,9.0,1204.8
11,2,14,14.0,1338.0
11,2,15,10.0,1302.5
11,2,16,10.0,1497.0
11,2,17,7.0,1520.3
11,2,18,5.0,1383.8
11,2,19,5.0,1095.8
11,2,20,2.0,1101.5
11,2,21,7.0,1403.9
11,2,22,5.0,941.0
11,2,23,8.0,1105.0
11,3,1,1.0,1286.0
11,3,2,2.0,1445.5
11,3,3,1.0,1699.0
11,4,0,6.0,879.7
11,4,1,6.0,782.0
11,4,4,2.0,883.0
11,4,5,1.0,821.0
11,4,7,4.0,1376.0
11,4,8,3.0,1272.0
11,4,9,17.0,1309.9
11,4,10,8.0,1101.5
11,4,11,3.0,1003.7
11,4,12,8.0,1305.5
11,4,13,6.0,1103.2
11,4,14,9.0,1140.7
11,4,15,5.0,1212.4
11,4,16,9.0,1408.0
11,4,17,16.0,1393.1
11,4,18,22.0,1268.9
11,4,19,15.0,1083.4
11,4,20,6.0,1070.8
11,4,21,9.0,933.0
11,4,22,10.0,970.8
11,4,23,5.0,859.0
11,5,0,1.0,799.0
11,5,1,1.0,745.0
11,5,6,1.0,845.0
11,5,23,1.0,737.0
11,6,0,5.0,1102.0
11,6,1,1.0,1140.0
11,6,3,1.0,950.0
11,6,5,3.0,1112.0
11,6,6,8.0,1685.5
11,6,7,8.0,2369.9
11,6,8,2.0,2392.5
11,6,9,2.0,1525.5
11,6,10,9.0,1545.1
11,6,11,7.0,1445.0
11,6,12,5.0,1543.0
11,6,13,7.0,1789.6
11,6,14,8.0,1813.0
11,6,15,8.0,1908.6
11,6,16,11.0,1802.3
11,6,17,14.0,2148.6
11,6,18,8.0,2021.4
11,6,19,9.0,1680.9
11,6,20,10.0,1560.0
11,6,21,15.0,1236.8
11,6,22,13.0,1248.6
11,6,23,9.0,1206.0
11,7,2,1.0,2111.0
11,8,0,3.0,958.0
11,8,4,2.0,804.5
11,8,5,29.0,1015.3
11,8,6,25.0,1363.5
11,8,23,3.0,989.0
11,9,0,2.0,470.5
11,9,2,2.0,503.0
11,9,7,2.0,683.0
11,9,8,8.0,842.0
11,9,9,7.0,729.4
11,9,10,3.0,642.7
11,9,11,1.0,637.0
11,9,12,2.0,761.5
11,9,13,2.0,670.5
11,9,14,2.0,707.0
11,9,15,5.0,978.4
11,9,16,6.0,758.2
11,9,17,6.0,691.2
11,9,18,5.0,674.0
11,9,19,7.0,679.9
11,9,20,4.0,650.2
11,9,21,7.0,647.0
11,9,22,8.0,558.6
11,9,23,4.0,513.2
11,10,0,14.0,351.9
11,10,1,5.0,429.0
11,10,2,4.0,437.2
11,10,3,4.0,453.2
11,10,4,9.0,378.4
11,10,5,5.0,442.4
11,10,6,14.0,515.8
11,10,7,52.0,527.4
11,10,8,24.0,486.7
11,10,9,27.0,401.0
11,10,10,15.0,548.7
11,10,11,11.0,536.6
11,10,12,16.0,443.6
11,10,13,13.0,666.4
11,10,14,22.0,514.2
11,10,15,19.0,498.2
11,10,16,30.0,435.7
11,10,17,40.0,522.9
11,10,18,28.0,487.5
11,10,19,13.0,450.1
11,10,20,18.0,389.7
11,10,21,15.0,489.9
11,10,22,14.0,466.1
11,10,23,18.0,360.2
11,11,0,4.0,288.5
11,11,1,13.0,320.4
11,11,2,8.0,274.9
11,11,3,11.0,265.1
11,11,4,4.0,262.8
11,11,5,8.0,424.4
11,12,0,7.0,369.9
11,12,1,4.0,316.2
11,12,2,1.0,436.0
11,12,4,3.0,430.7
11,12,5,1.0,558.0
11,12,6,4.0,539.8
11,12,7,8.0,641.9
11,12,8,20.0,640.6
11,12,9,1.0,1003.0
11,12,10,8.0,452.6
11,12,11,1.0,608.0
11,12,12,7.0,517.9
11,12,13,7.0,394.1
11,12,14,8.0,651.1
11,12,15,6.0,558.3
11,12,16,3.0,637.7
11,12,17,12.0,496.6
11,12,18,14.0,560.1
11,12,19,10.0,505.6
11,12,20,7.0,476.3
11,12,21,5.0,529.2
11,12,22,13.0,414.2
11,13,0,2.0,661.5
11,13,5,2.0,683.0
11,14,0,8.0,462.8
11,14,1,6.0,509.2
11,14,3,2.0,503.0
11,14,4,4.0,572.5
11,14,5,3.0,542.3
11,14,6,12.0,663.3
11,14,7,2.0,1044.5
11,14,8,5.0,823.8
11,14,9,6.0,855.2
11,14,10,8.0,738.9
11,14,11,11.0,731.3
11,14,12,10.0,641.0
11,14,13,9.0,662.1
11,14,14,12.0,650.5
11,14,15,17.0,733.8
11,14,16,17.0,862.4
11,14,17,18.0,863.3
11,14,18,16.0,787.0
11,14,19,11.0,763.5
11,14,20,9.0,412.9
11,14,21,11.0,606.6
11,14,22,16.0,629.2
11,14,23,8.0,636.8
11,15,0,21.0,379.8
11,15,1,8.0,365.8
11,15,2,10.0,456.8
11,15,3,3.0,406.3
11,15,4,3.0,438.3
11,15,5,1.0,440.0
11,15,6,2.0,564.0
11,15,7,13.0,898.7
11,15,8,30.0,541.9
11,15,9,20.0,503.7
11,15,10,23.0,448.0
11,15,11,11.0,356.6
11,15,12,16.0,431.3
11,15,13,14.0,495.1
11,15,14,17.0,511.4
11,15,15,21.0,591.0
11,15,16,29.0,657.3
11,15,17,38.0,776.2
11,15,18,31.0,610.3
11,15,19,30.0,458.9
11,15,20,31.0,427.7
11,15,21,18.0,437.7
11,15,22,23.0,391.7
11,15,23,25.0,379.8
11,16,0,6.0,623.7
11,16,1,6.0,480.3
11,16,2,4.0,688.0
11,16,3,2.0,474.5
11,16,4,1.0,564.0
11,16,5,2.0,582.0
11,16,6,3.0,734.3
11,16,7,10.0,1113.3
11,16,8,8.0,1198.5
11,16,9,6.0,732.7
11,16,10,11.0,632.2
11,16,11,6.0,729.5
11,16,12,11.0,791.4
11,16,13,12.0,800.3
11,16,14,10.0,891.0
11,16,15,14.0,866.7
11,16,16,10.0,848.3
11,16,17,10.0,966.9
11,16,18,15.0,1036.5
11,16,19,18.0,845.2
11,16,20,4.0,614.8
11,16,21,14.0,655.4
11,16,22,8.0,571.8
11,16,23,8.0,555.6
11,17,0,5.0,705.0
11,17,1,1.0,352.0
11,17,2,5.0,692.0
11,17,3,1.0,575.0
11,17,4,2.0,604.0
11,17,5,1.0,750.0
11,17,6,2.0,802.5
11,17,7,21.0,771.3
11,17,8,10.0,646.8
11,17,9,23.0,602.3
11,17,10,12.0,638.5
11,17,11,8.0,565.5
11,17,12,6.0,572.7
11,17,13,6.0,663.3
11,17,14,5.0,641.2
11,17,15,14.0,823.9
11,17,16,4.0,840.8
11,17,17,5.0,810.8
11,17,18,9.0,948.0
11,17,19,2.0,1064.5
11,17,20,1.0,640.0
11,17,21,5.0,722.4
11,17,23,2.0,498.0
11,18,6,2.0,1027.0
11,18,8,3.0,1059.3
11,18,10,1.0,1073.0
11,18,11,2.0,1311.5
11,18,12,3.0,1137.7
11,18,13,1.0,1157.0
11,18,15,3.0,1329.3
11,18,16,3.0,1359.0
11,18,17,2.0,1311.0
11,18,19,1.0,1012.0
11,18,22,1.0,742.0
11,19,0,10.0,827.0
11,19,1,12.0,910.0
11,19,2,1.0,442.0
11,19,4,3.0,883.0
11,19,5,3.0,781.7
11,19,6,3.0,905.3
11,19,7,1.0,860.0
11,19,12,1.0,2104.0
11,19,20,1.0,1580.0
11,19,21,1.0,772.0
11,19,22,8.0,952.8
11,19,23,5.0,720.8
11,20,1,3.0,824.0
11,20,2,1.0,931.0
11,20,5,1.0,802.0
11,20,8,1.0,1020.0
11,20,12,2.0,1018.0
11,20,13,4.0,1227.5
11,20,14,1.0,1094.0
11,20,15,4.0,1488.8
11,20,16,4.0,1671.0
11,20,17,3.0,1594.0
11,20,18,1.0,1753.0
11,20,20,3.0,1097.7
11,20,21,7.0,1007.0
11,20,22,2.0,773.0
11,20,23,4.0,954.5
11,21,0,2.0,562.0
11,21,1,1.0,601.0
11,21,2,2.0,733.0
11,21,3,2.0,525.5
11,21,6,3.0,880.3
11,21,7,3.0,1455.0
11,21,8,5.0,1190.4
11,21,9,4.0,1044.8
11,21,10,3.0,639.0
11,21,11,1.0,813.0
11,21,12,4.0,836.2
11,21,13,2.0,1182.0
11,21,14,3.0,1534.7
11,21,15,4.0,1235.2
11,21,16,2.0,1633.0
11,21,17,4.0,1208.2
11,21,18,6.0,1217.2
11,21,19,6.0,1131.5
11,21,20,2.0,776.5
11,21,21,9.0,632.8
11,21,22,4.0,724.0
11,21,23,4.0,825.8
11,22,0,1.0,1328.0
11,22,2,1.0,640.0
11,22,3,1.0,612.0
11,22,5,1.0,707.0
11,22,6,4.0,738.5
11,22,8,3.0,1647.0
11,22,9,3.0,849.7
11,22,10,4.0,737.5
11,22,11,4.0,958.5
11,22,12,4.0,953.2
11,22,13,10.0,1299.7
11,22,14,4.0,1416.0
11,22,15,4.0,1455.0
11,22,16,7.0,1693.3
11,22,17,6.0,2072.0
11,22,18,10.0,1414.2
11,22,19,10.0,1166.0
11,22,20,15.0,909.9
11,22,21,6.0,919.7
11,22,22,4.0,755.0
11,22,23,4.0,746.8
11,23,1,1.0,834.0
11,23,3,1.0,951.0
11,23,7,2.0,2389.5
11,23,8,1.0,1499.0
11,23,9,2.0,1338.5
11,23,10,1.0,1850.0
11,23,11,1.0,1259.0
11,23,12,1.0,1139.0
11,23,14,2.0,1627.0
11,23,15,1.0,1833.0
11,23,17,4.0,2045.5
11,23,18,3.0,2272.0
11,23,19,4.0,1499.8
11,23,21,4.0,1187.8
11,23,22,1.0,1405.0
11,23,23,1.0,1120.0
11,24,1,2.0,863.5
11,24,5,1.0,1016.0
11,25,1,4.0,985.8
11,25,2,1.0,1258.0
11,25,3,6.0,1029.7
11,25,4,3.0,950.0
11,25,6,1.0,1544.0
11,25,23,5.0,1374.6
11,26,9,1.0,2045.0
11,26,10,1.0,1637.0
11,26,14,1.0,2038.0
11,26,15,2.0,2394.0
11,27,3,2.0,1044.5
11,28,5,1.0,1193.0
11,29,1,1.0,2152.0
11,29,10,1.0,1702.0
11,29,12,1.0,3569.0
11,29,14,1.0,2511.0
11,29,21,1.0,1328.0
11,29,23,2.0,1712.5
11,30,14,1.0,2883.0
11,31,0,1.0,1227.0
11,32,1,1.0,984.0
11,32,3,3.0,948.7
11,32,4,4.0,946.8
11,32,5,13.0,1109.3
11,32,6,41.0,1365.3
11,32,7,13.0,2952.9
11,32,8,7.0,3266.1
11,32,9,8.0,2613.4
11,32,10,16.0,2000.1
11,32,11,10.0,1791.1
11,32,12,14.0,1928.7
11,32,13,3.0,2380.0
11,32,14,9.0,2133.1
11,32,15,3.0,2150.0
11,32,16,5.0,2545.8
11,32,17,4.0,2789.2
11,32,18,7.0,2387.3
11,32,19,1.0,3333.0
11,32,21,4.0,1180.0
11,32,22,2.0,911.5
11,32,23,2.0,1095.0
11,33,6,3.0,1319.0
11,33,8,1.0,3115.0
11,33,9,1.0,4086.0
11,33,10,1.0,1969.0
11,33,11,1.0,1305.0
11,33,12,1.0,2654.0
11,33,15,1.0,4457.0
11,33,17,1.0,2979.0
11,33,18,1.0,2665.0
11,33,19,1.0,1717.0
11,33,20,2.0,1724.5
11,33,23,2.0,1299.0
11,34,22,1.0,1391.0
11,36,22,1.0,1618.0
11,39,10,1.0,2867.0
11,39,15,1.0,3886.0
11,40,16,1.0,5998.0
11,41,4,1.0,1458.0
11,42,10,1.0,2007.0
11,42,11,1.0,1806.0
11,42,21,1.0,1652.0
11,43,5,1.0,1549.0
11,44,4,2.0,1439.5
11,55,7,1.0,3249.0
11,56,3,2.0,1682.5
11,56,5,2.0,1725.5
11,56,6,3.0,2574.3
11,56,9,1.0,4325.0
11,56,12,1.0,3118.0
11,56,13,1.0,2377.0
11,56,14,2.0,4084.0
11,56,15,1.0,4237.0
11,56,16,1.0,3612.0
11,56,18,1.0,3500.0
11,56,20,1.0,2316.0
11,58,19,1.0,4725.0
11,58,20,2.0,2428.0
11,59,1,2.0,1307.5
11,60,5,6.0,1174.5
11,60,10,1.0,1556.0
11,60,11,1.0,1288.0
11,60,18,1.0,3672.0
11,62,10,1.0,3686.0
11,62,12,1.0,2814.0
11,65,20,1.0,3298.0
11,66,22,1.0,2149.0
11,66,23,1.0,3002.0
11,68,14,1.0,4465.0
11,76,0,1.0,521.0
11,76,2,5.0,866.4
11,76,3,31.0,843.9
11,76,4,54.0,768.2
11,76,5,54.0,1160.8
11,76,6,57.0,1475.3
11,76,7,40.0,1238.7
11,76,8,41.0,1310.0
11,76,9,22.0,1003.9
11,76,10,34.0,970.0
11,76,11,21.0,968.2
11,76,12,38.0,1176.0
11,76,13,29.0,1270.8
11,76,14,34.0,1245.6
11,76,15,31.0,1228.0
11,76,16,47.0,1217.4
11,76,17,29.0,1293.5
11,76,18,27.0,1210.6
11,76,19,15.0,1231.7
11,76,20,12.0,923.8
11,76,21,3.0,1046.0
11,76,22,3.0,722.7
11,76,23,2.0,759.5
11,77,0,9.0,1167.3
11,77,1,5.0,1315.8
11,77,2,3.0,1258.7
11,77,3,3.0,1379.0
11,77,5,1.0,1047.0
11,77,7,3.0,1946.3
11,77,8,6.0,1732.2
11,77,9,10.0,1661.2
11,77,10,6.0,1479.7
11,77,11,3.0,1619.3
11,77,12,4.0,1438.5
11,77,13,9.0,1640.0
11,77,14,12.0,1567.8
11,77,15,15.0,1850.7
11,77,16,11.0,2058.2
11,77,17,11.0,1947.3
11,77,18,19.0,1797.3
11,77,19,10.0,1617.2
11,77,20,10.0,1572.8
11,77,21,10.0,1311.9
11,77,22,13.0,1425.0
11,77,23,6.0,1309.0
12,1,1,1.0,891.0
12,1,2,1.0,820.0
12,1,4,5.0,1224.8
12,2,2,1.0,748.0
12,2,3,3.0,643.7
12,3,7,1.0,1452.0
12,3,8,11.0,1486.2
12,3,9,7.0,1548.6
12,3,10,1.0,1450.0
12,3,11,1.0,1270.0
12,3,12,3.0,1356.3
12,3,13,4.0,1429.5
12,3,14,2.0,1657.5
12,3,15,3.0,1794.3
12,3,16,7.0,1909.1
12,3,17,9.0,1775.7
12,3,18,6.0,1681.3
12,3,19,6.0,1342.2
12,3,20,2.0,1309.5
12,3,21,2.0,1044.5
12,3,22,4.0,1118.2
12,3,23,2.0,980.0
12,4,1,1.0,747.0
12,4,2,1.0,735.0
12,5,4,3.0,681.0
12,5,5,7.0,753.0
12,5,6,2.0,1467.0
12,5,7,1.0,1570.0
12,5,8,1.0,780.0
12,5,9,2.0,1319.5
12,5,10,2.0,1100.0
12,5,11,2.0,1059.5
12,5,12,3.0,1002.7
12,5,13,2.0,1187.5
12,5,14,1.0,1355.0
12,5,15,2.0,1434.5
12,5,16,1.0,2141.0
12,5,17,2.0,1472.0
12,5,18,4.0,1435.2
12,5,19,3.0,1445.0
12,5,22,1.0,2039.0
12,5,23,2.0,1012.0
12,6,3,2.0,1293.0
12,6,4,1.0,1309.0
12,6,6,6.0,1276.2
12,6,7,5.0,2132.4
12,6,8,1.0,1825.0
12,6,9,5.0,1564.2
12,6,10,4.0,1357.8
12,6,11,2.0,1488.0
12,6,12,3.0,1340.3
12,6,13,1.0,1521.0
12,6,14,4.0,1590.2
12,6,15,4.0,1589.5
12,6,16,8.0,2119.9
12,6,17,5.0,2429.0
12,6,18,13.0,2023.9
12,6,19,10.0,1810.5
12,6,20,13.0,1491.8
12,6,21,9.0,1257.7
12,6,22,7.0,1226.4
12,7,5,2.0,926.0
12,7,7,7.0,2499.1
12,7,8,9.0,2328.6
12,7,9,4.0,1960.8
12,7,10,3.0,1696.0
12,7,11,3.0,1554.3
12,7,12,5.0,1409.6
12,7,13,2.0,1339.5
12,7,14,4.0,1724.0
12,7,15,4.0,2601.8
12,7,16,4.0,2203.2
12,7,18,5.0,2168.2
12,7,19,4.0,1427.2
12,7,20,9.0,1310.9
12,7,21,9.0,1206.4
12,7,22,6.0,1197.5
12,7,23,6.0,1108.5
12,8,0,3.0,1145.0
12,8,3,1.0,976.0
12,8,5,1.0,1240.0
12,8,6,6.0,1707.7
12,8,7,16.0,2902.9
12,8,8,7.0,3347.3
12,8,9,9.0,2308.8
12,8,10,17.0,1647.1
12,8,11,10.0,1748.2
12,8,12,8.0,1855.9
12,8,13,9.0,1739.4
12,8,14,12.0,1806.5
12,8,15,12.0,2545.7
12,8,16,10.0,2769.5
12,8,17,15.0,2740.7
12,8,18,5.0,2205.2
12,8,19,11.0,1890.9
12,8,20,4.0,1893.0
12,8,21,8.0,1559.5
12,8,22,5.0,1498.6
12,8,23,5.0,1306.4
12,9,0,1.0,679.0
12,9,1,1.0,518.0
12,9,8,1.0,740.0
12,9,9,2.0,863.0
12,9,10,5.0,571.8
12,9,11,1.0,477.0
12,9,17,2.0,878.0
12,9,18,3.0,936.0
12,9,19,4.0,737.2
12,9,20,3.0,405.7
12,9,21,4.0,399.8
12,9,22,1.0,566.0
12,9,23,2.0,509.0
12,10,0,6.0,503.3
12,10,1,1.0,515.0
12,10,2,1.0,633.0
12,10,6,3.0,593.0
12,10,7,1.0,652.0
12,10,9,1.0,613.0
12,10,11,2.0,659.0
12,10,14,1.0,912.0
12,10,20,2.0,656.5
12,10,21,1.0,775.0
12,10,23,1.0,423.0
12,11,2,2.0,365.0
12,11,3,1.0,367.0
12,11,4,2.0,402.5
12,11,6,11.0,538.8
12,11,7,28.0,449.1
12,11,8,26.0,548.8
12,11,9,11.0,483.0
12,11,10,8.0,391.8
12,11,11,11.0,522.5
12,11,12,10.0,395.2
12,11,13,9.0,557.9
12,11,14,10.0,570.9
12,11,15,12.0,698.4
12,11,16,17.0,813.4
12,11,17,22.0,923.1
12,11,18,6.0,749.5
12,11,19,5.0,450.6
12,11,20,7.0,442.3
12,11,21,1.0,622.0
12,11,22,1.0,1081.0
12,11,23,4.0,441.0
12,12,0,7.0,409.7
12,12,1,3.0,203.7
12,12,2,3.0,301.3
12,12,6,6.0,384.8
12,12,7,7.0,403.6
12,12,8,4.0,409.0
12,12,9,5.0,1159.2
12,12,10,7.0,813.6
12,12,11,6.0,276.0
12,12,12,12.0,506.5
12,12,13,4.0,215.5
12,12,14,11.0,362.1
12,12,15,6.0,364.5
12,12,16,5.0,318.8
12,12,17,10.0,375.6
12,12,18,16.0,496.7
12,12,19,7.0,318.9
12,12,20,7.0,304.1
12,12,21,3.0,656.3
12,12,22,9.0,391.6
12,12,23,9.0,412.3
12,13,0,1.0,209.0
12,13,1,1.0,550.0
12,13,2,1.0,484.0
12,13,6,3.0,498.0
12,13,7,2.0,542.5
12,13,8,7.0,569.6
12,13,9,6.0,468.5
12,13,10,3.0,460.3
12,13,11,7.0,371.1
12,13,12,13.0,567.2
12,13,13,3.0,503.3
12,13,14,6.0,599.7
12,13,15,3.0,650.7
12,13,16,4.0,608.8
12,13,17,2.0,772.0
12,13,18,5.0,633.4
12,13,19,1.0,663.0
12,13,20,1.0,116.0
12,13,23,1.0,625.0
12,14,2,1.0,230.0
12,15,0,2.0,683.0
12,15,1,1.0,517.0
12,15,2,1.0,489.0
12,15,3,1.0,816.0
12,15,4,1.0,579.0
12,15,5,2.0,694.0
12,15,6,8.0,551.2
12,15,7,6.0,486.3
12,15,8,3.0,659.7
12,15,9,5.0,822.4
12,15,10,4.0,703.8
12,15,11,8.0,520.1
12,15,12,5.0,516.2
12,15,13,5.0,864.0
12,15,14,8.0,1089.4
12,15,15,4.0,871.5
12,15,16,6.0,1282.5
12,15,17,13.0,1196.4
12,15,18,8.0,986.5
12,15,19,10.0,836.4
12,15,20,10.0,678.3
12,15,21,4.0,872.2
12,15,22,3.0,535.0
12,15,23,2.0,491.5
12,16,0,4.0,454.5
12,16,2,3.0,898.7
12,16,4,2.0,453.0
12,16,5,1.0,790.0
12,16,6,3.0,744.7
12,16,8,1.0,981.0
12,16,9,1.0,621.0
12,16,10,5.0,374.8
12,16,11,4.0,534.5
12,16,12,5.0,526.6
12,16,13,2.0,364.0
12,16,14,4.0,504.0
12,16,15,2.0,395.5
12,16,16,3.0,854.7
12,16,18,6.0,743.5
12,16,21,4.0,554.8
12,16,22,3.0,655.7
12,16,23,4.0,394.2
12,17,1,1.0,1090.0
12,18,0,1.0,1466.0
12,18,14,1.0,2412.0
12,18,19,1.0,1475.0
12,19,0,2.0,811.5
12,19,6,1.0,1336.0
12,19,10,1.0,1255.0
12,19,11,1.0,1274.0
12,19,12,1.0,1298.0
12,19,13,2.0,1373.0
12,19,21,1.0,912.0
12,19,23,1.0,859.0
12,20,1,1.0,633.0
12,20,2,4.0,621.0
12,20,6,1.0,1352.0
12,20,12,1.0,1055.0
12,21,0,1.0,528.0
12,21,10,3.0,485.7
12,21,11,1.0,642.0
12,21,12,1.0,645.0
12,21,13,1.0,844.0
12,21,14,3.0,947.0
12,21,15,1.0,2311.0
12,21,17,2.0,1422.0
12,21,18,1.0,1350.0
12,21,19,2.0,1295.5
12,21,20,3.0,953.0
12,21,21,1.0,695.0
12,21,22,1.0,732.0
12,22,1,1.0,853.0
12,22,2,1.0,814.0
12,22,5,1.0,969.0
12,25,1,1.0,1112.0
12,25,2,1.0,1783.0
12,25,3,1.0,3410.0
12,25,21,2.0,1864.5
12,25,22,1.0,1586.0
12,25,23,1.0,1381.0
12,26,7,1.0,1475.0
12,26,10,1.0,2030.0
12,27,3,1.0,939.0
12,27,8,1.0,2312.0
12,27,9,1.0,1994.0
12,27,11,1.0,1393.0
12,28,6,2.0,1769.5
12,28,23,2.0,942.0
12,29,17,1.0,2976.0
12,29,20,1.0,1965.0
12,31,0,1.0,1215.0
12,31,4,1.0,2245.0
12,31,13,2.0,2021.0
12,31,16,1.0,2633.0
12,31,18,1.0,2696.0
12,31,22,2.0,1394.5
12,32,2,1.0,907.0
12,32,4,4.0,926.2
12,32,5,3.0,1012.0
12,32,6,11.0,1881.5
12,32,7,11.0,3705.4
12,32,8,10.0,2925.2
12,32,9,10.0,2555.9
12,32,10,10.0,1808.5
12,32,11,11.0,1843.3
12,32,12,12.0,1888.8
12,32,13,8.0,2400.1
12,32,14,3.0,2263.7
12,32,15,4.0,2715.8
12,32,16,3.0,3249.7
12,32,17,2.0,2879.0
12,32,18,1.0,2002.0
12,41,4,1.0,1170.0
12,45,12,1.0,4490.0
12,45,19,1.0,3445.0
12,46,7,1.0,4750.0
12,49,16,1.0,5355.0
12,56,3,1.0,2102.0
12,56,4,2.0,2061.0
12,56,5,1.0,2169.0
12,56,6,4.0,2791.8
12,56,7,1.0,2382.0
12,56,9,1.0,3784.0
12,56,12,2.0,2869.5
12,56,13,1.0,3164.0
12,56,14,2.0,4121.0
12,56,20,1.0,2887.0
12,57,0,1.0,1730.0
12,57,22,1.0,1463.0
12,58,17,1.0,3689.0
12,60,0,1.0,1157.0
12,64,16,1.0,5109.0
12,69,16,1.0,5309.0
12,69,18,1.0,2725.0
12,76,3,5.0,1133.6
12,76,4,33.0,1014.2
12,76,5,42.0,1325.0
12,76,6,59.0,1663.7
12,76,7,46.0,1729.0
12,76,8,33.0,1585.1
12,76,9,24.0,1403.8
12,76,10,28.0,1268.6
12,76,11,35.0,1244.2
12,76,12,32.0,1519.8
12,76,13,9.0,1441.7
12,76,14,18.0,1786.8
12,76,15,34.0,1755.8
12,76,16,33.0,1846.9
12,76,17,15.0,1954.6
12,76,18,15.0,1567.4
12,76,19,7.0,1343.4
12,76,21,2.0,1216.0
12,77,1,1.0,828.0
12,77,2,1.0,815.0
12,77,5,1.0,649.0
12,77,6,4.0,1355.2
12,77,7,6.0,1471.2
12,77,8,7.0,1429.3
12,77,9,8.0,1268.0
12,77,10,6.0,1105.7
12,77,11,3.0,1091.0
12,77,12,5.0,1223.0
12,77,13,6.0,1171.0
12,77,15,5.0,1533.4
12,77,16,4.0,1848.5
12,77,17,7.0,1486.9
12,77,18,7.0,1634.1
12,77,19,2.0,1545.0
12,77,20,7.0,1050.1
12,77,21,3.0,1271.7
12,77,22,2.0,1403.5
12,77,23,3.0,1234.7
13,1,0,8.0,840.1
13,1,1,3.0,832.3
13,1,2,1.0,1181.0
13,1,4,1.0,531.0
13,1,6,1.0,1178.0
13,1,7,6.0,1233.0
13,1,8,2.0,1356.5
13,1,9,4.0,1198.0
13,1,10,6.0,958.5
13,1,11,7.0,1023.3
13,1,12,11.0,931.2
13,1,13,6.0,901.8
13,1,14,13.0,1111.1
13,1,15,26.0,1237.7
13,1,16,24.0,1203.3
13,1,17,23.0,1341.0
13,1,18,26.0,1332.4
13,1,19,18.0,1140.7
13,1,20,14.0,1088.1
13,1,21,17.0,957.6
13,1,22,10.0,928.8
13,1,23,16.0,868.8
13,2,1,4.0,611.8
13,2,2,1.0,627.0
13,2,3,2.0,388.5
13,2,4,3.0,310.7
13,3,0,2.0,1003.5
13,3,2,3.0,988.3
13,3,3,1.0,758.0
13,3,4,2.0,1563.0
13,3,5,2.0,872.5
13,3,6,2.0,738.0
13,3,8,18.0,1340.3
13,3,9,9.0,1300.4
13,3,10,9.0,914.0
13,3,11,12.0,1071.6
13,3,12,12.0,1233.8
13,3,13,10.0,1057.9
13,3,14,21.0,1061.5
13,3,15,17.0,1390.5
13,3,16,19.0,1427.1
13,3,17,12.0,1337.0
13,3,18,19.0,1216.6
13,3,19,12.0,1087.6
13,3,20,18.0,908.4
13,3,21,10.0,885.4
13,3,22,10.0,930.6
13,3,23,8.0,858.2
13,4,0,6.0,409.7
13,4,1,7.0,405.0
13,4,2,1.0,629.0
13,4,3,3.0,309.7
13,4,5,4.0,389.8
13,4,6,11.0,370.7
13,4,7,20.0,892.7
13,4,8,28.0,566.8
13,4,9,29.0,485.4
13,4,10,20.0,497.2
13,4,11,20.0,441.6
13,4,12,27.0,578.8
13,4,13,26.0,553.7
13,4,14,30.0,550.2
13,4,15,29.0,638.1
13,4,16,18.0,723.4
13,4,17,26.0,675.8
13,4,18,24.0,724.8
13,4,19,31.0,602.6
13,4,20,19.0,589.6
13,4,21,25.0,569.7
13,4,22,21.0,433.0
13,4,23,15.0,470.2
13,5,0,2.0,554.5
13,5,1,2.0,892.0
13,5,2,1.0,591.0
13,5,3,1.0,868.0
13,5,4,1.0,751.0
13,5,5,1.0,698.0
13,5,6,2.0,697.0
13,5,7,16.0,1298.4
13,5,8,6.0,1118.3
13,5,9,3.0,1054.7
13,5,10,6.0,1010.5
13,5,11,3.0,1017.3
13,5,12,2.0,912.0
13,5,13,7.0,871.3
13,5,14,2.0,874.0
13,5,15,13.0,1066.5
13,5,16,10.0,1220.1
13,5,17,4.0,838.8
13,5,18,6.0,1108.2
13,5,19,7.0,992.3
13,5,20,2.0,856.5
13,5,21,11.0,808.2
13,5,22,2.0,847.5
13,5,23,1.0,793.0
13,6,0,1.0,978.0
13,6,1,4.0,1253.0
13,6,2,1.0,972.0
13,6,3,1.0,995.0
13,6,4,2.0,789.5
13,6,6,4.0,1193.2
13,6,7,12.0,1837.9
13,6,8,8.0,2062.2
13,6,9,8.0,1445.8
13,6,10,15.0,1494.0
13,6,11,18.0,1334.2
13,6,12,23.0,1370.0
13,6,13,9.0,1399.4
13,6,14,9.0,1496.8
13,6,15,25.0,1694.1
13,6,16,18.0,1575.6
13,6,17,19.0,1704.5
13,6,18,15.0,1717.2
13,6,19,22.0,1567.0
13,6,20,16.0,1394.8
13,6,21,16.0,1271.1
13,6,22,10.0,1141.1
13,6,23,12.0,1201.4
13,7,1,1.0,1023.0
13,7,2,1.0,817.0
13,7,3,1.0,984.0
13,8,1,1.0,1506.0
13,8,3,1.0,1256.0
13,8,5,2.0,1128.0
13,9,8,1.0,1094.0
13,9,12,1.0,810.0
13,9,14,1.0,1848.0
13,9,15,6.0,1502.2
13,9,16,1.0,1416.0
13,9,17,1.0,1648.0
13,9,18,1.0,1791.0
13,9,19,1.0,3722.0
13,9,22,1.0,794.0
13,10,1,1.0,1078.0
13,11,0,2.0,700.0
13,11,3,2.0,696.5
13,11,4,5.0,694.8
13,11,5,3.0,593.0
13,11,6,1.0,603.0
13,12,0,1.0,662.0
13,12,6,6.0,496.5
13,12,7,4.0,536.5
13,12,8,5.0,547.6
13,12,9,9.0,500.9
13,12,10,2.0,309.5
13,12,11,4.0,335.5
13,12,12,3.0,548.3
13,12,13,8.0,549.0
13,12,14,5.0,642.6
13,12,15,6.0,1158.7
13,12,16,5.0,889.8
13,12,17,5.0,688.4
13,12,18,10.0,667.1
13,12,19,10.0,429.8
13,12,20,2.0,310.0
13,12,21,1.0,535.0
13,12,22,2.0,267.0
13,13,0,1.0,281.0
13,13,1,3.0,498.7
13,13,4,3.0,358.7
13,13,5,3.0,247.3
13,13,6,10.0,286.3
13,13,7,21.0,468.6
13,13,8,30.0,405.3
13,13,9,16.0,425.6
13,13,10,19.0,287.1
13,13,11,9.0,437.9
13,13,12,19.0,413.7
13,13,13,20.0,440.4
13,13,14,27.0,565.3
13,13,15,25.0,540.2
13,13,16,20.0,469.4
13,13,17,16.0,455.9
13,13,18,16.0,391.8
13,13,19,11.0,536.6
13,13,20,20.0,401.9
13,13,21,11.0,366.1
13,13,22,9.0,335.6
13,13,23,8.0,451.0
13,14,0,9.0,420.4
13,14,1,8.0,462.2
13,14,2,8.0,377.5
13,14,3,2.0,343.0
13,14,4,10.0,298.1
13,14,5,1.0,516.0
13,14,6,8.0,450.2
13,14,7,33.0,555.1
13,14,8,24.0,468.3
13,14,9,26.0,360.2
13,14,10,8.0,319.5
13,14,11,14.0,410.9
13,14,12,20.0,455.2
13,14,13,25.0,416.0
13,14,14,26.0,425.5
13,14,15,22.0,544.8
13,14,16,35.0,628.4
13,14,17,30.0,635.4
13,14,18,32.0,480.5
13,14,19,31.0,551.3
13,14,20,17.0,466.7
13,14,21,29.0,386.1
13,14,22,19.0,419.4
13,14,23,13.0,399.8
13,15,0,3.0,674.7
13,15,1,1.0,916.0
13,15,2,2.0,806.0
13,15,6,3.0,905.3
13,15,7,6.0,1214.0
13,15,8,5.0,1307.6
13,15,9,3.0,979.7
13,15,10,5.0,899.4
13,15,11,2.0,1020.5
13,15,12,4.0,1064.0
13,15,13,2.0,1227.0
13,15,14,11.0,1240.8
13,15,15,9.0,1647.8
13,15,16,20.0,1475.6
13,15,17,15.0,1360.8
13,15,18,14.0,1253.5
13,15,19,20.0,1243.6
13,15,20,9.0,968.2
13,15,21,12.0,1040.9
13,15,22,5.0,1087.4
13,15,23,5.0,658.8
13,16,1,1.0,710.0
13,16,3,1.0,336.0
13,16,4,2.0,513.5
13,16,6,2.0,606.5
13,16,7,4.0,956.8
13,16,8,17.0,872.2
13,16,9,5.0,842.2
13,16,10,9.0,733.8
13,16,11,12.0,721.2
13,16,12,5.0,743.0
13,16,13,19.0,731.7
13,16,14,22.0,861.3
13,16,15,22.0,882.2
13,16,16,20.0,934.5
13,16,17,20.0,941.9
13,16,18,16.0,1020.6
13,16,19,18.0,706.6
13,16,20,16.0,645.0
13,16,21,16.0,644.3
13,16,22,10.0,715.2
13,16,23,9.0,565.6
13,17,0,1.0,1664.0
13,17,1,2.0,1337.5
13,17,4,5.0,1472.8
13,17,6,1.0,1547.0
13,17,7,1.0,1672.0
13,17,8,1.0,1274.0
13,17,9,2.0,1200.0
13,17,10,3.0,1454.0
13,17,11,5.0,1541.6
13,17,12,2.0,1812.5
13,17,13,7.0,1427.9
13,17,15,7.0,2057.3
13,17,16,7.0,1949.4
13,17,17,3.0,1829.3
13,17,18,2.0,2028.5
13,17,19,2.0,2044.0
13,17,20,3.0,1449.3
13,17,21,4.0,1377.2
13,17,22,2.0,1335.0
13,17,23,2.0,1349.0
13,19,0,2.0,1786.5
13,19,1,1.0,1090.0
13,19,2,1.0,1026.0
13,19,3,2.0,1116.0
13,19,8,3.0,1524.0
13,19,9,1.0,1239.0
13,19,10,3.0,1449.0
13,19,11,2.0,1432.5
13,19,12,2.0,1760.0
13,19,13,3.0,1636.7
13,19,15,15.0,2429.3
13,19,16,6.0,1933.8
13,19,17,4.0,2420.5
13,19,18,5.0,1936.8
13,19,19,6.0,1674.5
13,19,21,3.0,1301.3
13,19,22,5.0,1226.8
13,19,23,2.0,1077.5
13,21,1,1.0,725.0
13,21,4,4.0,777.5
13,21,6,2.0,962.0
13,21,7,2.0,1398.0
13,21,8,12.0,1260.8
13,21,9,5.0,805.6
13,21,10,1.0,697.0
13,21,11,7.0,1031.7
13,21,12,11.0,914.9
13,21,13,7.0,908.3
13,21,14,9.0,1118.6
13,21,15,19.0,1223.0
13,21,16,8.0,1274.0
13,21,17,20.0,1384.0
13,21,18,8.0,1260.4
13,21,19,8.0,1057.6
13,21,20,10.0,869.5
13,21,21,8.0,764.1
13,21,22,10.0,964.2
13,21,23,4.0,909.8
13,22,2,1.0,924.0
13,22,3,1.0,1074.0
13,22,4,1.0,973.0
13,23,0,1.0,1436.0
13,23,2,1.0,1086.0
13,23,4,1.0,1509.0
13,23,6,2.0,1797.0
13,23,8,6.0,1684.3
13,23,9,1.0,1413.0
13,23,10,4.0,1485.5
13,23,11,1.0,1648.0
13,23,12,2.0,1774.5
13,23,13,3.0,1727.0
13,23,14,3.0,1777.0
13,23,15,2.0,2064.0
13,23,16,3.0,1991.3
13,23,17,3.0,2330.7
13,23,18,4.0,1904.5
13,23,19,4.0,1582.0
13,23,20,3.0,1582.7
13,23,21,4.0,1352.5
13,23,22,5.0,1332.0
13,23,23,4.0,1429.2
13,24,0,2.0,936.0
13,24,1,4.0,1250.2
13,24,2,1.0,981.0
13,24,5,1.0,1051.0
13,24,6,1.0,1463.0
13,24,7,7.0,2604.3
13,24,8,4.0,2527.5
13,24,9,4.0,1707.5
13,24,10,5.0,1623.6
13,24,11,5.0,1356.4
13,24,12,4.0,1600.0
13,24,13,7.0,1620.6
13,24,14,6.0,1812.8
13,24,15,11.0,2004.9
13,24,16,8.0,2348.0
13,24,17,10.0,2189.0
13,24,18,12.0,1823.7
13,24,19,13.0,1756.3
13,24,20,10.0,1548.2
13,24,21,10.0,1249.4
13,24,22,7.0,1196.1
13,24,23,1.0,1259.0
13,25,0,1.0,1814.0
13,25,3,1.0,1531.0
13,25,4,1.0,1456.0
13,25,6,1.0,2654.0
13,25,7,1.0,3249.0
13,25,11,2.0,1966.0
13,25,13,2.0,2343.0
13,25,14,3.0,2390.7
13,25,15,1.0,2385.0
13,25,16,3.0,2403.0
13,25,17,2.0,3224.5
13,25,18,5.0,2312.4
13,25,19,11.0,2379.5
13,25,20,1.0,2011.0
13,25,21,1.0,1506.0
13,25,22,2.0,1491.0
13,25,23,7.0,1608.0
13,27,7,1.0,3418.0
13,27,8,1.0,2188.0
13,27,11,1.0,1780.0
13,27,13,1.0,1643.0
13,27,15,1.0,3029.0
13,27,18,2.0,2673.5
13,27,19,1.0,1756.0
13,27,21,1.0,2015.0
13,27,23,1.0,2060.0
13,28,0,1.0,1413.0
13,28,2,1.0,1560.0
13,28,4,3.0,1448.0
13,28,5,5.0,1345.2
13,28,6,8.0,2019.8
13,28,7,7.0,2876.1
13,28,8,9.0,3027.1
13,28,9,13.0,2297.9
13,28,10,5.0,2397.2
13,28,11,12.0,1836.5
13,28,12,11.0,2346.2
13,28,13,3.0,2583.3
13,28,14,6.0,2226.8
13,28,15,3.0,2753.3
13,28,17,3.0,2707.0
13,28,18,9.0,2341.3
13,28,19,5.0,1776.0
13,28,20,5.0,1831.4
13,28,21,3.0,1468.0
13,28,22,3.0,1303.7
13,28,23,2.0,1262.0
13,29,4,2.0,1976.0
13,31,6,1.0,3103.0
13,31,7,1.0,2099.0
13,31,12,1.0,3608.0
13,31,15,2.0,2972.0
13,31,16,1.0,2138.0
13,31,18,4.0,2949.2
13,31,19,6.0,2799.2
13,31,20,3.0,2337.7
13,31,21,6.0,1640.7
13,31,22,2.0,1521.0
13,31,23,1.0,1101.0
13,32,0,2.0,1323.0
13,32,2,2.0,1255.0
13,32,4,1.0,1725.0
13,32,5,5.0,1263.8
13,32,6,13.0,1741.5
13,32,7,15.0,3369.9
13,32,8,15.0,3090.5
13,32,9,22.0,2225.0
13,32,10,15.0,2285.9
13,32,11,15.0,1961.3
13,32,12,8.0,1967.1
13,32,13,6.0,2290.3
13,32,14,9.0,2110.1
13,32,15,5.0,2802.4
13,32,16,12.0,2633.1
13,32,17,6.0,2573.3
13,32,18,7.0,2271.3
13,32,19,10.0,2030.1
13,32,20,7.0,1784.9
13,32,21,3.0,1697.3
13,32,22,3.0,1409.0
13,32,23,1.0,1362.0
13,33,3,4.0,1570.5
13,33,4,1.0,1666.0
13,34,19,1.0,1990.0
13,34,20,2.0,2190.5
13,34,21,1.0,1479.0
13,36,19,1.0,3076.0
13,38,8,4.0,2645.2
13,38,11,2.0,1908.5
13,38,12,1.0,2651.0
13,38,14,1.0,2320.0
13,38,15,3.0,2875.7
13,38,17,5.0,2914.4
13,38,19,1.0,3083.0
13,38,20,1.0,1585.0
13,38,21,2.0,1574.5
13,38,22,1.0,1568.0
13,39,8,1.0,2998.0
13,39,19,1.0,2675.0
13,39,22,1.0,1548.0
13,40,0,2.0,1756.5
13,41,0,1.0,1867.0
13,41,8,1.0,3620.0
13,41,9,1.0,2188.0
13,41,12,2.0,2498.5
13,41,13,1.0,2578.0
13,41,16,1.0,3175.0
13,41,18,1.0,2531.0
13,41,20,1.0,2096.0
13,41,21,1.0,1910.0
13,42,20,2.0,2292.0
13,42,21,1.0,1890.0
13,42,22,1.0,1756.0
13,53,1,1.0,2304.0
13,53,18,1.0,3902.0
13,53,20,2.0,2806.0
13,53,21,1.0,3200.0
13,56,4,2.0,2364.0
13,56,5,2.0,2070.5
13,56,6,3.0,2678.7
13,56,8,3.0,3950.3
13,56,10,1.0,3128.0
13,56,11,1.0,2759.0
13,56,12,3.0,3444.0
13,56,13,2.0,3762.5
13,56,15,3.0,4728.7
13,56,17,2.0,4943.5
13,56,18,1.0,3307.0
13,56,19,2.0,2838.5
13,56,20,1.0,2876.0
13,57,2,1.0,1693.0
13,57,7,1.0,3859.0
13,58,0,1.0,1765.0
13,58,13,1.0,2866.0
13,58,14,1.0,3969.0
13,58,18,1.0,2613.0
13,58,20,2.0,2553.5
13,60,1,1.0,1583.0
13,60,23,2.0,1586.0
13,61,13,1.0,2906.0
13,61,22,3.0,1738.0
13,63,0,1.0,1996.0
13,65,1,1.0,1614.0
13,65,10,1.0,2399.0
13,65,21,1.0,2447.0
13,65,23,1.0,2442.0
13,66,2,2.0,2279.0
13,71,0,1.0,2137.0
13,71,4,1.0,1957.0
13,71,17,1.0,4117.0
13,71,22,1.0,2147.0
13,73,16,1.0,5297.0
13,73,22,1.0,2719.0
13,73,23,2.0,2471.0
13,76,3,10.0,1160.2
13,76,4,23.0,1274.0
13,76,5,26.0,1718.3
13,76,6,23.0,2092.3
13,76,7,23.0,2234.4
13,76,8,18.0,2020.8
13,76,9,13.0,1773.1
13,76,10,13.0,1656.2
13,76,11,20.0,1531.1
13,76,12,14.0,1703.3
13,76,13,18.0,1933.4
13,76,14,8.0,2027.5
13,76,15,8.0,2172.0
13,76,16,15.0,2284.3
13,76,17,10.0,2083.2
13,76,18,14.0,1980.7
13,76,19,12.0,1961.6
13,76,20,5.0,1455.8
13,76,21,8.0,1361.6
13,76,22,1.0,1058.0
13,77,0,3.0,766.3
13,77,1,1.0,716.0
13,77,2,6.0,698.0
13,77,3,1.0,616.0
13,77,4,1.0,912.0
13,77,5,1.0,535.0
13,77,6,2.0,1106.5
13,77,7,10.0,1313.9
13,77,8,4.0,1048.0
13,77,9,8.0,932.1
13,77,10,7.0,916.9
13,77,11,9.0,878.0
13,77,12,14.0,919.8
13,77,13,10.0,931.3
13,77,14,12.0,928.2
13,77,15,13.0,1272.3
13,77,16,24.0,1050.5
13,77,17,25.0,1206.9
13,77,18,26.0,988.8
13,77,19,25.0,1133.5
13,77,20,16.0,849.4
13,77,21,19.0,975.6
13,77,22,14.0,908.8
13,77,23,7.0,705.0
14,1,0,6.0,1049.0
14,1,1,6.0,1278.5
14,1,2,3.0,905.3
14,1,3,6.0,1159.3
14,1,4,3.0,1100.0
14,1,5,4.0,1127.2
14,1,6,2.0,1255.0
14,1,7,14.0,1792.1
14,1,8,18.0,1466.1
14,1,9,13.0,1322.6
14,1,10,9.0,1303.9
14,1,11,11.0,1172.4
14,1,12,9.0,1359.0
14,1,13,13.0,1335.6
14,1,14,8.0,1387.6
14,1,15,14.0,1434.1
14,1,16,16.0,1520.2
14,1,17,10.0,1551.3
14,1,18,18.0,1449.8
14,1,19,17.0,1282.4
14,1,20,18.0,1223.2
14,1,21,20.0,1158.8
14,1,22,21.0,1118.3
14,1,23,19.0,1088.4
14,2,0,22.0,686.1
14,2,1,10.0,1005.7
14,2,2,6.0,824.5
14,2,3,7.0,680.7
14,2,4,9.0,615.7
14,2,5,12.0,710.5
14,2,6,11.0,808.6
14,2,7,49.0,909.9
14,2,8,22.0,939.0
14,2,9,18.0,857.6
14,2,10,14.0,852.1
14,2,11,17.0,888.9
14,2,12,19.0,833.1
14,2,13,21.0,823.0
14,2,14,28.0,913.7
14,2,15,26.0,899.0
14,2,16,30.0,1087.1
14,2,17,27.0,1003.6
14,2,18,38.0,939.4
14,2,19,23.0,881.4
14,2,20,22.0,791.9
14,2,21,30.0,745.0
14,2,22,23.0,855.3
14,2,23,25.0,764.4
14,3,0,10.0,784.8
14,3,1,13.0,740.9
14,3,2,6.0,709.3
14,3,3,2.0,645.5
14,3,4,6.0,645.7
14,3,5,4.0,804.8
14,3,6,10.0,968.4
14,3,23,13.0,863.2
14,4,0,15.0,554.5
14,4,1,14.0,638.7
14,4,2,9.0,449.9
14,4,3,4.0,443.8
14,4,4,2.0,378.0
14,4,5,6.0,405.3
14,4,6,18.0,495.7
14,4,7,65.0,754.0
14,4,8,60.0,609.0
14,4,9,30.0,546.2
14,4,10,44.0,544.9
14,4,11,37.0,486.2
14,4,12,37.0,538.1
14,4,13,36.0,525.1
14,4,14,39.0,564.9
14,4,15,44.0,579.1
14,4,16,41.0,584.1
14,4,17,46.0,636.5
14,4,18,62.0,622.0
14,4,19,47.0,495.2
14,4,20,27.0,480.7
14,4,21,36.0,489.8
14,4,22,50.0,408.9
14,4,23,32.0,1028.0
14,5,1,4.0,716.8
14,5,2,5.0,493.0
14,5,4,1.0,553.0
14,6,0,17.0,977.5
14,6,1,5.0,1006.0
14,6,2,3.0,1098.7
14,6,3,7.0,871.4
14,6,4,16.0,946.8
14,6,5,5.0,844.8
14,6,6,32.0,1219.8
14,6,7,26.0,1639.3
14,6,8,25.0,1488.8
14,6,9,30.0,1328.8
14,6,10,27.0,1319.3
14,6,11,34.0,1205.3
14,6,12,20.0,1256.6
14,6,13,24.0,1167.6
14,6,14,41.0,1223.2
14,6,15,38.0,1377.1
14,6,16,34.0,1321.8
14,6,17,33.0,1384.4
14,6,18,51.0,1294.1
14,6,19,70.0,1174.5
14,6,20,30.0,1136.3
14,6,21,37.0,980.2
14,6,22,34.0,975.5
14,6,23,35.0,1003.3
14,7,0,4.0,1216.2
14,7,1,3.0,1071.3
14,7,2,1.0,877.0
14,7,3,1.0,1193.0
14,7,4,2.0,1009.5
14,7,5,8.0,930.2
14,7,6,15.0,1380.7
14,7,7,41.0,2062.3
14,7,8,26.0,1801.5
14,7,9,25.0,1515.8
14,7,10,19.0,1384.9
14,7,11,10.0,1405.3
14,7,12,14.0,1437.9
14,7,13,11.0,1318.1
14,7,14,23.0,1683.3
14,7,15,12.0,1937.3
14,7,16,16.0,1619.2
14,7,17,27.0,1741.3
14,7,18,22.0,1552.0
14,7,19,27.0,1463.5
14,7,20,18.0,1374.8
14,7,21,12.0,1200.3
14,7,22,21.0,1013.0
14,7,23,13.0,1074.0
14,8,0,16.0,1186.4
14,8,1,11.0,889.6
14,8,2,8.0,944.2
14,8,3,6.0,1021.2
14,8,4,22.0,973.2
14,8,5,44.0,1228.9
14,8,6,74.0,1469.5
14,8,7,73.0,2381.5
14,8,8,72.0,2574.2
14,8,9,81.0,2002.4
14,8,10,73.0,1761.5
14,8,11,44.0,1666.4
14,8,12,41.0,1693.3
14,8,13,39.0,1656.7
14,8,14,52.0,1818.0
14,8,15,53.0,2090.5
14,8,16,34.0,2184.0
14,8,17,39.0,2048.7
14,8,18,27.0,1816.4
14,8,19,30.0,1608.1
14,8,20,41.0,1415.4
14,8,21,27.0,1296.0
14,8,22,37.0,1161.2
14,8,23,32.0,1181.3
14,10,2,1.0,1124.0
14,11,1,3.0,606.7
14,11,2,13.0,516.2
14,11,3,4.0,377.0
14,11,4,5.0,515.8
14,11,5,12.0,514.1
14,11,6,4.0,1099.2
14,11,7,25.0,788.8
14,11,8,15.0,741.8
14,11,9,12.0,602.2
14,11,10,16.0,557.6
14,11,11,8.0,703.1
14,11,12,15.0,719.1
14,11,13,13.0,519.5
14,11,14,13.0,701.2
14,11,15,11.0,788.3
14,11,16,9.0,843.2
14,11,17,12.0,1085.7
14,11,18,12.0,903.6
14,11,19,12.0,609.5
14,11,20,9.0,740.7
14,11,21,10.0,664.4
14,11,22,10.0,681.1
14,11,23,3.0,464.3
14,12,1,1.0,259.0
14,12,5,4.0,411.8
14,12,6,4.0,787.5
14,12,7,24.0,590.7
14,12,8,20.0,805.1
14,12,9,6.0,743.7
14,12,10,3.0,414.7
14,12,11,2.0,565.5
14,12,12,8.0,583.1
14,12,13,4.0,654.0
14,12,14,6.0,571.5
14,12,15,9.0,1011.8
14,12,16,5.0,1022.8
14,12,17,5.0,1000.8
14,12,18,9.0,657.6
14,12,19,10.0,550.5
14,12,20,8.0,518.5
14,12,21,4.0,491.5
14,12,22,8.0,648.0
14,12,23,2.0,482.5
14,13,0,4.0,355.5
14,13,1,11.0,380.7
14,13,2,6.0,247.0
14,13,3,4.0,353.0
14,13,4,4.0,405.5
14,13,5,4.0,388.2
14,14,0,53.0,317.9
14,14,1,44.0,275.2
14,14,2,21.0,259.9
14,14,3,18.0,174.1
14,14,4,13.0,226.7
14,14,5,10.0,468.6
14,14,6,45.0,279.1
14,14,7,5.0,354.2
14,14,9,7.0,335.6
14,14,10,13.0,342.2
14,14,11,24.0,500.1
14,14,12,12.0,404.8
14,14,13,6.0,660.7
14,14,14,5.0,382.6
14,14,20,19.0,386.5
14,14,21,22.0,437.4
14,14,22,39.0,321.1
14,14,23,72.0,284.1
14,15,0,10.0,646.0
14,15,1,7.0,654.4
14,15,2,8.0,608.9
14,15,3,2.0,715.5
14,15,4,4.0,829.2
14,15,5,15.0,575.8
14,15,6,18.0,637.4
14,15,7,29.0,948.7
14,15,8,22.0,918.7
14,15,9,28.0,775.9
14,15,10,25.0,744.2
14,15,11,16.0,612.5
14,15,12,19.0,807.1
14,15,13,14.0,899.7
14,15,14,17.0,1036.9
14,15,15,24.0,1100.3
14,15,16,34.0,1123.4
14,15,17,28.0,1030.2
14,15,18,34.0,997.3
14,15,19,37.0,828.3
14,15,20,24.0,728.2
14,15,21,21.0,742.2
14,15,22,20.0,709.1
14,15,23,11.0,545.4
14,16,0,29.0,396.8
14,16,1,28.0,322.9
14,16,2,14.0,334.6
14,16,3,12.0,340.0
14,16,4,14.0,346.9
14,16,5,15.0,277.6
14,16,6,50.0,366.3
14,16,7,6.0,462.3
14,16,11,2.0,325.5
14,16,20,6.0,442.0
14,16,21,11.0,358.2
14,16,22,10.0,406.7
14,16,23,12.0,324.6
14,17,0,3.0,897.3
14,17,1,1.0,878.0
14,17,2,2.0,1069.0
14,17,4,7.0,956.9
14,17,5,3.0,1110.7
14,17,6,5.0,1201.8
14,17,7,26.0,1192.3
14,17,8,12.0,1177.7
14,17,9,25.0,952.7
14,17,10,24.0,1132.2
14,17,11,7.0,1262.4
14,17,12,11.0,1191.1
14,17,13,20.0,1249.7
14,17,14,8.0,1532.8
14,17,15,7.0,1623.3
14,17,16,4.0,1354.8
14,17,17,4.0,1783.0
14,17,18,6.0,1649.3
14,17,19,4.0,1319.2
14,17,20,3.0,1164.7
14,17,21,3.0,1207.0
14,17,22,7.0,1046.3
14,17,23,2.0,1235.5
14,18,1,1.0,1922.0
14,18,7,3.0,1814.7
14,18,8,2.0,1994.0
14,18,10,5.0,1479.8
14,18,11,3.0,1683.0
14,18,13,1.0,1836.0
14,18,15,2.0,2196.0
14,18,16,2.0,2115.5
14,18,17,3.0,2154.0
14,18,18,1.0,2091.0
14,18,19,1.0,1429.0
14,18,22,3.0,1142.3
14,18,23,2.0,1361.0
14,19,0,10.0,1193.0
14,19,1,2.0,1217.5
14,19,2,6.0,1023.3
14,19,3,2.0,965.0
14,19,4,6.0,1052.7
14,19,5,9.0,975.2
14,19,6,4.0,1143.0
14,19,23,6.0,967.7
14,20,0,3.0,710.7
14,20,1,1.0,783.0
14,20,2,2.0,630.5
14,20,3,3.0,1405.0
14,20,4,1.0,992.0
14,20,5,4.0,842.5
14,20,6,11.0,1131.3
14,20,7,6.0,1231.3
14,20,8,10.0,1034.1
14,20,9,1.0,827.0
14,20,10,2.0,748.0
14,20,11,1.0,947.0
14,20,12,6.0,1180.3
14,20,13,6.0,1236.2
14,20,14,2.0,1274.5
14,20,15,6.0,1732.3
14,20,16,11.0,1494.3
14,20,17,11.0,1478.6
14,20,18,18.0,1391.8
14,20,19,6.0,1092.3
14,20,20,3.0,992.0
14,20,21,9.0,806.4
14,20,22,4.0,783.2
14,20,23,6.0,873.3
14,21,0,15.0,573.5
14,21,1,6.0,605.8
14,21,2,1.0,379.0
14,21,3,4.0,569.8
14,21,4,10.0,604.9
14,21,5,9.0,544.6
14,21,6,16.0,649.1
14,21,7,30.0,952.9
14,21,8,32.0,944.1
14,21,9,17.0,704.4
14,21,10,19.0,605.2
14,21,11,22.0,681.0
14,21,12,31.0,618.9
14,21,13,30.0,704.1
14,21,14,32.0,891.5
14,21,15,24.0,889.2
14,21,16,34.0,860.3
14,21,17,32.0,943.4
14,21,18,44.0,889.3
14,21,19,37.0,834.6
14,21,20,17.0,681.0
14,21,21,24.0,616.2
14,21,22,15.0,577.2
14,21,23,13.0,581.5
14,22,0,5.0,678.0
14,22,1,7.0,661.3
14,22,2,8.0,794.4
14,22,3,4.0,793.2
14,22,4,6.0,652.0
14,22,5,8.0,688.0
14,23,0,8.0,968.2
14,23,1,3.0,934.3
14,23,2,1.0,767.0
14,23,3,1.0,709.0
14,23,4,1.0,1016.0
14,23,6,8.0,1109.9
14,23,7,4.0,1578.2
14,23,8,5.0,1613.4
14,23,9,6.0,1247.5
14,23,10,8.0,1256.6
14,23,11,10.0,1343.9
14,23,12,2.0,1324.0
14,23,13,9.0,1388.3
14,23,14,4.0,1616.0
14,23,15,7.0,2109.3
14,23,16,8.0,1903.0
14,23,17,15.0,1714.0
14,23,18,14.0,1929.8
14,23,19,9.0,1280.6
14,23,20,9.0,1504.0
14,23,21,12.0,1228.5
14,23,22,12.0,1012.0
14,23,23,14.0,1163.1
14,24,0,16.0,899.0
14,24,1,9.0,936.8
14,24,2,6.0,1002.2
14,24,3,11.0,836.0
14,24,4,9.0,828.4
14,24,5,7.0,790.0
14,24,6,33.0,1278.7
14,24,7,41.0,1971.4
14,24,8,47.0,2030.4
14,24,9,39.0,1470.1
14,24,10,24.0,1327.9
14,24,11,34.0,1273.8
14,24,12,19.0,1383.8
14,24,13,27.0,1366.2
14,24,14,26.0,1484.4
14,24,15,26.0,1760.5
14,24,16,24.0,1770.8
14,24,17,23.0,1704.8
14,24,18,41.0,1640.4
14,24,19,38.0,1378.4
14,24,20,26.0,1151.7
14,24,21,15.0,1148.0
14,24,22,20.0,1003.5
14,24,23,8.0,898.0
14,25,0,3.0,1285.0
14,25,1,2.0,1885.5
14,25,2,2.0,1465.5
14,25,3,1.0,2100.0
14,25,5,1.0,1753.0
14,25,6,3.0,1495.0
14,25,7,1.0,2012.0
14,25,8,4.0,2051.2
14,25,9,8.0,1747.5
14,25,10,7.0,1715.6
14,25,11,2.0,1559.5
14,25,12,3.0,2107.0
14,25,13,1.0,2426.0
14,25,14,4.0,2149.0
14,25,15,7.0,2395.4
14,25,16,8.0,2244.9
14,25,17,10.0,2424.1
14,25,18,3.0,2373.7
14,25,19,6.0,1902.2
14,25,20,6.0,1475.5
14,25,21,10.0,1507.3
14,25,22,2.0,1860.5
14,25,23,2.0,1652.5
14,26,5,1.0,1477.0
14,26,7,2.0,2056.5
14,26,8,4.0,2743.5
14,26,14,4.0,1851.2
14,26,16,2.0,2422.0
14,26,18,1.0,2291.0
14,26,19,1.0,2431.0
14,26,20,2.0,1395.0
14,26,21,1.0,1159.0
14,26,22,1.0,1247.0
14,27,2,1.0,984.0
14,28,0,9.0,1229.8
14,28,1,4.0,950.0
14,28,2,4.0,1068.8
14,28,3,3.0,1190.7
14,28,4,8.0,976.4
14,28,5,40.0,1087.3
14,28,6,15.0,1318.7
14,28,23,2.0,1067.5
14,29,0,2.0,1413.5
14,29,6,4.0,1733.5
14,29,7,2.0,1764.0
14,29,9,1.0,2196.0
14,29,11,2.0,2099.5
14,29,12,1.0,1886.0
14,29,13,1.0,2165.0
14,29,15,2.0,2830.0
14,29,17,1.0,2737.0
14,29,18,1.0,1872.0
14,29,19,2.0,2479.5
14,29,21,1.0,1558.0
14,29,22,1.0,1421.0
14,30,0,1.0,1980.0
14,30,1,3.0,1571.3
14,30,2,4.0,1559.5
14,30,3,1.0,1337.0
14,30,4,3.0,1926.7
14,30,5,2.0,1589.0
14,30,6,1.0,1857.0
14,30,7,2.0,2611.5
14,30,9,2.0,2088.0
14,30,14,1.0,2246.0
14,30,15,4.0,2836.2
14,30,17,1.0,2555.0
14,30,18,2.0,2716.5
14,30,21,4.0,1910.0
14,30,22,4.0,1616.5
14,30,23,1.0,1387.0
14,31,2,1.0,1706.0
14,31,5,2.0,1813.5
14,31,6,14.0,2016.1
14,31,7,3.0,2755.0
14,31,8,4.0,2521.5
14,31,9,6.0,2456.0
14,31,10,9.0,2294.4
14,31,11,5.0,2026.8
14,31,12,4.0,2166.2
14,31,13,3.0,2124.3
14,31,14,2.0,2935.0
14,31,15,1.0,2953.0
14,31,16,1.0,2733.0
14,31,17,3.0,2765.0
14,31,18,5.0,2444.4
14,31,19,6.0,1793.2
14,31,20,10.0,1793.3
14,31,21,2.0,1156.5
14,31,22,3.0,1247.0
14,31,23,3.0,1155.3
14,32,1,5.0,1007.0
14,32,2,7.0,1299.9
14,32,3,1.0,840.0
14,32,4,8.0,1033.8
14,33,1,1.0,919.0
14,33,3,1.0,1097.0
14,33,4,2.0,1175.5
14,33,6,12.0,2015.2
14,33,7,1.0,2555.0
14,33,8,2.0,3212.5
14,33,9,7.0,2628.6
14,33,10,7.0,2420.6
14,33,11,6.0,2987.7
14,33,12,4.0,1731.8
14,33,13,3.0,1985.7
14,33,14,1.0,1976.0
14,33,15,1.0,2465.0
14,33,16,2.0,2963.5
14,33,18,4.0,2316.2
14,33,19,2.0,1842.0
14,33,20,5.0,1845.6
14,33,21,1.0,1313.0
14,33,22,2.0,1532.0
14,33,23,2.0,1573.0
14,34,7,1.0,1551.0
14,34,10,1.0,1394.0
14,34,11,1.0,1572.0
14,34,17,3.0,3070.0
14,34,18,1.0,1790.0
14,34,21,1.0,1602.0
14,34,22,1.0,1030.0
14,35,0,1.0,1660.0
14,35,2,4.0,1216.5
14,35,3,3.0,1691.7
14,35,4,2.0,2133.0
14,35,6,1.0,1475.0
14,35,8,1.0,2077.0
14,35,11,7.0,1745.3
14,35,13,1.0,1633.0
14,35,15,1.0,2312.0
14,35,17,1.0,2199.0
14,35,18,1.0,2223.0
14,35,19,1.0,2895.0
14,35,21,1.0,1537.0
14,35,22,2.0,1876.0
14,38,0,5.0,1435.2
14,38,8,1.0,2582.0
14,38,10,1.0,2119.0
14,38,12,2.0,2093.5
14,38,15,1.0,2324.0
14,38,17,2.0,2165.5
14,38,20,1.0,2804.0
14,39,7,1.0,2408.0
14,39,8,1.0,3249.0
14,39,15,1.0,2909.0
14,39,18,1.0,2315.0
14,39,20,1.0,2436.0
14,39,23,1.0,1981.0
14,40,18,1.0,1976.0
14,40,23,1.0,1479.0
14,41,0,2.0,1490.5
14,41,4,1.0,2690.0
14,42,3,2.0,1670.0
14,43,1,1.0,1634.0
14,44,18,1.0,3457.0
14,44,19,1.0,2984.0
14,44,21,2.0,1741.5
14,46,11,1.0,3313.0
14,49,1,1.0,1857.0
14,49,3,1.0,1952.0
14,49,18,1.0,3743.0
14,51,21,1.0,2216.0
14,52,12,1.0,2867.0
14,55,19,1.0,4582.0
14,56,2,1.0,1706.0
14,56,3,8.0,1879.4
14,56,4,9.0,1828.4
14,56,5,9.0,2121.3
14,56,6,10.0,2646.9
14,56,7,3.0,3495.7
14,56,8,3.0,3439.3
14,56,9,4.0,2785.2
14,56,10,7.0,2730.9
14,56,11,3.0,3331.7
14,56,12,2.0,2419.5
14,56,13,3.0,3212.0
14,56,14,1.0,4271.0
14,56,15,3.0,4268.0
14,56,16,5.0,4184.6
14,56,17,1.0,4650.0
14,56,18,3.0,3412.7
14,56,19,3.0,2566.7
14,56,20,2.0,2311.5
14,56,22,1.0,2050.0
14,57,0,1.0,1456.0
14,57,5,2.0,1792.5
14,57,6,7.0,2647.3
14,58,0,1.0,2520.0
14,58,1,4.0,1959.2
14,58,3,1.0,2064.0
14,58,8,2.0,2733.5
14,58,9,4.0,2655.2
14,58,13,1.0,2858.0
14,58,18,2.0,2465.5
14,58,21,1.0,1837.0
14,58,23,3.0,1674.3
14,59,4,1.0,1074.0
14,59,7,1.0,2669.0
14,59,10,1.0,2597.0
14,59,14,1.0,3044.0
14,59,15,1.0,3157.0
14,60,0,1.0,1656.0
14,60,6,1.0,2890.0
14,60,8,1.0,2453.0
14,60,15,1.0,2261.0
14,60,18,1.0,1798.0
14,60,19,1.0,1645.0
14,60,21,2.0,1582.0
14,60,22,2.0,1607.0
14,60,23,1.0,1860.0
14,61,3,2.0,1737.5
14,61,5,1.0,1941.0
14,61,8,1.0,3353.0
14,61,15,2.0,3225.0
14,61,18,2.0,2440.5
14,61,19,1.0,2327.0
14,63,1,1.0,1790.0
14,64,22,1.0,1734.0
14,66,0,1.0,2026.0
14,66,3,1.0,2131.0
14,66,12,1.0,3469.0
14,66,14,1.0,4136.0
14,66,17,2.0,5066.0
14,66,18,1.0,3261.0
14,66,20,1.0,2435.0
14,66,21,1.0,2247.0
14,66,22,1.0,2511.0
14,67,3,1.0,1510.0
14,67,19,1.0,2845.0
14,68,0,1.0,1772.0
14,68,2,2.0,1838.5
14,68,19,1.0,1973.0
14,69,23,2.0,1957.5
14,70,5,1.0,4091.0
14,70,8,1.0,3442.0
14,71,9,1.0,2242.0
14,71,19,1.0,2284.0
14,71,22,1.0,1992.0
14,73,12,1.0,2362.0
14,73,15,1.0,3507.0
14,75,0,1.0,1814.0
14,76,0,1.0,714.0
14,76,1,3.0,899.3
14,76,2,10.0,1009.8
14,76,3,40.0,1129.2
14,76,4,86.0,1129.1
14,76,5,72.0,1659.1
14,77,1,10.0,1058.6
14,77,2,6.0,874.8
14,77,3,2.0,1019.0
14,77,4,5.0,930.6
15,1,0,2.0,1237.0
15,1,1,2.0,1463.0
15,1,2,1.0,1215.0
15,1,4,1.0,1105.0
15,1,23,3.0,1535.7
15,2,0,7.0,1268.6
15,2,1,3.0,1113.0
15,2,2,2.0,1394.5
15,2,3,1.0,982.0
15,2,6,1.0,1309.0
15,2,23,1.0,910.0
15,3,0,1.0,1032.0
15,3,1,3.0,1355.0
15,3,2,2.0,1343.0
15,3,4,4.0,1281.0
15,3,5,6.0,1427.5
15,3,6,6.0,2086.5
15,3,7,9.0,2550.2
15,3,8,5.0,2265.8
15,3,9,21.0,1829.4
15,3,10,7.0,1542.4
15,3,11,6.0,1691.3
15,3,12,8.0,1656.0
15,3,13,14.0,1652.9
15,3,14,18.0,1865.8
15,3,15,16.0,2107.1
15,3,16,10.0,1817.7
15,3,17,13.0,1889.7
15,3,18,15.0,1995.1
15,3,19,18.0,1651.1
15,3,20,10.0,1495.7
15,3,21,8.0,1313.1
15,3,22,13.0,1377.0
15,3,23,8.0,1267.2
15,4,0,5.0,960.6
15,4,1,8.0,1035.1
15,4,2,3.0,920.3
15,4,3,2.0,725.5
15,4,4,2.0,970.0
15,4,5,8.0,748.0
15,4,6,13.0,1217.5
15,4,7,3.0,1089.0
15,4,11,1.0,1058.0
15,4,12,1.0,1046.0
15,4,21,1.0,1031.0
15,4,22,2.0,1327.0
15,4,23,3.0,1253.7
15,5,1,1.0,1077.0
15,5,5,4.0,1005.2
15,6,0,3.0,1086.0
15,6,1,8.0,970.8
15,6,2,4.0,1115.0
15,6,3,3.0,978.0
15,6,4,1.0,946.0
15,6,5,19.0,1227.2
15,6,6,19.0,1593.1
15,6,7,32.0,2668.0
15,6,8,29.0,2247.7
15,6,9,37.0,1746.9
15,6,10,24.0,1520.0
15,6,11,16.0,1517.7
15,6,12,20.0,1482.8
15,6,13,27.0,1588.5
15,6,14,34.0,1619.9
15,6,15,16.0,1932.9
15,6,16,18.0,1991.2
15,6,17,28.0,1907.5
15,6,18,39.0,1796.8
15,6,19,29.0,1557.5
15,6,20,24.0,1449.9
15,6,21,28.0,1316.1
15,6,22,29.0,1306.3
15,6,23,7.0,1178.0
15,7,0,5.0,1191.6
15,7,1,2.0,1208.5
15,7,2,3.0,893.7
15,7,4,1.0,964.0
15,7,5,11.0,1131.6
15,7,6,32.0,1701.8
15,7,7,13.0,2110.3
15,7,8,2.0,1494.5
15,7,9,28.0,1636.6
15,7,10,19.0,1443.1
15,7,11,26.0,1528.4
15,7,12,24.0,1422.2
15,7,13,13.0,1636.4
15,7,14,16.0,1590.4
15,7,15,10.0,1449.4
15,7,16,3.0,1456.3
15,7,17,4.0,1735.5
15,7,18,7.0,1659.3
15,7,19,5.0,1633.4
15,7,20,9.0,1405.0
15,7,21,10.0,1146.3
15,7,22,8.0,1089.6
15,7,23,7.0,1135.3
15,8,0,7.0,1123.6
15,8,1,7.0,1203.9
15,8,2,3.0,1048.7
15,8,3,3.0,911.7
15,8,4,14.0,1043.0
15,8,5,65.0,1187.7
15,8,6,84.0,1748.9
15,8,7,64.0,2846.6
15,8,8,76.0,2848.1
15,8,9,55.0,2289.6
15,8,10,39.0,1817.0
15,8,11,62.0,1765.6
15,8,12,34.0,1705.6
15,8,13,32.0,1750.0
15,8,14,39.0,1979.5
15,8,15,41.0,2097.9
15,8,16,38.0,2449.9
15,8,17,50.0,2240.9
15,8,18,35.0,1909.4
15,8,19,41.0,1779.6
15,8,20,27.0,1467.5
15,8,21,27.0,1408.9
15,8,22,31.0,1173.6
15,8,23,34.0,1068.4
15,9,0,1.0,729.0
15,9,5,10.0,1207.0
15,9,7,3.0,1555.0
15,9,8,6.0,1243.7
15,9,9,6.0,952.5
15,9,10,6.0,1004.2
15,9,11,1.0,1105.0
15,9,12,2.0,1033.0
15,9,14,1.0,1316.0
15,9,15,3.0,1078.7
15,9,16,3.0,1267.7
15,9,17,3.0,1175.3
15,9,18,7.0,1180.3
15,9,19,4.0,1200.8
15,9,20,2.0,873.5
15,9,21,5.0,871.6
15,9,23,2.0,670.5
15,10,0,6.0,630.2
15,10,1,7.0,682.6
15,10,2,4.0,588.2
15,10,3,1.0,524.0
15,10,4,1.0,549.0
15,10,5,5.0,632.4
15,10,6,7.0,793.6
15,10,23,1.0,701.0
15,11,0,6.0,383.3
15,11,1,5.0,388.8
15,11,2,4.0,264.8
15,11,3,16.0,444.8
15,11,4,19.0,451.6
15,11,5,8.0,519.8
15,12,1,1.0,482.0
15,12,2,2.0,837.5
15,12,4,1.0,471.0
15,12,5,2.0,609.0
15,13,0,1.0,760.0
15,13,1,1.0,1000.0
15,13,3,1.0,726.0
15,13,4,3.0,702.7
15,13,5,4.0,586.0
15,13,6,20.0,1117.7
15,13,7,51.0,1414.1
15,13,8,30.0,1214.7
15,13,9,11.0,1212.2
15,13,10,20.0,938.0
15,13,11,16.0,880.2
15,13,12,15.0,900.4
15,13,13,9.0,899.6
15,13,14,13.0,968.2
15,13,15,7.0,1300.6
15,13,16,9.0,1137.4
15,13,17,7.0,1120.4
15,13,18,8.0,1233.6
15,13,19,3.0,939.7
15,13,20,8.0,1132.2
15,13,21,5.0,943.2
15,13,22,1.0,782.0
15,13,23,2.0,990.5
15,14,1,2.0,877.5
15,14,2,5.0,753.0
15,14,3,2.0,958.0
15,14,4,3.0,601.3
15,14,5,2.0,887.5
15,15,0,51.0,321.6
15,15,1,20.0,369.4
15,15,2,19.0,437.7
15,15,3,13.0,665.5
15,15,4,19.0,372.7
15,15,5,14.0,303.9
15,15,6,27.0,449.8
15,15,7,90.0,502.6
15,15,8,108.0,416.7
15,15,9,70.0,337.1
15,15,10,61.0,424.2
15,15,11,60.0,422.3
15,15,12,69.0,484.4
15,15,13,89.0,454.0
15,15,14,87.0,387.4
15,15,15,103.0,582.4
15,15,16,97.0,479.9
15,15,17,118.0,488.7
15,15,18,101.0,434.3
15,15,19,99.0,429.8
15,15,20,67.0,413.5
15,15,21,76.0,376.9
15,15,22,68.0,347.4
15,15,23,52.0,333.0
15,16,0,18.0,539.4
15,16,1,14.0,439.3
15,16,2,17.0,383.3
15,16,3,11.0,359.6
15,16,4,23.0,295.4
15,16,5,21.0,404.0
15,16,6,32.0,737.5
15,16,7,145.0,776.7
15,16,8,157.0,652.7
15,16,9,73.0,556.3
15,16,10,62.0,557.3
15,16,11,35.0,562.4
15,16,12,46.0,563.2
15,16,13,62.0,609.7
15,16,14,43.0,596.0
15,16,15,52.0,644.5
15,16,16,54.0,695.2
15,16,17,63.0,827.8
15,16,18,51.0,677.9
15,16,19,57.0,635.5
15,16,20,44.0,490.2
15,16,21,52.0,501.3
15,16,22,38.0,548.4
15,16,23,27.0,486.5
15,17,0,7.0,457.9
15,17,1,10.0,538.6
15,17,2,10.0,472.3
15,17,3,3.0,364.0
15,17,4,2.0,421.5
15,17,5,7.0,449.9
15,18,1,1.0,499.0
15,18,2,3.0,573.3
15,18,3,1.0,343.0
15,19,0,29.0,488.5
15,19,1,20.0,556.7
15,19,2,19.0,448.9
15,19,3,13.0,347.5
15,19,4,16.0,588.6
15,19,5,7.0,707.6
15,19,6,19.0,697.9
15,19,7,65.0,706.8
15,19,8,49.0,653.2
15,19,9,57.0,603.8
15,19,10,58.0,501.9
15,19,11,48.0,601.5
15,19,12,67.0,501.2
15,19,13,26.0,528.2
15,19,14,63.0,657.7
15,19,15,68.0,686.0
15,19,16,76.0,737.9
15,19,17,73.0,729.5
15,19,18,57.0,749.0
15,19,19,55.0,596.0
15,19,20,52.0,581.9
15,19,21,48.0,590.3
15,19,22,66.0,504.3
15,19,23,33.0,546.9
15,20,0,4.0,503.8
15,20,1,2.0,407.0
15,20,3,2.0,716.0
15,20,4,1.0,530.0
15,20,5,9.0,631.4
15,20,6,5.0,564.0
15,20,9,1.0,553.0
15,20,10,2.0,868.5
15,20,11,5.0,962.6
15,20,12,6.0,676.7
15,20,14,3.0,761.0
15,20,20,4.0,788.8
15,20,21,7.0,708.4
15,20,22,10.0,730.2
15,20,23,8.0,578.8
15,21,0,14.0,518.4
15,21,1,11.0,623.0
15,21,2,4.0,532.5
15,21,3,5.0,490.6
15,21,4,11.0,686.3
15,21,5,15.0,522.9
15,21,6,25.0,797.7
15,21,7,67.0,1043.0
15,21,8,71.0,835.6
15,21,9,31.0,678.2
15,21,10,30.0,714.2
15,21,11,33.0,693.0
15,21,12,23.0,793.0
15,21,13,24.0,664.6
15,21,14,30.0,767.1
15,21,15,28.0,845.4
15,21,16,21.0,825.2
15,21,17,37.0,892.0
15,21,18,31.0,839.5
15,21,19,37.0,746.1
15,21,20,23.0,584.3
15,21,21,26.0,640.3
15,21,22,28.0,582.1
15,21,23,20.0,687.4
15,22,0,4.0,714.8
15,22,1,7.0,607.9
15,22,2,7.0,613.9
15,22,3,9.0,619.8
15,22,4,8.0,785.4
15,22,5,16.0,814.4
15,23,0,12.0,1094.6
15,23,1,7.0,834.4
15,23,2,3.0,1115.7
15,23,4,1.0,1128.0
15,23,5,5.0,1038.0
15,23,6,8.0,1343.1
15,23,7,9.0,1430.7
15,23,8,12.0,1721.5
15,23,9,12.0,1330.1
15,23,10,9.0,1153.6
15,23,11,11.0,1039.1
15,23,12,16.0,1111.9
15,23,13,4.0,1390.0
15,23,14,10.0,1188.3
15,23,15,13.0,1660.9
15,23,16,9.0,1654.9
15,23,17,17.0,1670.6
15,23,18,8.0,1453.0
15,23,19,13.0,1134.5
15,23,20,15.0,1333.4
15,23,21,9.0,1110.3
15,23,22,11.0,1059.5
15,23,23,10.0,1019.2
15,24,1,2.0,822.0
15,24,2,5.0,936.2
15,24,3,4.0,901.2
15,24,4,10.0,1200.9
15,25,0,6.0,841.7
15,25,1,5.0,715.8
15,25,2,3.0,636.3
15,25,4,4.0,707.2
15,25,5,5.0,1027.4
15,25,6,6.0,1153.8
15,25,7,7.0,1533.4
15,25,8,5.0,1451.4
15,25,9,4.0,1006.0
15,25,10,11.0,939.9
15,25,11,8.0,1236.1
15,25,12,12.0,1065.5
15,25,13,18.0,1113.6
15,25,14,14.0,1346.6
15,25,15,24.0,1273.6
15,25,16,27.0,1140.7
15,25,17,18.0,1348.3
15,25,18,29.0,1165.4
15,25,19,22.0,1100.1
15,25,20,20.0,1026.5
15,25,21,14.0,882.3
15,25,22,13.0,925.5
15,25,23,20.0,1000.0
15,26,0,1.0,1460.0
15,26,1,1.0,1439.0
15,26,10,1.0,1352.0
15,26,13,2.0,1814.5
15,26,14,1.0,1767.0
15,26,15,1.0,1946.0
15,26,16,2.0,2383.0
15,26,18,1.0,1267.0
15,26,19,2.0,1594.5
15,26,21,1.0,1261.0
15,26,22,2.0,1813.0
15,26,23,1.0,1093.0
15,27,3,1.0,1157.0
15,28,0,3.0,1331.0
15,28,1,3.0,1019.7
15,28,2,1.0,1219.0
15,28,3,3.0,1335.0
15,28,4,8.0,1111.1
15,28,5,41.0,1089.1
15,28,6,68.0,1891.2
15,28,7,68.0,2543.2
15,28,8,66.0,2647.7
15,28,9,47.0,2137.8
15,28,10,31.0,1773.4
15,28,11,37.0,1656.8
15,28,12,25.0,1767.1
15,28,13,32.0,1727.9
15,28,14,19.0,1962.2
15,28,15,25.0,2293.3
15,28,16,17.0,2114.9
15,28,17,28.0,2179.2
15,28,18,28.0,2092.5
15,28,19,30.0,1607.3
15,28,20,16.0,1458.6
15,28,21,13.0,1108.2
15,28,22,10.0,1301.1
15,28,23,6.0,1070.5
15,29,0,2.0,1671.5
15,29,2,2.0,1384.0
15,29,4,2.0,1613.5
15,29,5,4.0,1575.8
15,29,6,5.0,1787.8
15,29,7,5.0,2194.0
15,29,9,2.0,2178.5
15,29,10,1.0,1570.0
15,29,11,1.0,1842.0
15,29,12,2.0,2121.5
15,29,14,4.0,2488.0
15,29,16,1.0,3001.0
15,29,17,3.0,2533.7
15,29,18,6.0,2475.3
15,29,19,2.0,2342.0
15,29,21,8.0,1414.5
15,29,22,1.0,1410.0
15,29,23,1.0,2146.0
15,30,1,2.0,1887.5
15,30,2,2.0,1392.0
15,31,0,2.0,1640.0
15,31,2,1.0,1144.0
15,31,3,1.0,1479.0
15,31,4,1.0,1170.0
15,31,5,1.0,1369.0
15,31,6,3.0,1890.0
15,31,8,1.0,2115.0
15,31,10,1.0,2014.0
15,31,11,3.0,1885.0
15,31,12,2.0,1837.5
15,31,13,2.0,1799.0
15,31,17,1.0,2793.0
15,31,19,1.0,2158.0
15,31,20,4.0,1504.0
15,31,22,2.0,1283.5
15,32,0,3.0,1149.7
15,32,1,3.0,1032.3
15,32,4,15.0,1223.1
15,32,5,57.0,1183.8
15,33,5,1.0,981.0
15,33,6,9.0,1659.9
15,33,7,8.0,2951.1
15,33,8,5.0,2728.4
15,33,9,4.0,2252.8
15,33,10,2.0,2099.5
15,33,11,3.0,1967.3
15,33,12,3.0,2508.0
15,33,13,2.0,2901.5
15,33,15,2.0,3612.0
15,33,16,1.0,3886.0
15,33,17,1.0,1884.0
15,33,18,2.0,2127.0
15,33,19,5.0,1995.2
15,33,20,6.0,1886.7
15,33,21,3.0,1517.7
15,33,23,3.0,1197.7
15,35,6,1.0,1818.0
15,35,7,3.0,2481.0
15,35,8,3.0,2730.0
15,35,10,1.0,2354.0
15,35,13,2.0,2373.5
15,35,18,2.0,1997.0
15,35,19,1.0,1641.0
15,35,20,1.0,1888.0
15,35,23,1.0,1112.0
15,36,2,2.0,1607.5
15,36,21,1.0,2804.0
15,38,1,1.0,1163.0
15,38,3,1.0,1454.0
15,40,11,1.0,2060.0
15,40,18,1.0,2535.0
15,40,19,1.0,2444.0
15,41,0,1.0,1521.0
15,41,6,7.0,1701.1
15,41,8,1.0,2651.0
15,41,9,1.0,1917.0
15,41,11,3.0,2323.0
15,41,12,2.0,2720.5
15,41,17,2.0,2407.5
15,41,19,2.0,2165.0
15,43,13,1.0,2628.0
15,43,16,1.0,5651.0
15,43,17,1.0,3080.0
15,43,21,3.0,1987.7
15,44,4,1.0,1447.0
15,46,5,1.0,1725.0
15,46,14,1.0,2921.0
15,50,7,1.0,3794.0
15,56,1,1.0,1699.0
15,56,3,1.0,1745.0
15,56,4,7.0,1816.6
15,56,5,5.0,1821.8
15,57,3,1.0,1389.0
15,57,6,1.0,1953.0
15,58,0,1.0,1732.0
15,58,7,2.0,3023.0
15,58,8,2.0,3486.0
15,58,9,1.0,2559.0
15,58,11,1.0,2632.0
15,58,15,2.0,3805.0
15,58,16,1.0,3670.0
15,58,22,2.0,2449.0
15,59,1,1.0,1869.0
15,60,0,1.0,1080.0
15,60,6,1.0,2338.0
15,61,7,3.0,2808.3
15,61,8,3.0,2386.3
15,61,9,2.0,2667.0
15,61,10,2.0,2265.0
15,61,11,1.0,2893.0
15,61,12,1.0,4036.0
15,61,18,1.0,2933.0
15,61,19,1.0,2469.0
15,61,20,1.0,1718.0
15,61,21,1.0,1560.0
15,61,22,2.0,1924.0
15,62,9,1.0,2520.0
15,62,18,1.0,2829.0
15,62,23,1.0,2316.0
15,63,1,1.0,1533.0
15,65,0,1.0,2353.0
15,65,18,1.0,3684.0
15,65,19,2.0,2742.0
15,65,20,1.0,3421.0
15,65,21,1.0,2470.0
15,67,0,2.0,2381.0
15,67,1,2.0,2296.5
15,69,1,1.0,1567.0
15,69,11,1.0,2110.0
15,69,21,1.0,1910.0
15,70,11,1.0,4537.0
15,70,13,1.0,3539.0
15,70,19,1.0,3006.0
15,70,21,1.0,2677.0
15,70,23,1.0,2372.0
15,71,1,1.0,1544.0
15,71,11,1.0,2280.0
15,71,14,1.0,4043.0
15,71,20,1.0,3157.0
15,71,21,2.0,2836.0
15,73,9,1.0,2488.0
15,73,15,7.0,5392.6
15,73,17,1.0,3761.0
15,73,18,1.0,2386.0
15,75,18,1.0,2971.0
15,76,0,3.0,833.3
15,76,1,4.0,894.2
15,76,2,5.0,1109.2
15,76,3,49.0,1066.0
15,76,4,73.0,1033.3
15,76,5,97.0,1317.6
15,77,0,4.0,1066.5
15,77,1,4.0,1768.8
15,77,2,6.0,1381.8
15,77,4,1.0,1705.0
15,77,5,1.0,1386.0
15,77,23,3.0,1467.7
16,1,0,10.0,1459.1
16,1,1,2.0,935.5
16,1,2,7.0,1076.4
16,1,3,2.0,1026.0
16,1,4,2.0,1349.0
16,1,5,2.0,1282.5
16,1,7,13.0,1959.6
16,1,8,8.0,1672.2
16,1,9,8.0,1834.4
16,1,10,7.0,1554.6
16,1,11,6.0,1372.0
16,1,12,9.0,1700.2
16,1,13,9.0,1498.6
16,1,14,7.0,1407.6
16,1,15,6.0,1513.2
16,1,16,16.0,1777.2
16,1,17,9.0,1672.3
16,1,18,6.0,1762.3
16,1,19,10.0,1575.2
16,1,20,9.0,1501.3
16,1,21,14.0,1349.5
16,1,22,15.0,1366.1
16,1,23,21.0,1396.3
16,2,1,5.0,839.6
16,2,2,1.0,721.0
16,2,3,2.0,953.5
16,2,4,3.0,909.7
16,2,5,1.0,1020.0
16,3,0,24.0,902.2
16,3,1,7.0,835.9
16,3,2,8.0,670.0
16,3,3,5.0,803.0
16,3,4,6.0,704.7
16,3,5,8.0,801.1
16,3,6,14.0,1001.9
16,3,7,39.0,1316.4
16,3,8,54.0,1271.8
16,3,9,30.0,1097.3
16,3,10,22.0,1101.2
16,3,11,26.0,1066.3
16,3,12,24.0,1123.1
16,3,13,24.0,1102.8
16,3,14,31.0,1201.4
16,3,15,38.0,1259.5
16,3,16,41.0,1193.0
16,3,17,56.0,1334.4
16,3,18,68.0,1264.9
16,3,19,70.0,1144.4
16,3,20,59.0,1088.5
16,3,21,63.0,1010.7
16,3,22,65.0,903.7
16,3,23,57.0,913.6
16,4,0,18.0,612.7
16,4,1,12.0,574.0
16,4,2,3.0,532.7
16,4,3,4.0,758.5
16,4,4,3.0,553.7
16,4,5,12.0,690.7
16,4,6,30.0,642.4
16,4,7,68.0,1153.4
16,4,8,65.0,980.0
16,4,9,42.0,733.0
16,4,10,41.0,726.3
16,4,11,37.0,737.9
16,4,12,34.0,701.6
16,4,13,31.0,836.7
16,4,14,35.0,761.4
16,4,15,40.0,806.4
16,4,16,47.0,873.9
16,4,17,45.0,956.8
16,4,18,66.0,926.7
16,4,19,52.0,804.0
16,4,20,33.0,750.8
16,4,21,38.0,739.1
16,4,22,44.0,687.4
16,4,23,34.0,737.4
16,5,0,17.0,477.1
16,5,1,18.0,516.3
16,5,2,8.0,571.1
16,5,3,5.0,451.0
16,5,4,11.0,450.0
16,5,5,15.0,405.3
16,5,6,2.0,607.5
16,6,0,12.0,752.3
16,6,1,22.0,803.6
16,6,2,11.0,778.6
16,6,3,4.0,736.5
16,6,4,7.0,656.6
16,6,5,26.0,837.3
16,7,1,2.0,952.0
16,7,2,3.0,936.3
16,7,3,6.0,668.3
16,7,4,10.0,649.9
16,8,0,16.0,962.1
16,8,1,11.0,874.1
16,8,2,2.0,1510.0
16,8,3,11.0,889.7
16,8,4,23.0,840.9
16,8,5,48.0,1041.5
16,8,6,15.0,1247.7
16,9,1,1.0,896.0
16,9,3,1.0,1154.0
16,9,4,1.0,1124.0
16,9,5,1.0,730.0
16,9,7,5.0,1565.4
16,9,8,6.0,1304.3
16,9,9,5.0,990.0
16,9,10,1.0,1046.0
16,9,11,1.0,949.0
16,9,15,4.0,1388.0
16,9,16,2.0,1716.0
16,9,18,2.0,1249.0
16,9,19,2.0,1222.5
16,9,21,1.0,840.0
16,9,22,1.0,837.0
16,9,23,1.0,741.0
16,10,0,5.0,654.4
16,10,1,4.0,798.5
16,10,2,2.0,806.0
16,10,3,3.0,645.0
16,10,4,1.0,676.0
16,10,5,2.0,735.0
16,10,6,6.0,804.0
16,10,7,17.0,1402.9
16,10,8,8.0,1557.8
16,10,9,14.0,903.5
16,10,10,5.0,1176.4
16,10,11,5.0,993.8
16,10,12,6.0,1028.7
16,10,13,4.0,1386.8
16,10,14,7.0,1373.3
16,10,15,4.0,1194.2
16,10,16,3.0,1646.7
16,10,17,8.0,1143.8
16,10,18,2.0,1282.0
16,10,19,9.0,959.1
16,10,20,3.0,818.3
16,10,21,7.0,844.7
16,10,22,15.0,772.6
16,10,23,9.0,820.9
16,11,0,8.0,479.9
16,11,2,3.0,638.7
16,11,3,5.0,528.6
16,11,4,7.0,399.3
16,11,5,17.0,596.5
16,11,6,7.0,724.7
16,11,7,5.0,2027.4
16,11,8,7.0,715.6
16,11,9,26.0,685.9
16,11,10,8.0,800.5
16,11,11,10.0,743.4
16,11,12,5.0,550.2
16,11,13,6.0,666.2
16,11,14,8.0,750.0
16,11,15,5.0,1081.0
16,11,16,9.0,1006.6
16,11,17,8.0,1088.1
16,11,18,15.0,908.3
16,11,19,11.0,864.2
16,11,20,7.0,519.4
16,11,21,9.0,749.3
16,11,22,7.0,433.9
16,11,23,8.0,578.1
16,12,0,1.0,302.0
16,12,1,1.0,581.0
16,12,3,1.0,354.0
16,12,4,1.0,410.0
16,12,5,2.0,497.0
16,12,6,4.0,780.8
16,12,7,14.0,965.1
16,12,8,6.0,699.5
16,12,9,3.0,592.3
16,12,10,4.0,535.0
16,12,11,2.0,618.5
16,12,12,2.0,798.5
16,12,13,7.0,467.9
16,12,14,4.0,834.2
16,12,15,7.0,899.3
16,12,16,11.0,686.9
16,12,17,13.0,905.1
16,12,18,7.0,872.3
16,12,19,5.0,685.8
16,12,20,5.0,584.0
16,12,21,4.0,804.8
16,12,22,3.0,485.7
16,12,23,4.0,567.0
16,13,0,1.0,993.0
16,13,1,3.0,477.0
16,13,2,2.0,512.0
16,13,3,3.0,575.3
16,13,4,2.0,496.0
16,14,0,15.0,348.7
16,14,1,22.0,379.0
16,14,2,31.0,368.4
16,14,3,20.0,380.9
16,14,4,14.0,292.6
16,14,5,7.0,267.3
16,15,1,9.0,326.0
16,15,2,23.0,498.9
16,15,3,12.0,359.5
16,15,4,9.0,504.8
16,16,0,44.0,330.8
16,16,1,50.0,306.3
16,16,2,32.0,247.6
16,16,3,46.0,289.0
16,16,4,25.0,242.9
16,16,5,26.0,263.9
16,16,6,32.0,616.8
16,16,7,137.0,442.2
16,16,8,200.0,528.6
16,16,9,70.0,450.5
16,16,10,69.0,429.4
16,16,11,74.0,584.5
16,16,12,68.0,418.4
16,16,13,71.0,440.6
16,16,14,81.0,467.2
16,16,15,105.0,557.2
16,16,16,98.0,518.2
16,16,17,121.0,493.3
16,16,18,123.0,458.0
16,16,19,125.0,417.3
16,16,20,98.0,365.3
16,16,21,75.0,339.9
16,16,22,78.0,311.9
16,16,23,98.0,361.8
16,17,0,4.0,1048.5
16,17,1,7.0,878.9
16,17,2,1.0,859.0
16,17,3,1.0,795.0
16,17,4,1.0,1012.0
16,17,5,4.0,1028.0
16,18,1,1.0,993.0
16,18,2,1.0,1173.0
16,18,4,1.0,1213.0
16,18,7,1.0,1471.0
16,18,9,1.0,1475.0
16,18,13,1.0,1363.0
16,18,14,1.0,912.0
16,18,15,1.0,1355.0
16,18,16,3.0,1936.7
16,18,18,1.0,1690.0
16,18,19,1.0,1073.0
16,18,20,1.0,901.0
16,18,22,2.0,1074.0
16,18,23,2.0,992.0
16,19,0,12.0,715.5
16,19,1,12.0,769.0
16,19,2,14.0,784.4
16,19,3,6.0,782.5
16,19,4,9.0,674.2
16,19,5,13.0,1000.8
16,19,6,14.0,1066.2
16,19,7,24.0,1142.6
16,19,8,24.0,1030.8
16,19,9,15.0,820.3
16,19,10,23.0,823.9
16,19,11,19.0,824.7
16,19,12,25.0,990.8
16,19,13,15.0,806.6
16,19,14,22.0,863.0
16,19,15,47.0,1188.7
16,19,16,31.0,1349.4
16,19,17,48.0,1177.7
16,19,18,33.0,1183.2
16,19,19,37.0,1082.2
16,19,20,32.0,969.7
16,19,21,31.0,750.6
16,19,22,32.0,849.5
16,19,23,33.0,819.5
16,20,0,10.0,398.6
16,20,1,7.0,680.1
16,20,2,3.0,550.7
16,20,3,2.0,655.5
16,20,4,4.0,558.2
16,20,5,3.0,542.7
16,20,6,4.0,924.2
16,20,7,6.0,836.5
16,20,8,7.0,1012.9
16,20,9,8.0,763.9
16,20,10,10.0,675.9
16,20,11,9.0,856.4
16,20,12,3.0,706.7
16,20,13,7.0,789.6
16,20,14,5.0,692.4
16,20,15,9.0,1064.0
16,20,16,12.0,1349.6
16,20,17,17.0,958.1
16,20,18,19.0,754.3
16,20,19,16.0,848.6
16,20,20,8.0,778.1
16,20,21,9.0,825.3
16,20,22,16.0,559.1
16,20,23,11.0,743.2
16,21,0,9.0,351.0
16,21,1,25.0,375.3
16,21,2,19.0,332.0
16,21,3,11.0,357.1
16,21,4,22.0,315.1
16,21,5,13.0,358.0
16,22,0,2.0,516.0
16,22,1,27.0,540.6
16,22,2,11.0,568.5
16,22,3,9.0,427.4
16,22,4,17.0,570.5
16,22,5,20.0,529.1
16,23,0,8.0,879.5
16,23,1,6.0,755.0
16,23,2,2.0,932.5
16,23,3,3.0,640.7
16,23,4,6.0,906.3
16,23,5,4.0,1063.8
16,23,6,7.0,1034.6
16,23,7,11.0,1291.2
16,23,8,16.0,1413.0
16,23,9,12.0,1119.7
16,23,10,9.0,911.1
16,23,11,9.0,1110.8
16,23,12,8.0,1027.4
16,23,13,5.0,975.8
16,23,14,14.0,1202.9
16,23,15,19.0,1416.1
16,23,16,12.0,1280.7
16,23,17,16.0,1352.0
16,23,18,28.0,1281.1
16,23,19,21.0,1265.8
16,23,20,16.0,1062.1
16,23,21,12.0,804.7
16,23,22,13.0,946.3
16,23,23,21.0,889.5
16,24,0,30.0,882.2
16,24,1,12.0,744.9
16,24,2,10.0,677.3
16,24,3,3.0,686.0
16,24,4,8.0,724.5
16,24,5,12.0,916.4
16,24,6,45.0,998.8
16,24,7,56.0,1568.4
16,24,8,34.0,1669.0
16,24,9,64.0,1360.7
16,24,10,43.0,1055.7
16,24,11,42.0,1041.3
16,24,12,30.0,970.6
16,24,13,30.0,1122.8
16,24,14,38.0,1173.8
16,24,15,43.0,1371.7
16,24,16,40.0,1473.0
16,24,17,51.0,1366.2
16,24,18,84.0,1287.4
16,24,19,84.0,1122.2
16,24,20,52.0,955.6
16,24,21,58.0,878.5
16,24,22,60.0,777.0
16,24,23,40.0,763.2
16,25,1,3.0,1464.3
16,25,2,3.0,1009.0
16,25,3,3.0,921.0
16,25,4,4.0,1111.8
16,26,0,1.0,1275.0
16,27,0,1.0,903.0
16,27,1,1.0,1482.0
16,27,2,7.0,1245.4
16,27,3,1.0,1150.0
16,28,0,10.0,822.1
16,28,1,7.0,815.6
16,28,2,2.0,800.0
16,28,3,7.0,873.3
16,28,4,5.0,1038.0
16,28,5,27.0,940.1
16,28,6,85.0,1380.9
16,28,7,145.0,1968.3
16,28,8,159.0,2212.0
16,28,9,102.0,1719.9
16,28,10,79.0,1386.1
16,28,11,63.0,1440.9
16,28,12,59.0,1470.5
16,28,13,63.0,1492.5
16,28,14,50.0,1618.9
16,28,15,41.0,1806.8
16,28,16,38.0,1717.1
16,28,17,39.0,1786.5
16,28,18,57.0,1536.3
16,28,19,31.0,1385.1
16,28,20,24.0,1159.3
16,28,21,16.0,971.8
16,28,22,21.0,1048.8
16,28,23,15.0,954.2
16,29,2,3.0,1241.7
16,30,1,3.0,1206.7
16,30,3,1.0,1178.0
16,30,4,1.0,1340.0
16,31,1,1.0,777.0
16,31,2,1.0,1495.0
16,32,0,9.0,943.1
16,32,1,4.0,988.8
16,32,2,2.0,918.0
16,32,3,2.0,891.5
16,32,4,28.0,880.9
16,32,5,47.0,1011.8
16,32,6,150.0,1372.2
16,32,7,152.0,2149.1
16,32,8,141.0,2645.6
16,32,9,112.0,1991.5
16,32,10,128.0,1779.3
16,32,11,66.0,1673.3
16,32,12,60.0,1765.2
16,32,13,50.0,1719.5
16,32,14,49.0,1967.6
16,32,15,35.0,2103.9
16,32,16,30.0,2323.2
16,32,17,35.0,2332.1
16,32,18,38.0,1820.8
16,32,19,28.0,1625.1
16,32,20,26.0,1558.7
16,32,21,31.0,1188.2
16,32,22,18.0,1192.4
16,32,23,10.0,993.8
16,34,5,2.0,1089.5
16,34,7,1.0,2579.0
16,34,9,2.0,1691.5
16,34,11,2.0,2817.0
16,34,12,1.0,1965.0
16,34,13,1.0,1976.0
16,34,14,1.0,2516.0
16,34,16,1.0,2003.0
16,34,17,2.0,2177.0
16,34,18,1.0,2269.0
16,34,19,1.0,1637.0
16,34,22,3.0,1110.0
16,35,0,2.0,1126.5
16,35,5,1.0,1976.0
16,35,6,2.0,1867.5
16,35,8,1.0,2647.0
16,35,9,2.0,1958.0
16,35,10,3.0,1723.3
16,35,11,1.0,1556.0
16,35,12,2.0,1029.0
16,35,13,2.0,2199.5
16,35,14,1.0,2559.0
16,35,16,1.0,2647.0
16,35,19,2.0,2736.0
16,35,20,2.0,1985.5
16,38,1,1.0,1136.0
16,38,7,1.0,2532.0
16,38,8,2.0,2726.5
16,38,12,1.0,1776.0
16,38,14,1.0,3626.0
16,38,17,2.0,2913.0
16,38,21,3.0,1579.7
16,38,23,1.0,2617.0
16,39,0,1.0,1070.0
16,39,6,1.0,1390.0
16,39,8,1.0,4117.0
16,39,11,6.0,2103.5
16,39,14,1.0,2200.0
16,39,16,1.0,3003.0
16,39,18,1.0,2678.0
16,39,20,1.0,1699.0
16,39,22,1.0,1432.0
16,40,1,1.0,1742.0
16,40,4,1.0,1252.0
16,41,0,1.0,1209.0
16,41,3,1.0,1587.0
16,41,7,2.0,2765.5
16,41,8,3.0,2802.3
16,41,9,3.0,2076.3
16,41,10,2.0,2362.0
16,41,11,2.0,1833.0
16,41,12,6.0,2258.5
16,41,13,2.0,1974.0
16,41,14,2.0,3619.5
16,41,15,1.0,4054.0
16,41,16,2.0,2882.5
16,41,17,2.0,2341.5
16,41,18,1.0,2129.0
16,41,20,4.0,2222.0
16,41,21,4.0,1588.2
16,41,22,7.0,1610.6
16,42,1,1.0,2129.0
16,42,2,1.0,1956.0
16,42,7,2.0,2786.0
16,42,10,2.0,2782.0
16,42,11,1.0,2006.0
16,42,12,2.0,2149.0
16,42,15,1.0,2764.0
16,42,18,4.0,2802.0
16,42,21,1.0,1567.0
16,42,22,1.0,1535.0
16,43,0,3.0,1806.3
16,43,1,3.0,1921.7
16,43,4,1.0,1568.0
16,43,8,1.0,3045.0
16,43,13,1.0,3094.0
16,43,16,1.0,3738.0
16,43,22,1.0,1648.0
16,44,4,1.0,1463.0
16,44,16,1.0,3840.0
16,44,18,1.0,2651.0
16,44,19,2.0,2262.5
16,44,20,1.0,1798.0
16,46,4,1.0,1767.0
16,46,8,1.0,3414.0
16,46,9,1.0,2821.0
16,46,11,3.0,2369.7
16,46,17,1.0,4217.0
16,46,20,1.0,3176.0
16,48,5,1.0,2189.0
16,48,22,1.0,1699.0
16,50,14,1.0,4028.0
16,50,17,1.0,4625.0
16,52,0,1.0,2709.0
16,52,1,1.0,1902.0
16,52,23,1.0,1976.0
16,54,7,1.0,2393.0
16,56,3,6.0,1802.0
16,56,4,21.0,1662.8
16,56,5,16.0,1614.7
16,56,6,20.0,2391.3
16,56,7,8.0,2658.2
16,56,8,2.0,2640.5
16,56,9,5.0,2978.6
16,56,10,3.0,3201.3
16,56,11,6.0,2327.7
16,56,12,7.0,2820.4
16,56,13,5.0,3259.8
16,56,14,6.0,3309.5
16,56,15,6.0,3995.8
16,56,16,2.0,3433.5
16,56,17,4.0,3624.8
16,56,18,3.0,3391.7
16,56,20,3.0,2293.0
16,56,21,2.0,2317.5
16,56,22,1.0,1813.0
16,57,9,1.0,1670.0
16,57,15,1.0,3533.0
16,57,19,1.0,1751.0
16,58,0,1.0,1506.0
16,58,1,1.0,1845.0
16,58,4,1.0,1043.0
16,58,8,1.0,3222.0
16,58,12,1.0,2559.0
16,58,14,1.0,3195.0
16,58,15,1.0,2621.0
16,58,16,1.0,3132.0
16,58,17,2.0,3501.0
16,58,18,1.0,2118.0
16,58,20,3.0,2152.3
16,58,21,1.0,1323.0
16,58,22,1.0,1417.0
16,59,2,4.0,1376.2
16,59,3,2.0,1507.0
16,60,0,3.0,1113.3
16,60,5,1.0,1004.0
16,60,6,2.0,1513.5
16,60,7,1.0,3133.0
16,60,9,1.0,2432.0
16,60,11,1.0,1486.0
16,60,12,1.0,2567.0
16,60,17,1.0,1871.0
16,60,18,1.0,1262.0
16,60,19,1.0,1254.0
16,60,21,1.0,1116.0
16,60,22,1.0,1155.0
16,60,23,3.0,1692.3
16,61,0,1.0,1668.0
16,61,6,1.0,2181.0
16,61,7,1.0,2566.0
16,61,9,1.0,1917.0
16,61,10,1.0,1675.0
16,61,14,2.0,3034.0
16,61,19,2.0,2056.5
16,61,21,1.0,1668.0
16,62,1,1.0,2197.0
16,62,2,2.0,1770.0
16,63,1,1.0,1320.0
16,63,17,1.0,3565.0
16,63,18,1.0,2685.0
16,63,21,1.0,1471.0
16,63,22,1.0,1718.0
16,63,23,1.0,1645.0
16,65,1,2.0,1808.0
16,65,6,1.0,2122.0
16,65,11,1.0,1996.0
16,65,14,2.0,3451.0
16,65,16,1.0,4405.0
16,65,17,1.0,3655.0
16,65,20,2.0,2385.5
16,65,22,1.0,3149.0
16,67,2,1.0,1641.0
16,68,0,1.0,1656.0
16,68,3,2.0,1339.5
16,68,7,1.0,3568.0
16,68,10,1.0,1813.0
16,68,12,1.0,1753.0
16,68,15,2.0,3596.0
16,68,17,5.0,2429.0
16,68,23,1.0,1567.0
16,69,1,2.0,1145.0
16,69,15,1.0,3542.0
16,69,18,1.0,2638.0
16,69,21,1.0,1494.0
16,69,22,2.0,1418.5
16,69,23,1.0,2004.0
16,70,1,1.0,1775.0
16,73,6,1.0,1436.0
16,75,4,1.0,2287.0
16,75,5,1.0,2612.0
16,75,7,2.0,4441.0
16,75,20,1.0,1834.0
16,76,1,2.0,1042.0
16,76,2,11.0,993.8
16,76,3,44.0,999.1
16,76,4,133.0,970.2
16,76,5,156.0,1413.7
16,76,6,93.0,2068.3
16,76,23,3.0,845.0
16,77,0,12.0,1028.6
16,77,1,9.0,1086.8
16,77,2,8.0,946.4
16,77,3,7.0,938.3
16,77,4,1.0,901.0
16,77,6,7.0,1115.7
16,77,7,14.0,1559.6
16,77,8,17.0,1374.8
16,77,9,14.0,1415.5
16,77,10,22.0,1245.4
16,77,11,17.0,1375.9
16,77,12,10.0,1221.0
16,77,13,18.0,1183.1
16,77,14,7.0,1389.9
16,77,15,24.0,1638.5
16,77,16,18.0,1697.5
16,77,17,33.0,1563.1
16,77,18,39.0,1600.9
16,77,19,31.0,1350.2
16,77,20,17.0,1340.4
16,77,21,32.0,1188.4
16,77,22,29.0,1217.5
16,77,23,21.0,1299.6
17,1,2,1.0,1780.0
17,2,2,2.0,1403.0
17,2,3,1.0,1337.0
17,2,6,1.0,2003.0
17,2,7,8.0,2644.5
17,2,8,3.0,2278.3
17,2,9,1.0,2104.0
17,2,10,3.0,1738.0
17,2,11,2.0,1784.0
17,2,14,9.0,1820.1
17,2,15,4.0,2030.8
17,2,16,3.0,2116.0
17,2,17,4.0,2235.2
17,2,18,1.0,1525.0
17,2,19,8.0,1842.1
17,2,20,1.0,1459.0
17,2,21,2.0,1440.0
17,2,22,1.0,2365.0
17,3,0,1.0,1382.0
17,4,2,1.0,1382.0
17,4,3,1.0,1190.0
17,5,1,1.0,1440.0
17,5,2,1.0,1382.0
17,5,6,5.0,1699.0
17,5,7,14.0,2180.5
17,5,8,16.0,2104.3
17,5,9,5.0,1337.4
17,5,10,3.0,1353.3
17,5,11,1.0,1305.0
17,5,12,2.0,1546.0
17,5,13,2.0,1385.5
17,5,14,7.0,1657.7
17,5,15,2.0,1733.0
17,5,16,4.0,1713.8
17,5,17,3.0,2252.0
17,5,18,4.0,1959.2
17,5,19,3.0,1559.0
17,5,20,2.0,1201.0
17,5,21,1.0,1193.0
17,5,22,1.0,1090.0
17,5,23,1.0,1279.0
17,6,0,1.0,1863.0
17,6,1,1.0,2170.0
17,6,3,1.0,1262.0
17,6,4,1.0,1396.0
17,7,2,1.0,1383.0
17,7,5,2.0,1415.5
17,7,6,14.0,2187.0
17,7,7,1.0,3453.0
17,7,8,5.0,2133.6
17,7,9,5.0,2073.4
17,7,10,6.0,1951.3
17,7,11,8.0,2044.9
17,7,12,2.0,1889.5
17,7,13,5.0,2001.6
17,7,14,3.0,1937.7
17,7,15,1.0,2633.0
17,7,16,3.0,2058.7
17,7,17,1.0,2937.0
17,7,18,1.0,1666.0
17,7,19,5.0,1828.6
17,7,20,3.0,1443.7
17,7,21,3.0,1173.3
17,7,22,5.0,1545.0
17,7,23,4.0,1318.5
17,8,0,1.0,1517.0
17,8,1,1.0,1216.0
17,8,2,1.0,1197.0
17,8,4,1.0,1356.0
17,8,5,11.0,1593.0
17,8,6,25.0,2567.8
17,8,7,14.0,3517.9
17,8,8,14.0,3407.5
17,8,9,15.0,2749.9
17,8,10,13.0,2594.4
17,8,11,15.0,2142.9
17,8,12,11.0,2319.5
17,8,13,13.0,2516.0
17,8,14,7.0,2933.6
17,8,15,17.0,2870.4
17,8,16,8.0,2998.9
17,8,17,9.0,2543.7
17,8,18,19.0,2455.4
17,8,19,8.0,2334.0
17,8,20,12.0,1713.2
17,8,21,10.0,1628.1
17,8,22,9.0,1510.4
17,8,23,5.0,1486.4
17,9,0,1.0,715.0
17,9,7,1.0,1093.0
17,9,10,2.0,888.5
17,9,11,2.0,1147.0
17,9,12,4.0,1075.0
17,9,13,6.0,993.0
17,9,14,2.0,1008.0
17,9,15,4.0,998.2
17,9,16,5.0,1052.8
17,9,17,1.0,852.0
17,9,18,3.0,1047.3
17,9,19,1.0,887.0
17,9,20,4.0,822.5
17,9,21,3.0,812.7
17,9,22,2.0,928.5
17,9,23,1.0,631.0
17,10,1,2.0,639.0
17,10,2,9.0,549.2
17,10,3,4.0,503.5
17,10,4,5.0,428.8
17,11,0,2.0,823.5
17,11,2,3.0,579.0
17,11,3,2.0,811.0
17,11,4,1.0,705.0
17,11,5,2.0,601.5
17,11,6,5.0,859.8
17,11,7,11.0,1013.3
17,11,8,27.0,979.9
17,11,9,4.0,588.2
17,11,10,3.0,696.3
17,11,11,7.0,636.4
17,11,12,9.0,619.0
17,11,13,3.0,633.0
17,11,14,5.0,776.2
17,11,15,11.0,834.6
17,11,16,9.0,779.8
17,11,17,3.0,967.3
17,11,18,7.0,802.7
17,11,19,8.0,852.4
17,11,20,7.0,710.3
17,11,21,7.0,632.9
17,11,22,8.0,686.6
17,11,23,6.0,737.2
17,12,0,2.0,1031.0
17,12,7,1.0,1101.0
17,12,9,2.0,1008.5
17,12,10,1.0,1055.0
17,12,11,2.0,582.5
17,12,12,2.0,1247.0
17,12,13,3.0,931.7
17,12,14,1.0,1316.0
17,12,15,5.0,1281.2
17,12,17,1.0,791.0
17,12,18,2.0,810.5
17,12,19,2.0,1224.0
17,12,20,1.0,1096.0
17,12,22,1.0,1154.0
17,12,23,1.0,920.0
17,13,6,1.0,1526.0
17,13,7,15.0,1992.0
17,13,8,6.0,1571.3
17,13,9,4.0,1560.2
17,13,10,9.0,1342.1
17,13,11,9.0,1333.4
17,13,12,3.0,1493.7
17,13,13,3.0,1177.7
17,13,14,5.0,1430.6
17,13,15,2.0,1712.5
17,13,16,2.0,1844.5
17,13,17,7.0,1834.0
17,13,18,2.0,1846.0
17,13,19,2.0,1139.5
17,13,20,2.0,1382.0
17,13,21,1.0,1562.0
17,13,23,4.0,1496.0
17,14,0,3.0,1005.7
17,14,1,3.0,1080.3
17,14,2,1.0,674.0
17,14,4,1.0,1053.0
17,14,6,7.0,1129.6
17,14,12,3.0,1006.3
17,14,20,1.0,1063.0
17,14,22,3.0,938.7
17,14,23,6.0,934.3
17,15,0,13.0,443.3
17,15,1,2.0,339.0
17,15,2,3.0,343.0
17,15,3,1.0,1081.0
17,15,4,3.0,397.0
17,15,5,8.0,519.8
17,15,6,9.0,558.0
17,15,7,15.0,903.3
17,15,8,28.0,609.3
17,15,9,28.0,504.9
17,15,10,24.0,536.1
17,15,11,28.0,519.8
17,15,12,31.0,434.8
17,15,13,26.0,520.4
17,15,14,28.0,621.9
17,15,15,31.0,607.8
17,15,16,23.0,750.7
17,15,17,31.0,764.1
17,15,18,31.0,650.9
17,15,19,24.0,566.9
17,15,20,24.0,567.5
17,15,21,27.0,492.5
17,15,22,23.0,612.8
17,15,23,16.0,524.4
17,16,0,5.0,971.8
17,16,1,3.0,669.3
17,16,2,3.0,863.3
17,16,4,1.0,1027.0
17,16,5,3.0,1145.3
17,16,6,7.0,1170.7
17,16,7,27.0,1202.9
17,16,8,19.0,1058.5
17,16,9,13.0,844.9
17,16,10,10.0,1054.0
17,16,11,9.0,1041.8
17,16,12,7.0,956.9
17,16,13,8.0,892.4
17,16,14,10.0,1098.3
17,16,15,20.0,1272.5
17,16,16,11.0,1343.3
17,16,17,9.0,1243.0
17,16,18,6.0,1130.0
17,16,19,6.0,1148.2
17,16,20,10.0,973.7
17,16,21,8.0,910.4
17,16,22,9.0,1255.1
17,16,23,3.0,768.7
17,17,0,5.0,312.2
17,17,1,9.0,382.0
17,17,2,14.0,310.5
17,17,3,3.0,312.7
17,17,4,3.0,325.7
17,17,5,5.0,507.6
17,17,6,6.0,409.5
17,17,7,51.0,505.9
17,17,8,42.0,430.4
17,17,9,40.0,450.1
17,17,10,50.0,503.8
17,17,11,24.0,396.0
17,17,12,45.0,385.5
17,17,13,33.0,468.5
17,17,14,35.0,625.4
17,17,15,43.0,616.5
17,17,16,43.0,478.2
17,17,17,39.0,570.5
17,17,18,19.0,475.7
17,17,19,29.0,463.1
17,17,20,25.0,366.9
17,17,21,32.0,385.1
17,17,22,25.0,331.7
17,17,23,27.0,310.1
17,18,0,2.0,429.0
17,18,1,2.0,431.0
17,18,2,2.0,575.5
17,18,3,10.0,402.9
17,18,4,2.0,501.0
17,18,6,1.0,192.0
17,18,9,1.0,474.0
17,18,10,6.0,502.3
17,18,11,12.0,495.4
17,18,12,5.0,559.2
17,18,13,5.0,434.0
17,18,14,2.0,364.5
17,18,19,2.0,467.0
17,18,20,2.0,406.0
17,18,21,2.0,496.5
17,18,22,3.0,456.7
17,18,23,2.0,190.5
17,19,0,7.0,776.7
17,19,1,7.0,515.0
17,19,2,5.0,666.6
17,19,3,6.0,582.3
17,19,4,10.0,667.6
17,19,5,3.0,909.7
17,19,6,18.0,544.2
17,19,7,26.0,596.1
17,19,8,26.0,805.0
17,19,9,12.0,622.1
17,19,10,24.0,549.4
17,19,11,21.0,661.4
17,19,12,29.0,652.7
17,19,13,23.0,618.1
17,19,14,34.0,749.9
17,19,15,31.0,795.5
17,19,16,30.0,724.2
17,19,17,31.0,753.4
17,19,18,32.0,801.6
17,19,19,45.0,787.8
17,19,20,22.0,699.5
17,19,21,44.0,669.6
17,19,22,19.0,750.8
17,19,23,12.0,666.6
17,20,2,2.0,1056.0
17,20,4,1.0,1023.0
17,20,5,1.0,1147.0
17,20,6,4.0,1282.2
17,20,7,6.0,1336.2
17,20,8,1.0,953.0
17,20,9,2.0,954.0
17,20,10,2.0,792.5
17,20,11,2.0,1150.5
17,20,12,5.0,1140.6
17,20,13,8.0,999.5
17,20,14,6.0,1332.8
17,20,15,7.0,1515.3
17,20,16,5.0,1501.8
17,20,17,10.0,1322.5
17,20,18,2.0,1598.5
17,20,19,6.0,1228.0
17,20,20,5.0,1176.2
17,20,21,6.0,929.7
17,20,22,5.0,1027.4
17,20,23,4.0,1181.5
17,21,0,7.0,904.4
17,21,1,5.0,1054.4
17,21,3,1.0,995.0
17,21,4,1.0,842.0
17,21,5,2.0,949.5
17,21,6,8.0,1303.1
17,21,23,3.0,957.3
17,22,0,1.0,833.0
17,22,1,2.0,1178.0
17,22,2,1.0,1153.0
17,22,3,1.0,1070.0
17,22,6,5.0,1503.4
17,22,7,2.0,1822.0
17,22,8,15.0,1525.3
17,22,9,13.0,1566.6
17,22,10,4.0,1536.2
17,22,11,7.0,1207.0
17,22,12,8.0,1261.2
17,22,13,5.0,1490.8
17,22,14,5.0,1516.8
17,22,15,13.0,1844.5
17,22,16,6.0,1708.8
17,22,17,10.0,1583.2
17,22,18,6.0,2014.3
17,22,19,12.0,1505.3
17,22,20,16.0,1399.2
17,22,21,8.0,1162.8
17,22,22,13.0,1033.2
17,22,23,11.0,1176.0
17,23,0,1.0,1196.0
17,23,1,1.0,1417.0
17,23,2,1.0,1047.0
17,23,4,1.0,1324.0
17,23,5,6.0,1561.5
17,23,6,1.0,1728.0
17,23,7,11.0,2103.4
17,23,8,16.0,1386.2
17,23,9,1.0,1105.0
17,23,10,1.0,1032.0
17,23,11,4.0,1567.0
17,23,12,3.0,1319.7
17,23,13,6.0,1699.5
17,23,14,4.0,1914.8
17,23,15,2.0,1850.5
17,23,16,2.0,1349.0
17,23,17,3.0,2445.7
17,23,18,2.0,2014.0
17,23,19,7.0,1659.0
17,23,20,7.0,1418.4
17,23,21,13.0,1477.0
17,23,22,1.0,1121.0
17,23,23,2.0,1283.5
17,24,0,1.0,1355.0
17,24,2,2.0,1510.0
17,24,3,1.0,1248.0
17,24,5,1.0,1197.0
17,24,6,2.0,2325.5
17,24,7,2.0,3560.5
17,24,8,13.0,2409.8
17,24,9,6.0,2075.5
17,24,10,5.0,1895.8
17,24,11,3.0,1494.0
17,24,12,6.0,1690.8
17,24,13,4.0,1638.0
17,24,14,3.0,1414.3
17,24,15,8.0,2177.1
17,24,16,14.0,2387.7
17,24,17,5.0,2603.2
17,24,18,7.0,1851.0
17,24,19,12.0,1853.3
17,24,20,4.0,1418.0
17,24,21,9.0,1503.6
17,24,22,7.0,1493.9
17,24,23,6.0,1533.0
17,25,1,2.0,923.5
17,25,2,1.0,985.0
17,27,0,1.0,1416.0
17,27,6,1.0,3229.0
17,27,12,3.0,1870.7
17,27,13,1.0,2534.0
17,27,17,1.0,2023.0
17,27,18,1.0,2347.0
17,27,19,1.0,2785.0
17,27,23,1.0,1648.0
17,28,0,1.0,1562.0
17,28,5,6.0,1541.0
17,28,6,2.0,1625.5
17,29,0,1.0,1220.0
17,29,4,6.0,1390.8
17,29,5,4.0,1508.2
17,31,1,1.0,1734.0
17,31,2,1.0,1965.0
17,31,4,1.0,1714.0
17,32,4,7.0,1583.9
17,32,5,6.0,1820.7
17,32,6,24.0,2663.8
17,32,7,2.0,2553.0
17,32,8,3.0,2880.7
17,32,9,6.0,2643.2
17,32,10,9.0,2435.3
17,32,11,5.0,2881.6
17,32,12,5.0,2275.0
17,32,13,6.0,2296.0
17,32,14,3.0,2808.3
17,32,16,3.0,2565.0
17,32,17,2.0,2622.5
17,32,20,5.0,2002.6
17,32,21,1.0,1544.0
17,32,22,1.0,1915.0
17,33,5,1.0,1833.0
17,33,6,4.0,2861.2
17,33,7,2.0,3272.5
17,33,8,3.0,3178.0
17,33,10,1.0,3106.0
17,33,11,2.0,2420.0
17,33,12,3.0,2190.0
17,33,14,1.0,2714.0
17,33,15,1.0,4580.0
17,33,17,1.0,2766.0
17,33,22,1.0,1732.0
17,35,6,1.0,4017.0
17,35,12,1.0,2998.0
17,38,14,1.0,3326.0
17,38,21,1.0,2443.0
17,38,22,1.0,1644.0
17,39,0,1.0,2579.0
17,39,7,1.0,4033.0
17,39,20,1.0,3357.0
17,39,21,1.0,2034.0
17,41,4,1.0,2377.0
17,41,6,1.0,3828.0
17,45,16,1.0,4280.0
17,46,20,1.0,3303.0
17,52,13,1.0,3507.0
17,53,7,1.0,3126.0
17,54,8,1.0,4823.0
17,54,11,1.0,2705.0
17,54,12,4.0,3254.8
17,54,17,1.0,4942.0
17,56,1,1.0,1969.0
17,56,3,2.0,2045.0
17,56,4,6.0,1892.3
17,56,5,5.0,2306.8
17,56,6,3.0,2400.3
17,56,8,1.0,3030.0
17,56,9,3.0,2766.7
17,56,10,1.0,2535.0
17,56,11,1.0,2750.0
17,56,12,1.0,3196.0
17,56,14,1.0,3195.0
17,56,15,3.0,3900.3
17,56,17,1.0,3583.0
17,56,18,1.0,3195.0
17,56,19,2.0,2871.0
17,56,20,1.0,2669.0
17,59,17,1.0,3539.0
17,61,10,1.0,3361.0
17,61,11,2.0,3295.0
17,61,12,1.0,3018.0
17,61,21,1.0,3357.0
17,62,20,2.0,3146.5
17,63,15,1.0,4144.0
17,65,10,1.0,2817.0
17,65,14,2.0,3435.5
17,68,12,1.0,4212.0
17,68,13,1.0,3257.0
17,68,14,1.0,3253.0
17,69,10,1.0,2521.0
17,69,19,1.0,2955.0
17,69,20,2.0,2270.5
17,69,21,1.0,1643.0
17,71,11,1.0,2065.0
17,71,20,1.0,2629.0
17,73,19,1.0,3223.0
17,74,8,1.0,3018.0
17,76,1,4.0,763.5
17,76,2,5.0,876.0
17,76,3,21.0,890.3
17,76,4,32.0,970.4
17,76,5,27.0,1091.6
17,77,8,2.0,2450.5
17,77,9,1.0,2125.0
17,77,10,1.0,2038.0
17,77,12,1.0,1667.0
17,77,14,2.0,2331.0
17,77,15,1.0,3554.0
17,77,16,2.0,2544.5
17,77,17,1.0,2330.0
17,77,18,2.0,2330.5
17,77,19,1.0,2327.0
17,77,20,2.0,1913.0
17,77,22,1.0,1697.0
17,77,23,1.0,1698.0
18,1,0,1.0,1971.0
18,1,3,1.0,1969.0
18,1,10,2.0,2687.5
18,1,14,1.0,3662.0
18,1,19,1.0,2913.0
18,1,21,1.0,2335.0
18,1,22,1.0,2223.0
18,1,23,1.0,4229.0
18,2,0,1.0,2150.0
18,2,1,1.0,2130.0
18,2,5,1.0,1637.0
18,2,11,2.0,2005.5
18,2,23,1.0,1738.0
18,3,1,1.0,2659.0
18,3,6,2.0,2546.0
18,3,8,2.0,3120.5
18,3,9,1.0,2844.0
18,3,13,2.0,2172.5
18,3,14,1.0,3870.0
18,3,18,2.0,2381.5
18,3,19,1.0,2245.0
18,7,5,1.0,1585.0
18,7,6,1.0,2088.0
18,7,8,4.0,2417.0
18,7,9,2.0,2490.5
18,7,11,2.0,1893.0
18,7,13,1.0,1996.0
18,7,14,1.0,2191.0
18,7,16,1.0,2975.0
18,7,17,2.0,2352.5
18,7,22,1.0,2566.0
18,7,23,2.0,1748.5
18,8,0,1.0,1695.0
18,8,1,1.0,1806.0
18,8,3,2.0,1411.0
18,8,4,4.0,1367.0
18,8,5,1.0,3430.0
18,8,6,30.0,2400.0
18,8,7,6.0,3431.8
18,8,8,3.0,2977.7
18,8,9,2.0,2127.0
18,8,10,4.0,2389.8
18,8,11,2.0,2101.5
18,8,12,3.0,2057.3
18,8,13,3.0,2631.7
18,8,14,6.0,2756.5
18,8,15,1.0,2393.0
18,8,16,2.0,3276.0
18,8,17,1.0,2330.0
18,8,18,1.0,4160.0
18,8,19,1.0,2381.0
18,8,20,3.0,1801.0
18,8,21,6.0,2051.3
18,8,22,1.0,1625.0
18,8,23,2.0,1859.0
18,9,1,1.0,981.0
18,9,7,1.0,1393.0
18,9,8,1.0,1080.0
18,9,9,1.0,1529.0
18,9,10,1.0,988.0
18,9,11,1.0,1077.0
18,9,13,1.0,1027.0
18,9,19,1.0,1200.0
18,10,1,1.0,557.0
18,10,3,1.0,594.0
18,11,2,1.0,683.0
18,11,3,1.0,802.0
18,11,6,5.0,1093.2
18,11,7,2.0,1407.0
18,11,8,8.0,975.1
18,11,9,2.0,923.5
18,11,11,1.0,950.0
18,11,15,1.0,1231.0
18,11,16,4.0,1131.2
18,11,17,1.0,1367.0
18,11,20,1.0,1342.0
18,11,22,1.0,1046.0
18,11,23,1.0,1378.0
18,12,11,2.0,1364.0
18,13,5,1.0,1213.0
18,14,0,2.0,1196.0
18,14,2,1.0,1378.0
18,14,3,2.0,1038.0
18,14,4,4.0,1242.5
18,14,5,1.0,1304.0
18,14,6,2.0,1511.0
18,14,8,2.0,1709.5
18,14,9,3.0,1523.7
18,14,13,2.0,1739.0
18,14,14,1.0,1852.0
18,14,15,1.0,2054.0
18,14,17,2.0,2006.5
18,14,18,1.0,1643.0
18,14,20,1.0,1532.0
18,14,22,2.0,1449.0
18,14,23,3.0,1199.7
18,15,0,2.0,662.5
18,15,1,4.0,877.0
18,15,2,1.0,565.0
18,15,3,1.0,592.0
18,15,5,1.0,630.0
18,15,6,2.0,1081.0
18,15,7,5.0,1168.2
18,15,8,10.0,715.6
18,15,9,4.0,775.8
18,15,10,10.0,763.4
18,15,11,11.0,850.6
18,15,12,2.0,901.5
18,15,13,8.0,858.0
18,15,14,6.0,801.3
18,15,15,8.0,824.6
18,15,16,15.0,1020.7
18,15,17,8.0,946.0
18,15,18,5.0,791.2
18,15,19,3.0,863.0
18,15,20,9.0,816.3
18,15,21,5.0,714.4
18,15,22,5.0,729.0
18,15,23,4.0,727.5
18,16,0,1.0,1089.0
18,16,1,2.0,960.5
18,16,2,2.0,969.0
18,16,3,2.0,751.0
18,16,5,1.0,1165.0
18,16,8,8.0,1738.1
18,16,9,5.0,1446.4
18,16,10,2.0,910.0
18,16,11,1.0,1701.0
18,16,13,1.0,795.0
18,16,14,5.0,1225.0
18,16,15,2.0,1459.5
18,16,16,7.0,1481.9
18,16,17,3.0,1192.3
18,16,18,2.0,1644.0
18,16,19,2.0,1222.0
18,16,20,1.0,1387.0
18,16,21,3.0,1136.3
18,16,22,1.0,1132.0
18,16,23,2.0,958.0
18,17,1,3.0,356.0
18,17,2,2.0,312.0
18,18,0,3.0,146.0
18,18,1,4.0,315.5
18,18,2,1.0,509.0
18,18,3,1.0,240.0
18,18,6,1.0,174.0
18,18,7,13.0,313.3
18,18,8,6.0,276.3
18,18,9,3.0,207.3
18,18,10,5.0,251.8
18,18,11,2.0,579.0
18,18,12,4.0,249.8
18,18,13,5.0,147.4
18,18,14,11.0,876.5
18,18,15,6.0,892.8
18,18,16,4.0,881.8
18,18,17,6.0,483.5
18,18,18,4.0,372.5
18,18,19,4.0,372.5
18,18,20,2.0,381.0
18,18,22,11.0,266.8
18,18,23,4.0,228.0
18,19,0,3.0,556.3
18,19,1,8.0,541.6
18,19,2,8.0,432.4
18,19,3,3.0,462.0
18,19,4,3.0,336.7
18,19,5,1.0,390.0
18,20,0,2.0,917.0
18,20,1,2.0,749.0
18,20,7,2.0,1412.0
18,20,8,9.0,996.3
18,20,9,1.0,1032.0
18,20,11,4.0,909.2
18,20,12,3.0,996.7
18,20,14,1.0,985.0
18,20,17,2.0,1213.5
18,20,18,1.0,1065.0
18,20,19,3.0,1084.3
18,20,21,1.0,788.0
18,20,23,3.0,860.0
18,21,0,1.0,785.0
18,21,1,1.0,1031.0
18,21,2,2.0,869.0
18,21,4,2.0,886.5
18,21,5,2.0,1005.0
18,21,6,4.0,1348.8
18,21,7,2.0,1810.0
18,21,8,8.0,1196.1
18,21,9,1.0,1024.0
18,21,10,3.0,1265.3
18,21,11,2.0,923.0
18,21,12,5.0,1311.4
18,21,13,2.0,1025.5
18,21,14,2.0,1623.5
18,21,15,1.0,1316.0
18,21,16,1.0,1814.0
18,21,17,4.0,1481.8
18,21,18,2.0,1651.0
18,21,20,1.0,1678.0
18,21,21,3.0,1163.3
18,21,23,3.0,1082.3
18,22,4,1.0,1598.0
18,22,5,3.0,1052.7
18,23,0,3.0,1260.0
18,23,1,2.0,1258.0
18,23,5,2.0,1162.0
18,23,6,3.0,1419.3
18,23,7,1.0,1425.0
18,23,8,7.0,1264.7
18,23,9,2.0,1157.5
18,23,10,3.0,1251.0
18,23,11,3.0,1354.0
18,23,12,3.0,1200.0
18,23,13,3.0,1634.7
18,23,14,4.0,1243.5
18,23,15,4.0,1606.8
18,23,16,1.0,1637.0
18,23,17,2.0,977.5
18,23,18,2.0,1449.0
18,23,19,3.0,1805.7
18,23,20,3.0,1181.7
18,23,21,3.0,1183.3
18,23,22,2.0,874.5
18,23,23,4.0,917.5
18,24,0,3.0,1320.7
18,24,1,1.0,1148.0
18,24,2,1.0,1367.0
18,24,5,1.0,1134.0
18,24,6,1.0,1688.0
18,24,7,3.0,2886.0
18,24,8,1.0,2168.0
18,24,9,1.0,2084.0
18,24,10,1.0,1302.0
18,24,11,2.0,2262.5
18,24,12,4.0,1799.8
18,24,13,5.0,1521.6
18,24,14,12.0,1792.4
18,24,15,6.0,2347.7
18,24,16,2.0,1750.5
18,24,17,1.0,2075.0
18,24,18,3.0,1769.3
18,24,19,3.0,1494.7
18,24,20,2.0,1753.0
18,24,21,2.0,1553.5
18,24,23,1.0,1483.0
18,25,0,5.0,733.8
18,25,1,4.0,694.2
18,25,5,1.0,513.0
18,25,6,2.0,473.5
18,25,7,13.0,938.8
18,25,8,10.0,613.5
18,25,9,12.0,833.9
18,25,10,5.0,910.6
18,25,11,3.0,855.3
18,25,12,7.0,848.9
18,25,13,6.0,924.5
18,25,14,7.0,719.1
18,25,15,3.0,968.3
18,25,16,12.0,842.8
18,25,17,3.0,861.7
18,25,18,13.0,925.5
18,25,19,12.0,939.4
18,25,20,4.0,706.5
18,25,21,3.0,676.7
18,25,22,7.0,566.3
18,25,23,6.0,827.8
18,27,1,1.0,1166.0
18,27,11,1.0,1583.0
18,27,12,8.0,1594.1
18,27,13,1.0,2395.0
18,27,14,2.0,1670.5
18,27,23,2.0,1590.5
18,28,0,1.0,1073.0
18,28,6,6.0,2136.2
18,28,7,18.0,2830.8
18,28,8,5.0,3017.6
18,28,9,5.0,2037.4
18,28,10,6.0,2416.3
18,28,11,6.0,2387.5
18,28,12,10.0,2148.4
18,28,13,3.0,2167.7
18,28,14,2.0,2508.0
18,28,15,3.0,3129.7
18,28,16,3.0,2188.3
18,28,17,8.0,2660.2
18,28,18,3.0,2293.0
18,28,19,4.0,1758.0
18,28,20,1.0,1784.0
18,28,21,1.0,1964.0
18,28,22,1.0,1409.0
18,29,0,3.0,1213.3
18,29,5,2.0,1399.0
18,29,23,1.0,2262.0
18,30,7,1.0,2633.0
18,30,8,3.0,2949.7
18,30,9,2.0,2428.0
18,30,15,1.0,1910.0
18,30,17,1.0,2319.0
18,30,18,1.0,2505.0
18,30,20,1.0,2102.0
18,30,21,2.0,1870.5
18,31,0,1.0,2374.0
18,31,1,1.0,2566.0
18,31,9,1.0,2127.0
18,31,11,1.0,2231.0
18,31,12,6.0,2186.8
18,31,17,1.0,2721.0
18,31,23,2.0,1510.0
18,32,5,2.0,1937.5
18,32,6,4.0,2364.0
18,32,7,12.0,3673.2
18,32,8,12.0,3383.3
18,32,9,1.0,3319.0
18,32,10,5.0,2826.2
18,32,11,7.0,2569.3
18,32,12,1.0,2500.0
18,32,13,3.0,2517.0
18,32,14,3.0,2958.3
18,32,15,4.0,3600.8
18,32,16,2.0,2713.0
18,32,19,1.0,1945.0
18,33,0,1.0,1602.0
18,33,6,2.0,2957.5
18,33,7,1.0,3194.0
18,33,8,1.0,3448.0
18,33,9,1.0,3086.0
18,33,10,1.0,2289.0
18,33,11,2.0,2579.0
18,33,14,1.0,2453.0
18,33,16,1.0,2962.0
18,33,22,1.0,2088.0
18,41,14,1.0,2905.0
18,43,1,1.0,1856.0
18,56,4,1.0,1733.0
18,56,6,1.0,2326.0
18,56,9,1.0,2677.0
18,56,12,1.0,2350.0
18,56,14,1.0,3311.0
18,56,15,1.0,2840.0
18,56,18,2.0,3070.0
18,57,8,2.0,2699.0
18,57,11,2.0,2547.0
18,58,1,1.0,1583.0
18,60,4,1.0,1459.0
18,60,19,1.0,2396.0
18,62,6,1.0,2497.0
18,62,20,1.0,3341.0
18,63,11,1.0,3003.0
18,63,23,1.0,2590.0
18,66,13,1.0,2879.0
18,66,20,1.0,4422.0
18,66,21,1.0,2660.0
18,68,12,1.0,3045.0
18,71,22,1.0,4186.0
18,76,0,1.0,1171.0
18,76,2,1.0,1541.0
18,76,3,4.0,1210.0
18,76,4,5.0,1183.8
18,76,5,9.0,1254.1
18,76,6,9.0,1478.4
18,76,7,4.0,1502.8
18,76,8,9.0,1551.4
18,76,9,6.0,1220.8
18,76,10,3.0,1260.0
18,76,11,3.0,1136.3
18,76,12,8.0,1469.2
18,76,13,11.0,1398.0
18,76,14,8.0,1590.0
18,76,15,4.0,1432.8
18,76,16,2.0,1422.5
18,76,17,1.0,919.0
18,76,18,2.0,1545.5
18,76,19,1.0,1363.0
18,76,21,2.0,805.5
18,77,3,1.0,1938.0
19,1,0,11.0,1744.0
19,1,1,1.0,1757.0
19,1,2,1.0,1423.0
19,1,4,1.0,1795.0
19,1,5,1.0,2008.0
19,1,7,3.0,3669.0
19,1,8,5.0,2720.2
19,1,9,3.0,2402.7
19,1,10,4.0,2466.5
19,1,11,1.0,2867.0
19,1,12,2.0,2164.0
19,1,13,2.0,1864.0
19,1,14,2.0,2488.0
19,1,16,6.0,2579.5
19,1,17,2.0,2717.0
19,1,18,2.0,2848.0
19,1,19,4.0,1939.8
19,1,20,6.0,2450.5
19,1,21,2.0,2277.0
19,1,22,4.0,2107.5
19,1,23,7.0,1824.7
19,2,0,3.0,1408.0
19,2,1,3.0,1175.3
19,2,2,5.0,1119.0
19,2,3,3.0,979.7
19,2,4,2.0,1240.0
19,2,5,1.0,2183.0
19,2,6,6.0,2262.0
19,2,7,13.0,2750.8
19,2,8,11.0,2024.5
19,2,9,7.0,1890.6
19,2,10,8.0,1901.6
19,2,11,7.0,1812.9
19,2,12,3.0,1684.0
19,2,13,5.0,1973.4
19,2,14,8.0,2010.9
19,2,15,6.0,1924.5
19,2,16,6.0,1884.7
19,2,17,9.0,2319.4
19,2,18,6.0,2004.8
19,2,19,7.0,2080.9
19,2,20,6.0,1515.3
19,2,21,4.0,1597.0
19,2,22,2.0,1240.0
19,2,23,10.0,1555.9
19,3,0,1.0,1856.0
19,3,3,1.0,1510.0
19,3,5,7.0,1461.6
19,3,6,5.0,3522.0
19,3,7,8.0,2944.1
19,3,8,15.0,2439.9
19,3,9,9.0,2136.3
19,3,10,4.0,1842.2
19,3,11,5.0,1795.8
19,3,12,6.0,2203.2
19,3,13,4.0,2056.5
19,3,14,8.0,2137.5
19,3,15,6.0,2052.0
19,3,16,3.0,2161.7
19,3,17,11.0,2660.0
19,3,18,6.0,2232.5
19,3,19,5.0,2378.4
19,3,20,1.0,2026.0
19,3,21,3.0,1954.3
19,3,22,4.0,2137.2
19,3,23,6.0,1633.5
19,4,0,1.0,1529.0
19,4,1,2.0,1292.5
19,4,2,1.0,1085.0
19,4,4,1.0,1247.0
19,4,5,1.0,1636.0
19,4,6,7.0,2460.9
19,4,7,7.0,2668.7
19,4,8,13.0,2342.3
19,4,9,14.0,1755.6
19,4,10,9.0,1738.7
19,4,11,7.0,1488.3
19,4,12,3.0,1594.7
19,4,13,5.0,1637.4
19,4,14,5.0,1753.6
19,4,15,5.0,2069.2
19,4,16,9.0,2047.4
19,4,17,5.0,2096.0
19,4,18,5.0,1820.4
19,4,19,2.0,1917.5
19,4,20,1.0,2399.0
19,4,21,3.0,1302.3
19,4,22,3.0,1382.3
19,4,23,1.0,1053.0
19,5,4,2.0,1109.0
19,6,0,6.0,1218.0
19,6,1,1.0,1074.0
19,6,3,1.0,1351.0
19,6,4,5.0,1305.8
19,6,5,10.0,1454.3
19,6,6,26.0,1634.3
19,6,7,1.0,1328.0
19,6,8,2.0,1545.0
19,6,9,7.0,1709.4
19,6,10,12.0,1606.6
19,6,11,9.0,1753.4
19,6,12,14.0,1717.7
19,6,13,16.0,1825.6
19,6,14,5.0,1624.0
19,6,15,2.0,1765.5
19,6,19,2.0,2001.0
19,6,20,4.0,1888.5
19,6,21,7.0,1560.3
19,6,22,7.0,1795.7
19,6,23,8.0,1269.4
19,7,1,2.0,1395.5
19,7,4,3.0,1152.7
19,7,5,22.0,1300.3
19,7,6,6.0,1896.2
19,7,7,2.0,2112.5
19,7,10,2.0,1298.0
19,7,11,6.0,1715.5
19,7,12,2.0,1449.5
19,7,20,2.0,1269.0
19,7,21,2.0,974.5
19,7,22,3.0,1286.3
19,8,0,6.0,1295.3
19,8,1,1.0,1059.0
19,8,4,8.0,1382.6
19,8,5,30.0,1665.3
19,8,6,73.0,2134.8
19,8,7,61.0,2898.7
19,8,8,54.0,2712.9
19,8,9,76.0,2212.4
19,8,10,48.0,2080.0
19,8,11,36.0,2108.3
19,8,12,26.0,1977.3
19,8,13,32.0,2209.7
19,8,14,51.0,2213.4
19,8,15,53.0,2386.4
19,8,16,37.0,2430.7
19,8,17,18.0,2459.3
19,8,18,21.0,2101.2
19,8,19,21.0,2085.0
19,8,20,17.0,1885.6
19,8,21,26.0,1493.2
19,8,22,19.0,1355.1
19,8,23,16.0,1472.7
19,9,0,1.0,1229.0
19,9,3,1.0,1304.0
19,9,6,1.0,2385.0
19,9,8,2.0,1731.0
19,9,9,6.0,1085.2
19,9,11,2.0,1506.0
19,9,12,1.0,1544.0
19,9,13,5.0,1545.2
19,9,15,2.0,2208.0
19,9,16,3.0,2686.7
19,9,17,1.0,1726.0
19,9,18,1.0,2122.0
19,9,21,1.0,1687.0
19,9,22,1.0,1123.0
19,9,23,1.0,1085.0
19,10,1,5.0,736.2
19,10,3,1.0,1217.0
19,10,4,2.0,828.0
19,10,5,3.0,671.0
19,10,6,5.0,1242.2
19,10,7,19.0,1627.9
19,10,8,23.0,1530.8
19,10,9,15.0,1326.7
19,10,10,10.0,1486.0
19,10,11,3.0,1199.3
19,10,12,1.0,1059.0
19,10,13,9.0,1053.8
19,10,14,6.0,1285.5
19,10,15,8.0,1307.1
19,10,16,12.0,1523.6
19,10,17,7.0,1244.7
19,10,18,6.0,1159.8
19,10,19,4.0,919.8
19,10,20,2.0,873.0
19,10,21,1.0,1100.0
19,10,22,1.0,1107.0
19,10,23,1.0,796.0
19,11,0,2.0,853.0
19,11,2,6.0,769.0
19,11,3,20.0,652.1
19,11,4,8.0,780.9
19,11,5,6.0,809.5
19,12,0,1.0,878.0
19,12,2,1.0,803.0
19,12,5,1.0,989.0
19,12,7,4.0,1422.5
19,12,8,5.0,1564.2
19,12,9,1.0,947.0
19,12,10,9.0,953.0
19,12,12,4.0,1409.8
19,12,13,1.0,973.0
19,12,14,2.0,1291.5
19,12,15,4.0,1283.2
19,12,16,1.0,1062.0
19,12,17,3.0,1097.0
19,12,18,3.0,1181.0
19,12,19,1.0,950.0
19,12,20,2.0,805.5
19,12,22,1.0,989.0
19,12,23,1.0,675.0
19,13,1,1.0,1308.0
19,14,0,6.0,1036.8
19,14,1,8.0,977.9
19,14,2,6.0,844.3
19,14,3,3.0,899.3
19,14,4,4.0,1084.8
19,14,5,2.0,1325.5
19,14,6,9.0,1407.6
19,14,7,17.0,1742.3
19,14,8,18.0,1350.4
19,14,9,23.0,1197.5
19,14,10,11.0,1131.8
19,14,11,13.0,1259.0
19,14,12,8.0,1330.0
19,14,13,8.0,1163.4
19,14,14,6.0,1178.0
19,14,15,6.0,1355.5
19,14,16,14.0,1435.3
19,14,17,11.0,1381.1
19,14,18,6.0,1278.5
19,14,19,8.0,1223.5
19,14,20,6.0,1189.8
19,14,21,10.0,1200.4
19,14,22,12.0,1071.2
19,14,23,12.0,1083.5
19,15,0,20.0,423.6
19,15,1,14.0,460.9
19,15,2,15.0,513.3
19,15,3,7.0,613.7
19,15,4,9.0,482.4
19,15,5,27.0,644.1
19,15,6,19.0,706.9
19,15,7,72.0,643.9
19,15,8,116.0,580.7
19,15,9,52.0,549.6
19,15,10,67.0,569.9
19,15,11,51.0,535.9
19,15,12,45.0,523.6
19,15,13,45.0,577.1
19,15,14,56.0,535.1
19,15,15,58.0,643.8
19,15,16,67.0,700.0
19,15,17,64.0,699.7
19,15,18,55.0,683.8
19,15,19,64.0,614.4
19,15,20,60.0,566.8
19,15,21,40.0,584.4
19,15,22,39.0,525.5
19,15,23,24.0,451.6
19,16,0,8.0,681.6
19,16,1,7.0,545.0
19,16,2,8.0,734.9
19,16,3,9.0,508.8
19,16,4,9.0,538.6
19,16,5,10.0,861.1
19,16,6,1.0,1455.0
19,16,23,1.0,851.0
19,17,0,15.0,490.2
19,17,1,4.0,472.8
19,17,2,3.0,675.0
19,17,3,8.0,488.4
19,17,4,7.0,575.9
19,17,5,10.0,439.1
19,17,6,7.0,678.9
19,17,7,48.0,821.8
19,17,8,57.0,681.8
19,17,9,79.0,691.2
19,17,10,50.0,790.6
19,17,11,29.0,699.6
19,17,12,34.0,769.4
19,17,13,48.0,799.3
19,17,14,34.0,690.5
19,17,15,30.0,733.3
19,17,16,50.0,814.3
19,17,17,39.0,862.5
19,17,18,31.0,802.7
19,17,19,19.0,614.1
19,17,20,15.0,776.6
19,17,21,13.0,514.0
19,17,22,16.0,612.1
19,17,23,19.0,479.1
19,18,0,4.0,518.8
19,18,1,11.0,443.3
19,18,2,3.0,368.3
19,18,3,4.0,480.8
19,18,4,5.0,296.4
19,18,5,7.0,414.3
19,19,0,74.0,361.4
19,19,1,88.0,345.3
19,19,2,58.0,407.9
19,19,3,21.0,334.9
19,19,4,44.0,307.6
19,19,5,48.0,318.4
19,19,6,67.0,634.3
19,19,7,154.0,521.2
19,19,8,222.0,485.4
19,19,9,159.0,371.4
19,19,10,136.0,393.2
19,19,11,130.0,388.0
19,19,12,132.0,460.5
19,19,13,125.0,384.1
19,19,14,147.0,447.8
19,19,15,199.0,505.2
19,19,16,165.0,626.3
19,19,17,194.0,563.4
19,19,18,191.0,516.1
19,19,19,173.0,469.5
19,19,20,146.0,410.6
19,19,21,137.0,438.0
19,19,22,138.0,382.3
19,19,23,140.0,332.6
19,20,1,11.0,407.0
19,20,2,15.0,350.6
19,20,3,10.0,461.6
19,20,4,11.0,426.8
19,20,5,5.0,450.0
19,21,0,7.0,617.1
19,21,1,14.0,712.4
19,21,2,18.0,621.8
19,21,3,9.0,698.7
19,21,4,6.0,638.8
19,21,5,28.0,650.2
19,21,6,18.0,834.7
19,21,7,57.0,1093.9
19,21,8,57.0,865.0
19,21,9,57.0,837.0
19,21,10,19.0,773.2
19,21,11,29.0,772.5
19,21,12,26.0,831.8
19,21,13,33.0,868.1
19,21,14,41.0,846.2
19,21,15,51.0,1074.7
19,21,16,35.0,1047.7
19,21,17,38.0,894.2
19,21,18,38.0,873.8
19,21,19,26.0,800.2
19,21,20,20.0,707.7
19,21,21,19.0,700.9
19,21,22,29.0,763.7
19,21,23,20.0,777.7
19,22,0,15.0,623.7
19,22,1,13.0,660.0
19,22,2,10.0,654.4
19,22,3,12.0,588.1
19,22,4,5.0,628.6
19,22,5,37.0,755.6
19,22,6,71.0,1008.3
19,22,7,26.0,1156.0
19,22,8,8.0,883.6
19,22,9,85.0,898.5
19,22,10,62.0,856.0
19,22,11,43.0,889.8
19,22,12,54.0,795.2
19,22,13,45.0,870.7
19,22,14,37.0,851.5
19,22,15,29.0,1089.8
19,22,16,10.0,1075.5
19,22,17,9.0,1043.4
19,22,18,23.0,837.5
19,22,19,19.0,886.1
19,22,20,33.0,828.3
19,22,21,22.0,774.6
19,22,22,32.0,687.6
19,22,23,24.0,634.7
19,23,1,7.0,601.3
19,23,2,12.0,616.8
19,23,3,5.0,546.8
19,23,4,9.0,671.7
19,24,0,3.0,973.3
19,24,1,11.0,1124.4
19,24,2,8.0,1015.4
19,24,3,3.0,1279.7
19,24,4,12.0,977.2
19,24,5,10.0,1088.5
19,25,0,11.0,514.4
19,25,1,14.0,484.4
19,25,2,21.0,495.3
19,25,3,16.0,597.9
19,25,4,11.0,754.5
19,25,5,19.0,748.9
19,26,0,1.0,716.0
19,26,1,1.0,764.0
19,26,2,1.0,1023.0
19,26,6,6.0,1142.7
19,26,7,2.0,1455.5
19,26,8,12.0,1308.4
19,26,9,2.0,1206.5
19,26,10,3.0,1029.7
19,26,11,2.0,1176.5
19,26,12,2.0,1141.0
19,26,13,3.0,1310.0
19,26,14,4.0,1602.8
19,26,15,1.0,1274.0
19,26,16,5.0,1574.4
19,26,17,2.0,1908.5
19,26,18,2.0,1677.0
19,26,19,1.0,976.0
19,26,20,5.0,1177.0
19,26,21,1.0,1834.0
19,26,22,3.0,1116.0
19,26,23,12.0,1052.5
19,27,5,3.0,1101.0
19,27,6,3.0,1550.0
19,27,7,6.0,1966.0
19,27,8,4.0,1695.2
19,27,9,5.0,1453.8
19,27,10,3.0,1102.3
19,27,11,5.0,1595.6
19,27,12,1.0,1182.0
19,27,13,3.0,1401.7
19,27,14,21.0,1566.1
19,27,15,2.0,1400.0
19,27,16,5.0,2059.4
19,27,17,2.0,1687.0
19,27,18,4.0,1470.5
19,27,19,2.0,1006.5
19,27,20,2.0,1465.0
19,27,21,4.0,1222.0
19,27,22,5.0,1044.6
19,27,23,8.0,1343.2
19,28,0,1.0,1643.0
19,28,3,5.0,1088.0
19,28,4,32.0,1249.1
19,28,5,39.0,1365.0
19,28,6,55.0,2028.6
19,28,7,43.0,2652.9
19,28,8,20.0,2331.8
19,28,9,80.0,1923.1
19,28,10,45.0,1834.0
19,28,11,36.0,1897.6
19,28,12,22.0,1872.5
19,28,13,23.0,1824.1
19,28,14,39.0,2070.2
19,28,15,23.0,2087.8
19,28,16,7.0,2431.4
19,28,17,8.0,2343.0
19,28,18,10.0,1771.7
19,28,19,5.0,1694.0
19,28,20,9.0,1655.8
19,28,21,13.0,1444.8
19,28,22,1.0,1144.0
19,28,23,3.0,2282.0
19,29,0,3.0,1500.3
19,29,1,1.0,1008.0
19,29,2,1.0,1013.0
19,29,4,2.0,1062.0
19,29,5,4.0,1186.5
19,29,6,14.0,1659.5
19,29,7,4.0,1860.2
19,29,8,8.0,1820.5
19,29,9,5.0,1667.0
19,29,10,4.0,1622.5
19,29,11,5.0,1295.8
19,29,12,2.0,1299.5
19,29,13,12.0,1629.5
19,29,14,1.0,1788.0
19,29,15,2.0,2750.5
19,29,16,7.0,2200.7
19,29,17,4.0,1641.0
19,29,18,10.0,2100.7
19,29,19,3.0,1844.7
19,29,20,4.0,1539.0
19,29,21,5.0,1643.2
19,29,22,7.0,1390.1
19,29,23,5.0,1305.0
19,30,0,7.0,1699.3
19,30,1,1.0,1405.0
19,30,2,14.0,1402.2
19,30,3,1.0,1639.0
19,30,4,5.0,1647.8
19,30,5,2.0,1419.5
19,30,6,5.0,1409.2
19,30,7,2.0,2816.5
19,30,8,16.0,2113.2
19,30,9,8.0,1850.2
19,30,10,4.0,1873.5
19,30,11,1.0,2628.0
19,30,12,5.0,1999.4
19,30,13,2.0,1775.5
19,30,14,5.0,2323.4
19,30,15,4.0,2003.2
19,30,16,3.0,2607.3
19,30,17,1.0,2246.0
19,30,18,4.0,1875.0
19,30,19,6.0,1901.2
19,30,20,7.0,1731.9
19,30,21,8.0,1778.0
19,30,22,5.0,1583.6
19,30,23,4.0,1667.2
19,31,0,3.0,1965.7
19,31,2,1.0,1116.0
19,31,3,4.0,1410.5
19,31,5,5.0,1911.0
19,31,6,17.0,1830.8
19,31,7,5.0,2132.6
19,31,8,4.0,2809.8
19,31,9,4.0,1785.0
19,31,10,5.0,1969.0
19,31,11,2.0,2147.5
19,31,12,2.0,2134.5
19,31,13,4.0,1974.5
19,31,14,3.0,2487.7
19,31,15,2.0,2173.5
19,31,16,5.0,3067.8
19,31,17,5.0,3266.0
19,31,18,5.0,2256.4
19,31,19,5.0,2269.0
19,31,20,11.0,1976.4
19,31,21,6.0,1838.8
19,31,22,8.0,1971.0
19,31,23,5.0,1500.8
19,32,4,8.0,1192.2
19,33,3,1.0,1566.0
19,33,4,2.0,1698.0
19,34,11,1.0,3142.0
19,34,14,2.0,2606.5
19,34,15,1.0,2909.0
19,34,16,2.0,2590.0
19,34,18,1.0,2439.0
19,34,22,1.0,1632.0
19,34,23,1.0,1482.0
19,35,1,1.0,1610.0
19,35,2,1.0,1634.0
19,35,3,2.0,1561.5
19,36,5,1.0,1586.0
19,37,11,1.0,1693.0
19,37,13,1.0,3487.0
19,37,19,1.0,2746.0
19,37,20,1.0,2466.0
19,38,6,1.0,1714.0
19,38,10,1.0,3307.0
19,38,11,1.0,3510.0
19,38,13,2.0,3750.5
19,38,20,1.0,2926.0
19,38,21,1.0,2014.0
19,38,22,1.0,2048.0
19,38,23,1.0,1724.0
19,39,1,1.0,1551.0
19,39,22,1.0,1529.0
19,40,5,1.0,2268.0
19,40,7,1.0,3132.0
19,41,6,2.0,2550.5
19,41,7,3.0,3514.3
19,41,8,3.0,2876.0
19,41,10,1.0,2204.0
19,41,11,1.0,2878.0
19,41,14,1.0,3068.0
19,41,15,4.0,3337.5
19,41,21,1.0,2696.0
19,42,9,1.0,2400.0
19,42,11,1.0,3487.0
19,42,12,1.0,2327.0
19,42,15,1.0,3034.0
19,42,18,1.0,2704.0
19,42,21,1.0,3349.0
19,43,0,1.0,2669.0
19,43,2,1.0,1533.0
19,43,10,2.0,2353.0
19,43,11,1.0,2879.0
19,43,12,1.0,3524.0
19,43,13,1.0,3554.0
19,43,14,2.0,3719.5
19,43,17,1.0,3187.0
19,43,21,1.0,2498.0
19,44,14,1.0,4152.0
19,44,16,1.0,5594.0
19,44,18,1.0,2658.0
19,44,19,2.0,2466.0
19,44,21,1.0,1474.0
19,44,22,3.0,2636.3
19,45,15,1.0,4079.0
19,46,2,1.0,3361.0
19,46,15,1.0,5143.0
19,46,20,1.0,2350.0
19,46,22,1.0,2662.0
19,47,21,1.0,2552.0
19,50,11,1.0,3165.0
19,50,17,1.0,4332.0
19,53,10,1.0,2655.0
19,53,12,1.0,3635.0
19,53,22,1.0,2921.0
19,55,20,1.0,4098.0
19,56,2,1.0,1501.0
19,56,3,2.0,1812.0
19,56,4,4.0,1817.0
19,57,0,1.0,2527.0
19,57,3,1.0,2424.0
19,57,6,2.0,2929.5
19,57,9,1.0,2956.0
19,57,11,1.0,2253.0
19,57,12,4.0,2150.8
19,57,15,1.0,2280.0
19,57,16,1.0,3857.0
19,57,18,1.0,2767.0
19,57,21,1.0,1749.0
19,57,22,1.0,1386.0
19,58,4,1.0,1737.0
19,59,1,1.0,1587.0
19,60,6,1.0,2262.0
19,60,8,1.0,3851.0
19,60,9,2.0,2885.0
19,60,10,1.0,2177.0
19,60,11,2.0,2261.5
19,60,16,4.0,3610.5
19,60,17,2.0,3679.0
19,60,21,1.0,2258.0
19,60,23,1.0,1612.0
19,61,0,1.0,1571.0
19,61,2,1.0,2003.0
19,61,6,5.0,2863.4
19,61,7,1.0,3315.0
19,61,10,1.0,2385.0
19,61,13,1.0,3704.0
19,61,14,1.0,2296.0
19,61,17,2.0,3063.0
19,61,18,2.0,3442.5
19,61,20,3.0,2348.3
19,61,21,3.0,2109.7
19,61,23,2.0,1984.5
19,62,1,1.0,1684.0
19,63,0,1.0,4040.0
19,63,3,1.0,1810.0
19,63,4,4.0,1942.5
19,63,23,1.0,2504.0
19,64,3,1.0,1873.0
19,64,5,1.0,1976.0
19,64,6,2.0,1691.0
19,64,9,1.0,2563.0
19,64,11,2.0,2508.5
19,64,12,1.0,2305.0
19,64,15,1.0,3542.0
19,64,16,1.0,3688.0
19,64,17,2.0,2926.5
19,64,18,2.0,3039.0
19,64,19,1.0,2647.0
19,64,23,1.0,1998.0
19,65,4,1.0,2805.0
19,65,5,1.0,2215.0
19,66,0,2.0,2445.0
19,66,2,1.0,2498.0
19,66,3,1.0,1992.0
19,66,6,1.0,3769.0
19,66,7,1.0,4293.0
19,66,10,1.0,4040.0
19,66,13,1.0,4375.0
19,66,15,1.0,5053.0
19,66,16,4.0,3969.2
19,66,17,2.0,3294.0
19,66,19,4.0,3169.0
19,66,20,3.0,2563.7
19,66,22,2.0,2394.0
19,66,23,1.0,2604.0
19,67,2,1.0,2052.0
19,67,5,1.0,2142.0
19,67,8,2.0,3000.5
19,67,12,1.0,3867.0
19,67,13,1.0,3661.0
19,67,14,1.0,3217.0
19,67,17,1.0,3446.0
19,67,18,1.0,2721.0
19,67,22,1.0,1918.0
19,67,23,3.0,2448.0
19,68,9,2.0,2329.0
19,68,10,1.0,2590.0
19,68,21,1.0,2825.0
19,70,0,1.0,1990.0
19,70,1,1.0,2304.0
19,70,7,2.0,3405.5
19,70,11,2.0,2815.5
19,70,13,1.0,3520.0
19,70,15,1.0,3923.0
19,70,16,4.0,3927.0
19,70,17,3.0,3791.3
19,70,20,2.0,3032.0
19,71,2,1.0,1969.0
19,71,5,1.0,2165.0
19,71,9,1.0,3666.0
19,73,0,1.0,2488.0
19,73,7,1.0,3330.0
19,76,0,2.0,1357.0
19,76,2,15.0,1206.2
19,76,3,27.0,1320.3
19,76,4,30.0,1340.7
19,76,5,47.0,1570.9
19,76,6,48.0,1949.9
19,76,7,14.0,2129.2
19,76,8,24.0,1734.5
19,76,9,14.0,1596.1
19,76,10,33.0,1694.4
19,76,11,24.0,1592.3
19,76,12,18.0,1822.4
19,76,13,32.0,1851.4
19,76,14,17.0,2009.8
19,76,15,15.0,1965.7
19,76,16,15.0,2227.4
19,76,17,14.0,2072.7
19,76,18,13.0,2089.5
19,76,19,8.0,2195.6
19,76,20,7.0,1751.3
19,76,21,7.0,1396.3
19,76,22,2.0,1493.0
19,76,23,2.0,1320.0
19,77,2,1.0,1703.0
20,1,1,1.0,1346.0
20,1,2,1.0,1629.0
20,1,4,1.0,1829.0
20,1,7,1.0,3018.0
20,1,9,1.0,2484.0
20,1,10,1.0,1915.0
20,1,12,1.0,1909.0
20,1,13,1.0,2521.0
20,1,15,2.0,3145.0
20,1,18,1.0,2759.0
20,1,19,2.0,2311.0
20,1,20,1.0,1818.0
20,1,21,2.0,1802.0
20,1,22,3.0,2040.7
20,1,23,1.0,1536.0
20,2,1,1.0,1572.0
20,2,3,1.0,1261.0
20,2,6,1.0,1799.0
20,2,7,2.0,3202.5
20,2,8,3.0,2286.3
20,2,9,1.0,2125.0
20,2,10,1.0,1301.0
20,2,11,2.0,1646.5
20,2,12,1.0,1656.0
20,2,14,1.0,2505.0
20,2,15,1.0,1990.0
20,2,16,3.0,2042.3
20,2,17,1.0,2489.0
20,2,18,2.0,1963.0
20,2,19,1.0,2266.0
20,2,21,3.0,1516.3
20,2,22,2.0,1546.0
20,2,23,3.0,1413.3
20,3,0,1.0,1166.0
20,3,1,2.0,1219.0
20,3,2,1.0,1396.0
20,3,5,1.0,1509.0
20,3,6,3.0,1987.7
20,3,7,7.0,2352.3
20,3,8,3.0,2189.7
20,3,9,4.0,1974.8
20,3,10,2.0,1543.0
20,3,11,4.0,1869.0
20,3,12,3.0,1830.7
20,3,13,4.0,1780.5
20,3,14,3.0,1865.7
20,3,15,2.0,2682.0
20,3,16,4.0,1833.5
20,3,17,5.0,2162.8
20,3,18,1.0,1925.0
20,3,19,4.0,1613.2
20,3,20,3.0,1588.0
20,3,21,3.0,1480.0
20,3,22,4.0,1534.2
20,3,23,2.0,1438.0
20,4,0,2.0,1349.5
20,4,1,2.0,1264.5
20,4,2,1.0,1213.0
20,4,6,1.0,1301.0
20,4,9,1.0,1599.0
20,4,10,2.0,1181.5
20,4,11,2.0,1416.5
20,4,12,1.0,1595.0
20,4,13,2.0,1566.5
20,4,20,1.0,985.0
20,4,21,2.0,1030.0
20,4,22,3.0,1229.3
20,4,23,1.0,1108.0
20,5,1,1.0,713.0
20,5,5,1.0,1062.0
20,5,6,21.0,1082.6
20,5,7,22.0,1334.4
20,5,8,7.0,1249.4
20,5,9,6.0,1260.8
20,5,10,14.0,1078.7
20,5,11,6.0,1071.7
20,5,12,4.0,1385.0
20,5,13,6.0,1191.2
20,5,14,2.0,945.5
20,5,15,2.0,1292.0
20,5,16,4.0,1358.2
20,5,17,4.0,1131.2
20,5,18,3.0,1286.0
20,5,19,4.0,1196.0
20,5,20,1.0,1070.0
20,5,21,2.0,855.5
20,5,22,2.0,991.0
20,6,0,2.0,1245.5
20,6,1,1.0,943.0
20,6,2,3.0,1071.3
20,6,3,1.0,1170.0
20,6,4,10.0,935.5
20,6,5,8.0,1009.8
20,6,6,3.0,1316.3
20,7,0,2.0,1103.5
20,7,1,1.0,1143.0
20,7,2,1.0,1004.0
20,7,3,2.0,891.0
20,7,4,5.0,847.0
20,7,5,3.0,960.0
20,7,6,4.0,1252.5
20,7,7,8.0,2024.2
20,7,8,20.0,1599.8
20,7,9,12.0,1273.2
20,7,10,10.0,1241.9
20,7,11,6.0,1201.0
20,7,12,10.0,1163.0
20,7,13,12.0,968.8
20,7,14,11.0,1362.6
20,7,15,6.0,1562.7
20,7,16,13.0,1478.6
20,7,17,8.0,1450.0
20,7,18,11.0,1300.8
20,7,19,13.0,1391.5
20,7,20,3.0,1249.7
20,7,21,6.0,1111.8
20,7,22,9.0,1120.6
20,7,23,5.0,1029.8
20,8,1,1.0,850.0
20,8,2,1.0,1205.0
20,8,3,2.0,994.5
20,8,4,3.0,1139.0
20,9,3,1.0,1211.0
20,9,11,1.0,1409.0
20,9,13,1.0,1598.0
20,9,20,1.0,1371.0
20,10,0,1.0,1208.0
20,10,5,5.0,1265.4
20,10,6,2.0,1340.0
20,10,13,1.0,1830.0
20,11,6,2.0,1260.0
20,11,7,2.0,1509.0
20,11,8,1.0,1707.0
20,11,9,2.0,948.0
20,11,11,1.0,1234.0
20,11,12,2.0,1186.0
20,11,13,1.0,923.0
20,11,14,3.0,1346.3
20,11,15,2.0,1419.5
20,11,16,8.0,1684.2
20,11,17,1.0,1467.0
20,11,18,1.0,1413.0
20,11,19,1.0,1093.0
20,11,20,2.0,1016.0
20,11,23,3.0,888.7
20,12,7,1.0,2030.0
20,12,8,1.0,1875.0
20,12,10,1.0,1027.0
20,12,11,3.0,944.3
20,12,17,3.0,1450.7
20,12,18,3.0,932.0
20,12,23,1.0,753.0
20,13,0,1.0,1279.0
20,13,5,9.0,1192.7
20,14,0,2.0,1184.5
20,14,1,5.0,907.6
20,14,2,1.0,680.0
20,14,3,2.0,827.0
20,14,4,1.0,629.0
20,15,0,6.0,618.8
20,15,1,3.0,700.7
20,15,3,2.0,683.5
20,15,6,6.0,829.5
20,15,7,6.0,1088.7
20,15,8,10.0,646.1
20,15,9,8.0,923.5
20,15,10,18.0,682.9
20,15,11,12.0,734.8
20,15,12,15.0,741.9
20,15,13,6.0,861.3
20,15,14,22.0,792.7
20,15,15,19.0,1042.5
20,15,16,19.0,1076.2
20,15,17,12.0,1022.4
20,15,18,16.0,952.4
20,15,19,7.0,952.0
20,15,20,14.0,663.9
20,15,21,14.0,665.2
20,15,22,10.0,588.3
20,15,23,9.0,643.4
20,16,0,5.0,491.8
20,16,1,3.0,431.3
20,16,2,1.0,488.0
20,16,3,2.0,570.5
20,16,4,3.0,432.3
20,16,5,4.0,572.8
20,16,6,20.0,906.6
20,16,7,1.0,419.0
20,16,10,3.0,842.0
20,16,11,7.0,881.1
20,16,12,2.0,731.5
20,16,14,1.0,840.0
20,16,20,1.0,937.0
20,16,21,6.0,634.0
20,16,22,5.0,569.2
20,16,23,9.0,567.9
20,17,1,2.0,861.0
20,17,3,1.0,3650.0
20,17,5,1.0,930.0
20,17,6,7.0,1279.1
20,17,7,17.0,1518.1
20,17,8,16.0,1228.8
20,17,9,9.0,1126.6
20,17,10,13.0,1227.5
20,17,11,3.0,1130.0
20,17,12,5.0,1083.4
20,17,13,10.0,1216.1
20,17,14,7.0,1246.9
20,17,15,8.0,1340.9
20,17,16,5.0,1454.2
20,17,17,9.0,1330.1
20,17,18,3.0,1370.3
20,17,19,6.0,1344.8
20,17,20,5.0,1039.6
20,17,22,1.0,908.0
20,17,23,1.0,901.0
20,18,0,2.0,760.0
20,18,3,1.0,590.0
20,18,5,1.0,897.0
20,18,7,1.0,779.0
20,18,10,3.0,889.0
20,18,11,1.0,923.0
20,18,12,3.0,1085.0
20,18,13,2.0,1124.5
20,18,14,5.0,1098.0
20,18,15,1.0,1868.0
20,18,16,2.0,1474.0
20,18,17,4.0,1412.0
20,18,18,3.0,1092.0
20,18,19,1.0,592.0
20,18,20,1.0,669.0
20,18,21,1.0,834.0
20,18,22,2.0,761.0
20,19,0,14.0,446.9
20,19,1,17.0,394.6
20,19,2,8.0,339.4
20,19,3,7.0,476.4
20,19,4,5.0,458.6
20,19,5,13.0,464.4
20,19,6,27.0,454.4
20,19,7,32.0,549.4
20,19,8,26.0,540.3
20,19,9,32.0,425.4
20,19,10,15.0,601.9
20,19,11,22.0,481.5
20,19,12,21.0,440.9
20,19,13,30.0,615.7
20,19,14,31.0,560.6
20,19,15,31.0,716.4
20,19,16,49.0,859.1
20,19,17,33.0,741.9
20,19,18,28.0,691.0
20,19,19,18.0,558.6
20,19,20,22.0,480.2
20,19,21,33.0,511.2
20,19,22,13.0,620.7
20,19,23,25.0,405.7
20,20,0,9.0,432.8
20,20,1,3.0,195.7
20,20,2,5.0,917.6
20,20,3,4.0,115.5
20,20,4,1.0,427.0
20,20,5,2.0,234.5
20,20,6,2.0,275.5
20,20,7,26.0,469.3
20,20,8,11.0,277.7
20,20,9,6.0,421.7
20,20,10,8.0,485.1
20,20,11,7.0,678.9
20,20,12,8.0,390.1
20,20,13,11.0,286.2
20,20,14,5.0,719.2
20,20,15,14.0,1142.0
20,20,16,11.0,526.3
20,20,17,17.0,477.6
20,20,18,18.0,333.7
20,20,19,20.0,365.6
20,20,20,13.0,354.1
20,20,21,19.0,254.5
20,20,22,9.0,285.7
20,20,23,11.0,353.0
20,21,0,5.0,505.2
20,21,1,4.0,499.5
20,21,2,3.0,407.7
20,21,3,2.0,412.5
20,21,4,4.0,522.8
20,21,5,7.0,486.0
20,21,6,9.0,599.7
20,21,7,33.0,691.9
20,21,8,19.0,741.8
20,21,9,15.0,498.9
20,21,10,23.0,569.0
20,21,11,12.0,512.4
20,21,12,15.0,518.9
20,21,13,20.0,526.4
20,21,14,14.0,854.7
20,21,15,24.0,624.6
20,21,16,21.0,520.5
20,21,17,28.0,590.7
20,21,18,17.0,676.3
20,21,19,14.0,679.4
20,21,20,11.0,514.4
20,21,21,13.0,461.0
20,21,22,5.0,469.0
20,21,23,16.0,431.4
20,22,0,15.0,420.2
20,22,1,13.0,439.8
20,22,2,4.0,413.2
20,22,3,13.0,371.5
20,22,4,11.0,396.8
20,22,5,10.0,569.1
20,22,6,19.0,629.6
20,22,7,77.0,699.0
20,22,8,103.0,784.5
20,22,9,60.0,625.6
20,22,10,44.0,566.5
20,22,11,51.0,541.7
20,22,12,36.0,520.8
20,22,13,31.0,650.5
20,22,14,28.0,596.0
20,22,15,35.0,666.9
20,22,16,39.0,715.5
20,22,17,36.0,593.8
20,22,18,32.0,649.1
20,22,19,34.0,593.1
20,22,20,32.0,500.3
20,22,21,18.0,489.7
20,22,22,10.0,410.7
20,22,23,22.0,444.8
20,23,0,14.0,360.7
20,23,1,5.0,307.2
20,23,2,2.0,328.0
20,23,3,3.0,400.0
20,23,4,7.0,553.9
20,23,5,19.0,439.2
20,23,6,1.0,302.0
20,24,0,8.0,610.5
20,24,1,6.0,821.3
20,24,2,5.0,693.4
20,24,3,1.0,706.0
20,24,4,1.0,877.0
20,24,5,24.0,833.4
20,24,6,12.0,869.3
20,24,7,50.0,1351.8
20,24,8,32.0,1225.9
20,24,9,30.0,1029.0
20,24,10,23.0,1045.6
20,24,11,21.0,976.8
20,24,12,19.0,991.4
20,24,13,26.0,990.5
20,24,14,22.0,1039.7
20,24,15,40.0,1130.0
20,24,16,19.0,1164.2
20,24,17,27.0,1058.3
20,24,18,19.0,987.5
20,24,19,11.0,1039.5
20,24,20,18.0,913.3
20,24,21,16.0,978.2
20,24,22,14.0,863.9
20,24,23,15.0,812.2
20,25,0,1.0,721.0
20,25,1,7.0,730.0
20,25,2,4.0,693.8
20,25,3,4.0,785.8
20,25,4,1.0,536.0
20,25,5,2.0,805.5
20,27,0,2.0,699.0
20,27,6,2.0,1278.5
20,27,8,2.0,1161.5
20,27,9,1.0,989.0
20,27,10,1.0,977.0
20,27,13,1.0,959.0
20,27,14,1.0,1499.0
20,27,15,1.0,1821.0
20,27,18,1.0,1390.0
20,27,19,1.0,1393.0
20,27,20,1.0,1061.0
20,27,22,2.0,725.0
20,27,23,7.0,688.9
20,28,0,1.0,982.0
20,28,1,2.0,956.0
20,28,3,1.0,1163.0
20,28,4,9.0,1082.6
20,28,5,2.0,1494.5
20,29,2,1.0,767.0
20,31,3,1.0,1232.0
20,32,3,1.0,922.0
20,32,4,1.0,1050.0
20,34,0,1.0,1246.0
20,34,3,1.0,1369.0
20,34,7,2.0,1654.0
20,34,11,1.0,1737.0
20,34,15,2.0,2464.0
20,34,16,2.0,2398.0
20,34,17,2.0,2525.5
20,34,20,2.0,1597.0
20,35,6,2.0,1749.5
20,38,5,1.0,1144.0
20,38,14,1.0,3227.0
20,39,21,1.0,2127.0
20,40,7,1.0,2489.0
20,43,1,1.0,1838.0
20,43,2,1.0,1582.0
20,43,4,1.0,2041.0
20,49,17,1.0,3705.0
20,51,18,1.0,3047.0
20,52,0,1.0,2962.0
20,56,3,1.0,1609.0
20,56,4,3.0,1938.3
20,56,5,1.0,1760.0
20,56,6,1.0,2123.0
20,56,7,1.0,2269.0
20,56,8,4.0,2274.2
20,56,9,3.0,2097.0
20,56,10,2.0,2502.5
20,56,11,1.0,2952.0
20,56,12,1.0,2393.0
20,56,13,2.0,2988.5
20,56,14,1.0,2408.0
20,56,15,3.0,2917.0
20,56,17,1.0,2525.0
20,56,19,2.0,1939.0
20,56,20,1.0,2282.0
20,56,21,1.0,1605.0
20,56,22,1.0,1558.0
20,56,23,1.0,1540.0
20,58,0,4.0,1333.8
20,58,3,4.0,1598.2
20,58,5,1.0,1857.0
20,58,8,3.0,2148.0
20,58,9,2.0,2304.0
20,58,13,2.0,3346.5
20,58,17,2.0,2730.5
20,58,18,1.0,2335.0
20,58,19,1.0,2544.0
20,62,6,1.0,2396.0
20,63,2,1.0,1667.0
20,63,8,1.0,3839.0
20,63,9,2.0,2569.0
20,63,16,2.0,3710.0
20,63,18,1.0,2281.0
20,63,19,2.0,2398.5
20,63,20,1.0,1996.0
20,63,22,3.0,2049.3
20,65,9,1.0,2331.0
20,65,11,1.0,2559.0
20,65,16,1.0,4198.0
20,65,17,2.0,3588.0
20,65,21,1.0,2801.0
20,66,6,1.0,2133.0
20,66,9,1.0,2856.0
20,66,11,1.0,2575.0
20,66,15,2.0,4207.0
20,66,17,2.0,3486.5
20,66,22,3.0,1999.7
20,67,1,1.0,1930.0
20,67,7,1.0,2075.0
20,67,13,1.0,3418.0
20,67,19,1.0,3295.0
20,68,7,1.0,3689.0
20,68,13,1.0,2836.0
20,68,14,1.0,2642.0
20,70,8,1.0,3209.0
20,70,12,1.0,3425.0
20,71,10,1.0,2280.0
20,74,13,1.0,3469.0
20,76,2,3.0,1270.7
20,76,3,6.0,1350.0
20,76,4,17.0,1467.1
20,76,5,10.0,1847.1
20,77,2,1.0,1428.0
20,77,6,5.0,2105.4
21,1,0,10.0,1319.3
21,1,1,8.0,1405.6
21,1,2,3.0,1250.7
21,1,3,2.0,1438.5
21,1,4,12.0,1236.2
21,1,5,2.0,1450.5
21,1,6,2.0,1981.5
21,1,23,9.0,1599.6
21,2,0,7.0,965.4
21,2,1,2.0,971.5
21,2,2,4.0,1474.2
21,2,4,2.0,1113.0
21,2,5,1.0,868.0
21,2,6,2.0,1484.0
21,2,23,2.0,981.0
21,3,0,16.0,960.9
21,3,1,9.0,980.4
21,3,2,1.0,716.0
21,3,3,6.0,851.0
21,3,4,4.0,1004.2
21,3,5,2.0,967.5
21,3,6,1.0,1256.0
21,3,23,10.0,955.8
21,4,0,17.0,774.5
21,4,1,8.0,785.4
21,4,2,12.0,743.0
21,4,3,5.0,663.8
21,4,4,2.0,4370.5
21,4,5,6.0,889.2
21,4,6,10.0,827.7
21,4,7,12.0,1358.2
21,4,8,21.0,1180.0
21,4,9,23.0,1146.7
21,4,10,26.0,970.2
21,4,11,30.0,930.7
21,4,12,16.0,1032.0
21,4,13,20.0,954.6
21,4,14,17.0,1083.7
21,4,15,24.0,1088.5
21,4,16,22.0,1091.8
21,4,17,31.0,1270.2
21,4,18,28.0,1095.6
21,4,19,34.0,1018.6
21,4,20,25.0,842.8
21,4,21,37.0,848.5
21,4,22,41.0,798.3
21,4,23,29.0,823.7
21,5,0,17.0,556.7
21,5,1,16.0,550.8
21,5,2,15.0,436.1
21,5,3,8.0,453.1
21,5,4,7.0,515.4
21,5,5,11.0,453.9
21,5,6,24.0,740.2
21,5,7,47.0,850.1
21,5,8,57.0,725.9
21,5,9,64.0,674.7
21,5,10,34.0,594.9
21,5,11,25.0,672.9
21,5,12,23.0,519.9
21,5,13,33.0,579.2
21,5,14,33.0,642.0
21,5,15,36.0,707.9
21,5,16,62.0,660.4
21,5,17,78.0,709.6
21,5,18,70.0,742.7
21,5,19,71.0,608.5
21,5,20,44.0,514.0
21,5,21,43.0,577.2
21,5,22,47.0,501.2
21,5,23,55.0,521.9
21,6,0,12.0,733.3
21,6,1,34.0,788.7
21,6,2,24.0,749.9
21,6,3,12.0,738.8
21,6,4,12.0,885.9
21,6,5,20.0,821.5
21,7,0,24.0,762.8
21,7,1,13.0,670.3
21,7,2,7.0,704.9
21,7,3,4.0,620.2
21,7,4,6.0,784.7
21,7,5,16.0,568.2
21,7,6,21.0,944.0
21,7,7,50.0,1401.1
21,7,8,56.0,1317.0
21,7,9,59.0,1178.1
21,7,10,73.0,973.2
21,7,11,45.0,943.0
21,7,12,53.0,930.7
21,7,13,47.0,913.3
21,7,14,57.0,1043.6
21,7,15,67.0,1108.2
21,7,16,94.0,1045.1
21,7,17,112.0,1103.3
21,7,18,100.0,1124.0
21,7,19,95.0,998.5
21,7,20,71.0,932.7
21,7,21,64.0,823.1
21,7,22,88.0,822.5
21,7,23,60.0,763.2
21,8,0,36.0,822.3
21,8,1,13.0,693.3
21,8,2,10.0,730.8
21,8,3,8.0,869.0
21,8,4,22.0,754.5
21,8,5,31.0,883.8
21,8,6,110.0,1090.3
21,8,7,20.0,1474.4
21,8,22,3.0,785.0
21,8,23,19.0,876.6
21,9,0,1.0,814.0
21,9,11,1.0,842.0
21,9,15,1.0,2870.0
21,9,18,1.0,1984.0
21,9,19,1.0,1193.0
21,9,22,1.0,887.0
21,10,0,3.0,782.0
21,10,1,2.0,748.5
21,10,3,1.0,533.0
21,10,4,1.0,713.0
21,10,5,4.0,743.8
21,10,6,4.0,1125.0
21,10,10,1.0,980.0
21,10,11,2.0,1016.5
21,10,12,2.0,991.5
21,10,22,2.0,677.0
21,10,23,1.0,552.0
21,11,0,3.0,710.7
21,11,1,1.0,547.0
21,11,2,1.0,674.0
21,11,3,1.0,552.0
21,11,4,4.0,597.0
21,11,5,1.0,621.0
21,12,1,1.0,507.0
21,13,0,3.0,824.3
21,13,1,5.0,741.4
21,13,2,9.0,723.4
21,13,3,1.0,640.0
21,13,4,1.0,694.0
21,13,5,1.0,807.0
21,14,0,29.0,644.7
21,14,1,18.0,565.8
21,14,2,12.0,536.8
21,14,3,10.0,544.8
21,14,4,3.0,958.0
21,14,5,3.0,625.0
21,14,6,4.0,789.2
21,14,7,2.0,616.5
21,14,11,3.0,874.0
21,14,12,2.0,620.5
21,14,20,5.0,513.4
21,14,21,8.0,589.6
21,14,22,8.0,567.2
21,14,23,27.0,614.5
21,15,0,21.0,609.2
21,15,1,10.0,545.2
21,15,2,10.0,550.7
21,15,3,9.0,613.1
21,15,4,7.0,614.3
21,15,5,5.0,646.0
21,15,6,13.0,647.2
21,15,7,16.0,833.8
21,15,8,25.0,855.0
21,15,9,13.0,612.1
21,15,10,27.0,714.0
21,15,11,13.0,745.8
21,15,12,23.0,787.7
21,15,13,24.0,721.0
21,15,14,17.0,868.3
21,15,15,33.0,981.1
21,15,16,41.0,1058.7
21,15,17,42.0,1038.6
21,15,18,33.0,1020.2
21,15,19,33.0,837.9
21,15,20,23.0,652.2
21,15,21,32.0,739.2
21,15,22,37.0,687.3
21,15,23,38.0,614.3
21,16,0,61.0,363.2
21,16,1,27.0,446.9
21,16,2,16.0,390.7
21,16,3,13.0,372.7
21,16,4,11.0,463.4
21,16,5,10.0,384.1
21,16,6,24.0,422.8
21,16,7,58.0,533.9
21,16,8,62.0,582.9
21,16,9,43.0,436.0
21,16,10,41.0,439.9
21,16,11,36.0,491.4
21,16,12,54.0,456.4
21,16,13,41.0,443.6
21,16,14,56.0,538.3
21,16,15,44.0,669.2
21,16,16,66.0,550.2
21,16,17,94.0,628.0
21,16,18,83.0,552.0
21,16,19,96.0,454.8
21,16,20,77.0,436.3
21,16,21,69.0,381.8
21,16,22,59.0,421.5
21,16,23,70.0,402.7
21,17,0,6.0,1287.3
21,17,1,3.0,1046.0
21,17,2,5.0,1214.8
21,17,3,4.0,1165.8
21,17,4,1.0,851.0
21,18,2,6.0,983.7
21,18,3,2.0,1081.5
21,18,6,1.0,1042.0
21,19,1,19.0,633.4
21,19,2,20.0,755.5
21,19,3,15.0,677.8
21,19,4,17.0,594.8
21,19,5,4.0,504.2
21,20,0,11.0,501.7
21,20,1,7.0,427.4
21,20,2,10.0,443.2
21,20,3,7.0,415.3
21,20,4,6.0,459.0
21,20,5,3.0,514.3
21,20,6,8.0,514.4
21,20,7,10.0,787.8
21,20,8,22.0,485.0
21,20,9,10.0,429.2
21,20,10,7.0,692.6
21,20,11,4.0,544.5
21,20,12,10.0,545.3
21,20,13,11.0,551.3
21,20,14,15.0,629.2
21,20,15,28.0,839.2
21,20,16,21.0,704.7
21,20,17,21.0,985.0
21,20,18,22.0,669.5
21,20,19,20.0,604.5
21,20,20,22.0,513.4
21,20,21,20.0,454.4
21,20,22,15.0,531.1
21,20,23,15.0,501.1
21,21,0,48.0,325.5
21,21,1,30.0,257.9
21,21,2,32.0,325.7
21,21,3,16.0,232.0
21,21,4,26.0,281.5
21,21,5,25.0,439.5
21,21,6,39.0,381.2
21,21,7,65.0,558.0
21,21,8,84.0,395.3
21,21,9,83.0,331.5
21,21,10,59.0,390.9
21,21,11,57.0,517.5
21,21,12,60.0,352.6
21,21,13,76.0,361.2
21,21,14,57.0,537.1
21,21,15,93.0,457.2
21,21,16,91.0,422.8
21,21,17,91.0,546.1
21,21,18,130.0,462.3
21,21,19,122.0,389.2
21,21,20,107.0,372.1
21,21,21,98.0,349.3
21,21,22,95.0,333.5
21,21,23,68.0,428.8
21,22,0,95.0,392.1
21,22,1,39.0,374.0
21,22,2,31.0,399.1
21,22,3,27.0,386.4
21,22,4,31.0,328.6
21,22,5,29.0,460.1
21,22,6,62.0,455.0
21,22,7,13.0,415.5
21,22,8,11.0,463.7
21,22,9,49.0,496.1
21,22,10,85.0,474.2
21,22,11,80.0,442.3
21,22,12,73.0,470.4
21,22,13,79.0,447.1
21,22,14,57.0,537.3
21,22,15,16.0,447.6
21,22,16,9.0,627.2
21,22,17,14.0,540.5
21,22,18,15.0,585.1
21,22,19,86.0,516.7
21,22,20,98.0,481.5
21,22,21,128.0,431.8
21,22,22,121.0,414.6
21,22,23,109.0,386.7
21,23,0,33.0,598.2
21,23,1,17.0,636.8
21,23,2,11.0,715.4
21,23,3,8.0,457.1
21,23,4,5.0,618.0
21,23,5,20.0,660.9
21,23,6,7.0,819.3
21,23,7,15.0,857.9
21,23,8,11.0,982.0
21,23,9,12.0,884.8
21,23,10,9.0,881.0
21,23,11,9.0,706.9
21,23,12,16.0,763.0
21,23,13,20.0,727.8
21,23,14,16.0,807.5
21,23,15,21.0,1095.3
21,23,16,28.0,1053.9
21,23,17,32.0,996.2
21,23,18,33.0,966.0
21,23,19,24.0,746.3
21,23,20,12.0,673.2
21,23,21,27.0,667.5
21,23,22,34.0,684.3
21,23,23,27.0,600.7
21,24,0,67.0,639.6
21,24,1,39.0,595.1
21,24,2,22.0,598.9
21,24,3,10.0,561.6
21,24,4,15.0,643.5
21,24,5,30.0,724.3
21,24,6,8.0,649.5
21,25,0,7.0,883.0
21,25,1,3.0,915.0
21,25,2,3.0,1227.7
21,25,3,4.0,788.8
21,25,4,4.0,923.2
21,25,5,11.0,1216.8
21,25,6,5.0,1602.0
21,25,7,10.0,1321.7
21,25,8,6.0,1698.5
21,25,9,7.0,1185.9
21,25,10,1.0,1050.0
21,25,11,11.0,1229.5
21,25,12,6.0,1182.3
21,25,13,5.0,1575.0
21,25,14,11.0,1581.9
21,25,15,17.0,1459.1
21,25,16,11.0,1734.5
21,25,17,9.0,1538.6
21,25,18,10.0,1477.2
21,25,19,12.0,1322.3
21,25,20,16.0,1169.2
21,25,21,9.0,1198.9
21,25,22,13.0,1158.1
21,25,23,4.0,955.8
21,26,1,4.0,979.8
21,27,1,1.0,1135.0
21,27,2,5.0,1231.0
21,27,3,2.0,1004.5
21,27,4,1.0,930.0
21,28,0,14.0,827.7
21,28,1,4.0,709.5
21,28,2,2.0,834.5
21,28,3,3.0,853.3
21,28,4,10.0,684.2
21,28,5,72.0,800.4
21,28,6,99.0,1066.3
21,28,7,147.0,1696.9
21,28,8,215.0,1868.5
21,28,9,151.0,1492.7
21,28,10,118.0,1236.0
21,28,11,78.0,1204.8
21,28,12,75.0,1242.3
21,28,13,75.0,1324.3
21,28,14,62.0,1527.4
21,28,15,62.0,1581.6
21,28,16,67.0,1491.0
21,28,17,104.0,1583.7
21,28,18,102.0,1349.8
21,28,19,81.0,1169.8
21,28,20,51.0,1023.8
21,28,21,58.0,861.0
21,28,22,33.0,826.6
21,28,23,32.0,735.4
21,29,0,8.0,1073.8
21,29,1,2.0,1315.5
21,29,3,1.0,1030.0
21,29,4,3.0,1402.0
21,29,5,5.0,1085.2
21,29,6,3.0,1626.3
21,29,7,7.0,1365.7
21,29,8,10.0,1716.8
21,29,9,8.0,1525.5
21,29,10,10.0,1427.2
21,29,11,3.0,1323.0
21,29,12,5.0,1428.2
21,29,13,1.0,2266.0
21,29,14,4.0,1704.0
21,29,15,2.0,1868.5
21,29,17,2.0,1784.0
21,29,19,3.0,1676.7
21,29,20,3.0,1366.7
21,29,22,8.0,1225.8
21,29,23,5.0,1495.2
21,30,1,2.0,1246.5
21,30,2,4.0,1271.2
21,30,3,4.0,1102.0
21,30,4,3.0,1361.3
21,31,0,11.0,1106.9
21,31,1,5.0,854.2
21,31,2,3.0,983.7
21,31,3,3.0,918.0
21,31,4,2.0,802.0
21,31,6,4.0,1422.0
21,31,7,4.0,2169.0
21,31,8,11.0,2031.4
21,31,9,9.0,1595.8
21,31,10,8.0,1473.1
21,31,11,5.0,1628.6
21,31,12,6.0,1653.3
21,31,13,3.0,1512.7
21,31,14,5.0,2016.2
21,31,15,10.0,1968.6
21,31,16,14.0,1899.9
21,31,17,16.0,2469.2
21,31,18,16.0,1581.9
21,31,19,25.0,1420.0
21,31,20,14.0,1176.2
21,31,21,13.0,1168.3
21,31,22,9.0,1172.7
21,31,23,10.0,1053.6
21,32,0,10.0,940.1
21,32,1,11.0,968.7
21,32,2,11.0,803.7
21,32,3,11.0,758.5
21,32,4,18.0,792.7
21,32,5,64.0,891.1
21,32,6,118.0,1194.3
21,32,7,22.0,1362.1
21,32,23,13.0,958.2
21,33,0,4.0,998.5
21,33,1,2.0,882.5
21,33,2,1.0,866.0
21,33,4,1.0,1547.0
21,33,5,3.0,1014.3
21,33,6,8.0,1362.0
21,33,7,9.0,1862.4
21,33,8,14.0,2151.1
21,33,9,9.0,2076.4
21,33,10,5.0,1743.4
21,33,11,6.0,1807.0
21,33,12,10.0,1759.0
21,33,14,5.0,1698.0
21,33,15,7.0,2171.9
21,33,16,3.0,1941.0
21,33,17,4.0,2735.8
21,33,18,6.0,1975.8
21,33,19,5.0,1579.4
21,33,20,10.0,1604.7
21,33,21,10.0,1340.7
21,33,22,9.0,1175.6
21,33,23,5.0,1535.2
21,34,3,1.0,687.0
21,34,8,1.0,2230.0
21,34,10,1.0,1910.0
21,34,11,2.0,1627.0
21,34,12,3.0,1564.3
21,34,13,1.0,2170.0
21,34,17,2.0,2062.5
21,34,18,4.0,1674.8
21,34,19,2.0,1480.0
21,34,20,1.0,1244.0
21,34,21,1.0,831.0
21,34,22,1.0,1115.0
21,34,23,2.0,1118.0
21,35,0,1.0,1486.0
21,35,1,1.0,1027.0
21,35,5,2.0,1071.5
21,35,6,2.0,1100.5
21,35,7,2.0,1559.5
21,35,8,3.0,1983.0
21,35,9,4.0,1528.0
21,35,10,1.0,1864.0
21,35,11,2.0,1349.5
21,35,12,2.0,1602.0
21,35,14,2.0,1641.0
21,35,15,1.0,1729.0
21,35,16,2.0,2160.0
21,35,17,1.0,1381.0
21,35,18,1.0,1352.0
21,35,19,3.0,1620.7
21,35,20,3.0,1531.3
21,35,22,5.0,1401.8
21,35,23,2.0,1106.5
21,37,0,1.0,1591.0
21,37,8,1.0,2022.0
21,38,1,1.0,1868.0
21,38,2,2.0,1530.0
21,38,3,1.0,962.0
21,38,5,2.0,1454.0
21,38,7,3.0,1550.3
21,38,8,2.0,2739.5
21,38,9,1.0,2330.0
21,38,11,1.0,1224.0
21,38,16,2.0,2958.0
21,38,17,1.0,3310.0
21,38,18,1.0,1436.0
21,38,19,2.0,1971.5
21,38,22,3.0,1077.0
21,38,23,1.0,1174.0
21,39,5,1.0,989.0
21,41,0,1.0,1294.0
21,41,1,2.0,1987.5
21,41,2,1.0,1290.0
21,41,4,1.0,880.0
21,41,6,1.0,2095.0
21,41,7,12.0,2153.4
21,41,8,9.0,1927.3
21,41,9,5.0,1919.8
21,41,10,2.0,2256.5
21,41,11,1.0,1591.0
21,41,12,4.0,1816.5
21,41,13,4.0,2580.5
21,41,14,2.0,2716.0
21,41,15,3.0,2583.0
21,41,16,3.0,2282.3
21,41,17,3.0,2364.0
21,41,18,5.0,2071.8
21,41,19,1.0,1909.0
21,41,20,6.0,1868.2
21,41,21,5.0,1438.8
21,41,22,7.0,1674.4
21,41,23,5.0,1632.2
21,42,1,1.0,1126.0
21,43,0,3.0,1709.7
21,43,1,1.0,1398.0
21,43,2,1.0,2368.0
21,43,15,1.0,2378.0
21,43,17,1.0,3267.0
21,43,18,3.0,2410.3
21,43,19,1.0,2586.0
21,43,23,5.0,1662.6
21,44,2,1.0,1359.0
21,46,0,1.0,1602.0
21,46,16,3.0,4313.3
21,46,17,1.0,3820.0
21,48,1,1.0,2219.0
21,48,17,1.0,3819.0
21,48,19,1.0,1918.0
21,49,6,1.0,1814.0
21,49,8,1.0,2168.0
21,49,14,1.0,3952.0
21,49,18,1.0,2156.0
21,53,0,1.0,2235.0
21,53,7,1.0,4348.0
21,53,23,1.0,1949.0
21,56,3,4.0,1499.2
21,56,4,16.0,1485.9
21,56,5,1.0,1414.0
21,57,2,1.0,1255.0
21,57,5,4.0,1429.2
21,57,6,2.0,2040.0
21,57,18,1.0,2404.0
21,57,20,1.0,3745.0
21,57,21,1.0,1288.0
21,58,1,3.0,1106.7
21,58,2,2.0,1238.0
21,58,4,1.0,1205.0
21,58,5,1.0,1282.0
21,59,0,4.0,1093.0
21,59,1,1.0,1942.0
21,59,2,4.0,994.2
21,59,3,1.0,899.0
21,59,4,1.0,1086.0
21,59,5,3.0,1083.3
21,59,6,2.0,1009.5
21,59,7,1.0,2513.0
21,59,9,1.0,1289.0
21,59,10,1.0,1606.0
21,59,13,1.0,1802.0
21,59,14,2.0,1982.0
21,59,21,2.0,1104.0
21,59,23,1.0,961.0
21,60,0,1.0,976.0
21,60,1,1.0,904.0
21,60,2,2.0,1000.5
21,60,3,3.0,978.0
21,60,4,1.0,1679.0
21,60,6,2.0,1428.0
21,60,7,1.0,1400.0
21,60,8,3.0,2747.0
21,60,10,1.0,1155.0
21,60,12,2.0,1607.5
21,60,14,1.0,1682.0
21,60,15,3.0,1915.7
21,60,16,2.0,2228.5
21,60,17,5.0,2266.6
21,60,18,3.0,1918.3
21,60,19,4.0,1387.2
21,60,20,7.0,1551.4
21,60,21,3.0,1240.0
21,60,22,3.0,1057.3
21,60,23,7.0,1027.6
21,61,0,1.0,690.0
21,61,3,2.0,2487.0
21,61,5,2.0,1408.5
21,61,7,2.0,1245.5
21,61,9,1.0,1764.0
21,61,11,2.0,2389.5
21,61,12,2.0,2007.5
21,61,13,1.0,1578.0
21,61,14,1.0,1994.0
21,61,16,2.0,2458.0
21,61,17,1.0,2620.0
21,61,18,1.0,1837.0
21,61,21,2.0,1920.0
21,61,23,2.0,1253.0
21,62,0,1.0,1390.0
21,62,2,1.0,1405.0
21,62,3,1.0,1209.0
21,62,5,2.0,1425.0
21,62,13,1.0,3183.0
21,63,1,2.0,1547.5
21,63,2,1.0,1321.0
21,63,5,2.0,1467.0
21,64,0,1.0,2125.0
21,65,0,1.0,1919.0
21,65,5,1.0,2744.0
21,65,9,1.0,2253.0
21,65,10,1.0,2647.0
21,65,11,1.0,2747.0
21,65,13,1.0,2459.0
21,65,14,1.0,4137.0
21,65,18,1.0,3122.0
21,65,20,1.0,1715.0
21,65,23,1.0,1424.0
21,66,0,1.0,1548.0
21,66,1,1.0,1963.0
21,66,3,1.0,1837.0
21,66,23,1.0,1547.0
21,67,3,1.0,1343.0
21,68,9,2.0,1710.0
21,68,10,2.0,1990.5
21,68,14,1.0,2520.0
21,69,1,1.0,993.0
21,69,2,1.0,1070.0
21,70,1,1.0,1940.0
21,70,2,1.0,1900.0
21,70,5,1.0,2432.0
21,70,8,1.0,2705.0
21,70,16,1.0,3905.0
21,70,22,1.0,2093.0
21,71,0,1.0,2006.0
21,71,12,1.0,1625.0
21,71,20,1.0,2844.0
21,71,21,1.0,1440.0
21,71,23,1.0,1128.0
21,75,0,2.0,1684.0
21,76,0,4.0,1208.0
21,76,1,1.0,1043.0
21,76,2,6.0,1059.7
21,76,3,45.0,1076.3
21,76,4,90.0,1075.8
21,76,5,159.0,1512.3
21,76,6,127.0,2105.4
21,76,7,70.0,2389.1
21,76,8,61.0,2433.0
21,76,9,42.0,1592.2
21,76,10,46.0,1412.0
21,76,11,41.0,1447.9
21,76,12,35.0,1753.4
21,76,13,63.0,1976.9
21,76,14,45.0,2363.9
21,76,15,38.0,2356.9
21,76,16,39.0,2708.1
21,76,17,21.0,2349.2
21,76,18,23.0,1982.6
21,76,19,28.0,1820.1
21,76,20,12.0,1595.2
21,76,21,7.0,1079.9
21,76,22,4.0,992.0
21,76,23,3.0,1145.0
21,77,0,8.0,1254.1
21,77,1,12.0,1279.5
21,77,2,2.0,1126.0
21,77,3,5.0,1248.2
21,77,4,5.0,1137.8
21,77,6,3.0,1285.3
21,77,7,9.0,2043.8
21,77,8,13.0,1651.7
21,77,9,7.0,1450.6
21,77,10,9.0,1577.7
21,77,11,10.0,1248.7
21,77,12,11.0,1723.1
21,77,13,17.0,1623.5
21,77,14,9.0,1737.8
21,77,15,8.0,1806.6
21,77,16,14.0,1974.5
21,77,17,16.0,1915.4
21,77,18,27.0,1622.2
21,77,19,19.0,1594.5
21,77,20,13.0,1353.2
21,77,21,16.0,1306.8
21,77,22,35.0,1275.7
21,77,23,16.0,1247.1
22,1,0,13.0,1357.8
22,1,1,12.0,1397.5
22,1,2,13.0,1477.5
22,1,3,5.0,1349.4
22,1,4,3.0,1415.3
22,1,5,3.0,1416.0
22,2,0,7.0,1402.9
22,2,1,11.0,1122.2
22,2,2,8.0,1326.5
22,2,3,4.0,1019.8
22,2,4,2.0,1027.5
22,2,5,4.0,1239.5
22,2,6,1.0,1344.0
22,2,7,5.0,2026.4
22,2,8,2.0,2016.5
22,2,9,10.0,1813.8
22,2,10,5.0,1612.2
22,2,11,9.0,1499.7
22,2,12,4.0,1676.0
22,2,13,8.0,1696.0
22,2,14,6.0,1493.7
22,2,15,15.0,1965.8
22,2,16,12.0,2138.8
22,2,17,10.0,1975.1
22,2,18,16.0,1960.4
22,2,19,16.0,1650.1
22,2,20,25.0,1484.3
22,2,21,18.0,1250.6
22,2,22,28.0,1308.6
22,2,23,11.0,1462.0
22,3,0,50.0,1094.8
22,3,1,41.0,1086.7
22,3,2,21.0,1061.5
22,3,3,18.0,946.9
22,3,4,9.0,890.4
22,3,5,3.0,1131.7
22,3,6,6.0,1230.5
22,3,7,45.0,1818.8
22,3,8,35.0,1457.9
22,3,9,36.0,1396.5
22,3,10,42.0,1340.0
22,3,11,28.0,1326.4
22,3,12,44.0,1278.0
22,3,13,38.0,1298.6
22,3,14,33.0,1376.5
22,3,15,45.0,1568.4
22,3,16,63.0,1534.7
22,3,17,101.0,1635.7
22,3,18,144.0,1550.1
22,3,19,149.0,1400.0
22,3,20,118.0,1281.6
22,3,21,156.0,1180.8
22,3,22,168.0,1139.7
22,3,23,124.0,1094.6
22,4,0,41.0,889.8
22,4,1,24.0,745.2
22,4,2,20.0,906.9
22,4,3,13.0,833.5
22,4,4,3.0,889.0
22,4,5,22.0,951.7
22,4,6,16.0,1145.9
22,4,7,27.0,1350.9
22,4,8,39.0,1475.3
22,4,9,49.0,1129.9
22,4,10,31.0,1154.6
22,4,11,29.0,1203.7
22,4,12,38.0,1122.5
22,4,13,38.0,1161.2
22,4,14,35.0,1289.4
22,4,15,51.0,1446.8
22,4,16,45.0,1502.4
22,4,17,53.0,1488.5
22,4,18,118.0,1439.1
22,4,19,90.0,1209.1
22,4,20,83.0,1044.5
22,4,21,80.0,1004.3
22,4,22,91.0,932.0
22,4,23,96.0,923.7
22,5,0,57.0,549.4
22,5,1,35.0,536.8
22,5,2,26.0,576.9
22,5,3,11.0,638.1
22,5,4,7.0,714.0
22,5,5,6.0,403.2
22,5,6,1.0,495.0
22,6,0,30.0,785.4
22,6,1,107.0,838.0
22,6,2,69.0,808.7
22,6,3,32.0,729.6
22,6,4,23.0,821.3
22,6,5,24.0,901.5
22,7,0,112.0,687.8
22,7,1,59.0,665.1
22,7,2,21.0,601.5
22,7,3,17.0,665.6
22,7,4,21.0,622.9
22,7,5,44.0,696.3
22,7,6,19.0,660.4
22,7,23,45.0,622.9
22,8,0,158.0,797.1
22,8,1,86.0,753.5
22,8,2,51.0,748.2
22,8,3,22.0,804.3
22,8,4,35.0,782.1
22,8,5,149.0,934.7
22,8,6,432.0,1056.2
22,8,7,733.0,1470.2
22,8,8,997.0,1639.4
22,8,9,924.0,1323.8
22,8,10,528.0,1232.2
22,8,11,413.0,1192.4
22,8,12,402.0,1172.1
22,8,13,383.0,1221.0
22,8,14,375.0,1247.0
22,8,15,399.0,1312.1
22,8,16,465.0,1286.7
22,8,17,605.0,1213.3
22,8,18,683.0,1142.6
22,8,19,700.0,1080.7
22,8,20,570.0,1008.4
22,8,21,633.0,895.0
22,8,22,574.0,838.5
22,8,23,414.0,813.9
22,9,2,1.0,1031.0
22,10,0,5.0,932.8
22,10,1,5.0,689.8
22,10,2,6.0,942.3
22,10,3,1.0,688.0
22,10,4,5.0,843.2
22,10,5,4.0,1894.0
22,10,6,3.0,1537.0
22,10,7,2.0,2128.0
22,10,9,2.0,1513.5
22,10,10,1.0,1502.0
22,10,11,1.0,1184.0
22,10,12,3.0,1112.0
22,10,13,4.0,2194.0
22,10,14,2.0,1691.0
22,10,15,1.0,2208.0
22,10,16,4.0,2015.8
22,10,17,3.0,2092.7
22,10,18,4.0,1876.8
22,10,19,7.0,996.7
22,10,20,5.0,1052.6
22,10,21,8.0,880.2
22,10,22,13.0,919.0
22,10,23,11.0,913.5
22,11,0,4.0,840.0
22,11,1,5.0,630.0
22,11,2,6.0,772.3
22,11,3,2.0,1226.0
22,11,4,4.0,1018.5
22,11,5,5.0,1604.4
22,11,6,2.0,2029.5
22,11,7,6.0,1763.7
22,11,8,4.0,1234.0
22,11,9,3.0,931.3
22,11,10,2.0,747.5
22,11,11,4.0,995.5
22,11,12,4.0,1259.5
22,11,13,1.0,1011.0
22,11,14,4.0,1574.8
22,11,15,6.0,1744.2
22,11,16,4.0,2105.2
22,11,17,6.0,1510.7
22,11,18,8.0,1336.2
22,11,19,10.0,999.6
22,11,20,3.0,1409.3
22,11,21,8.0,892.6
22,11,22,9.0,764.7
22,11,23,11.0,796.2
22,12,0,5.0,823.2
22,12,1,1.0,730.0
22,12,7,4.0,1324.2
22,12,8,13.0,1261.5
22,12,9,3.0,771.3
22,12,10,3.0,868.7
22,12,11,5.0,671.0
22,12,12,3.0,1027.0
22,12,13,3.0,928.0
22,12,14,5.0,1355.2
22,12,15,2.0,1733.0
22,12,16,5.0,1867.8
22,12,17,3.0,1811.0
22,12,18,6.0,1391.5
22,12,19,5.0,935.0
22,12,20,5.0,932.4
22,12,21,3.0,1184.7
22,12,22,3.0,1055.3
22,12,23,4.0,1047.5
22,13,0,3.0,1218.0
22,13,1,5.0,787.8
22,13,3,7.0,862.4
22,13,4,1.0,932.0
22,13,5,2.0,1099.0
22,13,6,1.0,1297.0
22,13,7,17.0,1762.0
22,13,8,17.0,1630.7
22,13,9,4.0,1134.8
22,13,10,6.0,1114.2
22,13,11,9.0,1080.7
22,13,12,12.0,1196.9
22,13,13,8.0,1254.5
22,13,14,8.0,1425.6
22,13,15,5.0,1401.4
22,13,16,5.0,1569.4
22,13,17,2.0,1386.0
22,13,18,7.0,1569.1
22,13,19,10.0,1133.1
22,13,20,9.0,1269.6
22,13,21,6.0,1472.0
22,13,22,6.0,997.8
22,13,23,6.0,993.0
22,14,0,34.0,754.2
22,14,1,28.0,759.1
22,14,2,18.0,722.1
22,14,3,11.0,699.3
22,14,4,9.0,764.3
22,14,5,3.0,833.0
22,15,0,27.0,806.0
22,15,1,25.0,744.1
22,15,2,14.0,751.6
22,15,3,11.0,672.6
22,15,4,10.0,703.6
22,15,5,1.0,1051.0
22,15,6,6.0,910.2
22,15,23,16.0,835.2
22,16,0,74.0,600.6
22,16,1,42.0,560.4
22,16,2,45.0,622.4
22,16,3,23.0,566.2
22,16,4,13.0,729.1
22,16,5,10.0,548.2
22,16,6,39.0,651.1
22,16,7,63.0,889.7
22,16,8,49.0,817.4
22,16,9,42.0,686.5
22,16,10,37.0,730.5
22,16,11,35.0,639.2
22,16,12,45.0,729.0
22,16,13,45.0,767.7
22,16,14,44.0,817.8
22,16,15,60.0,935.9
22,16,16,104.0,907.5
22,16,17,98.0,980.8
22,16,18,104.0,867.1
22,16,19,104.0,724.8
22,16,20,106.0,688.4
22,16,21,128.0,648.3
22,16,22,161.0,632.2
22,16,23,109.0,650.6
22,17,0,5.0,1125.8
22,17,1,4.0,1152.2
22,17,2,3.0,1164.3
22,17,3,3.0,911.0
22,17,5,3.0,789.0
22,17,6,2.0,1380.0
22,17,7,9.0,1541.7
22,17,8,16.0,1490.0
22,17,9,18.0,1352.8
22,17,10,15.0,1288.9
22,17,11,11.0,1334.9
22,17,12,6.0,1196.2
22,17,13,8.0,1448.9
22,17,14,8.0,1809.4
22,17,15,10.0,1733.7
22,17,16,1.0,1949.0
22,17,17,13.0,2270.9
22,17,18,14.0,1883.9
22,17,19,8.0,1348.8
22,17,20,6.0,1353.0
22,17,21,7.0,1046.9
22,17,22,8.0,1179.0
22,17,23,11.0,1290.4
22,18,0,2.0,1320.0
22,18,1,2.0,912.5
22,18,2,3.0,1059.3
22,18,4,1.0,696.0
22,18,5,2.0,843.0
22,18,6,4.0,1044.2
22,18,9,1.0,1135.0
22,18,10,5.0,1050.6
22,18,11,1.0,1304.0
22,18,12,1.0,1371.0
22,18,13,3.0,1529.7
22,18,14,3.0,1322.3
22,18,19,1.0,1417.0
22,18,20,3.0,1500.7
22,18,21,2.0,1325.0
22,18,22,3.0,1140.3
22,18,23,8.0,1110.5
22,19,0,42.0,750.0
22,19,1,38.0,795.1
22,19,2,26.0,777.1
22,19,3,11.0,783.8
22,19,4,14.0,661.4
22,19,5,11.0,638.3
22,19,6,15.0,827.7
22,19,7,42.0,992.5
22,19,8,22.0,878.5
22,19,9,27.0,817.1
22,19,10,37.0,775.2
22,19,11,22.0,774.8
22,19,12,43.0,846.0
22,19,13,45.0,843.9
22,19,14,72.0,855.3
22,19,15,56.0,1094.6
22,19,16,58.0,1256.0
22,19,17,61.0,1194.4
22,19,18,58.0,1038.9
22,19,19,57.0,953.8
22,19,20,64.0,969.3
22,19,21,50.0,845.4
22,19,22,44.0,840.2
22,19,23,51.0,842.2
22,20,1,25.0,441.7
22,20,2,27.0,446.1
22,20,3,11.0,450.4
22,20,4,5.0,323.4
22,20,5,3.0,704.3
22,21,0,66.0,418.7
22,21,1,101.0,387.3
22,21,2,72.0,363.6
22,21,3,32.0,372.1
22,21,4,12.0,347.3
22,21,5,34.0,447.2
22,22,0,443.0,333.6
22,22,1,298.0,316.5
22,22,2,228.0,309.1
22,22,3,137.0,336.2
22,22,4,73.0,282.1
22,22,5,75.0,313.9
22,22,6,163.0,399.3
22,22,7,213.0,519.6
22,22,8,166.0,536.6
22,22,9,334.0,417.0
22,22,10,292.0,422.4
22,22,11,387.0,413.4
22,22,12,327.0,406.5
22,22,13,388.0,423.4
22,22,14,348.0,447.6
22,22,15,316.0,458.7
22,22,16,162.0,539.1
22,22,17,198.0,497.8
22,22,18,340.0,457.7
22,22,19,595.0,417.0
22,22,20,646.0,382.0
22,22,21,579.0,359.7
22,22,22,547.0,363.4
22,22,23,485.0,343.8
22,23,0,107.0,472.5
22,23,1,80.0,451.3
22,23,2,70.0,414.1
22,23,3,34.0,403.8
22,23,4,25.0,409.3
22,23,5,15.0,507.3
22,23,6,24.0,587.8
22,23,7,64.0,668.3
22,23,8,49.0,656.6
22,23,9,57.0,641.2
22,23,10,40.0,573.1
22,23,11,51.0,509.7
22,23,12,55.0,609.2
22,23,13,64.0,591.1
22,23,14,76.0,683.5
22,23,15,93.0,688.9
22,23,16,103.0,781.8
22,23,17,113.0,811.9
22,23,18,118.0,711.0
22,23,19,128.0,597.1
22,23,20,138.0,536.5
22,23,21,119.0,555.8
22,23,22,121.0,519.6
22,23,23,126.0,543.4
22,24,0,398.0,475.4
22,24,1,231.0,473.2
22,24,2,164.0,463.2
22,24,3,92.0,480.7
22,24,4,77.0,465.7
22,24,5,99.0,515.7
22,24,6,140.0,589.2
22,24,7,287.0,800.3
22,24,8,387.0,885.1
22,24,9,384.0,688.0
22,24,10,332.0,645.4
22,24,11,361.0,648.7
22,24,12,299.0,637.3
22,24,13,317.0,620.3
22,24,14,306.0,643.2
22,24,15,420.0,715.7
22,24,16,437.0,749.4
22,24,17,652.0,708.6
22,24,18,908.0,668.8
22,24,19,1060.0,646.4
22,24,20,833.0,559.2
22,24,21,904.0,538.3
22,24,22,922.0,515.9
22,24,23,777.0,505.4
22,25,1,7.0,1012.7
22,25,2,15.0,1086.7
22,25,3,7.0,849.7
22,25,4,4.0,1022.8
22,26,1,1.0,858.0
22,26,2,1.0,1215.0
22,26,3,4.0,1059.0
22,26,4,3.0,991.3
22,27,0,6.0,753.0
22,27,1,4.0,612.5
22,27,2,6.0,778.2
22,27,3,4.0,631.2
22,27,4,10.0,697.4
22,27,5,5.0,719.8
22,27,6,3.0,660.7
22,28,0,74.0,698.6
22,28,1,38.0,737.6
22,28,2,20.0,790.4
22,28,3,22.0,676.5
22,28,4,24.0,685.0
22,28,5,142.0,801.8
22,28,6,361.0,989.7
22,28,7,131.0,1210.5
22,28,8,91.0,1181.2
22,28,9,558.0,1160.2
22,28,10,358.0,1032.9
22,28,11,250.0,1048.7
22,28,12,199.0,1073.1
22,28,13,190.0,1114.4
22,28,14,123.0,1153.5
22,28,15,69.0,1238.4
22,28,16,39.0,1223.7
22,28,17,63.0,1145.8
22,28,18,130.0,962.9
22,28,19,116.0,903.6
22,28,20,195.0,881.1
22,28,21,173.0,796.5
22,28,22,152.0,730.6
22,28,23,78.0,760.2
22,29,0,8.0,992.4
22,29,1,5.0,1079.2
22,29,2,6.0,1004.3
22,29,3,8.0,926.1
22,29,4,3.0,1023.3
22,29,5,8.0,1161.9
22,29,6,13.0,1124.4
22,29,7,19.0,1477.4
22,29,8,14.0,1463.6
22,29,9,12.0,1197.1
22,29,10,13.0,1172.8
22,29,12,13.0,1142.2
22,29,13,7.0,1209.1
22,29,14,8.0,1435.9
22,29,15,6.0,1389.8
22,29,16,13.0,1577.2
22,29,17,10.0,1509.6
22,29,18,22.0,1571.8
22,29,19,12.0,1277.4
22,29,20,9.0,1187.3
22,29,21,8.0,1080.9
22,29,22,9.0,1183.7
22,29,23,18.0,1089.2
22,30,0,3.0,994.7
22,30,1,13.0,1151.8
22,30,2,16.0,1057.4
22,30,3,7.0,1032.7
22,30,4,6.0,1154.7
22,30,5,2.0,1155.0
22,31,0,34.0,960.9
22,31,1,25.0,952.2
22,31,2,23.0,897.3
22,31,3,10.0,984.3
22,31,4,7.0,879.9
22,31,5,5.0,1074.8
22,31,6,13.0,1156.1
22,31,7,19.0,2253.4
22,31,8,21.0,1860.0
22,31,9,9.0,1281.6
22,31,10,17.0,1378.6
22,31,11,16.0,1431.1
22,31,12,15.0,1503.7
22,31,13,20.0,1468.2
22,31,14,32.0,1796.1
22,31,15,23.0,1828.2
22,31,16,27.0,1932.5
22,31,17,43.0,1853.8
22,31,18,75.0,1645.8
22,31,19,72.0,1456.6
22,31,20,91.0,1232.7
22,31,21,57.0,1154.8
22,31,22,57.0,1034.6
22,31,23,55.0,1027.8
22,32,0,80.0,870.2
22,32,1,51.0,894.6
22,32,2,16.0,787.3
22,32,3,23.0,882.1
22,32,4,25.0,791.7
22,32,5,129.0,890.2
22,32,6,399.0,1061.5
22,32,7,901.0,1576.7
22,32,8,1017.0,1855.4
22,32,9,770.0,1501.3
22,32,10,470.0,1404.4
22,32,11,315.0,1492.4
22,32,12,282.0,1447.4
22,32,13,225.0,1449.2
22,32,14,202.0,1534.9
22,32,15,144.0,1640.4
22,32,16,173.0,1722.7
22,32,17,217.0,1641.3
22,32,18,165.0,1470.1
22,32,19,172.0,1287.1
22,32,20,157.0,1245.8
22,32,21,186.0,1040.4
22,32,22,209.0,983.3
22,32,23,129.0,942.0
22,33,1,13.0,1073.5
22,33,2,7.0,910.7
22,33,3,2.0,823.5
22,33,4,4.0,906.5
22,33,5,2.0,1045.0
22,34,0,4.0,914.8
22,34,1,8.0,953.5
22,34,2,1.0,977.0
22,34,3,2.0,708.0
22,34,6,3.0,1299.3
22,34,7,5.0,1680.4
22,34,8,1.0,1965.0
22,34,9,6.0,1288.2
22,34,10,3.0,1293.7
22,34,11,5.0,1496.0
22,34,12,4.0,1611.2
22,34,13,7.0,1562.6
22,34,14,4.0,1708.8
22,34,15,3.0,2457.7
22,34,16,2.0,2129.5
22,34,17,12.0,1836.2
22,34,18,11.0,1676.9
22,34,19,10.0,1614.7
22,34,20,4.0,1219.8
22,34,21,9.0,1118.9
22,34,22,7.0,880.0
22,34,23,6.0,947.3
22,35,1,2.0,806.0
22,35,2,1.0,828.0
22,35,4,1.0,958.0
22,35,5,1.0,1120.0
22,36,1,1.0,1053.0
22,36,4,1.0,978.0
22,36,10,1.0,1796.0
22,36,13,1.0,1057.0
22,36,19,2.0,1702.0
22,36,21,1.0,1081.0
22,36,22,2.0,1360.5
22,38,0,2.0,1172.5
22,38,2,2.0,997.5
22,38,3,1.0,962.0
22,38,4,1.0,1000.0
22,38,5,3.0,1372.7
22,39,0,7.0,1086.0
22,39,1,9.0,1237.9
22,39,2,5.0,1445.4
22,39,4,1.0,1170.0
22,39,5,1.0,2309.0
22,39,6,3.0,1407.0
22,39,7,2.0,1773.0
22,39,10,2.0,2306.0
22,39,11,4.0,1660.8
22,39,12,1.0,1505.0
22,39,13,3.0,2012.0
22,39,14,1.0,2477.0
22,39,15,1.0,2226.0
22,39,16,1.0,2917.0
22,39,17,2.0,2377.5
22,39,18,2.0,2035.0
22,39,19,4.0,2256.8
22,39,20,5.0,1828.0
22,39,21,7.0,1608.3
22,39,22,10.0,1400.9
22,39,23,2.0,1683.0
22,40,1,1.0,892.0
22,40,7,2.0,2227.0
22,40,8,1.0,2806.0
22,40,9,1.0,1930.0
22,40,15,1.0,2914.0
22,40,16,1.0,2361.0
22,40,18,1.0,2739.0
22,40,23,1.0,2376.0
22,41,1,3.0,1223.0
22,41,2,5.0,1218.0
22,41,3,1.0,1115.0
22,42,1,10.0,1390.2
22,42,4,1.0,1398.0
22,43,0,1.0,1383.0
22,43,1,3.0,1777.3
22,43,2,2.0,1579.0
22,43,5,3.0,1667.0
22,44,4,1.0,1308.0
22,44,6,1.0,1383.0
22,44,11,1.0,1934.0
22,44,12,1.0,3659.0
22,44,16,2.0,3612.5
22,44,17,3.0,3360.7
22,44,18,2.0,2559.0
22,44,19,1.0,1632.0
22,44,20,3.0,2552.3
22,44,21,3.0,1776.7
22,44,22,2.0,1609.5
22,44,23,1.0,1531.0
22,45,13,1.0,3853.0
22,45,20,1.0,1860.0
22,45,22,1.0,2771.0
22,45,23,6.0,1518.3
22,46,0,1.0,2489.0
22,46,1,1.0,1486.0
22,46,2,1.0,2516.0
22,47,17,1.0,3943.0
22,47,21,2.0,1657.5
22,47,23,2.0,1465.0
22,48,1,1.0,1208.0
22,48,2,1.0,1798.0
22,48,4,1.0,1768.0
22,48,14,1.0,3326.0
22,48,23,2.0,2409.5
22,49,0,1.0,1463.0
22,49,12,1.0,1690.0
22,49,14,1.0,2879.0
22,49,19,1.0,1838.0
22,49,20,1.0,1769.0
22,49,21,2.0,2319.0
22,49,22,1.0,2077.0
22,49,23,3.0,2037.0
22,50,0,2.0,1574.0
22,51,3,1.0,1537.0
22,52,0,1.0,2011.0
22,52,4,1.0,2092.0
22,52,6,1.0,2300.0
22,52,16,1.0,3747.0
22,52,18,1.0,3670.0
22,56,1,2.0,1621.0
22,56,3,15.0,1560.3
22,56,4,82.0,1569.0
22,57,0,1.0,1873.0
22,57,2,1.0,1656.0
22,57,4,1.0,1798.0
22,57,7,4.0,2053.5
22,57,8,13.0,1827.0
22,57,9,4.0,1555.8
22,57,10,1.0,1656.0
22,57,11,2.0,1774.0
22,57,14,1.0,2804.0
22,57,15,2.0,2738.0
22,57,16,2.0,2755.5
22,57,17,3.0,2931.3
22,57,18,2.0,2579.5
22,57,19,2.0,1739.0
22,57,21,1.0,3055.0
22,57,22,4.0,1432.0
22,57,23,1.0,1082.0
22,58,1,4.0,1272.2
22,58,3,1.0,1321.0
22,59,0,3.0,943.0
22,59,1,3.0,1247.3
22,59,2,1.0,718.0
22,59,3,1.0,1182.0
22,59,4,1.0,1004.0
22,59,7,1.0,1860.0
22,59,8,2.0,2231.0
22,59,10,5.0,1746.4
22,59,11,2.0,1343.5
22,59,12,1.0,1462.0
22,59,13,1.0,2319.0
22,59,14,1.0,1749.0
22,59,15,1.0,2293.0
22,59,16,3.0,2106.3
22,59,18,3.0,1991.3
22,59,19,4.0,1569.8
22,59,20,5.0,1398.8
22,59,21,3.0,1290.0
22,59,22,9.0,1350.9
22,59,23,4.0,1137.8
22,60,0,18.0,989.4
22,60,1,10.0,985.8
22,60,2,11.0,939.5
22,60,3,3.0,1220.0
22,60,4,2.0,1151.0
22,60,5,3.0,1078.0
22,60,8,5.0,2282.2
22,60,9,6.0,1663.7
22,60,10,3.0,1401.0
22,60,11,3.0,1554.3
22,60,12,4.0,1413.8
22,60,13,5.0,1291.6
22,60,14,2.0,2223.5
22,60,15,7.0,2232.3
22,60,16,8.0,2686.2
22,60,17,9.0,1911.0
22,60,18,14.0,1712.9
22,60,19,26.0,1565.0
22,60,20,15.0,1368.1
22,60,21,13.0,1228.2
22,60,22,12.0,1251.8
22,60,23,12.0,1114.9
22,61,0,4.0,1225.2
22,61,1,1.0,1240.0
22,61,2,2.0,1377.5
22,61,5,1.0,974.0
22,61,6,7.0,1932.3
22,61,7,6.0,2034.5
22,61,8,3.0,2024.7
22,61,9,2.0,2385.5
22,61,10,2.0,2188.5
22,61,11,3.0,2003.0
22,61,12,2.0,2064.5
22,61,13,2.0,2229.0
22,61,14,3.0,2354.3
22,61,15,2.0,3592.0
22,61,16,1.0,2188.0
22,61,17,2.0,1913.0
22,61,18,1.0,1531.0
22,61,19,1.0,2123.0
22,61,20,2.0,1590.5
22,61,21,4.0,1446.0
22,61,22,7.0,1867.9
22,61,23,3.0,1299.7
22,62,0,2.0,1694.0
22,62,2,1.0,1362.0
22,62,21,2.0,1558.0
22,63,1,1.0,1236.0
22,63,2,1.0,1459.0
22,63,3,1.0,1478.0
22,63,6,1.0,2112.0
22,63,12,1.0,2100.0
22,63,14,2.0,3293.0
22,63,16,2.0,3412.5
22,63,18,1.0,3681.0
22,63,19,3.0,3021.3
22,63,21,3.0,1586.7
22,63,22,2.0,2225.5
22,64,2,1.0,2170.0
22,65,1,2.0,1530.0
22,65,2,2.0,2098.0
22,65,4,1.0,1795.0
22,65,6,3.0,2180.7
22,65,7,3.0,2710.3
22,65,11,1.0,2208.0
22,65,13,1.0,2339.0
22,65,14,1.0,3619.0
22,65,17,2.0,2913.0
22,65,18,1.0,2551.0
22,65,19,3.0,2602.0
22,65,20,1.0,1987.0
22,65,21,1.0,2787.0
22,65,22,2.0,1827.5
22,65,23,4.0,1930.5
22,66,0,4.0,1915.8
22,66,2,2.0,1471.5
22,66,3,2.0,1630.0
22,67,0,1.0,2122.0
22,67,2,1.0,1505.0
22,67,3,1.0,1240.0
22,67,5,1.0,2084.0
22,67,9,1.0,2979.0
22,67,10,1.0,1849.0
22,67,14,3.0,2754.3
22,67,16,2.0,3319.0
22,67,18,5.0,3345.0
22,67,19,3.0,2388.3
22,67,20,4.0,2176.2
22,67,21,1.0,1834.0
22,67,22,2.0,1578.5
22,67,23,6.0,2102.7
22,68,2,1.0,1741.0
22,69,0,2.0,1733.0
22,69,4,1.0,1040.0
22,69,6,1.0,1317.0
22,69,11,1.0,2956.0
22,69,13,1.0,1861.0
22,69,14,1.0,2374.0
22,69,15,2.0,3872.0
22,69,16,1.0,3153.0
22,69,18,1.0,2439.0
22,69,19,2.0,2621.0
22,69,20,2.0,1668.0
22,69,21,1.0,2399.0
22,69,22,3.0,1499.7
22,70,11,1.0,3005.0
22,70,12,1.0,3615.0
22,70,13,1.0,2528.0
22,70,19,1.0,2667.0
22,70,22,1.0,1826.0
22,70,23,1.0,2270.0
22,71,1,1.0,1740.0
22,71,2,6.0,1573.8
22,71,4,1.0,1466.0
22,72,0,2.0,1555.0
22,72,2,1.0,1802.0
22,73,3,1.0,1121.0
22,74,1,1.0,2093.0
22,74,19,1.0,2291.0
22,74,23,1.0,2567.0
22,75,1,2.0,1633.0
22,76,0,3.0,996.0
22,76,1,1.0,1344.0
22,76,2,10.0,1144.1
22,76,3,86.0,1238.4
22,76,4,334.0,1164.1
22,76,5,585.0,1622.9
22,76,6,459.0,2278.8
22,76,7,202.0,2818.9
22,76,8,154.0,2432.0
22,76,9,125.0,1704.3
22,76,10,195.0,1522.2
22,76,11,155.0,1616.2
22,76,12,184.0,2011.2
22,76,13,159.0,2247.6
22,76,14,124.0,2596.3
22,76,15,132.0,2855.2
22,76,16,114.0,3052.2
22,76,17,75.0,2669.7
22,76,18,95.0,2437.1
22,76,19,85.0,1841.4
22,76,20,29.0,1492.3
22,76,21,11.0,1330.2
22,76,22,13.0,1573.0
22,76,23,5.0,1457.8
22,77,0,33.0,1297.4
22,77,1,22.0,1389.1
22,77,2,16.0,1206.0
22,77,3,7.0,1260.1
22,77,4,1.0,1174.0
22,77,5,4.0,1226.0
22,77,6,15.0,1620.0
22,77,7,12.0,2000.1
22,77,8,27.0,1824.1
22,77,9,23.0,1705.5
22,77,10,20.0,1472.2
22,77,11,18.0,1606.4
22,77,12,14.0,1624.8
22,77,13,23.0,1582.4
22,77,14,29.0,1682.9
22,77,15,24.0,1933.8
22,77,16,14.0,1799.1
22,77,17,47.0,1963.6
22,77,18,56.0,1868.1
22,77,19,57.0,1654.3
22,77,20,43.0,1511.7
22,77,21,63.0,1468.2
22,77,22,60.0,1440.8
22,77,23,78.0,1352.1
23,1,0,3.0,2548.7
23,1,1,3.0,2196.3
23,1,2,2.0,1961.5
23,1,3,1.0,1603.0
23,1,5,1.0,1370.0
23,1,6,5.0,2898.8
23,1,7,3.0,3229.3
23,1,8,3.0,2816.0
23,1,9,6.0,2504.8
23,1,10,1.0,1972.0
23,1,11,1.0,2242.0
23,1,12,4.0,2366.5
23,1,14,1.0,2102.0
23,1,15,2.0,3215.5
23,1,17,2.0,2918.0
23,1,18,1.0,4391.0
23,1,19,4.0,2453.8
23,1,20,1.0,1890.0
23,1,21,5.0,2130.8
23,1,22,2.0,2319.0
23,1,23,1.0,2276.0
23,2,3,1.0,1934.0
23,3,0,4.0,1375.5
23,3,1,2.0,1322.5
23,3,2,2.0,1368.5
23,3,3,3.0,1351.7
23,3,4,6.0,1474.8
23,3,5,6.0,1660.3
23,3,6,6.0,1492.3
23,3,9,1.0,1701.0
23,3,10,4.0,1647.0
23,3,11,6.0,1928.2
23,3,12,3.0,2017.3
23,3,13,2.0,1745.0
23,3,14,2.0,1837.5
23,3,19,4.0,1854.0
23,3,21,9.0,1668.2
23,3,22,4.0,1451.5
23,3,23,6.0,1534.2
23,4,1,2.0,1645.5
23,4,2,2.0,1354.0
23,4,3,1.0,1285.0
23,4,4,2.0,1172.0
23,5,0,2.0,792.0
23,5,1,1.0,676.0
23,5,2,3.0,835.7
23,5,4,5.0,698.8
23,5,5,12.0,853.1
23,5,6,14.0,1032.5
23,5,7,29.0,1685.6
23,5,8,13.0,1553.3
23,5,9,19.0,1142.5
23,5,10,22.0,1197.5
23,5,11,9.0,1083.4
23,5,12,12.0,1127.8
23,5,13,10.0,1350.4
23,5,14,12.0,1224.4
23,5,15,14.0,1381.6
23,5,16,6.0,1469.3
23,5,17,15.0,1541.7
23,5,18,8.0,1452.4
23,5,19,6.0,1149.7
23,5,20,6.0,1062.7
23,5,21,1.0,1109.0
23,5,22,5.0,1030.2
23,5,23,2.0,1122.0
23,6,0,6.0,1101.3
23,6,1,3.0,1094.7
23,6,2,1.0,1189.0
23,6,3,2.0,1105.5
23,6,4,2.0,1405.0
23,6,5,8.0,1168.5
23,6,6,15.0,1524.5
23,6,7,28.0,1900.4
23,6,8,24.0,1857.4
23,6,9,38.0,1524.8
23,6,10,33.0,1503.0
23,6,11,18.0,1467.4
23,6,12,20.0,1587.4
23,6,13,24.0,1558.9
23,6,14,30.0,1524.0
23,6,15,33.0,1714.0
23,6,16,30.0,1906.3
23,6,17,20.0,1898.1
23,6,18,32.0,1659.3
23,6,19,27.0,1643.7
23,6,20,21.0,1545.6
23,6,21,24.0,1419.7
23,6,22,19.0,1377.0
23,6,23,17.0,1238.5
23,7,0,5.0,1344.2
23,7,1,1.0,853.0
23,7,2,3.0,890.0
23,7,3,1.0,758.0
23,7,4,12.0,1134.3
23,7,5,25.0,1082.9
23,7,6,29.0,1315.4
23,7,7,5.0,1383.4
23,7,8,4.0,1211.8
23,7,9,4.0,1407.8
23,7,10,26.0,1321.9
23,7,11,23.0,1243.0
23,7,12,24.0,1204.0
23,7,13,28.0,1272.4
23,7,14,6.0,1071.2
23,7,15,3.0,1582.0
23,7,19,5.0,1159.8
23,7,20,4.0,1012.0
23,7,21,10.0,1217.9
23,7,22,13.0,1162.8
23,7,23,13.0,1091.8
23,8,0,13.0,924.5
23,8,1,10.0,936.8
23,8,2,2.0,1532.0
23,8,3,4.0,1136.0
23,8,4,28.0,1095.9
23,8,5,74.0,1157.7
23,8,6,98.0,1263.2
23,8,7,135.0,1799.7
23,8,8,144.0,1979.6
23,8,9,154.0,1619.5
23,8,10,114.0,1403.4
23,8,11,78.0,1445.1
23,8,12,76.0,1464.3
23,8,13,83.0,1437.6
23,8,14,97.0,1526.8
23,8,15,76.0,1577.9
23,8,16,81.0,1574.0
23,8,17,82.0,1649.3
23,8,18,66.0,1532.9
23,8,19,56.0,1331.9
23,8,20,44.0,1215.6
23,8,21,61.0,1245.1
23,8,22,61.0,1219.7
23,8,23,27.0,1035.2
23,9,0,1.0,1235.0
23,9,2,1.0,1055.0
23,9,5,1.0,1587.0
23,9,11,2.0,1447.0
23,9,20,1.0,2366.0
23,9,22,1.0,1382.0
23,11,0,2.0,1166.0
23,11,1,2.0,1413.5
23,11,2,1.0,1497.0
23,11,3,1.0,968.0
23,11,5,2.0,1159.0
23,12,10,1.0,2427.0
23,12,21,1.0,1120.0
23,12,22,2.0,986.0
23,13,1,1.0,1166.0
23,13,4,1.0,1499.0
23,13,5,4.0,1180.5
23,13,6,9.0,1577.0
23,13,7,12.0,2126.6
23,13,8,9.0,2116.9
23,13,9,7.0,1838.1
23,13,10,6.0,1800.8
23,13,11,8.0,1786.0
23,13,12,3.0,1616.7
23,13,13,3.0,1849.0
23,13,14,4.0,2151.2
23,13,15,1.0,2111.0
23,13,16,2.0,2444.5
23,13,17,2.0,2632.0
23,13,18,2.0,1696.0
23,13,19,3.0,1751.3
23,13,20,1.0,1540.0
23,13,22,2.0,1680.5
23,13,23,3.0,1338.7
23,14,1,3.0,1346.3
23,14,2,6.0,1109.8
23,14,3,3.0,1649.0
23,14,4,3.0,1094.0
23,15,0,2.0,1084.5
23,15,1,7.0,894.3
23,15,2,3.0,1041.7
23,15,3,2.0,849.5
23,15,4,1.0,1255.0
23,15,5,1.0,1248.0
23,16,0,5.0,979.0
23,16,1,5.0,813.0
23,16,2,3.0,747.3
23,16,3,8.0,765.8
23,16,4,7.0,853.7
23,16,5,6.0,989.5
23,16,6,21.0,1081.0
23,16,7,18.0,1260.8
23,16,8,26.0,1337.7
23,16,9,26.0,959.5
23,16,10,16.0,969.1
23,16,11,19.0,1183.2
23,16,12,6.0,1076.5
23,16,13,7.0,934.3
23,16,14,17.0,1259.5
23,16,15,28.0,1397.0
23,16,16,11.0,1236.0
23,16,17,5.0,1497.4
23,16,18,17.0,1272.1
23,16,19,13.0,1110.0
23,16,20,10.0,1097.6
23,16,21,22.0,912.3
23,16,22,13.0,959.6
23,16,23,9.0,1065.6
23,17,1,1.0,1371.0
23,17,2,1.0,1560.0
23,18,1,1.0,1259.0
23,18,2,2.0,897.5
23,18,3,3.0,792.0
23,18,4,1.0,716.0
23,19,0,7.0,712.3
23,19,1,8.0,580.9
23,19,2,11.0,761.4
23,19,3,5.0,782.0
23,19,4,16.0,632.9
23,19,5,19.0,1082.9
23,20,1,4.0,376.8
23,20,2,6.0,476.7
23,20,3,7.0,449.1
23,20,4,3.0,427.0
23,21,1,9.0,596.0
23,21,2,5.0,830.6
23,21,3,10.0,604.0
23,21,4,12.0,684.3
23,22,0,31.0,476.9
23,22,1,17.0,494.4
23,22,2,32.0,512.4
23,22,3,29.0,496.3
23,22,4,48.0,618.6
23,22,5,30.0,489.1
23,22,6,45.0,605.7
23,22,7,110.0,825.5
23,22,8,83.0,684.4
23,22,9,104.0,692.3
23,22,10,104.0,563.2
23,22,11,74.0,578.2
23,22,12,96.0,646.3
23,22,13,97.0,635.3
23,22,14,95.0,604.6
23,22,15,98.0,679.5
23,22,16,73.0,728.7
23,22,17,81.0,808.3
23,22,18,94.0,672.4
23,22,19,94.0,590.4
23,22,20,65.0,552.7
23,22,21,53.0,557.1
23,22,22,42.0,454.5
23,22,23,35.0,477.0
23,23,0,36.0,358.4
23,23,1,29.0,440.7
23,23,2,17.0,253.5
23,23,3,20.0,265.0
23,23,4,10.0,287.5
23,23,5,27.0,275.3
23,23,6,61.0,347.1
23,23,7,114.0,619.6
23,23,8,108.0,669.2
23,23,9,105.0,466.5
23,23,10,82.0,464.2
23,23,11,63.0,340.9
23,23,12,85.0,431.3
23,23,13,104.0,442.6
23,23,14,82.0,445.9
23,23,15,106.0,492.0
23,23,16,108.0,582.7
23,23,17,107.0,455.8
23,23,18,108.0,533.5
23,23,19,82.0,357.8
23,23,20,82.0,376.6
23,23,21,69.0,332.4
23,23,22,77.0,510.9
23,23,23,65.0,421.4
23,24,0,37.0,475.7
23,24,1,34.0,439.4
23,24,2,23.0,410.6
23,24,3,20.0,441.0
23,24,4,50.0,427.0
23,24,5,40.0,610.7
23,24,6,63.0,611.3
23,24,7,162.0,929.0
23,24,8,180.0,887.3
23,24,9,161.0,626.6
23,24,10,146.0,685.5
23,24,11,116.0,654.8
23,24,12,110.0,645.8
23,24,13,96.0,662.1
23,24,14,119.0,626.1
23,24,15,140.0,738.1
23,24,16,147.0,732.7
23,24,17,134.0,704.5
23,24,18,129.0,703.2
23,24,19,123.0,600.1
23,24,20,105.0,546.7
23,24,21,108.0,540.1
23,24,22,87.0,553.5
23,24,23,65.0,506.5
23,25,1,18.0,680.2
23,25,2,20.0,560.5
23,25,3,23.0,522.5
23,25,4,27.0,492.6
23,26,0,5.0,465.4
23,26,1,7.0,430.9
23,26,2,4.0,471.0
23,26,3,1.0,342.0
23,26,5,1.0,413.0
23,26,6,6.0,390.3
23,26,7,12.0,490.0
23,26,8,25.0,476.5
23,26,9,21.0,467.7
23,26,10,12.0,485.9
23,26,11,10.0,480.7
23,26,12,14.0,455.4
23,26,13,16.0,473.6
23,26,14,17.0,505.4
23,26,15,33.0,765.6
23,26,16,26.0,734.9
23,26,17,27.0,696.2
23,26,18,32.0,685.2
23,26,19,22.0,553.5
23,26,20,19.0,577.1
23,26,21,10.0,554.0
23,26,22,14.0,1031.5
23,26,23,16.0,599.1
23,27,0,10.0,405.7
23,27,1,5.0,514.8
23,27,2,14.0,400.2
23,27,3,3.0,417.0
23,27,4,7.0,171.7
23,27,5,7.0,430.9
23,27,6,26.0,554.4
23,27,7,25.0,465.3
23,27,8,34.0,603.8
23,27,9,28.0,521.4
23,27,10,29.0,530.5
23,27,11,23.0,648.8
23,27,12,12.0,628.9
23,27,13,28.0,509.3
23,27,14,23.0,451.0
23,27,15,37.0,669.1
23,27,16,33.0,683.3
23,27,17,28.0,638.0
23,27,18,43.0,783.5
23,27,19,21.0,544.0
23,27,20,20.0,503.9
23,27,21,23.0,485.3
23,27,22,25.0,500.0
23,27,23,15.0,443.4
23,28,1,6.0,915.3
23,28,2,5.0,756.4
23,28,3,2.0,523.5
23,28,4,20.0,780.8
23,29,0,13.0,689.8
23,29,1,10.0,665.2
23,29,2,5.0,679.2
23,29,3,5.0,622.4
23,29,4,2.0,609.5
23,29,5,10.0,735.2
23,29,6,26.0,886.6
23,29,7,38.0,871.1
23,29,8,45.0,996.9
23,29,9,25.0,884.0
23,29,10,33.0,852.2
23,29,11,20.0,744.0
23,29,12,11.0,813.3
23,29,13,15.0,755.6
23,29,14,21.0,875.6
23,29,15,33.0,1034.1
23,29,16,39.0,993.4
23,29,17,38.0,1021.0
23,29,18,28.0,936.5
23,29,19,26.0,1026.1
23,29,20,23.0,750.2
23,29,21,30.0,823.5
23,29,22,27.0,780.7
23,29,23,14.0,766.7
23,30,0,6.0,1142.7
23,30,1,12.0,982.4
23,30,2,4.0,1006.5
23,30,3,2.0,912.0
23,30,4,3.0,864.0
23,30,5,10.0,989.8
23,30,6,17.0,1057.9
23,30,7,11.0,1422.8
23,30,8,9.0,1272.2
23,30,9,18.0,1174.4
23,30,10,8.0,1070.0
23,30,11,8.0,1234.0
23,30,12,5.0,1123.2
23,30,13,9.0,1086.7
23,30,14,12.0,1137.4
23,30,15,9.0,1640.3
23,30,16,7.0,1347.4
23,30,17,12.0,1368.4
23,30,18,6.0,1372.5
23,30,19,10.0,1131.1
23,30,20,11.0,1003.1
23,30,21,8.0,1083.9
23,30,22,2.0,1127.5
23,30,23,7.0,885.0
23,31,0,1.0,922.0
23,31,1,5.0,851.6
23,31,2,4.0,803.5
23,31,3,15.0,1024.2
23,31,4,12.0,1063.8
23,31,5,8.0,991.1
23,31,6,15.0,1140.0
23,31,7,13.0,1938.9
23,31,8,13.0,1710.4
23,31,9,10.0,1769.4
23,31,10,10.0,1589.3
23,31,11,9.0,1440.2
23,31,12,10.0,1419.5
23,31,13,4.0,1389.0
23,31,14,6.0,1383.3
23,31,15,18.0,1684.2
23,31,16,14.0,1789.6
23,31,17,8.0,1444.4
23,31,18,11.0,1515.6
23,31,19,11.0,1450.1
23,31,20,17.0,1235.4
23,31,21,13.0,1028.9
23,31,22,10.0,1055.9
23,31,23,7.0,1077.0
23,32,0,2.0,1160.5
23,32,2,1.0,962.0
23,32,3,2.0,1027.0
23,32,4,25.0,948.4
23,32,5,27.0,1068.4
23,32,6,110.0,1277.2
23,32,7,155.0,1939.7
23,32,8,165.0,2138.0
23,32,9,143.0,1845.0
23,32,10,118.0,1608.5
23,32,11,71.0,1685.7
23,32,12,61.0,1650.9
23,32,13,59.0,1614.5
23,32,14,59.0,1551.2
23,32,15,53.0,1812.0
23,32,16,49.0,1961.4
23,32,17,59.0,1758.0
23,32,18,28.0,1559.6
23,32,19,25.0,1482.9
23,32,20,19.0,1514.3
23,32,21,25.0,1245.4
23,32,22,24.0,1189.3
23,32,23,10.0,1217.3
23,33,1,1.0,878.0
23,33,2,2.0,947.5
23,33,3,1.0,848.0
23,33,4,1.0,811.0
23,34,3,1.0,733.0
23,34,8,1.0,1737.0
23,34,9,8.0,1733.1
23,34,10,1.0,1720.0
23,34,11,3.0,1596.0
23,34,12,2.0,2149.5
23,34,13,2.0,1791.0
23,34,15,3.0,2299.7
23,34,16,1.0,1844.0
23,34,18,2.0,1698.0
23,34,19,2.0,1537.5
23,34,20,2.0,1477.0
23,34,21,1.0,1702.0
23,34,22,1.0,1560.0
23,35,5,2.0,1700.0
23,35,7,1.0,2615.0
23,35,9,3.0,1894.7
23,35,10,11.0,1738.7
23,35,12,1.0,1402.0
23,35,13,4.0,2226.8
23,35,14,3.0,1992.7
23,35,16,4.0,2100.2
23,35,17,3.0,2093.3
23,35,18,5.0,2421.6
23,35,19,5.0,1557.2
23,35,20,4.0,1671.0
23,35,21,3.0,1523.0
23,35,22,3.0,1264.3
23,35,23,1.0,1423.0
23,36,3,1.0,1058.0
23,37,6,1.0,1899.0
23,37,13,1.0,1652.0
23,37,15,1.0,1420.0
23,38,0,1.0,1192.0
23,38,1,3.0,1051.0
23,38,2,1.0,1402.0
23,38,4,1.0,911.0
23,38,6,9.0,1698.8
23,38,7,4.0,2455.5
23,38,8,5.0,2544.8
23,38,9,2.0,1666.5
23,38,10,4.0,2151.8
23,38,11,2.0,1950.5
23,38,12,1.0,2690.0
23,38,13,3.0,1931.0
23,38,15,1.0,2150.0
23,38,16,1.0,3916.0
23,38,17,1.0,1938.0
23,38,19,2.0,1726.0
23,38,20,3.0,1728.3
23,38,21,3.0,1634.0
23,38,22,5.0,1294.2
23,38,23,4.0,1577.5
23,39,0,1.0,2029.0
23,39,1,2.0,1413.5
23,39,6,1.0,1575.0
23,39,9,1.0,2177.0
23,39,11,1.0,2440.0
23,39,12,1.0,1995.0
23,39,13,1.0,1863.0
23,39,14,2.0,2107.0
23,39,15,2.0,2658.5
23,39,16,1.0,1783.0
23,39,17,1.0,2234.0
23,39,18,1.0,2030.0
23,39,19,2.0,1786.0
23,39,21,1.0,1715.0
23,39,22,1.0,1331.0
23,39,23,2.0,2263.0
23,41,0,1.0,1208.0
23,41,1,2.0,1813.0
23,41,5,1.0,1414.0
23,42,3,1.0,1028.0
23,42,5,1.0,1553.0
23,42,8,2.0,2846.0
23,42,9,3.0,2382.3
23,42,10,2.0,2323.5
23,42,13,1.0,2833.0
23,42,14,1.0,2399.0
23,42,16,1.0,1886.0
23,42,17,2.0,3336.0
23,42,18,3.0,2774.3
23,42,19,4.0,2283.0
23,42,20,2.0,1853.0
23,42,21,3.0,2177.7
23,42,22,1.0,2420.0
23,42,23,2.0,1632.5
23,43,0,2.0,1615.5
23,43,1,1.0,1485.0
23,43,4,1.0,1444.0
23,43,10,1.0,2863.0
23,43,11,1.0,1926.0
23,43,12,3.0,2595.0
23,43,13,1.0,1887.0
23,43,14,5.0,2908.6
23,43,15,1.0,4051.0
23,43,17,1.0,2654.0
23,43,18,1.0,2341.0
23,43,19,1.0,2800.0
23,43,20,1.0,2008.0
23,43,21,1.0,1707.0
23,43,22,2.0,2100.5
23,43,23,2.0,1807.0
23,44,0,6.0,2031.0
23,44,3,1.0,1305.0
23,44,7,1.0,3192.0
23,44,8,1.0,2937.0
23,44,9,2.0,2273.0
23,44,11,1.0,2687.0
23,44,12,4.0,1971.2
23,44,13,1.0,1945.0
23,44,14,1.0,3288.0
23,44,15,2.0,3592.0
23,44,17,4.0,3380.2
23,44,18,2.0,2623.5
23,44,19,3.0,2556.3
23,44,20,3.0,1909.0
23,44,21,3.0,1886.3
23,44,22,1.0,3411.0
23,44,23,4.0,1522.8
23,46,5,1.0,3203.0
23,46,7,1.0,3994.0
23,46,10,4.0,2845.2
23,46,11,1.0,2833.0
23,46,13,1.0,2793.0
23,46,15,1.0,3808.0
23,46,18,2.0,3993.5
23,46,20,1.0,2157.0
23,46,21,1.0,2798.0
23,46,23,1.0,2451.0
23,47,17,1.0,2899.0
23,48,3,1.0,1525.0
23,48,10,1.0,3319.0
23,48,12,1.0,2142.0
23,48,22,1.0,1801.0
23,48,23,1.0,2478.0
23,50,4,1.0,1663.0
23,51,0,2.0,2056.0
23,51,7,1.0,2277.0
23,51,10,1.0,2341.0
23,51,14,1.0,2708.0
23,51,19,1.0,2562.0
23,51,22,1.0,1984.0
23,52,17,1.0,3877.0
23,52,19,1.0,2926.0
23,53,0,1.0,2042.0
23,53,1,1.0,1801.0
23,53,13,1.0,2308.0
23,53,18,2.0,3334.0
23,53,19,1.0,2150.0
23,53,20,2.0,2272.0
23,53,21,2.0,2395.5
23,53,23,4.0,2272.8
23,56,0,2.0,1315.0
23,56,1,1.0,1695.0
23,56,2,3.0,1397.7
23,56,3,3.0,1426.0
23,56,4,12.0,1624.7
23,56,5,4.0,1710.8
23,57,3,2.0,1666.5
23,57,7,1.0,1601.0
23,57,8,1.0,1571.0
23,57,11,1.0,2203.0
23,57,13,2.0,1794.0
23,57,14,3.0,2219.3
23,57,17,2.0,2048.5
23,57,18,1.0,1860.0
23,57,20,1.0,1363.0
23,57,22,1.0,1389.0
23,57,23,1.0,1406.0
23,58,0,3.0,1461.3
23,58,1,2.0,1207.5
23,58,2,2.0,1383.0
23,58,4,1.0,959.0
23,58,5,1.0,1013.0
23,58,6,2.0,1669.0
23,58,10,2.0,1474.5
23,58,12,1.0,1467.0
23,58,13,9.0,1805.3
23,58,14,4.0,1758.0
23,58,19,1.0,1674.0
23,58,23,2.0,1499.5
23,59,0,2.0,1388.0
23,59,1,1.0,1200.0
23,59,4,2.0,1059.5
23,59,6,2.0,1559.0
23,59,7,3.0,2064.7
23,59,10,1.0,1144.0
23,59,12,2.0,1446.5
23,59,15,1.0,1809.0
23,59,16,1.0,1259.0
23,59,17,3.0,1653.0
23,59,18,1.0,2150.0
23,59,21,1.0,1352.0
23,60,0,1.0,973.0
23,60,2,3.0,1048.0
23,60,3,2.0,980.0
23,60,4,4.0,991.5
23,60,10,2.0,1708.0
23,60,11,1.0,1841.0
23,60,12,2.0,1893.5
23,60,13,1.0,1849.0
23,60,21,4.0,1444.0
23,60,22,3.0,1414.3
23,60,23,2.0,1203.0
23,61,0,2.0,1660.5
23,61,3,1.0,1971.0
23,61,4,15.0,1362.7
23,61,5,5.0,1390.8
23,61,6,1.0,1543.0
23,61,7,4.0,2129.2
23,61,8,1.0,3016.0
23,61,9,3.0,2447.7
23,61,10,2.0,2439.0
23,61,11,1.0,1749.0
23,61,12,2.0,1453.5
23,61,13,2.0,1843.5
23,61,15,5.0,2844.2
23,61,16,4.0,3149.2
23,61,17,3.0,2189.0
23,61,18,3.0,1679.0
23,61,19,3.0,1873.3
23,61,20,2.0,1656.0
23,61,21,5.0,1708.0
23,61,22,3.0,1558.3
23,61,23,1.0,2038.0
23,62,9,1.0,1540.0
23,62,10,1.0,1907.0
23,62,13,2.0,2283.0
23,62,15,1.0,2380.0
23,62,16,1.0,3882.0
23,62,17,2.0,2969.5
23,62,23,2.0,1764.5
23,64,0,2.0,1774.0
23,64,1,2.0,1943.5
23,64,7,1.0,4316.0
23,64,16,1.0,3057.0
23,64,19,2.0,2556.5
23,64,21,1.0,2231.0
23,64,22,1.0,1992.0
23,64,23,4.0,2117.8
23,65,2,1.0,1526.0
23,65,6,11.0,2119.6
23,65,7,2.0,3213.5
23,65,8,3.0,2478.3
23,65,9,1.0,2233.0
23,65,13,2.0,2296.0
23,65,15,2.0,3285.5
23,65,17,1.0,3056.0
23,65,20,1.0,1904.0
23,65,22,1.0,1836.0
23,65,23,1.0,2181.0
23,66,0,1.0,2396.0
23,66,7,1.0,2309.0
23,66,8,1.0,2046.0
23,66,9,1.0,1705.0
23,66,10,1.0,2096.0
23,66,11,3.0,2303.3
23,66,14,2.0,3386.0
23,66,15,1.0,3488.0
23,66,17,3.0,2505.3
23,66,18,2.0,2670.5
23,66,19,2.0,2555.0
23,66,20,4.0,2408.5
23,66,21,4.0,2144.0
23,66,22,2.0,2265.5
23,66,23,1.0,4464.0
23,67,2,1.0,1609.0
23,68,0,2.0,1405.5
23,68,1,2.0,1301.0
23,68,2,2.0,1502.5
23,69,0,1.0,1332.0
23,69,1,2.0,1893.0
23,69,6,2.0,1521.5
23,69,10,1.0,1780.0
23,69,11,1.0,2034.0
23,69,12,5.0,1999.8
23,69,13,1.0,2284.0
23,69,14,1.0,2566.0
23,69,15,2.0,3133.0
23,69,16,2.0,2854.5
23,69,18,2.0,2758.5
23,69,20,2.0,2269.0
23,69,21,2.0,1851.5
23,70,1,1.0,2085.0
23,70,5,2.0,1891.0
23,71,0,2.0,1905.0
23,71,1,2.0,1779.0
23,71,2,1.0,1385.0
23,71,6,2.0,2888.5
23,71,7,1.0,3330.0
23,71,8,1.0,5162.0
23,71,11,1.0,2868.0
23,71,12,1.0,2512.0
23,71,13,2.0,2448.5
23,71,14,2.0,2772.0
23,71,18,3.0,2215.7
23,71,19,1.0,2272.0
23,71,20,2.0,2022.0
23,71,21,2.0,1907.5
23,71,22,3.0,1910.0
23,72,6,1.0,2038.0
23,72,9,1.0,3210.0
23,72,17,3.0,3828.7
23,76,1,1.0,1597.0
23,76,3,13.0,1673.0
23,76,4,37.0,1635.2
23,76,5,53.0,1918.9
23,76,6,35.0,2612.0
23,76,7,8.0,3212.4
23,76,8,4.0,2642.8
23,76,9,15.0,1904.7
23,76,10,10.0,1875.5
23,76,11,17.0,1814.9
23,76,12,17.0,2396.5
23,76,13,14.0,2271.4
23,76,14,6.0,3004.8
23,76,15,2.0,2913.5
23,76,16,5.0,2993.4
23,76,20,2.0,1682.5
23,76,21,2.0,1856.5
23,77,0,2.0,1844.5
23,77,1,3.0,1471.0
23,77,2,1.0,1624.0
23,77,3,1.0,1721.0
23,77,6,3.0,1759.0
23,77,23,1.0,1625.0
24,1,0,33.0,1570.1
24,1,1,15.0,1708.7
24,1,2,17.0,1530.1
24,1,3,7.0,1551.0
24,1,4,3.0,1598.0
24,1,5,3.0,1712.3
24,1,7,11.0,2317.2
24,1,8,11.0,2294.6
24,1,9,8.0,2098.1
24,1,10,15.0,1894.7
24,1,11,11.0,1898.5
24,1,12,7.0,2038.7
24,1,13,15.0,1950.3
24,1,14,12.0,2047.2
24,1,15,17.0,2404.1
24,1,16,16.0,2386.6
24,1,17,24.0,2402.9
24,1,18,35.0,2328.1
24,1,19,36.0,2034.4
24,1,20,59.0,1847.1
24,1,21,37.0,1774.0
24,1,22,59.0,1770.0
24,1,23,62.0,1793.9
24,2,0,18.0,1586.0
24,2,1,17.0,1263.9
24,2,2,10.0,1314.0
24,2,3,6.0,1213.3
24,2,4,5.0,1365.6
24,2,5,1.0,1458.0
24,2,6,3.0,1679.7
24,2,7,2.0,1633.5
24,2,8,7.0,1891.6
24,2,9,7.0,1655.3
24,2,10,5.0,1767.6
24,2,11,8.0,1611.9
24,2,12,7.0,1882.1
24,2,13,9.0,1790.3
24,2,14,8.0,2264.2
24,2,15,11.0,2373.9
24,2,16,8.0,2498.1
24,2,17,13.0,2761.8
24,2,18,17.0,2193.6
24,2,19,16.0,1923.2
24,2,20,13.0,1770.9
24,2,21,26.0,1650.5
24,2,22,13.0,1633.7
24,2,23,18.0,1458.0
24,3,0,100.0,1166.2
24,3,1,44.0,1109.3
24,3,2,42.0,1121.6
24,3,3,22.0,1014.1
24,3,4,21.0,1041.4
24,3,5,13.0,1179.3
24,3,6,32.0,1235.2
24,3,7,22.0,1614.1
24,3,8,30.0,1535.8
24,3,9,57.0,1410.1
24,3,10,34.0,1482.4
24,3,11,23.0,1389.8
24,3,12,42.0,1499.7
24,3,13,41.0,1501.9
24,3,14,44.0,1512.6
24,3,15,49.0,1653.2
24,3,16,73.0,1770.5
24,3,17,109.0,1949.5
24,3,18,146.0,1717.3
24,3,19,168.0,1513.3
24,3,20,176.0,1364.3
24,3,21,202.0,1322.9
24,3,22,195.0,1244.5
24,3,23,186.0,1259.5
24,4,0,33.0,1020.4
24,4,1,30.0,998.4
24,4,2,19.0,981.3
24,4,3,12.0,929.1
24,4,4,9.0,926.2
24,4,5,9.0,840.7
24,5,0,57.0,718.7
24,5,1,34.0,685.8
24,5,2,17.0,636.4
24,5,3,9.0,547.7
24,5,4,9.0,626.9
24,5,5,12.0,720.0
24,5,6,25.0,1037.2
24,5,7,54.0,1084.6
24,5,8,40.0,985.9
24,5,9,70.0,1127.8
24,5,10,35.0,930.1
24,5,11,40.0,993.5
24,5,12,32.0,1083.7
24,5,13,39.0,1012.9
24,5,14,38.0,1007.3
24,5,15,51.0,1233.5
24,5,16,76.0,1305.8
24,5,17,100.0,1398.6
24,5,18,161.0,1278.4
24,5,19,186.0,1045.8
24,5,20,143.0,851.4
24,5,21,119.0,815.0
24,5,22,135.0,810.2
24,5,23,109.0,827.2
24,6,0,240.0,910.0
24,6,1,107.0,883.2
24,6,2,75.0,890.2
24,6,3,46.0,831.0
24,6,4,36.0,853.4
24,6,5,38.0,850.0
24,6,6,23.0,1017.7
24,6,23,87.0,896.9
24,7,0,6.0,628.0
24,7,1,69.0,684.4
24,7,2,41.0,583.1
24,7,3,16.0,603.9
24,7,4,46.0,566.9
24,7,5,42.0,670.8
24,8,0,377.0,593.3
24,8,1,221.0,584.0
24,8,2,127.0,580.3
24,8,3,70.0,487.6
24,8,4,77.0,515.8
24,8,5,350.0,620.8
24,8,6,637.0,718.6
24,8,7,220.0,854.2
24,8,22,71.0,603.4
24,8,23,356.0,606.3
24,9,0,2.0,1073.0
24,9,1,1.0,959.0
24,9,2,1.0,962.0
24,9,5,1.0,1105.0
24,9,23,1.0,1159.0
24,10,0,10.0,1034.2
24,10,1,10.0,1140.2
24,10,2,1.0,750.0
24,10,3,3.0,963.3
24,10,4,2.0,1735.0
24,10,5,4.0,1655.8
24,10,6,7.0,2287.6
24,10,7,4.0,2504.0
24,10,8,2.0,2701.5
24,10,9,3.0,1760.7
24,10,10,5.0,1338.2
24,10,11,4.0,1604.2
24,10,12,7.0,1704.0
24,10,13,2.0,1583.0
24,10,14,2.0,2249.5
24,10,15,6.0,2857.8
24,10,16,4.0,2695.8
24,10,17,11.0,2492.5
24,10,18,5.0,1859.0
24,10,19,8.0,1284.9
24,10,20,12.0,1153.5
24,10,21,16.0,1306.9
24,10,22,8.0,1262.0
24,10,23,8.0,1298.6
24,11,0,5.0,871.2
24,11,1,5.0,840.4
24,11,2,1.0,763.0
24,11,3,1.0,679.0
24,11,4,3.0,1089.3
24,11,5,1.0,2404.0
24,11,6,2.0,2255.0
24,11,7,1.0,1888.0
24,11,8,2.0,1295.5
24,11,9,3.0,1156.7
24,11,10,7.0,1091.1
24,11,11,7.0,1530.9
24,11,12,5.0,1286.4
24,11,13,10.0,1152.2
24,11,14,1.0,1259.0
24,11,15,4.0,2080.2
24,11,17,4.0,1953.5
24,11,18,4.0,1123.5
24,11,19,13.0,1108.3
24,11,20,13.0,938.7
24,11,21,8.0,920.8
24,11,22,16.0,1005.1
24,11,23,9.0,996.7
24,12,0,1.0,918.0
24,12,1,2.0,1082.0
24,12,2,1.0,728.0
24,12,3,1.0,780.0
24,12,4,1.0,1047.0
24,12,10,1.0,764.0
24,12,13,3.0,1063.0
24,12,14,1.0,1240.0
24,12,20,2.0,843.5
24,12,21,4.0,925.5
24,12,22,6.0,1055.2
24,12,23,4.0,800.0
24,13,0,3.0,1170.0
24,13,1,4.0,957.0
24,13,3,2.0,1144.5
24,13,4,1.0,1016.0
24,13,5,10.0,956.5
24,13,6,9.0,1564.1
24,13,7,1.0,1629.0
24,13,8,2.0,1486.5
24,13,9,13.0,1348.0
24,13,10,2.0,1638.0
24,13,11,3.0,1300.0
24,13,12,8.0,1328.2
24,13,13,13.0,1406.6
24,13,14,4.0,1614.5
24,13,15,3.0,1653.3
24,13,16,3.0,2439.0
24,13,17,1.0,1420.0
24,13,19,2.0,1361.0
24,13,20,1.0,1175.0
24,13,21,1.0,1012.0
24,13,22,4.0,1501.0
24,13,23,1.0,1154.0
24,14,0,28.0,957.2
24,14,1,28.0,961.6
24,14,2,15.0,863.8
24,14,3,17.0,942.4
24,14,4,7.0,782.0
24,14,5,2.0,817.5
24,15,0,24.0,1049.5
24,15,1,13.0,1033.6
24,15,2,13.0,815.2
24,15,3,9.0,807.2
24,15,4,9.0,1142.7
24,15,5,8.0,946.1
24,15,6,9.0,1358.9
24,15,7,9.0,1697.3
24,15,8,12.0,1542.5
24,15,9,11.0,1062.7
24,15,10,18.0,1127.3
24,15,11,17.0,1173.6
24,15,12,15.0,1242.9
24,15,13,19.0,1337.5
24,15,14,21.0,1737.4
24,15,15,29.0,2168.9
24,15,16,32.0,2050.3
24,15,17,31.0,2013.9
24,15,18,50.0,1672.3
24,15,19,49.0,1334.9
24,15,20,41.0,1196.7
24,15,21,38.0,1148.2
24,15,22,43.0,1116.8
24,15,23,42.0,1033.1
24,16,0,60.0,767.0
24,16,1,42.0,786.7
24,16,2,27.0,705.6
24,16,3,8.0,666.1
24,16,4,16.0,746.7
24,16,5,16.0,714.8
24,16,6,10.0,1223.6
24,16,7,13.0,1047.2
24,16,8,32.0,1440.3
24,16,9,19.0,963.9
24,16,10,26.0,941.7
24,16,11,23.0,953.0
24,16,12,26.0,985.0
24,16,13,25.0,958.1
24,16,14,32.0,1130.9
24,16,15,37.0,1412.1
24,16,16,52.0,1623.2
24,16,17,83.0,1522.7
24,16,18,84.0,1372.2
24,16,19,82.0,1022.4
24,16,20,86.0,905.1
24,16,21,92.0,920.2
24,16,22,95.0,867.5
24,16,23,109.0,882.4
24,17,0,5.0,1586.8
24,17,1,4.0,1126.0
24,17,2,3.0,1285.0
24,17,3,2.0,1231.5
24,17,8,5.0,1867.2
24,17,9,5.0,1656.2
24,17,10,2.0,1883.5
24,17,11,1.0,1356.0
24,17,12,2.0,1573.5
24,17,13,7.0,1647.7
24,17,14,5.0,2123.6
24,17,15,4.0,2520.8
24,17,16,10.0,2581.2
24,17,17,10.0,2845.1
24,17,18,7.0,2717.9
24,17,19,9.0,1819.8
24,17,20,8.0,1510.6
24,17,21,7.0,1550.0
24,17,22,8.0,1558.2
24,17,23,6.0,1407.3
24,18,0,3.0,1344.0
24,18,1,1.0,1845.0
24,18,2,2.0,1614.0
24,19,0,26.0,1104.3
24,19,1,31.0,1108.0
24,19,2,16.0,1112.8
24,19,3,10.0,1095.4
24,19,4,6.0,945.3
24,19,5,6.0,1157.8
24,20,0,15.0,906.2
24,20,1,8.0,844.6
24,20,2,16.0,808.7
24,20,3,12.0,771.8
24,20,4,4.0,918.8
24,20,5,4.0,753.5
24,21,0,97.0,673.4
24,21,1,69.0,664.6
24,21,2,58.0,675.9
24,21,3,27.0,700.9
24,21,4,19.0,701.7
24,21,5,8.0,952.9
24,21,6,14.0,673.6
24,21,23,61.0,658.0
24,22,1,276.0,534.4
24,22,2,199.0,506.2
24,22,3,98.0,475.7
24,22,4,70.0,485.0
24,22,5,13.0,448.8
24,23,0,105.0,520.1
24,23,1,100.0,502.5
24,23,2,82.0,521.1
24,23,3,47.0,442.4
24,23,4,43.0,492.4
24,23,5,41.0,525.1
24,23,6,23.0,536.0
24,23,7,63.0,574.2
24,23,8,59.0,588.3
24,23,9,60.0,597.5
24,23,10,57.0,550.1
24,23,11,54.0,618.4
24,23,12,59.0,613.0
24,23,13,85.0,652.7
24,23,14,88.0,659.7
24,23,15,106.0,813.3
24,23,16,127.0,892.9
24,23,17,161.0,898.2
24,23,18,148.0,740.8
24,23,19,154.0,644.1
24,23,20,137.0,623.0
24,23,21,133.0,616.5
24,23,22,148.0,590.7
24,23,23,129.0,577.2
24,24,0,655.0,332.2
24,24,1,441.0,317.6
24,24,2,319.0,322.1
24,24,3,190.0,334.2
24,24,4,127.0,275.2
24,24,5,145.0,314.1
24,24,6,249.0,358.2
24,24,7,53.0,394.5
24,24,9,56.0,408.7
24,24,10,297.0,394.4
24,24,11,417.0,410.2
24,24,12,245.0,430.0
24,24,13,221.0,421.9
24,24,14,171.0,411.4
24,24,20,667.0,396.0
24,24,21,680.0,363.4
24,24,22,642.0,370.8
24,24,23,788.0,354.4
24,25,0,22.0,1104.5
24,25,1,26.0,1179.1
24,25,2,17.0,961.3
24,25,3,10.0,860.5
24,25,4,6.0,912.3
24,25,5,6.0,1009.7
24,25,6,25.0,1067.4
24,25,7,25.0,1131.7
24,25,8,13.0,1113.9
24,25,9,24.0,1005.0
24,25,10,26.0,1125.8
24,25,11,17.0,1108.0
24,25,12,24.0,1100.3
24,25,13,35.0,1222.5
24,25,14,27.0,1254.7
24,25,15,52.0,1466.7
24,25,16,60.0,1632.4
24,25,17,60.0,1477.5
24,25,18,61.0,1419.9
24,25,19,41.0,1186.1
24,25,20,48.0,1101.6
24,25,21,37.0,1095.8
24,25,22,41.0,1050.8
24,25,23,33.0,1150.4
24,26,1,5.0,2003.8
24,26,2,8.0,817.0
24,26,3,2.0,545.5
24,26,4,1.0,946.0
24,27,0,28.0,589.2
24,27,1,10.0,554.0
24,27,2,10.0,563.0
24,27,3,8.0,591.5
24,27,4,13.0,587.2
24,27,5,4.0,619.2
24,27,6,4.0,546.5
24,27,7,26.0,706.4
24,27,8,42.0,700.8
24,27,9,22.0,626.6
24,27,10,13.0,569.2
24,27,11,13.0,488.2
24,27,12,21.0,795.6
24,27,13,36.0,747.3
24,27,14,22.0,985.4
24,27,15,49.0,831.7
24,27,16,32.0,966.2
24,27,17,47.0,784.9
24,27,18,45.0,836.5
24,27,19,36.0,656.1
24,27,20,32.0,567.8
24,27,21,27.0,536.6
24,27,22,16.0,551.1
24,27,23,25.0,672.3
24,28,0,176.0,489.6
24,28,1,98.0,455.9
24,28,2,69.0,549.2
24,28,3,33.0,535.9
24,28,4,60.0,529.8
24,28,5,278.0,530.2
24,28,6,790.0,634.1
24,28,7,1738.0,846.9
24,28,8,3061.0,925.6
24,28,9,2138.0,737.4
24,28,10,1088.0,667.9
24,28,11,810.0,683.9
24,28,12,742.0,683.0
24,28,13,599.0,676.3
24,28,14,652.0,717.3
24,28,15,697.0,765.5
24,28,16,890.0,789.1
24,28,17,1318.0,776.8
24,28,18,1775.0,676.3
24,28,19,1708.0,600.4
24,28,20,1094.0,576.6
24,28,21,902.0,547.9
24,28,22,748.0,555.0
24,28,23,510.0,556.8
24,29,0,6.0,790.3
24,29,1,5.0,764.0
24,29,2,10.0,877.0
24,29,3,8.0,751.5
24,29,4,8.0,684.9
24,29,5,11.0,843.0
24,29,6,26.0,832.6
24,29,7,39.0,1015.1
24,29,8,41.0,1022.2
24,29,9,27.0,969.3
24,29,10,11.0,800.5
24,29,11,18.0,855.2
24,29,12,15.0,885.5
24,29,13,15.0,1257.3
24,29,14,25.0,1099.0
24,29,15,23.0,1579.5
24,29,16,21.0,1485.0
24,29,17,34.0,1276.3
24,29,18,29.0,1085.5
24,29,19,22.0,1002.5
24,29,20,9.0,915.8
24,29,21,30.0,909.1
24,29,22,29.0,881.7
24,29,23,14.0,1016.7
24,30,0,10.0,855.9
24,30,1,15.0,1069.3
24,30,2,15.0,897.7
24,30,3,11.0,884.5
24,30,4,9.0,910.7
24,30,5,10.0,964.0
24,31,0,83.0,738.2
24,31,1,38.0,774.2
24,31,2,40.0,676.2
24,31,3,25.0,724.3
24,31,4,17.0,654.9
24,31,5,10.0,806.8
24,31,6,29.0,920.9
24,31,7,29.0,1158.4
24,31,8,42.0,1220.1
24,31,9,41.0,1120.1
24,31,10,49.0,1055.9
24,31,11,37.0,1051.5
24,31,12,42.0,997.8
24,31,13,34.0,1032.6
24,31,14,50.0,1195.6
24,31,15,59.0,1329.2
24,31,16,57.0,1460.9
24,31,17,141.0,1326.1
24,31,18,150.0,1147.7
24,31,19,188.0,1020.8
24,31,20,152.0,926.1
24,31,21,122.0,864.6
24,31,22,116.0,901.4
24,31,23,129.0,807.4
24,32,1,69.0,713.9
24,32,2,48.0,666.2
24,32,3,24.0,620.5
24,32,4,40.0,619.9
24,32,5,34.0,715.4
24,33,0,4.0,871.0
24,33,1,17.0,833.7
24,33,2,14.0,800.3
24,33,3,2.0,755.0
24,33,4,3.0,749.7
24,33,5,11.0,1097.8
24,34,0,5.0,701.0
24,34,1,1.0,600.0
24,34,2,1.0,1062.0
24,34,4,3.0,741.0
24,34,5,3.0,575.0
24,34,6,2.0,884.5
24,34,7,4.0,1296.0
24,34,8,2.0,1374.0
24,34,9,8.0,1074.5
24,34,10,3.0,1184.7
24,34,11,7.0,1202.3
24,34,12,10.0,1115.5
24,34,13,19.0,1147.9
24,34,14,8.0,1663.9
24,34,15,13.0,1267.6
24,34,16,13.0,1362.0
24,34,17,14.0,1437.6
24,34,18,35.0,1231.4
24,34,19,23.0,1200.7
24,34,20,23.0,1050.9
24,34,21,10.0,934.8
24,34,22,11.0,914.1
24,34,23,11.0,859.6
24,35,1,12.0,885.0
24,35,2,6.0,783.3
24,35,3,2.0,737.5
24,35,4,3.0,1428.3
24,36,0,2.0,996.0
24,36,1,3.0,882.7
24,36,2,1.0,865.0
24,36,5,2.0,1520.5
24,36,8,3.0,2064.7
24,36,9,2.0,2173.5
24,36,12,1.0,1593.0
24,36,14,1.0,2324.0
24,36,15,1.0,7957.0
24,36,16,2.0,1455.5
24,36,17,5.0,2191.8
24,36,19,8.0,1500.2
24,36,20,1.0,1733.0
24,36,21,1.0,1772.0
24,36,22,3.0,1047.7
24,36,23,2.0,1721.5
24,37,2,1.0,571.0
24,37,3,1.0,666.0
24,37,7,2.0,885.0
24,37,10,1.0,1216.0
24,37,13,2.0,1515.0
24,37,16,1.0,1614.0
24,37,17,1.0,1008.0
24,37,19,1.0,1080.0
24,37,23,2.0,704.0
24,38,0,10.0,1095.5
24,38,1,5.0,1027.6
24,38,2,2.0,772.5
24,38,4,4.0,838.0
24,38,5,1.0,856.0
24,38,6,1.0,1220.0
24,38,7,3.0,2043.0
24,38,8,11.0,1544.6
24,38,9,1.0,1367.0
24,38,10,3.0,1319.0
24,38,11,5.0,1551.8
24,38,12,4.0,1525.2
24,38,13,5.0,1388.4
24,38,14,7.0,2070.3
24,38,15,7.0,2686.4
24,38,16,10.0,1677.8
24,38,17,8.0,1928.2
24,38,18,12.0,1429.4
24,38,19,12.0,1241.1
24,38,20,10.0,1269.4
24,38,21,8.0,1099.2
24,38,22,13.0,1081.2
24,38,23,10.0,1165.6
24,39,0,10.0,1144.2
24,39,1,10.0,1127.4
24,39,2,3.0,1277.3
24,39,3,1.0,1506.0
24,39,4,5.0,1034.2
24,39,5,10.0,1810.2
24,39,6,1.0,1433.0
24,39,7,1.0,2106.0
24,39,8,3.0,1316.7
24,39,9,5.0,1647.6
24,39,10,2.0,1356.0
24,39,11,5.0,1520.8
24,39,12,4.0,1543.5
24,39,13,6.0,1836.8
24,39,14,6.0,1436.8
24,39,15,12.0,2068.8
24,39,16,9.0,2383.6
24,39,17,18.0,2002.1
24,39,18,22.0,1733.0
24,39,19,24.0,1501.6
24,39,20,17.0,1456.5
24,39,21,15.0,1207.7
24,39,22,22.0,1219.5
24,39,23,21.0,1189.1
24,40,0,1.0,799.0
24,40,1,1.0,928.0
24,40,2,1.0,1142.0
24,41,1,10.0,1152.6
24,41,2,1.0,1194.0
24,41,4,1.0,819.0
24,41,5,1.0,1120.0
24,42,0,2.0,1425.0
24,42,1,4.0,1585.0
24,42,2,4.0,1130.0
24,42,3,2.0,1114.5
24,42,4,4.0,1288.0
24,43,1,7.0,1750.7
24,43,2,4.0,1456.0
24,43,3,1.0,1940.0
24,44,1,1.0,1049.0
24,44,4,1.0,1027.0
24,45,0,1.0,1903.0
24,45,14,1.0,2948.0
24,45,15,2.0,2326.5
24,45,16,1.0,3672.0
24,45,18,1.0,2147.0
24,45,20,1.0,1757.0
24,45,21,2.0,1994.0
24,45,22,2.0,1542.0
24,46,0,6.0,1892.8
24,46,2,1.0,1990.0
24,46,3,1.0,1607.0
24,46,4,2.0,1477.0
24,46,9,1.0,2111.0
24,46,10,2.0,2059.0
24,46,11,1.0,2120.0
24,46,13,1.0,2354.0
24,46,15,1.0,1879.0
24,46,17,1.0,2207.0
24,46,18,1.0,1875.0
24,46,20,4.0,2062.2
24,46,21,2.0,1852.5
24,46,22,6.0,2040.7
24,48,0,1.0,1552.0
24,48,1,1.0,2732.0
24,49,4,2.0,1002.0
24,50,1,1.0,1745.0
24,50,5,3.0,1347.0
24,50,11,1.0,1666.0
24,50,13,2.0,1909.5
24,50,15,1.0,4182.0
24,50,19,1.0,1549.0
24,50,20,1.0,2698.0
24,51,0,2.0,1512.5
24,51,5,2.0,1851.0
24,51,6,1.0,1757.0
24,51,11,5.0,1678.4
24,51,12,1.0,2385.0
24,51,17,1.0,3564.0
24,51,19,1.0,1710.0
24,51,22,1.0,1521.0
24,51,23,1.0,1560.0
24,52,0,2.0,1879.0
24,52,1,1.0,1645.0
24,52,8,1.0,2052.0
24,52,11,1.0,2759.0
24,52,16,1.0,2666.0
24,52,17,1.0,2993.0
24,52,18,1.0,2632.0
24,52,19,2.0,2350.5
24,52,20,2.0,2279.0
24,52,21,2.0,2210.0
24,52,22,1.0,1838.0
24,53,3,1.0,1579.0
24,53,5,1.0,1572.0
24,53,6,1.0,1710.0
24,53,11,1.0,2138.0
24,53,15,1.0,3481.0
24,53,16,1.0,2863.0
24,53,17,2.0,3110.5
24,53,19,3.0,2745.3
24,53,22,1.0,1933.0
24,56,0,1.0,1931.0
24,56,1,2.0,1590.5
24,56,2,2.0,1193.0
24,56,3,24.0,1489.5
24,56,4,197.0,1411.5
24,56,5,163.0,1368.9
24,57,2,2.0,1465.0
24,57,4,1.0,2277.0
24,57,5,10.0,1350.9
24,57,6,1.0,1798.0
24,57,7,4.0,1342.8
24,57,8,1.0,1657.0
24,57,9,1.0,1049.0
24,57,10,4.0,1445.2
24,57,12,2.0,1729.5
24,57,14,1.0,3288.0
24,57,15,9.0,2999.6
24,57,16,11.0,2569.3
24,57,17,1.0,2531.0
24,57,18,2.0,1871.5
24,57,19,1.0,2056.0
24,57,20,4.0,1603.0
24,57,21,1.0,2439.0
24,57,22,3.0,1512.0
24,57,23,5.0,1549.8
24,58,0,4.0,1255.0
24,58,1,10.0,1152.3
24,58,2,4.0,828.8
24,58,3,5.0,942.6
24,58,4,4.0,1111.2
24,58,5,1.0,1328.0
24,58,6,4.0,1561.8
24,58,7,18.0,1439.1
24,58,8,1.0,1018.0
24,58,9,4.0,1310.8
24,58,10,6.0,1408.2
24,58,11,5.0,1459.2
24,58,12,2.0,1406.5
24,58,13,12.0,1784.6
24,58,14,9.0,1822.7
24,58,15,12.0,2346.1
24,58,16,14.0,2363.6
24,58,17,10.0,2028.2
24,58,18,7.0,1583.6
24,58,19,17.0,1545.2
24,58,20,13.0,1337.5
24,58,21,8.0,1246.5
24,58,22,12.0,1390.2
24,58,23,14.0,1284.9
24,59,0,5.0,1212.2
24,59,1,6.0,886.7
24,59,2,3.0,828.3
24,59,5,2.0,1311.5
24,59,6,1.0,1158.0
24,59,7,1.0,1297.0
24,59,8,7.0,1153.4
24,59,9,11.0,1226.4
24,59,10,9.0,1145.9
24,59,11,3.0,1284.3
24,59,12,5.0,1427.6
24,59,13,4.0,1239.0
24,59,14,5.0,1715.8
24,59,15,8.0,1778.4
24,59,16,2.0,1733.5
24,59,17,19.0,1892.2
24,59,18,13.0,1595.5
24,59,19,11.0,1232.8
24,59,20,8.0,1185.8
24,59,21,8.0,927.4
24,59,22,8.0,977.2
24,59,23,8.0,964.5
24,60,0,18.0,994.6
24,60,1,25.0,792.0
24,60,2,9.0,805.6
24,60,3,10.0,710.2
24,60,4,7.0,831.1
24,60,5,4.0,798.8
24,60,6,2.0,882.0
24,60,7,8.0,1222.8
24,60,8,6.0,1270.5
24,60,9,10.0,1245.9
24,60,10,8.0,1113.8
24,60,11,8.0,1373.5
24,60,12,9.0,1242.6
24,60,13,6.0,1050.0
24,60,14,11.0,1409.1
24,60,15,8.0,1625.5
24,60,16,18.0,1876.3
24,60,17,28.0,1397.0
24,60,18,32.0,1347.3
24,60,19,30.0,1121.9
24,60,20,26.0,1113.8
24,60,21,41.0,991.5
24,60,22,46.0,991.9
24,60,23,30.0,979.0
24,61,0,3.0,1074.0
24,61,1,3.0,956.0
24,61,2,2.0,1220.0
24,61,3,3.0,868.0
24,61,4,3.0,970.7
24,61,5,3.0,1047.7
24,62,0,1.0,1409.0
24,62,1,1.0,1752.0
24,62,2,1.0,2130.0
24,62,4,1.0,1568.0
24,62,10,1.0,2002.0
24,62,11,3.0,1924.7
24,62,12,1.0,1649.0
24,62,14,2.0,2903.5
24,62,16,1.0,3060.0
24,62,18,4.0,2397.2
24,62,19,3.0,2149.0
24,62,21,3.0,1949.3
24,62,22,3.0,1708.3
24,62,23,1.0,1699.0
24,63,0,2.0,1340.0
24,63,1,5.0,1323.2
24,63,2,4.0,1294.5
24,63,3,1.0,907.0
24,63,4,1.0,1070.0
24,63,5,2.0,896.5
24,63,6,9.0,1444.1
24,63,7,10.0,1978.7
24,63,8,1.0,1425.0
24,63,9,3.0,1662.7
24,63,12,1.0,2091.0
24,63,13,2.0,2194.5
24,63,14,3.0,2134.0
24,63,15,3.0,2947.3
24,63,16,11.0,2596.0
24,63,17,14.0,2875.1
24,63,18,12.0,2589.3
24,63,19,6.0,1829.3
24,63,20,7.0,1769.3
24,63,21,8.0,1649.9
24,63,22,10.0,1640.5
24,63,23,12.0,1417.4
24,64,2,2.0,1288.0
24,64,4,2.0,1903.0
24,64,5,2.0,1405.0
24,64,10,3.0,1845.0
24,64,11,1.0,1749.0
24,64,12,1.0,2195.0
24,64,13,2.0,2030.5
24,64,14,2.0,3600.5
24,64,15,4.0,3495.2
24,64,16,5.0,3869.2
24,64,19,4.0,2328.8
24,64,21,1.0,1849.0
24,64,22,1.0,1672.0
24,64,23,1.0,1482.0
24,65,1,5.0,1435.0
24,65,2,2.0,1503.5
24,65,8,1.0,2026.0
24,65,10,2.0,1978.5
24,65,13,1.0,2725.0
24,65,14,1.0,3226.0
24,65,15,3.0,3471.0
24,65,17,4.0,3484.2
24,65,18,4.0,2537.5
24,65,20,4.0,2240.5
24,65,21,6.0,1904.5
24,65,22,5.0,1878.2
24,65,23,3.0,1366.7
24,66,1,2.0,1514.5
24,66,2,3.0,1344.3
24,66,3,1.0,1301.0
24,66,4,3.0,2236.7
24,66,5,1.0,1498.0
24,67,1,1.0,2153.0
24,67,2,1.0,1011.0
24,67,5,1.0,1320.0
24,68,0,3.0,1571.7
24,68,3,2.0,1617.5
24,68,6,3.0,1355.3
24,68,7,4.0,1334.8
24,68,8,11.0,1932.6
24,68,9,10.0,1728.3
24,68,10,2.0,1670.5
24,68,11,2.0,1141.5
24,68,13,2.0,1758.0
24,68,14,1.0,1880.0
24,68,15,2.0,3237.0
24,68,16,5.0,2407.8
24,68,17,4.0,3088.0
24,68,18,1.0,2087.0
24,68,19,6.0,1626.0
24,68,20,3.0,1497.3
24,68,21,3.0,1772.3
24,68,22,8.0,1301.4
24,69,0,4.0,1294.2
24,69,1,3.0,1639.3
24,69,2,1.0,1277.0
24,69,3,1.0,1634.0
24,69,4,1.0,2027.0
24,69,9,1.0,1377.0
24,69,10,2.0,2161.0
24,69,11,2.0,1798.5
24,69,12,2.0,1619.5
24,69,13,2.0,1731.5
24,69,14,7.0,2421.0
24,69,15,2.0,2362.5
24,69,16,1.0,2451.0
24,69,17,1.0,3534.0
24,69,18,1.0,2578.0
24,69,20,4.0,1816.8
24,69,21,1.0,1151.0
24,69,22,7.0,1410.4
24,69,23,7.0,1290.9
24,70,0,1.0,1691.0
24,70,1,1.0,1803.0
24,70,14,1.0,2484.0
24,70,19,1.0,2268.0
24,70,22,3.0,1984.7
24,70,23,1.0,2912.0
24,71,0,2.0,1123.5
24,71,1,2.0,1259.0
24,71,2,1.0,992.0
24,71,5,1.0,1263.0
24,71,9,1.0,1737.0
24,71,10,2.0,2695.0
24,71,12,1.0,2416.0
24,71,13,3.0,2361.7
24,71,15,2.0,3032.0
24,71,16,2.0,2579.5
24,71,17,7.0,3057.4
24,71,19,3.0,1737.3
24,71,20,2.0,1444.0
24,71,21,4.0,1973.2
24,71,22,1.0,2309.0
24,71,23,4.0,1585.8
24,72,0,4.0,1450.8
24,72,5,1.0,1412.0
24,72,8,1.0,2609.0
24,72,12,1.0,2098.0
24,72,16,2.0,3272.0
24,72,17,2.0,3365.0
24,72,19,3.0,2343.7
24,72,20,4.0,2102.2
24,72,21,3.0,1935.0
24,72,22,3.0,1636.0
24,72,23,6.0,1720.0
24,73,1,1.0,1117.0
24,74,12,1.0,3002.0
24,74,20,1.0,2720.0
24,74,21,1.0,1969.0
24,75,0,1.0,1605.0
24,75,3,1.0,1794.0
24,75,4,1.0,1242.0
24,75,5,1.0,1938.0
24,75,17,1.0,1691.0
24,75,18,1.0,2274.0
24,75,20,2.0,1570.0
24,75,22,1.0,1706.0
24,76,0,2.0,1193.0
24,76,1,2.0,1374.5
24,76,2,14.0,1363.3
24,76,3,141.0,1322.5
24,76,4,562.0,1290.8
24,76,5,998.0,1847.1
24,76,6,860.0,2520.3
24,76,7,394.0,3035.8
24,76,8,253.0,2581.1
24,76,9,258.0,1870.3
24,76,10,308.0,1721.8
24,76,11,292.0,1868.3
24,76,12,323.0,2317.7
24,76,13,283.0,2443.0
24,76,14,235.0,2865.4
24,76,15,280.0,3267.4
24,76,16,196.0,3502.0
24,76,17,163.0,3117.1
24,76,18,158.0,2515.5
24,76,19,157.0,2011.2
24,76,20,62.0,1564.3
24,76,21,29.0,1481.4
24,76,22,11.0,1430.1
24,76,23,10.0,1258.0
24,77,0,38.0,1364.1
24,77,1,31.0,1349.3
24,77,2,31.0,1261.4
24,77,3,12.0,1228.8
24,77,4,8.0,1307.6
24,77,5,1.0,1209.0
24,77,6,8.0,1412.9
24,77,7,2.0,1541.5
24,77,10,6.0,1765.3
24,77,11,9.0,1700.3
24,77,13,1.0,1138.0
24,77,20,9.0,1482.9
24,77,21,29.0,1426.5
24,77,22,52.0,1426.1
24,77,23,64.0,1466.1
25,1,0,1.0,2420.0
25,1,2,1.0,1734.0
25,1,3,2.0,2344.5
25,1,4,1.0,1987.0
25,1,5,6.0,2339.7
25,1,6,4.0,3088.2
25,1,9,1.0,2986.0
25,1,10,1.0,2185.0
25,1,11,3.0,2655.0
25,1,12,3.0,2266.3
25,1,13,1.0,2635.0
25,1,15,2.0,3440.5
25,1,19,2.0,3170.5
25,1,20,1.0,2760.0
25,1,21,2.0,2571.5
25,1,22,1.0,2285.0
25,1,23,4.0,2672.5
25,2,0,6.0,1737.8
25,2,2,2.0,1554.0
25,2,4,1.0,1356.0
25,2,5,1.0,2052.0
25,2,6,1.0,3055.0
25,2,23,2.0,2618.0
25,3,2,1.0,1877.0
25,3,3,2.0,1667.0
25,3,4,2.0,2548.5
25,4,2,1.0,1439.0
25,4,3,1.0,1902.0
25,5,2,1.0,1271.0
25,5,3,1.0,1807.0
25,5,5,1.0,1402.0
25,5,6,27.0,1864.9
25,5,7,14.0,2704.1
25,5,8,23.0,2274.4
25,5,9,19.0,1930.2
25,5,10,22.0,1961.0
25,5,11,11.0,1889.1
25,5,12,8.0,1807.9
25,5,13,9.0,1877.6
25,5,14,3.0,2173.3
25,5,15,2.0,1662.0
25,5,16,3.0,2189.7
25,5,19,1.0,1589.0
25,5,20,2.0,1945.0
25,5,21,1.0,1524.0
25,5,22,4.0,1895.0
25,5,23,1.0,1367.0
25,6,0,2.0,1629.0
25,6,1,1.0,1436.0
25,6,3,3.0,1677.3
25,6,4,4.0,1729.0
25,6,5,3.0,1644.3
25,7,1,2.0,1160.0
25,7,2,3.0,1349.7
25,7,3,2.0,1302.5
25,7,4,2.0,1501.0
25,7,5,3.0,1140.7
25,8,0,11.0,1534.7
25,8,1,5.0,1142.6
25,8,2,1.0,824.0
25,8,3,13.0,1093.5
25,8,4,15.0,1506.0
25,8,5,30.0,1565.4
25,8,6,73.0,1858.1
25,8,7,88.0,2415.4
25,8,8,68.0,2511.3
25,8,9,64.0,2044.7
25,8,10,53.0,1973.7
25,8,11,44.0,1945.2
25,8,12,48.0,1879.3
25,8,13,68.0,2000.1
25,8,14,45.0,2025.5
25,8,15,38.0,2154.3
25,8,16,41.0,2211.7
25,8,17,32.0,2161.2
25,8,18,34.0,2003.7
25,8,19,18.0,2012.3
25,8,20,32.0,1577.8
25,8,21,50.0,1604.9
25,8,22,28.0,1509.7
25,8,23,20.0,1369.2
25,9,15,1.0,2701.0
25,9,17,1.0,2227.0
25,9,21,1.0,1290.0
25,10,2,1.0,915.0
25,10,3,1.0,1177.0
25,10,4,2.0,1136.5
25,10,5,3.0,1347.7
25,10,6,2.0,1575.5
25,10,7,4.0,2295.5
25,10,8,5.0,1899.4
25,10,9,3.0,1748.3
25,10,10,2.0,1732.0
25,10,11,1.0,2323.0
25,10,12,1.0,1643.0
25,10,13,2.0,1876.5
25,10,14,2.0,1179.0
25,10,15,6.0,2233.7
25,10,16,2.0,1954.5
25,10,18,1.0,1736.0
25,10,20,1.0,1215.0
25,10,21,3.0,1534.7
25,10,22,2.0,1189.0
25,10,23,1.0,1111.0
25,11,0,2.0,1404.0
25,11,1,4.0,1191.0
25,11,3,14.0,1070.7
25,11,4,14.0,1203.1
25,11,5,13.0,1301.7
25,11,6,7.0,1205.0
25,11,7,17.0,1866.7
25,11,8,10.0,1495.8
25,11,9,6.0,1810.3
25,11,10,2.0,1725.5
25,11,11,9.0,1455.8
25,11,12,7.0,1477.1
25,11,13,6.0,1854.2
25,11,14,1.0,1526.0
25,11,15,3.0,2240.3
25,11,16,3.0,1616.7
25,11,17,3.0,1659.7
25,11,18,4.0,1817.0
25,11,19,2.0,1328.5
25,11,20,3.0,1286.0
25,11,21,1.0,1734.0
25,11,23,2.0,1237.0
25,12,0,3.0,1225.3
25,12,4,1.0,1479.0
25,13,2,2.0,1418.5
25,13,6,11.0,2237.4
25,13,7,3.0,3058.0
25,13,8,4.0,2236.0
25,13,9,3.0,1878.3
25,13,10,5.0,1925.4
25,13,11,5.0,1763.4
25,13,12,6.0,2035.5
25,13,14,3.0,2529.3
25,13,15,2.0,2873.5
25,13,16,3.0,2107.3
25,13,18,2.0,2095.5
25,13,19,1.0,2096.0
25,13,20,3.0,1991.7
25,13,21,1.0,2165.0
25,13,22,1.0,1686.0
25,13,23,3.0,1823.3
25,14,0,2.0,1494.5
25,14,1,2.0,1266.5
25,14,2,2.0,1177.5
25,14,5,1.0,1729.0
25,14,6,6.0,1961.2
25,14,7,15.0,2286.8
25,14,8,3.0,2029.0
25,14,9,2.0,1513.5
25,14,10,3.0,1441.3
25,14,11,1.0,1348.0
25,14,12,7.0,2038.0
25,14,13,4.0,1844.0
25,14,14,3.0,2383.3
25,14,15,4.0,2350.5
25,14,16,5.0,2081.0
25,14,17,5.0,2222.4
25,14,18,5.0,2022.0
25,14,19,4.0,1529.5
25,14,20,4.0,1576.2
25,14,21,2.0,1469.0
25,14,22,5.0,1810.6
25,14,23,7.0,1552.4
25,15,0,8.0,729.6
25,15,1,4.0,886.5
25,15,2,1.0,938.0
25,15,3,4.0,726.0
25,15,4,8.0,787.8
25,15,5,9.0,1123.6
25,15,6,17.0,878.9
25,15,7,15.0,1104.0
25,15,8,33.0,1020.2
25,15,9,22.0,1061.6
25,15,10,17.0,994.5
25,15,11,11.0,1184.5
25,15,12,15.0,1071.7
25,15,13,12.0,1004.3
25,15,14,11.0,1142.6
25,15,15,10.0,1342.4
25,15,16,22.0,1199.1
25,15,17,13.0,1296.2
25,15,18,11.0,1182.4
25,15,19,9.0,1050.9
25,15,20,13.0,1034.5
25,15,21,9.0,832.2
25,15,22,7.0,785.3
25,15,23,13.0,901.2
25,16,0,6.0,1479.0
25,16,1,2.0,1164.0
25,16,2,3.0,1145.3
25,16,3,5.0,1304.8
25,16,4,4.0,1269.2
25,16,5,5.0,1257.8
25,16,6,5.0,1535.4
25,16,7,21.0,1714.4
25,16,8,13.0,1913.6
25,16,9,4.0,1534.0
25,16,10,12.0,1318.4
25,16,11,5.0,1415.0
25,16,12,8.0,1674.8
25,16,13,8.0,1492.8
25,16,14,6.0,1362.5
25,16,15,6.0,1728.5
25,16,16,11.0,1828.7
25,16,17,8.0,1764.0
25,16,18,4.0,1447.0
25,16,19,5.0,1508.8
25,16,20,7.0,1530.9
25,16,21,5.0,1698.0
25,16,22,9.0,1325.0
25,16,23,11.0,1237.3
25,17,0,3.0,827.0
25,17,1,4.0,1017.2
25,17,2,1.0,989.0
25,17,3,2.0,1007.5
25,17,4,7.0,1196.7
25,17,5,7.0,827.4
25,17,6,6.0,985.2
25,17,7,9.0,1213.1
25,17,8,20.0,1187.7
25,17,9,8.0,1339.5
25,17,10,5.0,923.6
25,17,11,9.0,1107.2
25,17,12,15.0,1163.9
25,17,13,10.0,1106.4
25,17,14,14.0,1325.8
25,17,15,13.0,1348.9
25,17,16,9.0,1350.3
25,17,17,14.0,1351.6
25,17,18,10.0,1415.6
25,17,19,8.0,977.5
25,17,20,5.0,984.8
25,17,21,5.0,1050.0
25,17,22,3.0,1048.3
25,17,23,1.0,374.0
25,18,0,1.0,668.0
25,18,3,1.0,889.0
25,18,4,5.0,672.0
25,18,5,5.0,743.4
25,18,6,4.0,1062.0
25,18,23,3.0,431.3
25,19,0,27.0,554.7
25,19,1,20.0,581.0
25,19,2,18.0,763.2
25,19,3,12.0,545.2
25,19,4,22.0,576.4
25,19,5,27.0,694.1
25,19,6,41.0,713.0
25,19,7,5.0,595.0
25,19,8,8.0,626.9
25,19,9,18.0,666.4
25,19,10,25.0,726.9
25,19,11,36.0,620.9
25,19,12,23.0,703.7
25,19,13,37.0,668.8
25,19,14,25.0,723.5
25,19,15,9.0,765.1
25,19,17,7.0,1006.4
25,19,18,5.0,542.6
25,19,19,17.0,581.4
25,19,20,30.0,621.5
25,19,21,30.0,700.0
25,19,22,44.0,526.0
25,19,23,28.0,540.9
25,20,0,4.0,799.0
25,20,1,5.0,1013.0
25,20,2,3.0,982.7
25,20,3,2.0,819.5
25,20,4,4.0,485.5
25,20,5,2.0,480.0
25,20,6,17.0,620.7
25,20,7,13.0,982.8
25,20,8,17.0,876.4
25,20,9,1.0,703.0
25,20,10,4.0,800.8
25,20,11,7.0,765.6
25,20,12,6.0,826.5
25,20,13,7.0,614.3
25,20,14,11.0,976.2
25,20,15,10.0,970.2
25,20,16,16.0,886.3
25,20,17,7.0,906.9
25,20,18,12.0,727.9
25,20,19,19.0,704.4
25,20,20,17.0,770.9
25,20,21,10.0,583.6
25,20,22,16.0,766.6
25,20,23,17.0,679.6
25,21,0,1.0,1312.0
25,21,1,3.0,956.0
25,21,2,1.0,1163.0
25,21,4,2.0,1027.5
25,21,5,8.0,1079.4
25,21,6,21.0,1168.9
25,21,7,23.0,1502.9
25,21,8,13.0,1261.5
25,21,9,12.0,1288.0
25,21,10,8.0,1358.6
25,21,11,9.0,1312.3
25,21,12,7.0,1318.1
25,21,13,3.0,1381.3
25,21,14,9.0,1400.2
25,21,15,9.0,1669.4
25,21,17,10.0,1764.6
25,21,18,5.0,1487.4
25,21,19,4.0,1157.5
25,21,20,5.0,1127.8
25,21,21,7.0,1060.9
25,21,22,10.0,885.1
25,21,23,13.0,1121.8
25,22,0,8.0,950.9
25,22,1,9.0,1058.2
25,22,2,4.0,768.5
25,22,3,12.0,1049.6
25,22,4,4.0,876.0
25,22,5,22.0,1228.0
25,22,6,31.0,1174.3
25,22,7,33.0,1602.6
25,22,8,30.0,1612.9
25,22,9,23.0,1268.9
25,22,10,20.0,1310.5
25,22,11,24.0,1220.3
25,22,12,39.0,1150.5
25,22,13,21.0,1335.7
25,22,14,20.0,1051.3
25,22,15,29.0,1383.0
25,22,16,24.0,1576.8
25,22,17,25.0,1270.4
25,22,18,31.0,1292.6
25,22,19,24.0,1027.7
25,22,20,26.0,988.1
25,22,21,25.0,900.0
25,22,22,18.0,1102.3
25,22,23,25.0,879.2
25,23,0,22.0,542.3
25,23,1,24.0,567.6
25,23,2,15.0,546.1
25,23,3,8.0,684.6
25,23,4,21.0,567.0
25,23,5,27.0,484.1
25,23,6,31.0,752.7
25,23,7,5.0,727.4
25,23,8,3.0,615.0
25,23,9,18.0,854.3
25,23,10,42.0,685.1
25,23,11,55.0,602.0
25,23,12,31.0,609.7
25,23,13,59.0,725.8
25,23,14,31.0,638.4
25,23,15,6.0,818.0
25,23,17,7.0,608.1
25,23,18,8.0,847.1
25,23,19,20.0,579.0
25,23,20,29.0,699.0
25,23,21,24.0,751.8
25,23,22,39.0,635.6
25,23,23,39.0,619.1
25,24,0,17.0,794.4
25,24,1,6.0,836.7
25,24,2,3.0,910.0
25,24,3,7.0,1073.4
25,24,4,14.0,1107.4
25,24,5,25.0,1136.4
25,24,6,49.0,1207.4
25,24,7,41.0,1566.5
25,24,8,30.0,1544.2
25,24,9,31.0,1211.0
25,24,10,40.0,1125.2
25,24,11,46.0,1170.2
25,24,12,35.0,1165.7
25,24,13,33.0,1195.3
25,24,14,38.0,1208.3
25,24,15,27.0,1229.5
25,24,16,7.0,1116.1
25,24,17,13.0,1418.9
25,24,18,22.0,1141.6
25,24,19,19.0,1071.4
25,24,20,25.0,1070.2
25,24,21,13.0,1101.0
25,24,22,18.0,1035.8
25,24,23,10.0,857.1
25,25,1,53.0,425.0
25,25,2,89.0,440.2
25,25,3,58.0,408.2
25,25,4,48.0,367.9
25,26,0,18.0,480.0
25,26,1,20.0,549.4
25,26,2,5.0,400.8
25,26,3,7.0,634.1
25,26,4,4.0,627.8
25,26,5,11.0,515.2
25,26,6,37.0,545.4
25,26,7,28.0,695.2
25,26,8,27.0,631.9
25,26,9,37.0,583.0
25,26,10,33.0,558.1
25,26,11,50.0,517.7
25,26,12,55.0,601.0
25,26,13,42.0,588.9
25,26,14,42.0,714.8
25,26,15,61.0,701.9
25,26,16,56.0,813.1
25,26,17,57.0,711.9
25,26,18,57.0,710.4
25,26,19,61.0,573.8
25,26,20,55.0,605.0
25,26,21,33.0,584.0
25,26,22,47.0,509.6
25,26,23,45.0,500.4
25,27,0,17.0,690.5
25,27,1,14.0,573.3
25,27,2,13.0,680.9
25,27,3,5.0,730.6
25,27,4,17.0,818.4
25,27,5,8.0,780.4
25,27,6,34.0,966.5
25,27,7,2.0,792.5
25,27,8,1.0,624.0
25,27,9,5.0,868.0
25,27,10,21.0,807.2
25,27,11,24.0,830.2
25,27,12,14.0,879.3
25,27,13,12.0,679.1
25,27,14,6.0,1005.3
25,27,15,2.0,955.5
25,27,19,14.0,805.4
25,27,20,30.0,889.3
25,27,21,24.0,763.2
25,27,22,22.0,734.1
25,27,23,16.0,832.1
25,28,0,12.0,912.8
25,28,1,13.0,995.2
25,28,2,14.0,965.2
25,28,3,24.0,757.6
25,28,4,34.0,941.7
25,28,5,65.0,998.6
25,28,6,30.0,1297.6
25,28,23,6.0,1139.3
25,29,0,49.0,828.9
25,29,1,27.0,866.5
25,29,2,24.0,768.7
25,29,3,14.0,765.5
25,29,4,9.0,829.2
25,29,5,20.0,592.0
25,29,6,54.0,1127.7
25,29,7,104.0,1266.2
25,29,8,119.0,1050.1
25,29,9,52.0,919.3
25,29,10,52.0,980.2
25,29,11,45.0,879.6
25,29,12,69.0,889.7
25,29,13,67.0,1044.2
25,29,14,75.0,945.3
25,29,15,71.0,1013.3
25,29,16,64.0,1044.2
25,29,17,102.0,1105.1
25,29,18,68.0,980.4
25,29,19,67.0,896.5
25,29,20,68.0,897.1
25,29,21,65.0,918.9
25,29,22,72.0,887.3
25,29,23,67.0,844.1
25,30,0,7.0,876.9
25,30,1,9.0,1077.3
25,30,2,3.0,1075.0
25,30,3,1.0,675.0
25,30,4,11.0,987.6
25,30,5,7.0,1373.3
25,30,6,20.0,1361.0
25,30,7,20.0,1546.2
25,30,8,10.0,1429.7
25,30,9,27.0,1430.1
25,30,10,5.0,1237.4
25,30,11,9.0,1144.7
25,30,12,15.0,1372.1
25,30,13,15.0,1116.1
25,30,14,15.0,1231.3
25,30,15,11.0,1391.3
25,30,16,20.0,1639.0
25,30,17,10.0,1645.7
25,30,18,7.0,1186.4
25,30,19,9.0,1251.4
25,30,20,11.0,1019.8
25,30,21,9.0,1327.7
25,30,22,12.0,1123.5
25,30,23,9.0,1845.7
25,31,0,3.0,831.3
25,31,1,2.0,1679.5
25,31,2,3.0,1215.3
25,31,3,7.0,1234.4
25,31,4,8.0,1005.1
25,31,5,12.0,1122.1
25,31,6,24.0,1656.0
25,31,7,1.0,880.0
25,31,10,3.0,1474.3
25,31,11,1.0,1729.0
25,31,12,1.0,1589.0
25,31,20,1.0,1475.0
25,31,21,1.0,977.0
25,31,22,6.0,1500.8
25,31,23,2.0,933.0
25,32,1,1.0,943.0
25,32,2,2.0,866.5
25,32,3,10.0,1082.3
25,32,4,17.0,955.4
25,32,5,82.0,1411.8
25,32,6,75.0,1649.6
25,32,7,12.0,1767.1
25,32,11,3.0,1499.7
25,32,12,10.0,1814.9
25,32,20,3.0,859.0
25,32,21,2.0,1575.0
25,32,22,14.0,1106.0
25,32,23,4.0,1285.5
25,33,1,1.0,1626.0
25,33,2,1.0,1093.0
25,33,3,1.0,1409.0
25,33,4,4.0,1302.8
25,34,0,2.0,1246.5
25,34,1,3.0,1484.3
25,34,4,1.0,1414.0
25,34,5,4.0,2156.8
25,34,6,1.0,1937.0
25,35,1,1.0,1526.0
25,35,2,3.0,1193.7
25,35,3,1.0,1101.0
25,35,4,1.0,999.0
25,36,1,1.0,1902.0
25,36,3,3.0,1290.7
25,36,8,1.0,3153.0
25,36,12,3.0,2063.0
25,36,14,2.0,2186.0
25,36,17,6.0,2552.3
25,36,19,2.0,1812.0
25,36,21,1.0,2008.0
25,36,23,1.0,1853.0
25,37,1,1.0,1092.0
25,38,0,4.0,1338.2
25,38,2,2.0,1576.0
25,38,5,3.0,1629.7
25,38,6,1.0,2889.0
25,38,7,7.0,2300.7
25,38,8,3.0,2716.3
25,38,9,3.0,1775.7
25,38,10,4.0,2174.2
25,38,11,4.0,2098.0
25,38,12,2.0,2478.0
25,38,13,2.0,2112.5
25,38,14,2.0,2202.0
25,38,15,4.0,1950.5
25,38,16,4.0,2512.0
25,38,17,9.0,2155.0
25,38,18,5.0,1773.4
25,38,19,4.0,1838.8
25,38,20,6.0,2466.2
25,38,21,7.0,1873.9
25,38,22,5.0,2195.2
25,38,23,14.0,1631.6
25,39,3,1.0,1990.0
25,40,1,1.0,1945.0
25,40,2,3.0,1290.0
25,40,4,2.0,1513.5
25,40,5,1.0,1562.0
25,40,6,1.0,1414.0
25,40,7,1.0,2165.0
25,40,9,2.0,2238.5
25,40,10,2.0,1588.0
25,40,12,1.0,2191.0
25,40,15,1.0,2050.0
25,40,16,3.0,3134.0
25,40,18,6.0,2217.8
25,40,19,7.0,2149.9
25,40,20,8.0,2115.8
25,40,21,4.0,2019.2
25,40,22,5.0,1516.0
25,40,23,4.0,1713.0
25,41,2,1.0,1270.0
25,41,4,4.0,1419.2
25,41,6,5.0,3008.4
25,41,7,1.0,2531.0
25,41,8,4.0,2910.2
25,41,9,3.0,2133.0
25,41,10,5.0,2873.4
25,41,11,7.0,2117.3
25,41,12,4.0,2405.8
25,41,13,1.0,2234.0
25,41,14,1.0,2021.0
25,41,15,3.0,2654.3
25,41,16,2.0,2464.0
25,41,17,1.0,2179.0
25,41,18,1.0,2228.0
25,41,19,4.0,2524.0
25,41,20,5.0,2382.8
25,41,22,3.0,2154.7
25,41,23,4.0,1570.0
25,42,0,4.0,1676.8
25,42,2,1.0,1321.0
25,42,6,1.0,3627.0
25,42,7,4.0,2839.5
25,42,8,3.0,3594.0
25,42,9,2.0,2061.5
25,42,10,4.0,2293.0
25,42,11,2.0,2963.0
25,42,12,3.0,2673.7
25,42,14,5.0,2375.8
25,42,16,2.0,3799.0
25,42,17,2.0,2597.0
25,42,18,3.0,2057.0
25,42,19,4.0,2635.5
25,42,20,6.0,2320.8
25,42,21,3.0,1916.7
25,42,22,5.0,1659.4
25,42,23,9.0,1705.8
25,43,0,6.0,1882.8
25,43,1,2.0,1337.5
25,43,2,3.0,2394.3
25,43,4,2.0,1592.5
25,43,5,2.0,2094.0
25,43,6,2.0,2301.5
25,43,7,1.0,2771.0
25,43,9,1.0,2162.0
25,43,10,3.0,2395.3
25,43,11,3.0,2266.3
25,43,12,4.0,2519.0
25,43,13,4.0,2723.5
25,43,14,4.0,3096.5
25,43,18,2.0,3142.0
25,43,19,3.0,2363.7
25,43,20,4.0,2312.5
25,43,21,7.0,2139.7
25,43,22,2.0,1806.5
25,43,23,9.0,2157.9
25,44,0,4.0,1795.0
25,44,1,2.0,2058.5
25,44,2,1.0,1626.0
25,44,4,2.0,1446.0
25,44,5,1.0,1159.0
25,44,8,1.0,3118.0
25,44,9,3.0,2685.0
25,44,10,3.0,3169.7
25,44,12,2.0,2799.5
25,44,13,2.0,3035.0
25,44,14,1.0,2998.0
25,44,15,4.0,4497.0
25,44,16,1.0,3593.0
25,44,17,3.0,3510.0
25,44,18,1.0,4730.0
25,44,19,5.0,2488.2
25,44,20,9.0,2502.4
25,44,21,4.0,1999.8
25,44,22,7.0,2274.4
25,44,23,4.0,2123.2
25,45,10,1.0,3076.0
25,45,17,1.0,3913.0
25,45,18,1.0,3658.0
25,45,19,2.0,2516.0
25,45,21,1.0,1934.0
25,45,22,2.0,2794.0
25,46,0,6.0,2065.3
25,46,2,1.0,1553.0
25,46,5,1.0,3160.0
25,46,7,2.0,3184.0
25,46,8,4.0,3035.2
25,46,9,6.0,2711.0
25,46,12,3.0,2785.0
25,46,13,1.0,3774.0
25,46,14,5.0,3355.6
25,46,15,2.0,3528.5
25,46,19,4.0,3172.5
25,46,21,2.0,2712.5
25,46,22,3.0,2558.0
25,46,23,3.0,2189.3
25,47,1,1.0,1629.0
25,47,6,1.0,2712.0
25,47,20,3.0,2508.0
25,47,21,3.0,2270.0
25,47,22,1.0,2062.0
25,47,23,2.0,1837.0
25,48,3,1.0,2035.0
25,48,11,2.0,2991.5
25,48,12,1.0,3018.0
25,48,14,1.0,3827.0
25,48,17,1.0,4201.0
25,48,20,1.0,2470.0
25,48,22,4.0,2188.2
25,49,4,1.0,1826.0
25,49,5,1.0,1327.0
25,49,6,2.0,2113.5
25,49,7,1.0,3106.0
25,49,9,1.0,1846.0
25,49,11,1.0,2426.0
25,49,12,3.0,3297.3
25,49,13,2.0,3462.5
25,49,14,1.0,2741.0
25,49,15,1.0,4349.0
25,49,16,3.0,4196.7
25,49,17,2.0,4280.0
25,49,18,2.0,3125.5
25,49,19,3.0,3067.0
25,49,20,1.0,2092.0
25,49,21,1.0,2320.0
25,49,23,2.0,1913.5
25,50,8,2.0,2765.5
25,50,19,1.0,3110.0
25,51,4,1.0,2534.0
25,53,4,1.0,2339.0
25,53,5,1.0,1973.0
25,53,8,4.0,3259.2
25,53,10,1.0,3500.0
25,53,11,1.0,3024.0
25,53,13,1.0,2871.0
25,53,15,1.0,5502.0
25,53,16,2.0,4726.0
25,53,17,2.0,4597.0
25,53,18,1.0,3731.0
25,53,20,1.0,2050.0
25,53,21,1.0,2026.0
25,53,22,2.0,3185.5
25,53,23,1.0,2111.0
25,54,16,2.0,4229.0
25,54,19,1.0,2569.0
25,54,20,1.0,2235.0
25,54,22,1.0,2069.0
25,54,23,1.0,2516.0
25,55,8,1.0,2924.0
25,56,2,3.0,1237.7
25,56,3,5.0,1490.6
25,56,4,17.0,1565.1
25,56,5,11.0,1675.7
25,56,6,6.0,1537.3
25,56,7,6.0,1591.7
25,56,8,3.0,1153.7
25,56,9,4.0,1910.5
25,56,10,6.0,1944.8
25,56,11,7.0,1868.3
25,56,12,9.0,1520.3
25,56,13,7.0,1954.3
25,56,14,8.0,1931.8
25,56,15,10.0,2052.8
25,56,17,2.0,1790.5
25,56,18,1.0,1776.0
25,56,19,4.0,1832.2
25,56,20,2.0,2118.5
25,56,21,1.0,1328.0
25,56,22,1.0,1416.0
25,56,23,2.0,1484.5
25,57,5,2.0,1134.0
25,57,6,4.0,2267.0
25,57,9,1.0,1367.0
25,57,11,1.0,1722.0
25,57,13,5.0,1630.8
25,57,14,1.0,1872.0
25,57,15,1.0,2214.0
25,57,19,1.0,2072.0
25,57,22,2.0,1385.0
25,57,23,1.0,2362.0
25,58,1,1.0,1020.0
25,58,3,2.0,1336.0
25,58,4,1.0,1814.0
25,58,6,2.0,1193.5
25,58,7,1.0,1783.0
25,58,8,3.0,2083.0
25,58,9,4.0,1714.0
25,58,10,5.0,1706.6
25,58,11,6.0,1459.0
25,58,12,1.0,1386.0
25,58,14,4.0,2034.8
25,58,15,2.0,2779.5
25,58,16,7.0,2368.9
25,58,17,1.0,2655.0
25,58,18,1.0,1972.0
25,58,19,4.0,1731.8
25,58,20,1.0,2104.0
25,58,21,2.0,1852.5
25,58,22,3.0,1759.0
25,58,23,2.0,1939.5
25,59,0,1.0,1366.0
25,59,4,1.0,1566.0
25,59,5,5.0,1599.0
25,59,6,1.0,1705.0
25,59,8,1.0,1876.0
25,59,9,1.0,1910.0
25,59,11,3.0,1755.0
25,59,12,1.0,1601.0
25,59,13,2.0,2145.0
25,59,14,2.0,1975.0
25,59,15,4.0,2240.0
25,59,16,2.0,2369.5
25,59,17,2.0,2184.5
25,59,18,1.0,1996.0
25,59,20,6.0,1448.3
25,59,21,2.0,1870.0
25,59,22,1.0,1445.0
25,59,23,2.0,1248.0
25,60,3,1.0,2741.0
25,61,0,5.0,1889.6
25,61,1,2.0,2039.0
25,61,2,1.0,2064.0
25,61,3,5.0,1298.2
25,61,4,3.0,1621.3
25,61,5,9.0,1358.0
25,61,6,12.0,2344.1
25,61,7,3.0,2408.7
25,61,8,10.0,2322.2
25,61,9,3.0,2014.3
25,61,10,3.0,2228.0
25,61,11,3.0,1972.3
25,61,12,4.0,2038.8
25,61,13,10.0,2025.0
25,61,15,4.0,2659.2
25,61,17,3.0,3011.3
25,61,18,5.0,2429.8
25,61,20,4.0,2152.2
25,61,21,7.0,1790.3
25,61,23,1.0,2305.0
25,62,0,2.0,1580.0
25,62,6,2.0,1779.0
25,62,9,1.0,1382.0
25,62,10,2.0,1846.0
25,62,11,1.0,1954.0
25,62,12,4.0,1669.5
25,62,13,1.0,2172.0
25,62,14,2.0,2198.0
25,62,15,4.0,2795.8
25,62,17,2.0,2346.0
25,62,18,1.0,1865.0
25,62,19,2.0,1893.5
25,62,20,2.0,1961.5
25,62,21,1.0,1575.0
25,62,22,1.0,1537.0
25,63,0,1.0,1391.0
25,63,6,1.0,2245.0
25,63,23,1.0,1730.0
25,64,0,1.0,1427.0
25,64,5,2.0,1150.5
25,66,0,1.0,2517.0
25,66,1,2.0,1795.0
25,66,2,6.0,1766.8
25,66,3,1.0,1780.0
25,66,4,1.0,2254.0
25,66,5,1.0,1737.0
25,67,3,1.0,1250.0
25,67,4,1.0,2528.0
25,68,1,2.0,1265.5
25,68,2,2.0,1311.0
25,68,3,1.0,2874.0
25,68,4,1.0,1621.0
25,69,0,3.0,1770.0
25,69,1,5.0,1338.4
25,69,2,1.0,1439.0
25,69,7,2.0,3002.0
25,69,8,1.0,2728.0
25,69,10,4.0,2852.8
25,69,11,3.0,2234.7
25,69,12,5.0,2817.6
25,69,14,7.0,2661.3
25,69,17,1.0,2964.0
25,69,18,2.0,1991.5
25,69,19,2.0,2552.5
25,69,20,4.0,2083.8
25,69,21,3.0,2085.7
25,69,22,3.0,2021.7
25,69,23,1.0,2393.0
25,70,4,1.0,1305.0
25,71,0,1.0,1942.0
25,71,1,3.0,1865.3
25,71,2,2.0,1421.5
25,72,2,1.0,3437.0
25,72,8,1.0,3349.0
25,72,14,1.0,3939.0
25,73,0,1.0,1374.0
25,73,2,1.0,2127.0
25,73,4,1.0,1552.0
25,73,5,1.0,2096.0
25,73,6,1.0,1641.0
25,73,7,1.0,3542.0
25,73,9,1.0,3607.0
25,73,10,1.0,2149.0
25,73,11,1.0,1942.0
25,73,13,1.0,2154.0
25,73,14,1.0,3379.0
25,73,15,1.0,5096.0
25,73,16,5.0,3335.4
25,73,17,1.0,3149.0
25,73,18,1.0,3749.0
25,73,19,4.0,2596.2
25,73,20,4.0,2456.2
25,73,22,3.0,2292.3
25,74,11,1.0,2287.0
25,74,19,1.0,3063.0
25,76,0,1.0,1702.0
25,76,1,5.0,1683.8
25,76,2,13.0,1635.8
25,76,3,23.0,1674.5
25,76,4,32.0,1603.3
25,76,5,45.0,1835.5
25,76,6,7.0,1938.7
25,77,4,2.0,1851.5
25,77,5,1.0,1451.0
25,77,6,5.0,3293.2
25,77,7,4.0,3284.8
25,77,9,4.0,2448.8
25,77,12,3.0,2445.7
25,77,14,5.0,2972.0
25,77,15,1.0,2971.0
25,77,16,1.0,3238.0
25,77,17,3.0,3368.0
25,77,19,5.0,2573.2
25,77,20,6.0,2318.3
25,77,21,7.0,2217.1
25,77,22,5.0,2220.2
26,1,5,1.0,1549.0
26,1,10,1.0,3323.0
26,1,11,1.0,2183.0
26,1,15,2.0,2911.5
26,1,19,1.0,3160.0
26,1,21,1.0,2358.0
26,1,23,1.0,1899.0
26,2,5,1.0,1764.0
26,2,6,3.0,2409.7
26,2,10,1.0,2473.0
26,2,13,1.0,2573.0
26,2,17,1.0,3022.0
26,2,22,1.0,2415.0
26,3,0,1.0,1366.0
26,3,6,4.0,1671.2
26,3,7,1.0,2293.0
26,3,8,1.0,3489.0
26,3,11,1.0,2860.0
26,3,12,2.0,2186.5
26,3,13,2.0,2229.0
26,3,14,1.0,2056.0
26,3,16,2.0,2771.5
26,3,19,2.0,2646.0
26,3,20,3.0,2054.7
26,3,22,2.0,1843.5
26,3,23,1.0,2037.0
26,4,0,1.0,2401.0
26,4,5,1.0,2102.0
26,4,7,1.0,2158.0
26,4,18,2.0,2292.5
26,5,5,9.0,1028.9
26,7,0,1.0,1026.0
26,7,3,1.0,801.0
26,7,4,3.0,971.3
26,7,5,6.0,1740.7
26,7,6,5.0,2052.6
26,7,7,6.0,1535.5
26,7,8,5.0,2723.6
26,7,10,2.0,1891.0
26,7,11,4.0,2165.5
26,7,12,2.0,2018.0
26,7,14,1.0,1351.0
26,7,15,2.0,1965.0
26,7,16,1.0,2065.0
26,7,17,5.0,2268.6
26,7,18,1.0,1683.0
26,7,19,2.0,1839.0
26,7,20,1.0,1490.0
26,8,0,4.0,989.8
26,8,1,4.0,717.2
26,8,2,1.0,626.0
26,8,3,1.0,840.0
26,8,4,2.0,828.0
26,8,5,15.0,1083.1
26,8,6,24.0,1535.4
26,8,7,25.0,2012.4
26,8,8,8.0,2038.1
26,8,9,8.0,1860.8
26,8,10,10.0,1610.4
26,8,11,16.0,1647.9
26,8,12,11.0,1588.8
26,8,13,15.0,1795.3
26,8,14,22.0,1664.4
26,8,15,12.0,1895.1
26,8,16,12.0,2042.0
26,8,17,3.0,1823.3
26,8,18,13.0,1738.5
26,8,19,7.0,1647.9
26,8,20,5.0,1527.2
26,8,21,7.0,1400.1
26,8,22,6.0,1165.0
26,8,23,5.0,1162.6
26,11,2,1.0,1101.0
26,11,5,1.0,1270.0
26,11,6,1.0,2471.0
26,11,14,1.0,2635.0
26,11,15,1.0,1680.0
26,11,18,1.0,2752.0
26,12,5,1.0,1243.0
26,13,5,1.0,1663.0
26,13,6,2.0,2091.5
26,13,7,2.0,2304.0
26,14,4,1.0,1398.0
26,14,5,1.0,1185.0
26,15,7,2.0,1332.0
26,15,8,1.0,1668.0
26,15,9,1.0,2712.0
26,15,11,2.0,1521.5
26,15,12,2.0,2005.0
26,15,14,2.0,1530.5
26,15,15,1.0,2076.0
26,15,19,2.0,1378.5
26,15,22,2.0,1394.0
26,16,4,1.0,1047.0
26,16,5,1.0,1242.0
26,16,6,1.0,1281.0
26,16,7,9.0,1552.4
26,16,8,4.0,2238.0
26,16,9,2.0,1691.5
26,16,10,2.0,1690.5
26,16,12,1.0,2346.0
26,16,13,3.0,2134.0
26,16,17,5.0,1705.6
26,16,21,1.0,1410.0
26,17,10,1.0,2088.0
26,17,11,2.0,1805.0
26,17,15,1.0,2596.0
26,17,16,1.0,2251.0
26,17,22,1.0,1386.0
26,18,2,1.0,1267.0
26,20,6,1.0,753.0
26,20,10,1.0,1105.0
26,20,12,3.0,747.3
26,20,14,1.0,1115.0
26,20,15,1.0,1055.0
26,20,19,1.0,1070.0
26,20,21,1.0,757.0
26,20,22,1.0,881.0
26,20,23,1.0,579.0
26,21,1,2.0,1386.0
26,21,5,3.0,1066.0
26,21,6,3.0,1447.3
26,21,8,2.0,955.0
26,21,9,1.0,1173.0
26,21,10,1.0,1047.0
26,21,12,3.0,1010.3
26,21,13,1.0,1421.0
26,21,15,2.0,1504.0
26,21,16,11.0,1488.8
26,21,17,3.0,1655.0
26,21,18,1.0,1157.0
26,21,20,1.0,966.0
26,21,21,1.0,1051.0
26,21,22,1.0,1281.0
26,21,23,1.0,1344.0
26,22,0,1.0,887.0
26,22,2,2.0,1005.5
26,22,3,1.0,835.0
26,22,5,1.0,1672.0
26,22,6,2.0,887.5
26,22,7,5.0,1081.6
26,22,8,2.0,1093.5
26,22,9,3.0,1383.3
26,22,10,4.0,956.8
26,22,11,11.0,1100.7
26,22,12,2.0,1316.5
26,22,13,3.0,1076.0
26,22,14,1.0,889.0
26,22,15,2.0,1508.5
26,22,16,3.0,1791.3
26,22,17,5.0,1427.0
26,22,18,2.0,1145.5
26,22,19,5.0,1256.2
26,22,20,1.0,1242.0
26,22,21,1.0,818.0
26,22,22,2.0,1233.5
26,22,23,4.0,996.0
26,23,0,3.0,369.0
26,23,1,4.0,284.2
26,23,2,4.0,474.0
26,23,3,1.0,323.0
26,23,4,6.0,465.3
26,23,5,12.0,385.8
26,23,6,17.0,439.3
26,23,7,34.0,858.0
26,23,8,38.0,805.4
26,23,9,20.0,632.9
26,23,10,8.0,475.8
26,23,11,16.0,532.4
26,23,12,21.0,552.4
26,23,13,16.0,512.8
26,23,14,11.0,630.1
26,23,15,17.0,674.8
26,23,16,21.0,820.6
26,23,17,20.0,658.9
26,23,18,16.0,524.4
26,23,19,21.0,516.2
26,23,20,16.0,516.7
26,23,21,22.0,475.3
26,23,22,15.0,527.1
26,23,23,19.0,429.5
26,24,1,1.0,1335.0
26,24,2,2.0,889.0
26,24,3,3.0,550.3
26,24,4,3.0,783.0
26,25,1,9.0,476.6
26,25,2,13.0,508.1
26,25,3,15.0,572.4
26,25,4,4.0,416.5
26,26,0,11.0,348.0
26,26,1,15.0,308.1
26,26,2,10.0,240.8
26,26,3,3.0,187.7
26,26,4,4.0,208.8
26,26,5,2.0,467.5
26,26,6,2.0,99.0
26,26,7,28.0,801.2
26,26,8,29.0,762.6
26,26,9,31.0,442.0
26,26,10,24.0,524.6
26,26,11,26.0,462.0
26,26,12,29.0,418.4
26,26,13,16.0,284.0
26,26,14,23.0,434.7
26,26,15,29.0,664.0
26,26,16,43.0,728.0
26,26,17,30.0,566.8
26,26,18,24.0,438.8
26,26,19,28.0,485.1
26,26,20,20.0,552.5
26,26,21,23.0,473.7
26,26,22,14.0,322.7
26,26,23,21.0,248.7
26,27,0,13.0,338.8
26,27,1,6.0,347.2
26,27,2,5.0,362.0
26,27,3,3.0,273.7
26,27,4,4.0,298.8
26,27,5,1.0,246.0
26,27,6,7.0,355.9
26,27,7,27.0,686.4
26,27,8,30.0,598.7
26,27,9,24.0,474.3
26,27,10,13.0,461.8
26,27,11,17.0,423.3
26,27,12,14.0,339.2
26,27,13,21.0,385.6
26,27,14,15.0,465.3
26,27,15,26.0,454.2
26,27,16,26.0,565.4
26,27,17,26.0,506.9
26,27,18,35.0,481.7
26,27,19,24.0,425.3
26,27,20,12.0,413.6
26,27,21,19.0,385.9
26,27,22,23.0,416.4
26,27,23,15.0,408.7
26,28,0,3.0,654.3
26,28,1,1.0,520.0
26,28,2,5.0,531.0
26,28,3,9.0,685.3
26,28,4,5.0,496.8
26,28,5,16.0,632.4
26,29,0,4.0,309.8
26,29,1,14.0,395.4
26,29,2,15.0,449.0
26,29,3,8.0,333.9
26,29,4,3.0,546.7
26,29,5,12.0,495.8
26,30,0,2.0,568.0
26,30,3,1.0,345.0
26,30,4,1.0,428.0
26,30,5,7.0,596.4
26,30,6,5.0,636.8
26,30,9,10.0,877.3
26,30,10,6.0,635.8
26,30,11,1.0,676.0
26,30,12,1.0,830.0
26,30,13,10.0,1073.3
26,30,14,2.0,1108.0
26,30,17,1.0,652.0
26,30,18,2.0,1076.0
26,30,20,6.0,824.3
26,30,21,7.0,959.3
26,30,22,2.0,971.5
26,30,23,4.0,853.0
26,31,0,1.0,456.0
26,31,2,1.0,557.0
26,31,3,1.0,908.0
26,31,4,1.0,847.0
26,31,5,7.0,1049.6
26,31,6,8.0,813.8
26,31,7,2.0,927.0
26,31,8,2.0,985.0
26,31,9,1.0,1429.0
26,31,10,2.0,1111.5
26,31,11,2.0,1357.0
26,31,12,1.0,2262.0
26,31,13,4.0,940.8
26,31,14,4.0,1200.8
26,31,15,4.0,1698.8
26,31,16,5.0,1630.2
26,31,17,3.0,1264.7
26,31,18,3.0,1080.3
26,31,19,1.0,1109.0
26,31,20,1.0,728.0
26,31,22,2.0,723.0
26,32,1,1.0,726.0
26,32,2,1.0,683.0
26,32,3,10.0,636.9
26,32,4,11.0,750.0
26,32,5,11.0,911.6
26,33,1,1.0,1717.0
26,33,3,1.0,652.0
26,33,5,5.0,1277.0
26,33,7,2.0,2011.0
26,33,8,1.0,1838.0
26,33,9,1.0,1439.0
26,33,10,1.0,1335.0
26,33,11,1.0,1336.0
26,33,12,2.0,1665.5
26,33,14,4.0,1582.5
26,33,16,1.0,1675.0
26,33,17,2.0,1559.5
26,33,18,1.0,1344.0
26,33,19,1.0,1342.0
26,33,21,2.0,1075.0
26,33,22,3.0,1080.0
26,33,23,5.0,1214.8
26,34,2,1.0,789.0
26,34,5,3.0,809.0
26,34,7,1.0,1633.0
26,34,10,1.0,1337.0
26,34,11,1.0,1856.0
26,34,12,1.0,2080.0
26,34,14,1.0,1682.0
26,34,16,2.0,1698.5
26,34,17,1.0,1883.0
26,34,20,1.0,1155.0
26,34,22,1.0,916.0
26,35,0,1.0,1099.0
26,35,1,1.0,1787.0
26,35,6,2.0,1074.5
26,35,7,7.0,1706.4
26,35,10,1.0,1370.0
26,35,11,1.0,1455.0
26,35,17,4.0,1871.5
26,35,19,2.0,2143.5
26,35,20,1.0,1067.0
26,35,21,1.0,1085.0
26,35,22,3.0,1282.0
26,35,23,4.0,1141.2
26,36,8,1.0,1432.0
26,36,14,2.0,1640.5
26,36,15,2.0,2224.0
26,36,16,4.0,2104.5
26,36,17,3.0,2016.0
26,36,20,1.0,2416.0
26,36,23,1.0,1459.0
26,37,14,1.0,1464.0
26,37,18,1.0,1710.0
26,37,20,1.0,1354.0
26,38,0,2.0,877.0
26,38,1,1.0,1150.0
26,38,4,1.0,970.0
26,38,6,1.0,1918.0
26,38,13,1.0,1678.0
26,38,14,1.0,1979.0
26,38,17,6.0,1852.3
26,38,18,2.0,1246.5
26,38,19,4.0,2025.0
26,38,20,3.0,1858.7
26,38,21,6.0,1366.3
26,38,22,3.0,1314.7
26,38,23,3.0,856.7
26,39,1,1.0,1047.0
26,40,0,1.0,1539.0
26,40,2,1.0,989.0
26,40,4,1.0,2326.0
26,41,1,1.0,1242.0
26,41,4,1.0,2069.0
26,42,1,1.0,1572.0
26,42,2,1.0,1733.0
26,42,4,1.0,1170.0
26,42,5,1.0,1290.0
26,42,7,1.0,1652.0
26,42,11,1.0,2143.0
26,42,13,1.0,2744.0
26,42,17,2.0,2498.0
26,42,19,1.0,1845.0
26,42,20,3.0,1622.0
26,42,21,1.0,2107.0
26,42,22,4.0,1706.8
26,42,23,2.0,1914.5
26,43,0,3.0,1358.0
26,43,1,2.0,1612.0
26,43,7,2.0,2387.0
26,43,8,1.0,2235.0
26,43,9,1.0,2822.0
26,43,11,7.0,2175.7
26,43,13,3.0,2464.3
26,43,14,1.0,2096.0
26,43,15,1.0,2702.0
26,43,17,4.0,2732.0
26,43,20,4.0,2378.8
26,43,21,1.0,2134.0
26,43,22,3.0,1936.7
26,43,23,3.0,2106.0
26,44,1,2.0,1904.0
26,44,2,1.0,1791.0
26,45,2,1.0,2169.0
26,45,20,1.0,2933.0
26,45,21,1.0,1688.0
26,46,0,1.0,3290.0
26,46,2,1.0,2296.0
26,46,13,1.0,2235.0
26,46,22,2.0,2525.5
26,47,4,1.0,1239.0
26,48,3,2.0,1456.0
26,48,9,1.0,3153.0
26,50,0,1.0,1578.0
26,50,17,1.0,3516.0
26,50,21,1.0,1872.0
26,51,13,1.0,2933.0
26,51,19,1.0,2906.0
26,53,0,1.0,1620.0
26,53,2,1.0,1791.0
26,53,7,3.0,2962.3
26,53,8,2.0,2790.0
26,53,16,1.0,4545.0
26,53,18,1.0,3616.0
26,53,19,1.0,3342.0
26,53,21,1.0,2065.0
26,54,20,1.0,1961.0
26,54,22,1.0,2617.0
26,56,1,1.0,873.0
26,56,3,2.0,1175.5
26,56,4,3.0,1320.3
26,56,5,1.0,1297.0
26,56,6,2.0,1119.0
26,56,8,1.0,1359.0
26,56,9,1.0,1271.0
26,56,10,3.0,1603.7
26,56,11,3.0,1592.7
26,56,12,2.0,1250.5
26,56,14,3.0,1467.3
26,56,15,2.0,2089.5
26,56,16,1.0,2527.0
26,56,17,3.0,2029.0
26,56,19,6.0,1409.5
26,56,20,2.0,1690.5
26,56,21,1.0,1508.0
26,56,22,1.0,1277.0
26,56,23,1.0,1069.0
26,57,5,1.0,1211.0
26,58,12,1.0,1506.0
26,58,13,1.0,1491.0
26,58,14,9.0,1392.3
26,58,15,1.0,1695.0
26,58,19,2.0,1256.5
26,58,21,1.0,1321.0
26,58,23,1.0,885.0
26,59,14,1.0,1202.0
26,59,16,1.0,1837.0
26,59,17,1.0,958.0
26,60,0,1.0,857.0
26,60,1,1.0,800.0
26,60,5,2.0,802.5
26,60,6,1.0,1364.0
26,60,11,1.0,1591.0
26,60,23,1.0,1235.0
26,61,0,3.0,1323.3
26,61,1,2.0,1558.5
26,61,4,1.0,1337.0
26,61,5,4.0,1733.2
26,61,6,1.0,1239.0
26,62,0,1.0,1167.0
26,62,3,1.0,1081.0
26,62,22,2.0,1568.5
26,62,23,1.0,1216.0
26,63,0,1.0,1270.0
26,63,13,2.0,1861.0
26,63,21,1.0,1927.0
26,64,10,1.0,2245.0
26,65,8,2.0,2066.0
26,65,11,1.0,1567.0
26,66,1,1.0,1504.0
26,66,2,1.0,1481.0
26,66,5,2.0,1829.5
26,66,8,1.0,2153.0
26,66,9,1.0,1922.0
26,66,10,2.0,1821.5
26,66,13,1.0,2783.0
26,66,14,1.0,2419.0
26,66,15,2.0,2926.0
26,66,16,2.0,2555.5
26,66,17,1.0,2350.0
26,66,19,2.0,2541.0
26,66,20,2.0,2935.0
26,66,23,1.0,1674.0
26,67,0,1.0,2027.0
26,67,1,2.0,1278.0
26,67,2,1.0,1640.0
26,67,22,1.0,1576.0
26,68,0,2.0,1405.0
26,68,1,1.0,1007.0
26,68,6,3.0,1833.7
26,68,9,2.0,1750.5
26,68,12,3.0,1658.3
26,68,14,2.0,2785.5
26,68,15,1.0,3032.0
26,68,16,1.0,3275.0
26,68,17,3.0,2517.0
26,68,18,1.0,2481.0
26,68,19,3.0,2145.3
26,68,20,1.0,1845.0
26,68,21,1.0,1402.0
26,68,22,3.0,1517.7
26,68,23,3.0,1240.0
26,69,0,1.0,2241.0
26,69,4,1.0,1271.0
26,69,6,1.0,1639.0
26,69,9,1.0,1666.0
26,69,10,1.0,1459.0
26,69,11,1.0,2030.0
26,69,12,3.0,1673.0
26,69,13,1.0,1886.0
26,69,20,1.0,1842.0
26,69,21,1.0,1323.0
26,70,12,1.0,2449.0
26,71,0,1.0,1290.0
26,71,1,1.0,2311.0
26,71,9,1.0,3272.0
26,71,14,1.0,3036.0
26,71,15,2.0,2759.0
26,71,18,1.0,2631.0
26,71,21,2.0,1783.0
26,71,22,2.0,1701.5
26,71,23,2.0,1504.0
26,73,0,1.0,1690.0
26,73,7,1.0,2485.0
26,73,10,1.0,2412.0
26,73,14,1.0,3524.0
26,73,15,2.0,4070.5
26,73,16,1.0,3686.0
26,73,18,1.0,2334.0
26,73,19,2.0,2785.5
26,73,20,1.0,1691.0
26,75,9,2.0,2464.0
26,76,3,4.0,1683.8
26,76,4,8.0,1813.1
26,77,3,1.0,2509.0
27,1,0,1.0,2597.0
27,1,5,1.0,1899.0
27,1,7,1.0,3777.0
27,1,8,2.0,2897.5
27,1,9,2.0,3029.0
27,1,10,3.0,2537.3
27,1,12,1.0,2818.0
27,1,13,4.0,2987.2
27,1,15,1.0,2538.0
27,1,16,1.0,2828.0
27,1,18,2.0,3396.0
27,1,19,4.0,2567.2
27,1,20,1.0,2304.0
27,1,21,2.0,2607.0
27,1,22,3.0,2432.3
27,2,10,1.0,3886.0
27,2,22,1.0,1740.0
27,2,23,3.0,1785.7
27,3,0,2.0,1538.0
27,3,1,3.0,1393.0
27,3,3,3.0,1454.3
27,3,6,13.0,1771.3
27,3,7,4.0,2229.8
27,3,8,2.0,2169.5
27,3,10,8.0,1920.6
27,3,12,5.0,1951.0
27,3,13,1.0,1774.0
27,3,14,1.0,2269.0
27,3,15,1.0,2374.0
27,3,17,2.0,3332.0
27,3,18,1.0,2104.0
27,3,19,1.0,1710.0
27,3,20,2.0,1981.5
27,3,21,3.0,1708.7
27,3,22,1.0,1644.0
27,3,23,1.0,1806.0
27,4,2,1.0,932.0
27,5,4,6.0,891.8
27,5,6,17.0,1449.9
27,5,7,2.0,1409.0
27,5,8,8.0,2002.2
27,5,9,5.0,1699.6
27,5,10,7.0,1462.1
27,5,11,2.0,1441.5
27,5,12,4.0,1755.0
27,5,13,11.0,1527.8
27,5,14,1.0,1815.0
27,5,15,3.0,1423.0
27,5,16,3.0,2472.3
27,5,17,6.0,2071.8
27,5,18,4.0,1939.8
27,5,19,2.0,1087.0
27,5,20,2.0,1166.0
27,5,21,1.0,1458.0
27,5,22,2.0,1046.0
27,5,23,2.0,1071.5
27,7,2,1.0,1212.0
27,7,4,1.0,1030.0
27,8,0,9.0,951.6
27,8,1,5.0,972.8
27,8,2,4.0,960.0
27,8,3,2.0,1128.5
27,8,4,8.0,808.4
27,8,5,17.0,1058.8
27,8,6,25.0,1430.6
27,8,7,56.0,1639.6
27,8,8,86.0,1619.1
27,8,9,45.0,1618.3
27,8,10,53.0,1400.2
27,8,11,34.0,1442.5
27,8,12,31.0,1395.5
27,8,13,30.0,1365.2
27,8,14,38.0,1546.9
27,8,15,36.0,1631.6
27,8,16,39.0,1599.5
27,8,17,35.0,1660.7
27,8,18,24.0,1430.2
27,8,19,29.0,1409.9
27,8,20,23.0,1248.7
27,8,21,25.0,1141.8
27,8,22,16.0,1079.8
27,8,23,16.0,1113.2
27,9,18,1.0,2365.0
27,9,21,1.0,2535.0
27,10,7,1.0,3068.0
27,10,13,1.0,2473.0
27,10,15,1.0,3477.0
27,13,0,1.0,1517.0
27,13,3,10.0,1266.2
27,13,4,1.0,1394.0
27,13,5,1.0,1252.0
27,13,11,3.0,1959.3
27,13,13,4.0,1692.0
27,13,15,1.0,2264.0
27,14,7,1.0,2260.0
27,14,8,1.0,1540.0
27,14,10,1.0,1597.0
27,14,11,1.0,1200.0
27,14,12,4.0,1636.0
27,14,13,1.0,1391.0
27,14,14,1.0,1521.0
27,14,15,3.0,2138.0
27,14,16,1.0,2704.0
27,14,18,3.0,1740.7
27,14,19,1.0,1713.0
27,14,20,3.0,2172.0
27,14,21,1.0,1787.0
27,14,23,1.0,2282.0
27,15,0,3.0,1453.3
27,15,1,2.0,1185.5
27,15,2,1.0,1274.0
27,15,5,1.0,1153.0
27,16,0,1.0,1262.0
27,16,1,1.0,2084.0
27,16,2,2.0,1142.0
27,16,3,1.0,1440.0
27,16,4,4.0,1006.8
27,16,5,3.0,1556.7
27,16,6,2.0,1912.5
27,16,8,2.0,1523.0
27,16,9,2.0,1583.0
27,16,10,1.0,1431.0
27,16,12,2.0,1403.5
27,16,13,1.0,1448.0
27,16,14,2.0,1542.0
27,16,15,3.0,2300.3
27,16,16,9.0,2003.6
27,16,17,3.0,2594.3
27,16,18,6.0,1572.0
27,16,19,4.0,1405.0
27,16,20,4.0,1303.0
27,16,21,2.0,1094.5
27,16,22,3.0,1152.3
27,16,23,3.0,1156.3
27,17,7,1.0,1977.0
27,17,9,1.0,3083.0
27,17,10,3.0,1868.3
27,17,11,1.0,1810.0
27,17,13,1.0,2185.0
27,17,20,1.0,1656.0
27,17,21,1.0,1578.0
27,17,22,1.0,1764.0
27,18,10,1.0,1544.0
27,18,13,2.0,1922.0
27,18,19,1.0,2299.0
27,18,21,8.0,1404.6
27,19,2,1.0,599.0
27,19,3,1.0,927.0
27,19,4,1.0,870.0
27,19,5,21.0,1132.1
27,19,6,2.0,1171.0
27,19,7,3.0,1475.7
27,19,8,9.0,1464.1
27,19,9,10.0,1388.3
27,19,10,4.0,1422.2
27,19,11,7.0,1431.4
27,19,12,9.0,1535.2
27,19,13,8.0,1478.8
27,19,14,7.0,1748.6
27,19,15,3.0,1852.7
27,19,16,6.0,1905.2
27,19,17,7.0,1947.9
27,19,18,2.0,1650.5
27,19,19,4.0,1524.2
27,19,20,3.0,1530.0
27,19,21,3.0,1580.7
27,19,22,1.0,1124.0
27,19,23,4.0,1026.5
27,20,1,1.0,762.0
27,20,4,1.0,1459.0
27,20,6,1.0,788.0
27,20,9,1.0,1288.0
27,20,10,1.0,746.0
27,20,13,3.0,975.7
27,20,14,4.0,991.5
27,20,15,2.0,1185.5
27,20,16,4.0,1381.2
27,20,17,1.0,1522.0
27,20,18,1.0,1059.0
27,20,21,1.0,807.0
27,20,22,3.0,843.0
27,20,23,2.0,1066.0
27,21,0,1.0,796.0
27,21,5,1.0,947.0
27,21,6,1.0,2300.0
27,21,7,2.0,1434.5
27,21,8,2.0,1211.0
27,21,9,6.0,1353.7
27,21,11,3.0,870.7
27,21,12,3.0,1284.0
27,21,13,2.0,1511.5
27,21,14,1.0,1004.0
27,21,15,1.0,1934.0
27,21,16,6.0,1402.5
27,21,17,10.0,1522.7
27,21,18,3.0,1385.0
27,21,19,3.0,1004.3
27,21,20,2.0,1308.5
27,21,21,1.0,1344.0
27,21,22,2.0,795.0
27,21,23,3.0,932.0
27,22,0,3.0,817.0
27,22,2,1.0,619.0
27,22,3,4.0,891.5
27,22,4,5.0,722.6
27,22,5,15.0,784.9
27,22,6,8.0,848.8
27,22,7,11.0,1114.6
27,22,8,4.0,1249.5
27,22,9,13.0,975.9
27,22,10,17.0,914.6
27,22,11,7.0,894.6
27,22,12,15.0,826.2
27,22,13,15.0,803.0
27,22,14,16.0,942.4
27,22,15,19.0,1113.8
27,22,16,22.0,1176.4
27,22,17,19.0,1191.8
27,22,18,14.0,1013.6
27,22,19,16.0,878.9
27,22,20,13.0,730.6
27,22,21,8.0,754.0
27,22,22,13.0,752.3
27,22,23,13.0,675.2
27,23,0,21.0,530.7
27,23,1,11.0,343.5
27,23,2,5.0,576.4
27,23,4,16.0,781.7
27,23,5,11.0,420.9
27,23,6,16.0,373.8
27,23,7,43.0,533.0
27,23,8,30.0,600.0
27,23,9,34.0,572.0
27,23,10,15.0,543.7
27,23,11,15.0,461.1
27,23,12,19.0,489.1
27,23,13,19.0,550.1
27,23,14,23.0,631.7
27,23,15,28.0,697.1
27,23,16,37.0,685.2
27,23,17,31.0,616.9
27,23,18,33.0,597.1
27,23,19,19.0,556.6
27,23,20,29.0,471.5
27,23,21,25.0,442.6
27,23,22,11.0,320.4
27,23,23,31.0,500.7
27,24,0,10.0,475.3
27,24,1,5.0,539.2
27,24,2,6.0,514.8
27,24,4,5.0,389.4
27,24,5,2.0,656.5
27,24,6,22.0,816.7
27,24,7,3.0,611.0
27,24,22,2.0,385.5
27,24,23,17.0,585.1
27,25,0,32.0,685.6
27,25,1,6.0,853.8
27,25,2,10.0,679.6
27,25,3,11.0,740.7
27,25,4,3.0,625.3
27,25,5,8.0,762.4
27,25,6,7.0,720.4
27,25,7,44.0,646.5
27,25,8,43.0,997.0
27,25,9,45.0,864.6
27,25,10,32.0,711.6
27,25,11,29.0,821.2
27,25,12,31.0,801.0
27,25,13,31.0,900.5
27,25,14,37.0,977.4
27,25,15,48.0,1045.5
27,25,16,67.0,1162.2
27,25,17,53.0,1062.6
27,25,18,38.0,944.5
27,25,19,43.0,903.0
27,25,20,37.0,747.7
27,25,21,36.0,719.4
27,25,22,37.0,790.1
27,25,23,44.0,743.8
27,26,0,5.0,325.4
27,26,1,3.0,391.7
27,26,2,2.0,345.5
27,26,3,2.0,277.5
27,26,6,3.0,382.0
27,26,7,11.0,568.5
27,26,8,43.0,459.3
27,26,9,39.0,360.5
27,26,10,28.0,389.6
27,26,11,10.0,305.5
27,26,12,14.0,387.3
27,26,13,18.0,367.2
27,26,14,17.0,424.9
27,26,15,27.0,467.9
27,26,16,21.0,760.9
27,26,17,32.0,650.1
27,26,18,21.0,446.4
27,26,19,20.0,425.1
27,26,20,16.0,326.1
27,26,21,17.0,388.8
27,26,22,8.0,377.1
27,26,23,17.0,377.1
27,27,0,17.0,451.1
27,27,1,11.0,576.8
27,27,2,12.0,214.3
27,27,3,9.0,225.2
27,27,4,10.0,250.4
27,27,5,10.0,263.9
27,27,6,16.0,339.9
27,27,7,65.0,511.7
27,27,8,104.0,416.4
27,27,9,47.0,317.4
27,27,10,28.0,364.8
27,27,11,25.0,287.4
27,27,12,31.0,710.8
27,27,13,22.0,284.0
27,27,14,36.0,539.9
27,27,15,33.0,525.9
27,27,16,53.0,496.9
27,27,17,37.0,640.1
27,27,18,55.0,422.1
27,27,19,41.0,396.9
27,27,20,39.0,342.9
27,27,21,33.0,477.9
27,27,22,33.0,366.4
27,27,23,18.0,335.1
27,28,0,22.0,455.7
27,28,1,5.0,374.4
27,28,2,8.0,618.0
27,28,3,18.0,521.1
27,28,4,16.0,350.2
27,28,5,36.0,589.9
27,28,6,78.0,528.9
27,28,7,152.0,839.9
27,28,8,185.0,925.3
27,28,9,141.0,794.1
27,28,10,88.0,716.1
27,28,11,65.0,582.7
27,28,12,80.0,701.2
27,28,13,94.0,708.6
27,28,14,81.0,652.8
27,28,15,80.0,748.4
27,28,16,119.0,786.8
27,28,17,77.0,743.2
27,28,18,68.0,719.9
27,28,19,60.0,616.7
27,28,20,41.0,539.8
27,28,21,43.0,562.1
27,28,22,46.0,606.7
27,28,23,26.0,587.4
27,29,0,9.0,361.1
27,29,1,12.0,395.2
27,29,2,8.0,472.9
27,29,3,6.0,437.0
27,29,4,6.0,364.3
27,29,5,9.0,544.9
27,30,0,2.0,590.5
27,30,1,3.0,450.0
27,30,2,1.0,365.0
27,30,3,2.0,530.5
27,30,4,6.0,538.3
27,30,5,5.0,825.2
27,31,2,8.0,708.4
27,31,3,13.0,784.0
27,31,4,24.0,813.5
27,31,5,18.0,741.8
27,32,1,3.0,635.0
27,32,2,6.0,703.3
27,32,3,2.0,653.0
27,32,4,3.0,607.3
27,33,0,1.0,656.0
27,33,2,1.0,808.0
27,33,4,3.0,973.0
27,33,5,6.0,985.2
27,33,6,7.0,1052.3
27,33,10,3.0,1267.3
27,33,11,3.0,2083.0
27,33,12,4.0,1358.2
27,33,13,3.0,1164.7
27,33,14,1.0,1135.0
27,33,19,1.0,1031.0
27,33,21,2.0,1580.5
27,33,22,2.0,693.0
27,34,1,2.0,533.0
27,34,2,1.0,615.0
27,34,5,1.0,690.0
27,34,6,1.0,1246.0
27,34,10,1.0,949.0
27,34,12,1.0,1319.0
27,34,13,3.0,1372.7
27,34,15,1.0,1355.0
27,34,16,3.0,1473.3
27,34,17,1.0,1452.0
27,34,18,2.0,1684.5
27,34,20,1.0,1371.0
27,34,21,2.0,997.0
27,35,1,1.0,793.0
27,35,3,1.0,732.0
27,35,4,1.0,788.0
27,35,5,2.0,1390.0
27,36,0,1.0,868.0
27,36,6,1.0,1394.0
27,36,13,1.0,1666.0
27,36,14,1.0,1742.0
27,36,18,1.0,1136.0
27,36,19,1.0,1212.0
27,37,7,1.0,1389.0
27,37,8,1.0,1760.0
27,37,11,1.0,1189.0
27,37,12,1.0,1467.0
27,37,19,1.0,1340.0
27,38,0,2.0,955.5
27,38,1,1.0,869.0
27,38,2,1.0,1814.0
27,38,3,1.0,755.0
27,38,6,1.0,1900.0
27,38,7,2.0,1476.5
27,38,9,3.0,1533.0
27,38,10,3.0,1413.0
27,38,11,3.0,1661.7
27,38,12,1.0,1674.0
27,38,13,2.0,1739.0
27,38,16,1.0,1891.0
27,38,18,1.0,1256.0
27,38,19,1.0,1369.0
27,38,20,1.0,973.0
27,38,22,2.0,1209.0
27,38,23,1.0,1432.0
27,39,0,2.0,1222.5
27,39,1,1.0,1359.0
27,39,4,1.0,885.0
27,40,0,3.0,1188.3
27,40,2,2.0,1331.5
27,40,4,1.0,982.0
27,40,8,1.0,2293.0
27,40,9,2.0,1765.5
27,40,10,6.0,1573.8
27,40,12,4.0,1752.2
27,40,13,3.0,1698.3
27,40,14,2.0,2202.0
27,40,15,4.0,2743.5
27,40,16,3.0,2345.0
27,40,17,2.0,2201.5
27,40,18,1.0,1571.0
27,40,21,3.0,1503.3
27,40,22,3.0,1059.7
27,40,23,2.0,1392.5
27,41,0,1.0,1575.0
27,41,1,1.0,900.0
27,41,2,1.0,2048.0
27,41,3,1.0,1490.0
27,41,6,3.0,1337.0
27,42,0,2.0,1208.5
27,42,5,2.0,1671.5
27,42,10,4.0,1708.8
27,42,14,2.0,1982.0
27,42,15,2.0,2583.5
27,42,17,2.0,2297.0
27,42,20,1.0,2158.0
27,42,21,1.0,1389.0
27,42,22,6.0,1371.5
27,42,23,1.0,1404.0
27,44,2,2.0,1196.5
27,45,1,1.0,1895.0
27,46,5,1.0,1590.0
27,46,6,1.0,2648.0
27,46,23,1.0,2088.0
27,47,3,5.0,1746.4
27,48,3,2.0,1841.5
27,48,9,1.0,2193.0
27,48,17,2.0,3349.5
27,48,18,1.0,2350.0
27,48,21,1.0,1679.0
27,49,1,1.0,1120.0
27,50,0,2.0,1723.5
27,50,15,1.0,4826.0
27,50,19,1.0,2575.0
27,50,23,2.0,1797.0
27,51,1,1.0,1618.0
27,51,4,1.0,2559.0
27,51,5,1.0,1834.0
27,51,15,3.0,3945.3
27,51,23,1.0,2380.0
27,53,0,1.0,2361.0
27,53,12,1.0,1911.0
27,53,18,1.0,2355.0
27,53,20,1.0,2142.0
27,53,21,2.0,2016.5
27,53,22,1.0,2185.0
27,54,15,1.0,3712.0
27,54,19,1.0,3040.0
27,56,3,1.0,1429.0
27,56,4,5.0,1274.6
27,56,5,2.0,1473.5
27,56,6,9.0,1697.3
27,56,7,5.0,1535.4
27,56,8,2.0,1556.0
27,56,9,2.0,1542.0
27,56,10,1.0,1902.0
27,56,11,7.0,1938.7
27,56,12,3.0,1835.3
27,56,13,5.0,1916.8
27,56,14,7.0,2098.6
27,56,16,6.0,2511.2
27,56,17,1.0,3229.0
27,56,18,3.0,2128.0
27,56,19,2.0,1472.5
27,56,20,1.0,1208.0
27,56,21,2.0,1960.5
27,56,22,1.0,1155.0
27,57,5,13.0,1372.4
27,57,6,2.0,1597.0
27,57,8,1.0,1205.0
27,57,9,1.0,1096.0
27,57,12,2.0,1711.0
27,57,13,1.0,1524.0
27,57,16,1.0,1316.0
27,57,18,4.0,1617.5
27,57,20,1.0,1166.0
27,57,21,1.0,1053.0
27,57,23,4.0,1241.0
27,58,0,1.0,548.0
27,58,2,2.0,637.5
27,58,4,3.0,725.3
27,58,5,1.0,1158.0
27,58,6,5.0,1117.6
27,58,7,2.0,1739.5
27,58,8,1.0,1028.0
27,58,9,1.0,993.0
27,58,10,1.0,942.0
27,58,11,1.0,1009.0
27,58,12,1.0,821.0
27,58,13,2.0,1310.5
27,58,14,1.0,1375.0
27,58,15,1.0,1344.0
27,58,16,1.0,1737.0
27,58,19,2.0,1371.0
27,58,20,2.0,1098.0
27,58,21,1.0,1162.0
27,58,23,3.0,934.0
27,60,1,4.0,769.8
27,60,13,1.0,1591.0
27,60,15,1.0,1294.0
27,60,21,2.0,1108.5
27,60,22,1.0,2224.0
27,61,1,1.0,1371.0
27,61,3,1.0,1585.0
27,61,4,1.0,772.0
27,61,5,3.0,1169.7
27,62,0,1.0,1150.0
27,62,9,2.0,1211.0
27,62,11,2.0,1689.0
27,62,14,1.0,2268.0
27,62,16,1.0,2777.0
27,62,19,1.0,1166.0
27,62,20,3.0,1352.0
27,63,6,1.0,1208.0
27,65,3,1.0,2673.0
27,66,1,1.0,1490.0
27,66,2,1.0,1427.0
27,66,5,1.0,1158.0
27,67,0,2.0,1146.5
27,67,3,1.0,1067.0
27,67,8,1.0,1894.0
27,67,10,1.0,2045.0
27,67,12,1.0,2056.0
27,67,13,1.0,1437.0
27,67,14,1.0,2072.0
27,67,16,1.0,1421.0
27,67,17,1.0,2422.0
27,67,18,1.0,1622.0
27,67,19,2.0,2314.5
27,67,20,1.0,2246.0
27,67,21,3.0,1683.7
27,67,22,5.0,1680.8
27,67,23,1.0,1444.0
27,68,0,1.0,1895.0
27,69,0,1.0,833.0
27,69,5,1.0,1304.0
27,69,6,1.0,1834.0
27,69,10,1.0,1706.0
27,69,11,1.0,1612.0
27,69,12,1.0,1697.0
27,69,13,2.0,1692.0
27,69,19,2.0,1669.0
27,69,20,1.0,1520.0
27,69,22,1.0,1509.0
27,69,23,2.0,2168.0
27,70,8,1.0,1899.0
27,70,9,1.0,1783.0
27,70,10,1.0,2012.0
27,70,13,3.0,2617.0
27,70,14,1.0,3063.0
27,70,15,1.0,4239.0
27,70,16,10.0,3060.6
27,70,17,1.0,2800.0
27,70,18,1.0,2295.0
27,70,19,1.0,1922.0
27,70,20,1.0,1953.0
27,70,23,1.0,1913.0
27,71,0,2.0,1453.0
27,71,1,1.0,1031.0
27,71,3,2.0,1223.5
27,71,5,1.0,1406.0
27,71,9,1.0,1595.0
27,71,10,4.0,1979.0
27,71,14,1.0,2617.0
27,71,15,2.0,2904.0
27,71,17,1.0,1765.0
27,71,18,3.0,2145.3
27,71,19,1.0,2061.0
27,71,20,3.0,1833.0
27,71,23,3.0,1153.0
27,73,0,1.0,1412.0
27,73,1,1.0,2339.0
27,73,6,1.0,1721.0
27,73,9,2.0,2328.5
27,73,11,1.0,2195.0
27,73,15,1.0,2659.0
27,73,17,2.0,3505.5
27,73,18,4.0,2739.8
27,73,19,1.0,2708.0
27,73,20,1.0,1552.0
27,73,23,2.0,1870.5
27,75,13,1.0,2936.0
27,75,18,2.0,3029.5
27,75,19,1.0,2069.0
27,76,2,3.0,2047.7
27,76,3,4.0,1810.8
27,76,4,10.0,1594.8
27,76,5,16.0,2023.2
27,76,6,10.0,3048.4
27,77,1,2.0,1585.0
27,77,3,1.0,1518.0
28,1,0,45.0,1645.5
28,1,1,16.0,1727.4
28,1,2,15.0,1592.9
28,1,3,6.0,1767.3
28,1,4,3.0,1458.0
28,1,5,10.0,1504.4
28,1,6,10.0,1632.8
28,1,7,1.0,1143.0
28,1,9,6.0,1648.0
28,1,10,11.0,1842.2
28,1,11,23.0,1805.6
28,1,12,30.0,1813.6
28,1,13,8.0,1809.5
28,1,14,26.0,1894.8
28,1,20,81.0,1749.3
28,1,21,59.0,1935.8
28,1,22,49.0,1725.4
28,1,23,75.0,1618.3
28,2,0,14.0,1658.0
28,2,1,10.0,1521.0
28,2,2,3.0,1274.7
28,2,3,7.0,1451.0
28,2,4,2.0,1428.0
28,2,5,4.0,1957.0
28,2,6,5.0,1821.2
28,2,7,1.0,2280.0
28,2,9,4.0,2248.8
28,2,10,9.0,2151.3
28,2,11,20.0,2001.0
28,2,12,15.0,2102.5
28,2,13,17.0,2335.8
28,2,14,11.0,2207.3
28,2,15,19.0,2425.3
28,2,16,10.0,2367.8
28,2,17,5.0,2510.2
28,2,18,8.0,2531.5
28,2,19,17.0,2060.7
28,2,20,35.0,1875.6
28,2,21,36.0,1873.7
28,2,22,26.0,1714.8
28,2,23,25.0,1967.5
28,3,0,96.0,1263.1
28,3,1,42.0,1231.5
28,3,2,29.0,1128.4
28,3,3,8.0,1110.5
28,3,4,7.0,1386.4
28,3,5,6.0,1171.8
28,3,6,14.0,1346.4
28,3,7,17.0,1412.6
28,3,8,36.0,1554.9
28,3,9,31.0,2229.8
28,3,10,40.0,1445.0
28,3,11,59.0,1504.6
28,3,12,61.0,1566.2
28,3,13,72.0,1552.5
28,3,14,71.0,1494.2
28,3,15,92.0,1535.4
28,3,16,62.0,1703.8
28,3,17,127.0,2194.9
28,3,18,129.0,1843.4
28,3,19,206.0,1464.4
28,3,20,230.0,1387.5
28,3,21,239.0,1354.5
28,3,22,190.0,1367.7
28,3,23,159.0,1270.1
28,4,0,47.0,1114.5
28,4,1,15.0,1092.9
28,4,2,8.0,1095.6
28,4,4,2.0,1099.5
28,4,5,3.0,1062.3
28,5,0,53.0,874.8
28,5,1,24.0,823.7
28,5,2,9.0,852.2
28,5,5,4.0,1090.0
28,5,6,5.0,943.0
28,5,7,1.0,1009.0
28,5,8,2.0,978.5
28,5,9,23.0,974.9
28,5,10,25.0,1230.8
28,5,11,39.0,1240.6
28,5,12,31.0,1192.6
28,5,13,35.0,1126.7
28,5,14,30.0,1074.2
28,5,15,12.0,1199.4
28,5,16,20.0,1424.3
28,5,17,15.0,1435.1
28,5,18,18.0,1385.6
28,5,19,84.0,976.9
28,5,20,116.0,1007.2
28,5,21,107.0,1051.2
28,5,22,112.0,965.0
28,5,23,92.0,1019.8
28,6,0,112.0,977.8
28,6,1,100.0,968.4
28,6,2,57.0,994.0
28,6,3,28.0,955.2
28,6,4,10.0,967.6
28,6,5,24.0,1094.2
28,7,0,211.0,747.6
28,7,1,94.0,699.2
28,7,2,32.0,822.5
28,7,3,22.0,640.8
28,7,4,14.0,628.0
28,7,5,28.0,747.0
28,7,6,52.0,865.7
28,7,7,117.0,988.7
28,7,8,218.0,1033.4
28,7,9,158.0,1083.7
28,7,10,160.0,1054.6
28,7,11,226.0,1053.0
28,7,12,292.0,1109.5
28,7,13,314.0,1056.3
28,7,14,369.0,1052.6
28,7,15,492.0,1212.2
28,7,16,755.0,1324.0
28,7,17,1166.0,1498.5
28,7,18,1222.0,1257.5
28,7,19,1350.0,1073.6
28,7,20,1079.0,953.3
28,7,21,1081.0,932.5
28,7,22,1002.0,924.8
28,7,23,695.0,890.8
28,8,0,692.0,559.0
28,8,1,313.0,541.6
28,8,2,137.0,503.3
28,8,3,62.0,523.2
28,8,4,56.0,590.8
28,8,5,224.0,610.1
28,8,6,724.0,669.5
28,8,7,1773.0,739.7
28,8,8,2849.0,941.9
28,8,9,2622.0,908.2
28,8,10,1922.0,853.5
28,8,11,2122.0,868.3
28,8,12,2204.0,874.8
28,8,13,2090.0,816.6
28,8,14,2121.0,819.7
28,8,15,2480.0,859.7
28,8,16,3305.0,960.3
28,8,17,4685.0,1039.5
28,8,18,4695.0,871.2
28,8,19,4166.0,761.1
28,8,20,3722.0,715.0
28,8,21,3796.0,703.7
28,8,22,3729.0,715.2
28,8,23,2694.0,686.4
28,9,0,6.0,1247.0
28,9,1,2.0,1126.0
28,9,11,1.0,1424.0
28,9,12,1.0,2538.0
28,9,15,1.0,2089.0
28,9,18,2.0,1816.0
28,9,19,2.0,1445.5
28,9,20,6.0,1287.0
28,9,21,7.0,1614.6
28,9,22,2.0,1584.5
28,9,23,5.0,1430.6
28,10,0,6.0,990.2
28,10,1,5.0,1303.0
28,10,2,1.0,1167.0
28,10,4,1.0,1749.0
28,10,5,4.0,1987.5
28,10,6,2.0,2254.5
28,10,8,3.0,1948.0
28,10,9,4.0,1424.5
28,10,10,4.0,1226.5
28,10,11,3.0,1733.0
28,10,12,4.0,2119.0
28,10,13,5.0,2306.2
28,10,14,5.0,2826.8
28,10,15,2.0,2412.5
28,10,16,3.0,2803.7
28,10,17,7.0,2972.6
28,10,18,7.0,2255.9
28,10,19,14.0,1633.9
28,10,20,18.0,1254.6
28,10,21,26.0,1360.5
28,10,22,27.0,1426.8
28,10,23,13.0,1373.1
28,11,1,1.0,866.0
28,11,2,1.0,636.0
28,11,3,2.0,902.0
28,11,4,1.0,1085.0
28,12,3,1.0,1261.0
28,13,0,6.0,1212.0
28,13,1,7.0,1343.1
28,13,2,1.0,1080.0
28,13,4,1.0,1197.0
28,14,0,19.0,1100.8
28,14,1,12.0,1007.9
28,14,2,7.0,931.3
28,14,3,3.0,804.0
28,14,4,4.0,890.2
28,14,5,2.0,1176.0
28,14,6,3.0,1572.0
28,14,23,29.0,1129.1
28,15,0,19.0,1050.1
28,15,1,11.0,1139.7
28,15,2,3.0,1060.7
28,15,3,3.0,1027.7
28,15,4,2.0,1349.5
28,15,5,1.0,801.0
28,15,6,6.0,1111.3
28,15,7,5.0,1902.0
28,15,8,10.0,1526.4
28,15,9,6.0,1223.3
28,15,10,13.0,1569.4
28,15,11,12.0,1566.1
28,15,12,17.0,1668.3
28,15,13,17.0,1892.4
28,15,14,28.0,2022.1
28,15,15,20.0,2486.1
28,15,16,30.0,2643.0
28,15,17,27.0,2488.1
28,15,18,29.0,1800.9
28,15,19,46.0,1445.0
28,15,20,45.0,1236.1
28,15,21,53.0,1368.1
28,15,22,39.0,1289.3
28,15,23,51.0,1326.6
28,16,0,33.0,854.6
28,16,1,14.0,893.9
28,16,2,10.0,893.5
28,16,3,4.0,939.0
28,16,4,9.0,1221.9
28,16,5,9.0,864.7
28,16,6,8.0,1055.2
28,16,7,1.0,1028.0
28,16,11,4.0,1214.8
28,16,12,6.0,1355.0
28,16,20,19.0,927.5
28,16,21,8.0,1058.0
28,16,22,7.0,802.4
28,16,23,50.0,955.2
28,17,0,5.0,1407.2
28,17,2,4.0,1598.5
28,17,3,2.0,1900.5
28,17,4,1.0,1248.0
28,17,5,3.0,1417.3
28,17,6,1.0,1868.0
28,17,7,5.0,2236.4
28,17,8,2.0,2302.5
28,17,9,5.0,2129.4
28,17,10,8.0,1825.5
28,17,11,1.0,1983.0
28,17,12,7.0,2314.3
28,17,13,10.0,2054.5
28,17,14,9.0,2619.6
28,17,15,15.0,2972.5
28,17,16,13.0,3367.1
28,17,17,12.0,2802.4
28,17,18,13.0,2550.5
28,17,19,8.0,2240.5
28,17,20,11.0,1974.5
28,17,21,10.0,1653.4
28,17,22,18.0,1891.0
28,17,23,11.0,1588.0
28,18,0,4.0,1470.8
28,18,1,1.0,1162.0
28,18,7,3.0,2033.7
28,18,9,2.0,1638.5
28,18,10,2.0,1629.0
28,18,11,5.0,1850.6
28,18,12,2.0,2641.0
28,18,13,4.0,2263.0
28,18,14,2.0,2805.5
28,18,15,4.0,2491.8
28,18,16,8.0,3313.4
28,18,17,6.0,3281.5
28,18,18,2.0,2334.5
28,18,19,3.0,2428.7
28,18,20,4.0,1944.2
28,18,21,5.0,1706.8
28,18,22,4.0,1877.2
28,18,23,1.0,1610.0
28,19,0,21.0,1370.0
28,19,1,5.0,1437.0
28,19,2,9.0,1580.4
28,19,3,4.0,939.2
28,19,5,5.0,1353.2
28,19,6,1.0,1401.0
28,19,7,10.0,1789.3
28,19,8,4.0,1714.0
28,19,9,13.0,1506.1
28,19,10,23.0,1673.2
28,19,11,16.0,1891.9
28,19,12,22.0,1707.2
28,19,13,25.0,1890.2
28,19,14,49.0,2120.6
28,19,15,30.0,2498.2
28,19,16,34.0,2403.3
28,19,17,28.0,2476.6
28,19,18,21.0,2244.7
28,19,19,30.0,1746.0
28,19,20,40.0,1603.5
28,19,21,25.0,1705.2
28,19,22,35.0,1639.7
28,19,23,36.0,1763.9
28,20,0,7.0,1090.4
28,20,1,4.0,1267.8
28,20,2,3.0,1226.3
28,20,3,2.0,849.0
28,20,5,2.0,847.0
28,20,7,4.0,2078.5
28,20,8,2.0,1102.5
28,20,9,6.0,1215.5
28,20,10,6.0,1234.2
28,20,11,6.0,1415.0
28,20,12,8.0,1450.1
28,20,13,14.0,1586.1
28,20,14,15.0,1530.1
28,20,15,30.0,2028.4
28,20,16,14.0,2087.0
28,20,17,16.0,2224.5
28,20,18,21.0,1800.0
28,20,19,19.0,1547.0
28,20,20,20.0,1375.7
28,20,21,18.0,1390.7
28,20,22,26.0,1177.5
28,20,23,14.0,1212.4
28,21,0,4.0,737.5
28,21,1,33.0,802.8
28,21,2,16.0,665.2
28,21,3,3.0,750.7
28,21,4,5.0,834.4
28,21,5,10.0,889.7
28,22,0,202.0,720.3
28,22,1,125.0,752.8
28,22,2,73.0,749.1
28,22,3,23.0,674.0
28,22,4,8.0,724.2
28,22,5,27.0,632.0
28,22,6,48.0,835.1
28,22,7,53.0,735.3
28,22,8,24.0,790.3
28,22,9,93.0,864.1
28,22,10,90.0,845.1
28,22,11,125.0,1031.1
28,22,12,116.0,1090.7
28,22,13,133.0,951.3
28,22,14,167.0,929.5
28,22,15,188.0,1092.3
28,22,16,75.0,1235.6
28,22,17,204.0,1263.4
28,22,18,170.0,1018.3
28,22,19,370.0,913.8
28,22,20,466.0,848.4
28,22,21,480.0,868.4
28,22,22,446.0,860.1
28,22,23,347.0,796.9
28,23,0,57.0,798.0
28,23,1,23.0,834.0
28,23,2,34.0,841.9
28,23,3,11.0,815.9
28,23,4,4.0,782.5
28,23,5,7.0,848.9
28,23,6,16.0,815.9
28,23,7,1.0,759.0
28,23,11,14.0,1142.7
28,23,12,6.0,927.8
28,23,20,15.0,1057.4
28,23,21,14.0,819.0
28,23,22,40.0,862.7
28,23,23,48.0,973.8
28,24,0,453.0,515.8
28,24,1,186.0,525.2
28,24,2,106.0,516.2
28,24,3,46.0,511.6
28,24,4,25.0,586.6
28,24,5,44.0,501.9
28,24,6,129.0,508.2
28,24,7,295.0,572.2
28,24,8,451.0,620.3
28,24,9,384.0,603.5
28,24,10,375.0,609.7
28,24,11,449.0,641.8
28,24,12,570.0,668.1
28,24,13,562.0,648.8
28,24,14,597.0,675.4
28,24,15,830.0,749.6
28,24,16,1285.0,848.6
28,24,17,1607.0,906.0
28,24,18,1701.0,758.6
28,24,19,1607.0,614.6
28,24,20,1520.0,595.5
28,24,21,1508.0,577.6
28,24,22,1465.0,567.9
28,24,23,1259.0,543.6
28,25,1,6.0,757.5
28,25,2,11.0,937.1
28,25,3,12.0,930.3
28,25,4,7.0,1008.1
28,26,0,10.0,847.6
28,26,1,4.0,512.8
28,26,2,3.0,512.0
28,26,3,3.0,431.7
28,26,4,3.0,553.3
28,26,5,5.0,865.6
28,26,6,4.0,539.2
28,26,23,6.0,754.5
28,27,0,42.0,485.2
28,27,1,24.0,563.5
28,27,2,15.0,496.2
28,27,3,11.0,539.7
28,27,4,16.0,543.2
28,27,5,7.0,630.4
28,27,23,12.0,562.1
28,28,0,535.0,347.2
28,28,1,288.0,351.8
28,28,2,149.0,352.0
28,28,3,98.0,362.4
28,28,4,107.0,353.1
28,28,5,309.0,359.2
28,28,6,992.0,392.1
28,28,7,2277.0,449.0
28,28,8,3520.0,513.6
28,28,9,2859.0,485.7
28,28,10,2009.0,437.7
28,28,11,1958.0,459.9
28,28,12,2288.0,458.5
28,28,13,2153.0,448.2
28,28,14,1995.0,470.8
28,28,15,2203.0,484.1
28,28,16,2882.0,523.8
28,28,17,3728.0,540.5
28,28,18,4012.0,483.2
28,28,19,3739.0,446.1
28,28,20,2718.0,410.7
28,28,21,2007.0,403.0
28,28,22,1773.0,411.6
28,28,23,1600.0,426.4
28,29,0,28.0,689.0
28,29,1,23.0,646.7
28,29,2,16.0,635.4
28,29,3,12.0,709.5
28,29,4,20.0,454.1
28,29,5,60.0,564.1
28,29,6,79.0,620.7
28,29,7,71.0,666.2
28,29,8,125.0,756.1
28,29,9,67.0,719.3
28,29,10,70.0,701.4
28,29,11,81.0,736.5
28,29,12,93.0,720.8
28,29,13,68.0,717.7
28,29,14,108.0,888.5
28,29,15,111.0,912.1
28,29,16,124.0,1103.5
28,29,17,102.0,1038.8
28,29,18,91.0,895.7
28,29,19,85.0,732.6
28,29,20,79.0,769.3
28,29,21,80.0,749.7
28,29,22,85.0,779.5
28,29,23,75.0,769.0
28,30,0,42.0,838.5
28,30,1,37.0,785.9
28,30,2,10.0,794.7
28,30,3,16.0,626.2
28,30,4,5.0,803.4
28,30,5,6.0,602.7
28,30,6,10.0,764.2
28,30,7,42.0,937.6
28,30,8,47.0,986.7
28,30,9,68.0,925.7
28,30,10,49.0,844.7
28,30,11,79.0,897.2
28,30,12,58.0,916.2
28,30,13,55.0,1073.3
28,30,14,70.0,1253.8
28,30,15,69.0,1251.2
28,30,16,58.0,1201.9
28,30,17,99.0,1266.0
28,30,18,59.0,1145.4
28,30,19,66.0,1039.2
28,30,20,57.0,841.6
28,30,21,49.0,790.0
28,30,22,64.0,922.1
28,30,23,66.0,921.8
28,31,1,110.0,484.2
28,31,2,67.0,447.9
28,31,3,44.0,477.9
28,31,4,16.0,477.2
28,32,0,379.0,492.1
28,32,1,145.0,472.1
28,32,2,85.0,431.0
28,32,3,44.0,452.4
28,32,4,63.0,427.9
28,32,5,191.0,460.4
28,32,6,648.0,501.9
28,32,7,960.0,582.6
28,32,8,410.0,691.8
28,32,9,2797.0,806.6
28,32,10,1926.0,659.6
28,32,11,2321.0,722.9
28,32,12,1788.0,736.9
28,32,13,2134.0,677.9
28,32,14,1533.0,640.6
28,32,15,861.0,687.0
28,32,16,348.0,720.3
28,32,17,431.0,726.8
28,32,18,527.0,638.0
28,32,19,865.0,608.3
28,32,20,1478.0,594.4
28,32,21,1649.0,608.3
28,32,22,1306.0,603.0
28,32,23,730.0,584.3
28,33,0,103.0,626.3
28,33,1,36.0,550.3
28,33,2,17.0,573.1
28,33,3,12.0,490.9
28,33,4,5.0,560.2
28,33,5,16.0,631.3
28,33,6,62.0,682.2
28,33,7,179.0,718.9
28,33,8,287.0,782.6
28,33,9,288.0,755.2
28,33,10,272.0,800.1
28,33,11,292.0,812.0
28,33,12,318.0,798.7
28,33,13,311.0,856.1
28,33,14,310.0,855.4
28,33,15,374.0,892.6
28,33,16,448.0,912.6
28,33,17,519.0,961.7
28,33,18,551.0,836.0
28,33,19,532.0,746.6
28,33,20,489.0,736.9
28,33,21,511.0,735.8
28,33,22,444.0,766.8
28,33,23,290.0,745.4
28,34,0,22.0,608.5
28,34,1,13.0,604.3
28,34,2,7.0,409.6
28,34,3,2.0,525.5
28,34,4,2.0,349.0
28,34,5,5.0,495.0
28,34,6,2.0,857.5
28,34,7,9.0,753.1
28,34,8,11.0,678.8
28,34,9,32.0,613.5
28,34,10,30.0,589.1
28,34,11,86.0,648.3
28,34,12,76.0,703.2
28,34,13,51.0,683.2
28,34,14,51.0,717.9
28,34,15,54.0,674.6
28,34,16,20.0,761.1
28,34,17,74.0,729.6
28,34,18,96.0,732.0
28,34,19,73.0,683.9
28,34,20,77.0,622.1
28,34,21,57.0,625.3
28,34,22,42.0,710.0
28,34,23,18.0,663.6
28,35,0,41.0,724.0
28,35,1,18.0,647.0
28,35,2,9.0,763.2
28,35,3,7.0,700.9
28,35,4,5.0,710.4
28,35,5,15.0,677.8
28,35,6,7.0,746.6
28,35,7,34.0,686.2
28,35,8,89.0,707.7
28,35,9,77.0,713.2
28,35,10,83.0,727.1
28,35,11,65.0,792.8
28,35,12,91.0,800.0
28,35,13,86.0,878.8
28,35,14,92.0,865.5
28,35,15,109.0,1017.4
28,35,16,177.0,1125.2
28,35,17,172.0,1056.1
28,35,18,157.0,956.1
28,35,19,107.0,882.8
28,35,20,138.0,843.0
28,35,21,121.0,823.7
28,35,22,83.0,836.0
28,35,23,75.0,800.0
28,36,0,5.0,860.6
28,36,1,2.0,604.0
28,36,2,2.0,691.5
28,36,4,2.0,722.0
28,36,5,1.0,900.0
28,36,6,3.0,1020.0
28,36,7,15.0,916.1
28,36,8,14.0,900.5
28,36,9,5.0,1127.2
28,36,10,3.0,930.3
28,36,11,7.0,1333.9
28,36,12,8.0,869.6
28,36,13,11.0,1154.4
28,36,14,10.0,1254.9
28,36,15,9.0,1291.6
28,36,16,16.0,1359.8
28,36,17,23.0,1316.6
28,36,18,21.0,1331.9
28,36,19,15.0,1090.0
28,36,20,20.0,992.6
28,36,21,29.0,932.0
28,36,22,16.0,834.9
28,36,23,10.0,968.2
28,37,0,3.0,687.3
28,37,4,1.0,802.0
28,37,6,1.0,760.0
28,37,8,5.0,1360.2
28,37,9,1.0,896.0
28,37,10,2.0,892.0
28,37,12,5.0,1435.0
28,37,13,2.0,840.0
28,37,14,1.0,997.0
28,37,15,4.0,1544.5
28,37,16,5.0,1677.2
28,37,17,4.0,1298.0
28,37,18,8.0,918.4
28,37,19,6.0,781.5
28,37,20,6.0,1283.7
28,37,21,4.0,1037.5
28,37,22,2.0,849.0
28,37,23,5.0,1042.2
28,38,0,29.0,854.6
28,38,1,13.0,772.3
28,38,2,10.0,820.7
28,38,3,2.0,817.0
28,38,5,5.0,1041.2
28,38,6,5.0,753.0
28,38,7,19.0,907.2
28,38,8,18.0,1023.1
28,38,9,24.0,1078.1
28,38,10,37.0,971.2
28,38,11,36.0,1106.3
28,38,12,34.0,1070.3
28,38,13,28.0,1076.1
28,38,14,44.0,1245.4
28,38,15,46.0,1291.6
28,38,16,69.0,1331.4
28,38,17,98.0,1362.5
28,38,18,65.0,1095.1
28,38,19,73.0,1021.0
28,38,20,66.0,1203.0
28,38,21,62.0,921.8
28,38,22,60.0,1022.8
28,38,23,61.0,915.1
28,39,1,6.0,873.8
28,39,2,5.0,945.4
28,39,3,2.0,818.0
28,39,4,3.0,883.7
28,40,0,11.0,783.5
28,40,1,6.0,683.7
28,40,2,1.0,1313.0
28,40,3,3.0,894.3
28,40,4,3.0,808.3
28,40,5,5.0,759.4
28,40,6,13.0,869.5
28,40,7,13.0,983.2
28,40,8,13.0,1125.5
28,40,9,10.0,1063.8
28,40,10,12.0,1139.7
28,40,11,12.0,1040.4
28,40,12,13.0,1164.7
28,40,13,13.0,1295.4
28,40,14,10.0,1382.7
28,40,15,15.0,1623.9
28,40,16,24.0,1396.5
28,40,17,13.0,1481.4
28,40,18,20.0,1373.8
28,40,19,20.0,1265.2
28,40,20,18.0,1038.7
28,40,21,28.0,994.9
28,40,22,16.0,999.4
28,40,23,20.0,947.6
28,41,0,40.0,1031.8
28,41,1,12.0,1063.7
28,41,2,5.0,1050.0
28,41,3,11.0,997.0
28,41,4,5.0,999.0
28,41,5,6.0,937.3
28,41,6,42.0,1131.4
28,41,7,109.0,1192.2
28,41,8,168.0,1240.5
28,41,9,130.0,1177.6
28,41,10,130.0,1175.7
28,41,11,129.0,1157.3
28,41,12,107.0,1204.5
28,41,13,107.0,1192.8
28,41,14,95.0,1326.3
28,41,15,115.0,1437.3
28,41,16,148.0,1512.3
28,41,17,166.0,1486.9
28,41,18,132.0,1373.9
28,41,19,143.0,1152.1
28,41,20,160.0,1189.2
28,41,21,178.0,1178.4
28,41,22,130.0,1177.5
28,41,23,119.0,1174.6
28,42,0,9.0,1162.4
28,42,1,5.0,982.6
28,42,2,4.0,986.8
28,42,3,2.0,1235.0
28,42,4,4.0,954.8
28,42,6,2.0,1057.0
28,42,23,18.0,1283.8
28,43,0,19.0,1271.9
28,43,1,23.0,1421.3
28,43,2,7.0,1313.7
28,43,3,6.0,1323.0
28,43,4,6.0,1261.3
28,43,5,4.0,1586.5
28,44,0,21.0,1169.2
28,44,1,5.0,1325.6
28,44,2,2.0,940.5
28,44,5,4.0,1346.8
28,44,7,3.0,1456.7
28,44,8,4.0,1338.2
28,44,9,9.0,1358.6
28,44,10,12.0,1324.1
28,44,11,8.0,1314.5
28,44,12,16.0,1543.6
28,44,13,20.0,1693.4
28,44,14,14.0,2165.5
28,44,15,18.0,2268.7
28,44,16,25.0,2603.3
28,44,17,25.0,2616.2
28,44,18,17.0,1860.9
28,44,19,36.0,1669.3
28,44,20,19.0,1357.2
28,44,21,9.0,1233.3
28,44,22,22.0,1233.4
28,44,23,18.0,1427.0
28,45,0,3.0,1313.7
28,45,2,2.0,1732.5
28,45,3,2.0,1500.0
28,45,5,1.0,1184.0
28,45,6,7.0,1510.3
28,45,7,2.0,1543.5
28,45,8,1.0,1240.0
28,45,9,1.0,1645.0
28,45,10,1.0,1487.0
28,45,11,4.0,1536.2
28,45,12,8.0,1825.2
28,45,13,5.0,1730.8
28,45,14,8.0,2549.0
28,45,15,6.0,2186.5
28,45,16,3.0,2590.3
28,45,17,7.0,2130.6
28,45,18,8.0,1811.4
28,45,19,6.0,1548.5
28,45,20,1.0,1181.0
28,45,21,7.0,1513.7
28,45,22,5.0,1393.4
28,45,23,7.0,1303.0
28,46,0,6.0,1667.2
28,46,1,3.0,1563.7
28,46,2,2.0,1304.5
28,46,3,2.0,1407.0
28,46,4,1.0,1256.0
28,46,5,2.0,1278.0
28,46,6,1.0,1274.0
28,46,7,1.0,1670.0
28,46,9,3.0,1784.3
28,46,10,8.0,1971.4
28,46,11,10.0,1801.5
28,46,12,6.0,1918.3
28,46,13,7.0,2056.7
28,46,14,9.0,1966.8
28,46,15,14.0,2295.1
28,46,16,15.0,2501.1
28,46,17,18.0,2279.7
28,46,18,6.0,2136.3
28,46,19,10.0,2169.1
28,46,20,8.0,1738.9
28,46,21,14.0,1859.9
28,46,22,14.0,1850.5
28,46,23,9.0,1879.1
28,48,0,7.0,1601.1
28,48,1,1.0,1850.0
28,48,5,3.0,1283.7
28,48,6,1.0,1714.0
28,48,8,1.0,1240.0
28,48,9,4.0,1729.5
28,48,10,2.0,1212.5
28,48,11,2.0,1813.0
28,48,12,3.0,1998.0
28,48,13,3.0,2185.7
28,48,14,2.0,2591.0
28,48,15,5.0,2399.6
28,48,16,8.0,2383.8
28,48,17,6.0,2400.2
28,48,18,4.0,2214.0
28,48,19,10.0,1960.2
28,48,20,6.0,1553.3
28,48,21,10.0,1492.9
28,48,22,6.0,1566.2
28,48,23,5.0,1641.8
28,49,0,15.0,1336.7
28,49,1,13.0,1395.4
28,49,2,10.0,1012.1
28,49,3,2.0,1372.0
28,49,5,2.0,1140.5
28,49,6,3.0,1131.7
28,49,7,12.0,1352.9
28,49,8,4.0,1396.2
28,49,9,6.0,1266.0
28,49,10,10.0,1560.3
28,49,11,11.0,1605.7
28,49,12,8.0,1487.6
28,49,13,15.0,1935.5
28,49,14,17.0,2114.6
28,49,15,11.0,5645.9
28,49,16,26.0,2723.5
28,49,17,27.0,2770.1
28,49,18,13.0,2247.9
28,49,19,19.0,1603.5
28,49,20,14.0,1509.4
28,49,21,12.0,1533.1
28,49,22,18.0,1333.1
28,49,23,19.0,1443.7
28,50,0,8.0,1342.8
28,50,5,1.0,1699.0
28,50,6,1.0,1433.0
28,50,7,5.0,1210.4
28,50,8,4.0,998.8
28,50,9,4.0,1707.8
28,50,10,4.0,1659.2
28,50,12,2.0,1184.5
28,50,13,4.0,1994.8
28,50,14,1.0,2269.0
28,50,15,5.0,3667.6
28,50,16,1.0,2466.0
28,50,17,2.0,4101.5
28,50,18,4.0,1959.0
28,50,20,5.0,1444.2
28,50,21,10.0,1427.6
28,50,22,4.0,1368.2
28,50,23,7.0,1890.9
28,51,0,3.0,1400.0
28,51,2,1.0,2114.0
28,51,3,1.0,1706.0
28,51,5,2.0,1338.0
28,52,0,2.0,1966.0
28,52,1,2.0,1947.0
28,52,2,1.0,1310.0
28,52,9,1.0,1552.0
28,52,11,3.0,1821.3
28,52,12,8.0,2434.5
28,52,13,1.0,1938.0
28,52,14,3.0,2796.0
28,52,16,1.0,1498.0
28,52,17,1.0,1774.0
28,52,19,3.0,1980.3
28,52,20,1.0,2557.0
28,52,21,2.0,2566.5
28,52,22,2.0,2025.5
28,52,23,2.0,2091.5
28,53,1,2.0,1678.5
28,53,5,1.0,1456.0
28,54,1,1.0,1274.0
28,54,2,2.0,1471.0
28,54,10,2.0,1743.0
28,54,11,1.0,1811.0
28,54,12,1.0,1736.0
28,54,13,2.0,1598.5
28,54,14,1.0,2258.0
28,54,15,2.0,2912.5
28,54,17,3.0,3746.3
28,54,18,1.0,2604.0
28,54,19,1.0,1379.0
28,54,20,1.0,2384.0
28,54,22,2.0,1361.5
28,54,23,1.0,1985.0
28,55,0,1.0,2087.0
28,55,1,1.0,2092.0
28,55,4,1.0,1936.0
28,55,5,3.0,2219.0
28,55,7,1.0,2420.0
28,55,8,1.0,1582.0
28,55,17,1.0,2516.0
28,55,21,3.0,1806.3
28,55,22,1.0,1958.0
28,55,23,2.0,2478.0
28,56,0,7.0,1205.7
28,56,1,3.0,923.3
28,56,2,5.0,1528.0
28,56,3,28.0,1237.7
28,56,4,178.0,1238.6
28,56,5,171.0,1224.3
28,56,6,199.0,1481.4
28,56,7,168.0,1536.7
28,56,8,94.0,1495.5
28,56,9,94.0,1440.6
28,56,10,165.0,1628.3
28,56,11,199.0,1629.9
28,56,12,213.0,1665.1
28,56,13,233.0,1877.8
28,56,14,253.0,2493.9
28,56,15,281.0,2810.9
28,56,16,234.0,2758.5
28,56,17,174.0,2650.6
28,56,18,116.0,2229.8
28,56,19,100.0,1770.5
28,56,20,70.0,1454.2
28,56,21,28.0,1459.4
28,56,22,14.0,1255.1
28,56,23,22.0,1402.1
28,57,1,12.0,1094.9
28,57,2,7.0,985.7
28,57,3,1.0,927.0
28,58,0,33.0,942.7
28,58,1,11.0,802.7
28,58,2,7.0,795.1
28,58,4,2.0,745.0
28,58,5,4.0,1018.0
28,58,6,5.0,928.4
28,58,7,4.0,1122.2
28,58,8,15.0,1107.7
28,58,9,14.0,1078.4
28,58,10,26.0,1130.8
28,58,11,21.0,1340.6
28,58,12,28.0,1187.8
28,58,13,30.0,1274.0
28,58,14,38.0,1569.1
28,58,15,45.0,1754.4
28,58,16,50.0,1780.5
28,58,17,44.0,1785.4
28,58,18,39.0,1453.1
28,58,19,49.0,1199.3
28,58,20,54.0,1084.4
28,58,21,41.0,1069.6
28,58,22,55.0,1043.4
28,58,23,66.0,952.9
28,59,1,8.0,773.4
28,59,2,11.0,688.1
28,59,3,2.0,634.5
28,59,4,8.0,832.8
28,60,0,48.0,695.2
28,60,1,29.0,675.3
28,60,2,15.0,529.8
28,60,3,9.0,511.0
28,60,4,8.0,699.6
28,60,5,7.0,646.6
28,60,6,11.0,712.3
28,60,7,19.0,792.7
28,60,8,26.0,741.3
28,60,9,33.0,706.1
28,60,10,46.0,710.8
28,60,11,52.0,812.6
28,60,12,53.0,853.0
28,60,13,63.0,813.9
28,60,14,45.0,864.7
28,60,15,97.0,935.0
28,60,16,132.0,1111.4
28,60,17,161.0,1038.9
28,60,18,161.0,865.5
28,60,19,155.0,814.0
28,60,20,133.0,782.5
28,60,21,131.0,779.1
28,60,22,124.0,766.4
28,60,23,102.0,792.5
28,61,0,18.0,1069.8
28,61,1,7.0,992.3
28,61,2,6.0,811.8
28,61,3,1.0,992.0
28,61,4,6.0,874.0
28,61,5,12.0,941.5
28,61,6,25.0,915.5
28,61,7,1.0,676.0
28,61,20,5.0,1084.2
28,61,21,1.0,1053.0
28,61,22,4.0,999.0
28,61,23,19.0,1132.8
28,62,0,3.0,1190.7
28,62,1,2.0,1019.5
28,62,2,2.0,1216.0
28,62,3,2.0,2084.0
28,62,4,1.0,1108.0
28,62,5,2.0,1037.5
28,62,6,2.0,1599.0
28,62,7,2.0,1325.5
28,62,8,3.0,1446.7
28,62,9,3.0,1210.7
28,62,10,2.0,1650.5
28,62,11,4.0,1787.2
28,62,12,1.0,1853.0
28,62,13,6.0,1545.7
28,62,14,7.0,2503.1
28,62,15,7.0,2927.0
28,62,16,10.0,2655.0
28,62,17,13.0,2489.1
28,62,18,13.0,2038.3
28,62,19,12.0,1596.0
28,62,20,6.0,1381.7
28,62,21,7.0,1342.4
28,62,22,14.0,1396.4
28,62,23,8.0,1438.4
28,63,0,10.0,1232.3
28,63,1,6.0,1220.0
28,63,2,4.0,1363.8
28,63,4,1.0,1026.0
28,63,6,1.0,1886.0
28,64,0,3.0,1131.7
28,64,1,5.0,1613.2
28,64,2,2.0,1193.5
28,64,5,1.0,1670.0
28,64,8,1.0,1722.0
28,64,9,1.0,1478.0
28,64,10,1.0,2177.0
28,64,11,4.0,1853.5
28,64,12,1.0,2069.0
28,64,13,1.0,2346.0
28,64,14,3.0,2510.7
28,64,15,2.0,2704.0
28,64,16,5.0,2881.6
28,64,17,5.0,2856.0
28,64,18,4.0,2401.5
28,64,19,10.0,1720.8
28,64,20,6.0,1681.0
28,64,21,6.0,1423.7
28,64,22,6.0,1843.0
28,64,23,11.0,1432.4
28,65,1,1.0,1243.0
28,65,2,2.0,1288.5
28,65,3,2.0,1644.0
28,66,0,14.0,1318.7
28,66,1,1.0,892.0
28,66,2,6.0,1336.0
28,66,3,7.0,1268.7
28,66,4,2.0,1906.5
28,66,5,6.0,1374.0
28,66,6,1.0,1189.0
28,67,0,13.0,1301.8
28,67,1,1.0,752.0
28,67,2,6.0,1266.5
28,67,3,1.0,1954.0
28,67,4,5.0,1164.8
28,67,5,6.0,990.0
28,67,6,4.0,1241.0
28,67,7,6.0,1436.2
28,67,8,2.0,1750.5
28,67,9,6.0,1324.8
28,67,10,9.0,1488.4
28,67,11,13.0,1352.5
28,67,12,17.0,1516.7
28,67,13,13.0,1418.9
28,67,14,16.0,1794.2
28,67,15,21.0,1971.9
28,67,16,28.0,1892.1
28,67,17,30.0,2108.6
28,67,18,24.0,1681.2
28,67,19,14.0,1520.3
28,67,20,11.0,1459.1
28,67,21,14.0,1218.6
28,67,22,26.0,1362.9
28,67,23,20.0,1426.0
28,68,0,12.0,1189.2
28,68,1,5.0,1131.6
28,68,2,5.0,1016.2
28,68,3,1.0,899.0
28,68,5,2.0,1188.0
28,68,6,8.0,948.9
28,68,7,3.0,962.0
28,68,8,3.0,1148.7
28,68,9,5.0,1131.4
28,68,10,13.0,1285.8
28,68,11,8.0,1155.4
28,68,12,14.0,1317.1
28,68,13,11.0,1423.9
28,68,14,18.0,1919.5
28,68,15,9.0,1787.4
28,68,16,7.0,1511.4
28,68,17,4.0,1549.8
28,68,18,10.0,1513.4
28,68,19,7.0,1185.3
28,68,20,18.0,1447.9
28,68,21,14.0,1107.6
28,68,22,26.0,1267.7
28,68,23,10.0,1231.1
28,69,0,7.0,965.3
28,69,1,7.0,958.0
28,69,2,4.0,1009.8
28,69,3,3.0,884.3
28,69,4,1.0,856.0
28,69,5,2.0,838.5
28,69,6,6.0,863.8
28,69,9,3.0,1311.3
28,69,10,3.0,1118.0
28,69,11,11.0,1083.2
28,69,12,8.0,1314.5
28,69,13,8.0,1353.8
28,69,14,9.0,1401.2
28,69,15,2.0,1982.5
28,69,19,7.0,1399.1
28,69,20,12.0,1242.2
28,69,21,14.0,1086.0
28,69,22,16.0,1109.7
28,69,23,18.0,1195.1
28,70,0,6.0,1881.0
28,70,1,2.0,1432.5
28,70,2,1.0,1984.0
28,70,3,2.0,2022.0
28,70,4,1.0,1879.0
28,70,5,1.0,1749.0
28,70,7,6.0,2633.2
28,70,8,8.0,1799.2
28,70,9,3.0,2127.3
28,70,10,6.0,1848.5
28,70,11,9.0,2539.8
28,70,12,12.0,2256.8
28,70,13,10.0,2656.7
28,70,14,7.0,3614.1
28,70,15,9.0,3219.4
28,70,16,14.0,3439.8
28,70,17,13.0,3224.7
28,70,18,14.0,2391.4
28,70,19,13.0,2431.0
28,70,20,13.0,2140.6
28,70,21,4.0,2044.5
28,70,22,11.0,1898.5
28,70,23,5.0,2189.4
28,71,0,17.0,1322.6
28,71,1,13.0,1307.5
28,71,2,4.0,1163.2
28,71,4,3.0,1329.0
28,71,5,5.0,1159.2
28,71,6,5.0,1486.0
28,71,7,17.0,1438.4
28,71,8,8.0,1512.2
28,71,9,7.0,1342.9
28,71,10,10.0,1701.5
28,71,11,16.0,1560.6
28,71,12,17.0,1738.9
28,71,13,23.0,1615.4
28,71,14,14.0,2299.8
28,71,15,14.0,2392.3
28,71,16,35.0,2673.7
28,71,17,21.0,2388.2
28,71,18,23.0,1961.9
28,71,19,23.0,1681.3
28,71,20,13.0,1756.1
28,71,21,20.0,1609.6
28,71,22,26.0,1581.5
28,71,23,11.0,1530.2
28,72,1,1.0,1151.0
28,72,2,1.0,1077.0
28,73,0,2.0,1363.0
28,73,1,2.0,1634.5
28,73,2,2.0,1027.5
28,73,5,1.0,1902.0
28,74,7,1.0,1394.0
28,74,11,1.0,2042.0
28,74,13,2.0,2591.5
28,74,14,2.0,3204.0
28,74,21,1.0,1370.0
28,74,22,1.0,2199.0
28,74,23,3.0,2050.3
28,75,1,1.0,1493.0
28,75,8,1.0,1599.0
28,75,9,3.0,1416.0
28,75,10,4.0,1767.5
28,75,11,2.0,1583.0
28,75,12,5.0,1601.0
28,75,13,1.0,1559.0
28,75,14,7.0,2720.6
28,75,15,2.0,2697.0
28,75,16,2.0,2628.0
28,75,17,2.0,3401.0
28,75,19,2.0,1474.0
28,75,20,4.0,1843.8
28,75,21,2.0,2720.5
28,75,22,3.0,1537.0
28,75,23,4.0,1782.8
28,76,0,15.0,1381.1
28,76,1,2.0,1161.5
28,76,2,25.0,1530.3
28,76,3,106.0,1402.1
28,76,4,428.0,1348.9
28,76,5,681.0,1911.9
28,76,6,192.0,2688.6
28,76,23,9.0,1323.3
28,77,0,56.0,1507.7
28,77,1,21.0,1407.3
28,77,2,20.0,1326.4
28,77,3,7.0,1232.9
28,77,4,4.0,1543.8
28,77,5,7.0,1322.4
28,77,6,4.0,1687.5
28,77,7,6.0,1757.8
28,77,8,16.0,1669.8
28,77,9,24.0,1884.8
28,77,10,38.0,1706.0
28,77,11,32.0,1529.6
28,77,12,48.0,1692.6
28,77,13,50.0,1765.4
28,77,14,64.0,1701.5
28,77,15,86.0,1845.9
28,77,16,114.0,2059.6
28,77,17,104.0,2398.3
28,77,18,147.0,1932.6
28,77,19,128.0,1639.9
28,77,20,159.0,1581.7
28,77,21,149.0,1554.0
28,77,22,148.0,1580.8
28,77,23,154.0,1479.5
29,1,1,1.0,1890.0
29,1,3,1.0,1795.0
29,1,4,2.0,1986.0
29,1,5,1.0,1755.0
29,1,8,1.0,3480.0
29,1,9,4.0,2409.8
29,1,10,3.0,2271.7
29,1,11,1.0,2525.0
29,1,12,1.0,3551.0
29,1,14,1.0,3203.0
29,1,16,1.0,3219.0
29,1,17,1.0,3790.0
29,1,18,1.0,3641.0
29,1,19,1.0,2106.0
29,1,21,3.0,2502.7
29,1,22,3.0,2998.3
29,1,23,4.0,2606.5
29,2,4,1.0,1717.0
29,3,0,1.0,1660.0
29,3,2,1.0,2030.0
29,3,5,3.0,1900.0
29,3,6,8.0,2057.0
29,3,7,5.0,2472.0
29,3,8,4.0,2399.0
29,3,10,2.0,2140.5
29,3,11,2.0,2441.0
29,3,12,1.0,2265.0
29,3,13,3.0,2573.3
29,3,14,3.0,2580.0
29,3,15,6.0,2371.7
29,3,16,6.0,3204.5
29,3,17,6.0,2990.5
29,3,18,6.0,2087.8
29,3,19,9.0,1987.2
29,3,20,10.0,2025.6
29,3,21,6.0,2124.7
29,3,22,6.0,1799.8
29,3,23,3.0,2483.3
29,4,4,3.0,1402.7
29,4,5,1.0,1497.0
29,4,6,1.0,2466.0
29,4,7,2.0,3052.5
29,4,11,1.0,2139.0
29,4,15,2.0,2532.5
29,4,18,2.0,2816.5
29,4,19,4.0,2568.2
29,4,20,1.0,2002.0
29,4,21,2.0,1933.5
29,4,22,1.0,2088.0
29,4,23,2.0,1590.5
29,5,1,1.0,1093.0
29,5,5,1.0,1139.0
29,5,6,2.0,1377.0
29,5,7,6.0,2089.0
29,5,8,9.0,2267.4
29,5,9,11.0,1932.2
29,5,10,16.0,1896.9
29,5,11,4.0,1973.2
29,5,12,3.0,1819.3
29,5,13,3.0,1962.0
29,5,14,4.0,2134.2
29,5,16,1.0,3187.0
29,5,17,1.0,2096.0
29,5,18,2.0,2072.5
29,5,19,1.0,1328.0
29,5,20,1.0,1817.0
29,5,21,1.0,1513.0
29,5,22,1.0,1587.0
29,5,23,4.0,1433.8
29,6,1,2.0,1251.0
29,6,3,1.0,1247.0
29,6,4,1.0,1131.0
29,6,5,1.0,1190.0
29,7,1,1.0,1356.0
29,7,2,1.0,965.0
29,7,4,1.0,943.0
29,7,5,1.0,1275.0
29,7,6,13.0,1615.1
29,7,7,2.0,2178.5
29,7,8,4.0,1971.5
29,7,9,5.0,1767.6
29,7,10,6.0,1747.8
29,7,11,5.0,1879.6
29,7,12,10.0,1857.2
29,7,13,4.0,1699.2
29,7,14,6.0,1854.2
29,7,15,15.0,2068.7
29,7,16,14.0,2334.7
29,7,17,9.0,2606.2
29,7,18,12.0,2118.5
29,7,19,12.0,1776.8
29,7,20,11.0,1745.5
29,7,21,14.0,1546.1
29,7,22,7.0,1690.4
29,7,23,6.0,1570.2
29,8,0,10.0,1027.4
29,8,1,3.0,906.3
29,8,2,1.0,795.0
29,8,3,8.0,1005.9
29,8,4,5.0,1047.2
29,8,5,59.0,1255.9
29,8,6,48.0,1423.2
29,8,7,7.0,1668.7
29,8,10,8.0,1728.5
29,8,11,9.0,1856.7
29,8,12,8.0,1598.1
29,8,13,11.0,1711.0
29,8,14,1.0,1413.0
29,8,20,10.0,1419.0
29,8,21,12.0,1281.2
29,8,22,8.0,1127.5
29,8,23,7.0,1120.6
29,10,4,1.0,1286.0
29,10,9,1.0,3047.0
29,10,12,2.0,3076.0
29,10,18,2.0,3258.5
29,10,23,1.0,1880.0
29,11,15,2.0,4212.0
29,12,9,1.0,2542.0
29,12,13,1.0,1796.0
29,12,20,1.0,1807.0
29,13,3,1.0,1448.0
29,13,4,1.0,2060.0
29,13,5,3.0,1821.3
29,14,0,2.0,1481.0
29,14,1,1.0,1886.0
29,14,2,2.0,1267.5
29,14,3,1.0,2142.0
29,14,6,3.0,2657.0
29,14,7,3.0,2447.0
29,14,8,2.0,2092.5
29,14,9,2.0,1706.5
29,14,10,1.0,2010.0
29,14,12,1.0,1791.0
29,14,13,2.0,2125.0
29,14,15,3.0,2556.7
29,14,16,1.0,2795.0
29,14,18,1.0,2755.0
29,14,21,2.0,1783.0
29,14,22,1.0,1464.0
29,14,23,2.0,1380.5
29,15,0,1.0,1890.0
29,15,7,1.0,1626.0
29,15,11,2.0,2179.0
29,15,12,2.0,2246.5
29,15,13,2.0,1817.0
29,15,20,3.0,1969.0
29,15,21,4.0,2022.0
29,15,23,1.0,1730.0
29,16,1,1.0,1232.0
29,16,2,1.0,1012.0
29,16,4,1.0,947.0
29,17,2,1.0,1471.0
29,17,5,3.0,2317.0
29,17,6,1.0,2153.0
29,17,7,2.0,2050.0
29,17,10,1.0,2250.0
29,17,11,1.0,2411.0
29,17,13,1.0,2617.0
29,17,15,4.0,2532.0
29,17,16,5.0,2633.0
29,17,17,1.0,3535.0
29,17,18,1.0,3018.0
29,17,21,2.0,1911.0
29,18,4,1.0,1194.0
29,18,5,1.0,1151.0
29,18,6,11.0,2302.4
29,18,10,4.0,1877.2
29,18,11,1.0,2149.0
29,18,13,1.0,1803.0
29,18,15,2.0,1912.0
29,18,16,1.0,2046.0
29,18,17,1.0,2156.0
29,18,22,1.0,1309.0
29,18,23,3.0,1297.7
29,19,0,1.0,1455.0
29,19,1,3.0,1005.0
29,19,2,4.0,991.8
29,19,3,1.0,1182.0
29,19,4,2.0,1143.5
29,19,5,3.0,1326.3
29,19,6,3.0,1567.3
29,19,7,3.0,1584.0
29,19,8,1.0,1316.0
29,19,9,6.0,1650.0
29,19,10,8.0,1431.8
29,19,11,6.0,1547.8
29,19,12,8.0,1823.0
29,19,13,3.0,1829.3
29,19,14,3.0,2090.3
29,19,15,8.0,2096.4
29,19,16,12.0,2261.5
29,19,17,3.0,2068.7
29,19,18,4.0,2087.0
29,19,19,7.0,1746.9
29,19,20,5.0,1484.0
29,19,21,6.0,1355.0
29,19,22,5.0,1608.6
29,19,23,1.0,1256.0
29,20,5,2.0,956.0
29,21,0,1.0,1039.0
29,21,1,1.0,851.0
29,21,3,1.0,905.0
29,21,4,1.0,1188.0
29,21,5,6.0,1030.8
29,21,6,3.0,1489.0
29,21,7,1.0,1370.0
29,21,20,1.0,1386.0
29,21,21,3.0,1370.0
29,21,23,2.0,1402.0
29,22,0,9.0,1444.6
29,22,1,1.0,1078.0
29,22,2,1.0,939.0
29,22,3,3.0,1057.0
29,22,4,2.0,1151.0
29,22,5,3.0,1107.0
29,22,6,6.0,1312.8
29,22,7,15.0,1721.5
29,22,8,2.0,1334.5
29,22,9,4.0,1485.8
29,22,10,8.0,1141.1
29,22,11,2.0,977.0
29,22,12,13.0,1279.6
29,22,13,13.0,1291.3
29,22,14,11.0,1362.2
29,22,15,8.0,1562.6
29,22,16,12.0,1802.8
29,22,17,9.0,1930.0
29,22,18,9.0,1354.7
29,22,19,18.0,1213.1
29,22,20,18.0,1213.2
29,22,21,8.0,1170.2
29,22,22,4.0,1122.8
29,22,23,8.0,1154.6
29,23,0,15.0,872.1
29,23,1,7.0,801.6
29,23,2,4.0,712.2
29,23,3,2.0,511.0
29,23,4,2.0,776.0
29,23,5,17.0,693.9
29,23,6,32.0,880.2
29,23,7,66.0,930.7
29,23,8,41.0,893.7
29,23,9,34.0,797.5
29,23,10,24.0,807.8
29,23,11,22.0,803.6
29,23,12,15.0,864.8
29,23,13,25.0,887.8
29,23,14,18.0,875.3
29,23,15,27.0,1075.2
29,23,16,45.0,1000.4
29,23,17,27.0,1089.9
29,23,18,18.0,990.3
29,23,19,19.0,821.0
29,23,20,12.0,836.8
29,23,21,24.0,762.5
29,23,22,23.0,753.1
29,23,23,20.0,834.9
29,24,1,4.0,774.8
29,24,2,1.0,820.0
29,24,3,4.0,718.8
29,24,5,8.0,759.4
29,25,0,39.0,874.2
29,25,1,28.0,885.2
29,25,2,24.0,696.0
29,25,3,16.0,829.3
29,25,4,11.0,893.4
29,25,5,15.0,689.5
29,25,6,35.0,980.4
29,25,7,70.0,886.4
29,25,8,91.0,922.8
29,25,9,74.0,845.0
29,25,10,70.0,811.9
29,25,11,50.0,926.2
29,25,12,65.0,919.3
29,25,13,60.0,929.0
29,25,14,72.0,1139.9
29,25,15,91.0,1305.5
29,25,16,115.0,1303.7
29,25,17,79.0,1269.8
29,25,18,67.0,1152.3
29,25,19,73.0,1023.7
29,25,20,66.0,901.5
29,25,21,61.0,887.2
29,25,22,75.0,900.0
29,25,23,61.0,824.7
29,26,0,18.0,486.4
29,26,1,11.0,413.5
29,26,2,9.0,279.6
29,26,3,8.0,262.5
29,26,4,4.0,318.0
29,26,5,4.0,411.2
29,26,6,11.0,369.5
29,26,7,29.0,470.9
29,26,8,50.0,444.3
29,26,9,38.0,542.7
29,26,10,23.0,486.8
29,26,11,30.0,494.7
29,26,12,30.0,488.5
29,26,13,34.0,522.8
29,26,14,51.0,613.7
29,26,15,35.0,606.6
29,26,16,43.0,577.1
29,26,17,36.0,614.8
29,26,18,38.0,482.6
29,26,19,35.0,492.2
29,26,20,30.0,477.0
29,26,21,25.0,529.4
29,26,22,32.0,454.9
29,26,23,25.0,483.5
29,27,1,10.0,524.3
29,27,2,6.0,321.3
29,27,3,8.0,449.0
29,27,4,15.0,323.1
29,27,5,3.0,463.7
29,28,0,19.0,644.9
29,28,1,12.0,582.0
29,28,2,14.0,689.6
29,28,3,21.0,570.5
29,28,4,24.0,578.0
29,28,5,42.0,739.7
29,29,0,40.0,314.8
29,29,1,36.0,438.1
29,29,2,19.0,377.2
29,29,3,9.0,423.4
29,29,4,8.0,261.8
29,29,5,30.0,386.3
29,30,0,15.0,392.7
29,30,1,17.0,341.6
29,30,2,1.0,324.0
29,30,3,7.0,379.0
29,30,4,16.0,395.8
29,30,5,16.0,367.9
29,30,6,26.0,453.2
29,30,7,1.0,546.0
29,30,10,20.0,460.9
29,30,11,17.0,432.9
29,30,12,7.0,539.9
29,30,13,16.0,423.9
29,30,14,5.0,525.0
29,30,20,16.0,298.9
29,30,21,12.0,431.0
29,30,22,14.0,335.4
29,30,23,24.0,457.0
29,31,1,3.0,641.0
29,31,2,9.0,760.3
29,31,3,18.0,658.3
29,31,4,2.0,526.0
29,32,0,3.0,607.3
29,32,1,2.0,725.0
29,32,2,3.0,676.7
29,32,3,4.0,844.8
29,32,4,39.0,727.2
29,32,5,45.0,844.0
29,32,6,37.0,1144.8
29,32,7,73.0,1681.4
29,32,8,112.0,1798.0
29,32,9,106.0,1613.5
29,32,10,71.0,1405.5
29,32,11,68.0,1470.8
29,32,12,62.0,1506.6
29,32,13,46.0,1432.8
29,32,14,44.0,1380.9
29,32,15,37.0,1466.5
29,32,16,51.0,1645.9
29,32,17,41.0,1559.8
29,32,18,47.0,1291.2
29,32,19,21.0,1184.5
29,32,20,22.0,1142.0
29,32,21,32.0,1201.2
29,32,22,22.0,1064.0
29,32,23,13.0,923.1
29,33,3,1.0,1213.0
29,33,4,4.0,928.8
29,33,5,1.0,973.0
29,33,6,22.0,1365.6
29,33,7,10.0,1742.2
29,33,8,8.0,1553.9
29,33,9,10.0,1281.3
29,33,10,5.0,1082.8
29,33,11,6.0,1159.0
29,33,12,5.0,1501.4
29,33,13,4.0,1700.8
29,33,14,6.0,1223.8
29,33,15,10.0,1334.3
29,33,16,7.0,1443.3
29,33,17,11.0,1424.3
29,33,18,5.0,1224.6
29,33,19,6.0,1287.0
29,33,20,5.0,1145.2
29,33,21,11.0,1114.8
29,33,22,6.0,952.3
29,33,23,4.0,1085.5
29,34,1,1.0,976.0
29,34,7,1.0,2694.0
29,34,9,1.0,1101.0
29,34,11,3.0,1374.7
29,34,13,3.0,1890.7
29,34,15,1.0,1984.0
29,34,16,1.0,988.0
29,34,17,3.0,1377.3
29,34,18,3.0,1319.3
29,34,19,2.0,1027.5
29,34,20,4.0,1072.2
29,34,21,2.0,1040.5
29,34,22,4.0,897.2
29,36,2,2.0,954.0
29,36,3,1.0,946.0
29,36,11,1.0,1232.0
29,36,21,1.0,1066.0
29,37,10,4.0,1313.8
29,37,12,2.0,1546.5
29,37,15,1.0,1705.0
29,37,21,1.0,1108.0
29,37,23,3.0,1547.7
29,38,0,1.0,1035.0
29,38,1,2.0,1542.0
29,38,3,1.0,900.0
29,38,4,1.0,1490.0
29,38,5,1.0,857.0
29,38,6,5.0,1891.0
29,38,7,5.0,1756.6
29,38,8,7.0,1766.0
29,38,9,7.0,1828.4
29,38,10,6.0,1464.7
29,38,11,2.0,1623.0
29,38,12,5.0,1602.0
29,38,13,2.0,1353.0
29,38,14,11.0,1403.5
29,38,15,2.0,2133.0
29,38,16,10.0,2026.9
29,38,17,8.0,1693.8
29,38,18,9.0,1689.0
29,38,19,4.0,1564.2
29,38,20,6.0,1824.0
29,38,21,8.0,1317.4
29,38,22,2.0,1493.5
29,38,23,1.0,1321.0
29,39,0,6.0,1333.8
29,39,1,2.0,1233.0
29,39,3,1.0,1294.0
29,39,7,1.0,2705.0
29,39,8,3.0,2517.0
29,39,9,1.0,2544.0
29,39,10,3.0,1499.0
29,39,11,4.0,1321.0
29,39,12,2.0,1492.5
29,39,13,2.0,1924.0
29,39,14,1.0,1343.0
29,39,15,3.0,1976.3
29,39,16,2.0,1778.0
29,39,17,5.0,1948.4
29,39,18,7.0,1677.3
29,39,19,1.0,1236.0
29,39,20,7.0,1453.4
29,39,21,3.0,1667.7
29,39,22,1.0,1834.0
29,40,1,1.0,1772.0
29,40,2,1.0,1753.0
29,41,0,3.0,1286.7
29,41,5,9.0,1573.0
29,41,7,4.0,2418.8
29,41,8,12.0,2311.8
29,41,9,1.0,1864.0
29,41,10,6.0,1757.7
29,41,11,3.0,1865.0
29,41,12,3.0,1789.0
29,41,13,11.0,1758.1
29,41,14,1.0,1837.0
29,41,15,2.0,2377.0
29,41,16,11.0,2186.9
29,41,17,3.0,1740.3
29,41,18,5.0,1800.6
29,41,19,2.0,1521.0
29,41,20,2.0,1319.0
29,41,22,3.0,1326.3
29,41,23,2.0,2246.0
29,42,0,1.0,1879.0
29,42,2,1.0,1140.0
29,42,4,1.0,1252.0
29,42,6,3.0,1514.3
29,42,7,4.0,2101.0
29,42,8,6.0,2174.2
29,42,10,1.0,1845.0
29,42,11,1.0,1945.0
29,42,12,1.0,1270.0
29,42,13,2.0,1943.5
29,42,14,3.0,1866.3
29,42,15,3.0,2356.3
29,42,16,3.0,2431.0
29,42,17,4.0,2456.5
29,42,19,1.0,2021.0
29,42,20,7.0,1758.0
29,42,21,5.0,1504.2
29,42,22,4.0,1879.8
29,42,23,5.0,1227.2
29,43,0,4.0,1532.0
29,43,1,1.0,1532.0
29,43,3,1.0,1757.0
29,43,7,2.0,2223.5
29,43,9,4.0,2112.0
29,43,10,3.0,2005.7
29,43,11,7.0,2185.0
29,43,12,7.0,2025.3
29,43,13,1.0,2210.0
29,43,14,7.0,2689.1
29,43,15,3.0,2599.7
29,43,16,1.0,2156.0
29,43,17,3.0,2602.7
29,43,18,7.0,2018.1
29,43,19,6.0,1984.3
29,43,20,5.0,1848.6
29,43,21,5.0,1894.0
29,43,22,4.0,1709.5
29,43,23,4.0,1772.5
29,44,2,2.0,1437.5
29,45,1,1.0,1256.0
29,45,9,2.0,2029.0
29,45,10,1.0,1842.0
29,45,15,1.0,2851.0
29,45,20,1.0,1643.0
29,46,2,2.0,2516.0
29,47,5,1.0,1987.0
29,48,2,1.0,1182.0
29,48,8,2.0,2815.0
29,48,14,2.0,3331.0
29,48,19,2.0,1991.0
29,48,20,1.0,2033.0
29,49,1,1.0,1243.0
29,49,2,1.0,1192.0
29,49,4,2.0,1844.5
29,49,8,2.0,2670.0
29,49,10,1.0,2247.0
29,49,11,1.0,3145.0
29,49,12,2.0,2069.0
29,49,14,3.0,3051.0
29,49,15,2.0,3981.5
29,49,16,2.0,4120.5
29,49,17,6.0,3332.7
29,49,18,1.0,2667.0
29,49,19,2.0,2228.5
29,49,20,3.0,1996.7
29,49,21,3.0,1864.7
29,49,22,1.0,1583.0
29,49,23,1.0,1319.0
29,51,3,1.0,1209.0
29,51,4,1.0,1942.0
29,51,9,1.0,2465.0
29,51,11,1.0,2154.0
29,51,16,1.0,4958.0
29,51,19,2.0,1816.5
29,51,20,1.0,2197.0
29,51,23,1.0,2187.0
29,53,2,1.0,2532.0
29,53,5,1.0,1907.0
29,53,6,3.0,2061.3
29,53,7,3.0,2202.0
29,53,8,1.0,3523.0
29,53,10,1.0,1995.0
29,53,11,1.0,2574.0
29,53,12,1.0,1829.0
29,53,14,2.0,3045.0
29,53,15,1.0,5467.0
29,53,16,2.0,3453.5
29,53,17,4.0,3514.0
29,53,18,3.0,3139.7
29,53,19,1.0,2154.0
29,53,20,1.0,2926.0
29,53,21,2.0,2126.5
29,53,22,1.0,1954.0
29,53,23,1.0,1979.0
29,54,4,1.0,1945.0
29,54,10,1.0,2230.0
29,54,11,2.0,2142.0
29,54,13,1.0,2104.0
29,54,17,1.0,4279.0
29,54,19,1.0,2197.0
29,54,20,1.0,2683.0
29,54,21,1.0,1871.0
29,56,0,1.0,857.0
29,56,1,4.0,753.0
29,56,2,2.0,968.5
29,56,3,3.0,1104.7
29,56,4,10.0,1082.4
29,56,5,5.0,1067.8
29,56,6,3.0,1333.0
29,56,23,1.0,1116.0
29,57,0,1.0,644.0
29,57,4,5.0,578.6
29,57,5,1.0,905.0
29,57,6,1.0,1140.0
29,57,7,2.0,859.0
29,57,8,6.0,1039.8
29,57,9,6.0,1200.0
29,57,10,3.0,1290.0
29,57,11,1.0,918.0
29,57,12,2.0,1075.0
29,57,13,3.0,1092.7
29,57,14,4.0,1347.2
29,57,15,3.0,1504.7
29,57,16,3.0,1192.7
29,57,17,3.0,1288.0
29,57,18,1.0,1501.0
29,57,19,1.0,752.0
29,57,20,2.0,925.5
29,57,21,2.0,1086.5
29,57,23,1.0,834.0
29,58,1,2.0,639.5
29,58,2,8.0,618.8
29,59,1,1.0,637.0
29,59,6,1.0,1165.0
29,59,8,3.0,1258.0
29,59,9,4.0,950.2
29,59,10,4.0,948.8
29,59,12,4.0,838.8
29,59,14,8.0,1106.1
29,59,15,7.0,1070.0
29,59,16,7.0,1324.3
29,59,17,8.0,1236.1
29,59,18,4.0,1276.0
29,59,19,4.0,974.5
29,59,20,2.0,893.5
29,59,21,1.0,515.0
29,59,22,2.0,991.0
29,60,3,1.0,980.0
29,60,6,1.0,1061.0
29,60,7,1.0,1612.0
29,60,9,5.0,1096.8
29,60,10,5.0,1218.4
29,60,11,5.0,1360.0
29,60,12,11.0,1108.5
29,60,13,2.0,1187.5
29,60,14,2.0,1618.0
29,60,15,3.0,1241.3
29,60,16,10.0,1726.2
29,60,17,5.0,1171.2
29,60,18,2.0,1164.0
29,60,19,3.0,1012.0
29,60,20,4.0,942.0
29,60,21,1.0,1031.0
29,60,22,2.0,965.5
29,60,23,3.0,1156.3
29,61,0,8.0,990.6
29,61,1,1.0,946.0
29,61,2,1.0,1660.0
29,61,3,1.0,1008.0
29,61,4,7.0,808.9
29,61,5,3.0,1181.0
29,61,6,7.0,1012.4
29,61,8,1.0,1184.0
29,61,9,3.0,1316.3
29,61,10,3.0,1090.3
29,61,11,4.0,1216.2
29,61,12,6.0,1339.3
29,61,13,5.0,1713.2
29,61,14,8.0,1587.1
29,61,15,7.0,1763.4
29,61,16,14.0,1781.9
29,61,17,5.0,1564.8
29,61,18,3.0,1591.3
29,61,19,3.0,1436.3
29,61,20,6.0,1112.3
29,61,21,6.0,1280.0
29,61,22,4.0,1311.0
29,61,23,4.0,1239.2
29,62,0,1.0,899.0
29,63,3,1.0,1135.0
29,63,5,1.0,1012.0
29,63,6,1.0,1387.0
29,63,8,2.0,1867.5
29,63,9,3.0,1409.7
29,63,10,1.0,1375.0
29,63,11,5.0,1437.8
29,63,12,2.0,1252.0
29,63,14,3.0,1588.7
29,63,15,3.0,1574.0
29,63,16,4.0,1852.8
29,63,17,3.0,1738.0
29,63,18,7.0,1696.1
29,63,19,4.0,1425.8
29,63,20,3.0,1463.3
29,63,23,1.0,1186.0
29,64,4,1.0,1081.0
29,64,9,1.0,1406.0
29,64,10,1.0,1605.0
29,64,12,2.0,1656.0
29,64,13,1.0,1602.0
29,64,15,3.0,2236.0
29,64,16,3.0,2787.0
29,64,17,1.0,1651.0
29,64,20,5.0,1297.6
29,64,21,1.0,1317.0
29,64,22,1.0,1221.0
29,65,0,1.0,1531.0
29,65,1,1.0,1316.0
29,65,3,1.0,996.0
29,65,6,1.0,1567.0
29,66,0,5.0,1411.4
29,66,1,5.0,1176.0
29,66,2,1.0,1174.0
29,66,3,1.0,1363.0
29,66,6,1.0,1343.0
29,66,8,4.0,1624.0
29,66,9,3.0,1575.3
29,66,10,11.0,1621.5
29,66,11,5.0,1347.2
29,66,12,4.0,1611.8
29,66,13,6.0,1613.7
29,66,14,11.0,2038.9
29,66,15,3.0,2602.7
29,66,16,8.0,2621.4
29,66,17,6.0,2067.5
29,66,18,12.0,1825.2
29,66,19,6.0,1623.7
29,66,20,4.0,1628.8
29,66,21,7.0,1452.0
29,66,22,4.0,1199.0
29,66,23,4.0,1208.5
29,67,1,2.0,1848.0
29,67,2,1.0,1633.0
29,67,3,1.0,1209.0
29,67,7,2.0,1820.5
29,67,8,2.0,1452.0
29,67,9,2.0,1933.5
29,67,10,1.0,1440.0
29,67,11,2.0,1778.5
29,67,12,6.0,1687.3
29,67,13,2.0,1393.0
29,67,14,3.0,1598.0
29,67,15,2.0,1752.5
29,67,16,6.0,2096.2
29,67,17,10.0,2121.9
29,67,18,2.0,1684.5
29,67,19,1.0,1922.0
29,67,20,7.0,1754.7
29,67,21,2.0,1228.5
29,67,22,5.0,1655.8
29,67,23,2.0,1571.0
29,68,0,4.0,1418.5
29,68,1,1.0,1791.0
29,68,2,3.0,1605.7
29,68,5,1.0,1054.0
29,68,8,5.0,1901.4
29,68,9,2.0,1735.0
29,68,10,2.0,1646.0
29,68,11,4.0,2050.2
29,68,13,5.0,2093.8
29,68,14,2.0,1936.0
29,68,15,3.0,2519.7
29,68,16,5.0,2652.4
29,68,17,2.0,1936.0
29,68,18,6.0,1870.3
29,68,19,6.0,2096.7
29,68,20,6.0,1580.7
29,68,21,7.0,1805.0
29,68,22,3.0,1447.7
29,68,23,1.0,1209.0
29,69,0,2.0,1404.0
29,69,1,2.0,1421.0
29,69,2,1.0,1837.0
29,69,6,1.0,1775.0
29,69,7,2.0,1773.5
29,69,8,5.0,2354.0
29,69,9,2.0,1675.5
29,69,10,3.0,1942.0
29,69,11,5.0,1859.8
29,69,12,3.0,1643.7
29,69,13,3.0,1556.7
29,69,14,1.0,2307.0
29,69,15,6.0,2251.8
29,69,16,3.0,2704.3
29,69,17,2.0,1882.5
29,69,18,4.0,2373.0
29,69,19,3.0,2255.3
29,69,22,3.0,1728.0
29,69,23,5.0,1501.4
29,70,0,1.0,1632.0
29,70,5,3.0,1483.3
29,71,0,1.0,1348.0
29,71,2,1.0,1373.0
29,71,8,1.0,1742.0
29,71,9,1.0,1981.0
29,71,10,3.0,2441.7
29,71,11,4.0,1776.5
29,71,12,2.0,2367.5
29,71,13,3.0,1638.7
29,71,14,8.0,2604.0
29,71,15,2.0,2448.0
29,71,16,2.0,3214.5
29,71,17,6.0,2220.8
29,71,18,5.0,2093.6
29,71,19,3.0,1872.0
29,71,21,3.0,1842.0
29,71,22,2.0,1652.5
29,71,23,8.0,1764.6
29,72,5,1.0,1452.0
29,72,11,1.0,1992.0
29,72,16,1.0,3006.0
29,72,23,1.0,1499.0
29,73,1,1.0,1452.0
29,73,2,1.0,2690.0
29,73,6,1.0,1720.0
29,73,7,4.0,2115.5
29,73,8,1.0,2293.0
29,73,9,1.0,1707.0
29,73,10,2.0,1967.0
29,73,12,1.0,1909.0
29,73,13,1.0,1999.0
29,73,14,2.0,3213.5
29,73,15,2.0,3170.0
29,73,16,5.0,3245.6
29,73,17,1.0,3300.0
29,73,18,1.0,2384.0
29,73,19,1.0,2196.0
29,73,20,1.0,2215.0
29,73,21,4.0,1804.5
29,74,10,1.0,2030.0
29,74,11,1.0,3466.0
29,74,15,1.0,3028.0
29,74,18,1.0,2732.0
29,74,20,1.0,2694.0
29,75,3,1.0,1344.0
29,75,7,1.0,1810.0
29,75,9,1.0,2014.0
29,75,10,1.0,1648.0
29,75,13,1.0,5745.0
29,75,14,1.0,3657.0
29,75,16,1.0,3915.0
29,75,17,2.0,4014.0
29,75,18,1.0,2372.0
29,75,21,1.0,2065.0
29,75,22,3.0,1912.3
29,76,1,1.0,2145.0
29,76,2,8.0,1859.9
29,76,3,14.0,1945.5
29,76,4,15.0,2131.5
29,76,5,22.0,2286.3
29,76,6,12.0,3229.8
29,76,7,6.0,3441.2
29,76,8,3.0,3417.0
29,76,9,6.0,2790.2
29,76,10,9.0,2645.7
29,76,11,10.0,2508.6
29,76,12,12.0,2879.3
29,76,13,15.0,3167.9
29,76,14,9.0,3695.8
29,76,15,5.0,4047.4
29,76,16,3.0,3908.3
29,76,17,1.0,3892.0
29,76,18,4.0,2841.2
29,76,19,3.0,2872.7
29,76,21,1.0,3186.0
29,76,22,3.0,2141.3
29,76,23,3.0,2271.7
29,77,1,1.0,2262.0
29,77,2,1.0,1309.0
29,77,6,1.0,2239.0
29,77,7,3.0,2832.7
29,77,8,4.0,2824.5
29,77,9,1.0,2814.0
29,77,11,1.0,1968.0
29,77,12,1.0,2219.0
29,77,13,5.0,2410.6
29,77,14,3.0,1978.7
29,77,15,2.0,2862.0
29,77,16,3.0,2942.3
29,77,17,2.0,3324.5
29,77,18,8.0,2351.2
29,77,19,3.0,2117.7
29,77,20,3.0,1917.3
29,77,21,2.0,2057.0
29,77,22,2.0,1858.0
29,77,23,2.0,2217.5
30,1,1,1.0,2065.0
30,1,4,1.0,1967.0
30,2,1,1.0,2790.0
30,2,3,1.0,1846.0
30,2,4,2.0,1868.5
30,2,6,1.0,4457.0
30,2,9,1.0,2558.0
30,2,11,2.0,2671.0
30,2,13,2.0,2972.5
30,2,15,1.0,4140.0
30,2,17,1.0,4307.0
30,2,18,1.0,2771.0
30,2,19,1.0,2134.0
30,2,20,2.0,2012.0
30,2,22,2.0,1838.5
30,2,23,1.0,2735.0
30,3,1,1.0,1975.0
30,3,3,3.0,2162.0
30,3,4,1.0,2083.0
30,4,3,1.0,1589.0
30,4,6,3.0,2400.3
30,4,11,2.0,2877.0
30,4,14,1.0,1996.0
30,5,5,2.0,1748.0
30,5,6,7.0,1872.6
30,5,7,7.0,2706.1
30,5,9,2.0,2010.5
30,5,11,4.0,1956.0
30,5,12,2.0,2768.5
30,5,13,2.0,1498.0
30,5,14,1.0,2037.0
30,5,17,1.0,3194.0
30,5,18,2.0,1897.5
30,5,19,4.0,2099.0
30,5,20,2.0,1901.0
30,5,21,3.0,1965.7
30,5,23,2.0,1924.0
30,6,0,5.0,1541.0
30,6,4,2.0,1658.0
30,6,5,2.0,1419.5
30,6,6,16.0,1917.6
30,6,7,30.0,2389.5
30,6,8,13.0,2485.4
30,6,9,11.0,2367.2
30,6,10,7.0,2251.6
30,6,11,2.0,1794.5
30,6,12,4.0,1974.2
30,6,13,4.0,1823.5
30,6,14,4.0,1849.5
30,6,15,12.0,2377.5
30,6,16,2.0,1742.0
30,6,17,3.0,2183.3
30,6,18,5.0,2748.2
30,6,19,6.0,2078.3
30,6,20,7.0,1999.7
30,6,21,12.0,1860.6
30,6,22,14.0,1637.6
30,6,23,3.0,1700.7
30,7,0,1.0,1602.0
30,7,1,1.0,1396.0
30,7,2,1.0,1162.0
30,7,5,9.0,1721.1
30,7,6,5.0,1477.4
30,8,0,6.0,1212.2
30,8,1,2.0,910.5
30,8,2,2.0,1160.5
30,8,3,6.0,1101.5
30,8,4,23.0,1231.7
30,8,5,54.0,1495.4
30,8,6,6.0,1439.3
30,10,7,1.0,4391.0
30,10,8,1.0,2606.0
30,10,9,1.0,2960.0
30,10,12,1.0,2643.0
30,10,15,1.0,3925.0
30,10,22,1.0,1913.0
30,11,17,1.0,3731.0
30,11,18,1.0,2693.0
30,11,20,1.0,1637.0
30,11,21,1.0,1941.0
30,13,6,3.0,2905.7
30,13,7,1.0,2998.0
30,13,8,1.0,2536.0
30,13,9,1.0,2597.0
30,13,10,3.0,2422.0
30,13,12,1.0,3223.0
30,14,2,2.0,1460.5
30,14,6,1.0,2006.0
30,14,8,1.0,2902.0
30,14,9,1.0,2134.0
30,14,11,3.0,1997.7
30,14,14,1.0,3029.0
30,14,16,2.0,3073.0
30,14,17,1.0,2863.0
30,14,18,1.0,2382.0
30,14,19,1.0,1975.0
30,14,20,3.0,1669.0
30,14,21,3.0,1703.7
30,14,22,5.0,1790.4
30,14,23,5.0,1890.4
30,15,5,2.0,1577.0
30,15,6,2.0,2225.0
30,15,7,2.0,2128.0
30,15,8,2.0,2624.5
30,15,9,2.0,1829.5
30,15,10,1.0,1606.0
30,15,11,2.0,2377.0
30,15,12,2.0,2432.5
30,15,13,2.0,2162.0
30,15,15,4.0,3406.8
30,15,16,2.0,3081.0
30,15,17,5.0,2724.4
30,15,18,12.0,2501.3
30,15,19,1.0,2181.0
30,15,20,3.0,1971.7
30,15,21,3.0,2100.3
30,15,22,2.0,2428.0
30,15,23,2.0,1415.5
30,16,1,5.0,1886.6
30,16,4,1.0,1336.0
30,18,4,2.0,1635.5
30,18,5,5.0,1689.0
30,19,0,2.0,2227.0
30,19,1,1.0,1603.0
30,19,2,2.0,1389.0
30,19,3,2.0,1879.0
30,19,4,2.0,1463.0
30,19,5,3.0,1549.0
30,19,6,4.0,2117.0
30,19,7,3.0,2520.0
30,19,8,5.0,1869.6
30,19,9,3.0,2188.7
30,19,10,5.0,1997.0
30,19,11,6.0,1807.2
30,19,12,3.0,1842.0
30,19,13,4.0,1827.2
30,19,14,12.0,1943.3
30,19,15,7.0,2464.3
30,19,16,8.0,2755.4
30,19,17,12.0,2054.2
30,19,18,7.0,1966.3
30,19,19,5.0,2309.8
30,19,20,10.0,1723.0
30,19,21,7.0,1955.4
30,19,22,6.0,1595.0
30,20,1,4.0,1083.0
30,20,2,10.0,1107.2
30,20,4,1.0,1876.0
30,20,5,1.0,2150.0
30,20,6,6.0,1533.8
30,20,7,5.0,1655.2
30,20,8,1.0,3033.0
30,20,9,5.0,1328.6
30,20,10,3.0,1434.7
30,20,11,7.0,1554.6
30,20,12,2.0,1507.5
30,20,13,2.0,1507.5
30,20,14,2.0,2055.0
30,20,15,1.0,1643.0
30,20,16,2.0,2582.0
30,20,17,5.0,1976.4
30,20,18,4.0,1773.8
30,20,19,2.0,1696.5
30,20,20,3.0,1449.0
30,20,22,3.0,1665.3
30,20,23,3.0,1189.7
30,21,0,3.0,1255.0
30,21,1,4.0,1487.2
30,21,3,1.0,1644.0
30,21,4,1.0,1213.0
30,21,5,1.0,1259.0
30,21,6,4.0,1633.8
30,21,7,7.0,2092.7
30,21,8,7.0,2180.4
30,21,9,14.0,1695.7
30,21,10,11.0,1948.8
30,21,11,2.0,2320.5
30,21,12,2.0,1574.5
30,21,13,1.0,2091.0
30,21,14,2.0,1746.0
30,21,15,7.0,1927.0
30,21,16,2.0,2298.0
30,21,17,4.0,2178.2
30,21,18,2.0,2019.0
30,21,19,3.0,2141.0
30,21,20,5.0,1949.0
30,21,21,2.0,1285.5
30,21,22,2.0,1687.0
30,21,23,1.0,1398.0
30,22,1,3.0,1256.3
30,22,2,2.0,1122.5
30,22,3,6.0,1168.7
30,22,4,6.0,1164.7
30,23,0,5.0,931.0
30,23,1,1.0,799.0
30,23,2,2.0,761.5
30,23,3,1.0,780.0
30,23,5,1.0,719.0
30,23,6,3.0,1436.7
30,23,7,11.0,1371.3
30,23,8,17.0,1285.5
30,23,9,2.0,1070.0
30,23,10,7.0,1118.6
30,23,11,8.0,1104.9
30,23,12,11.0,1048.7
30,23,13,6.0,1177.3
30,23,14,15.0,1287.4
30,23,15,14.0,1395.1
30,23,16,9.0,1467.8
30,23,17,8.0,1439.6
30,23,18,9.0,1349.1
30,23,19,6.0,1093.3
30,23,20,7.0,1171.4
30,23,21,8.0,1057.4
30,23,22,6.0,1030.2
30,23,23,6.0,1187.2
30,24,0,5.0,1034.2
30,24,1,3.0,1000.7
30,24,2,9.0,1117.4
30,24,3,2.0,978.0
30,24,4,6.0,1207.7
30,24,5,7.0,1057.6
30,24,6,11.0,1139.8
30,24,7,49.0,1502.3
30,24,8,37.0,1456.1
30,24,9,25.0,1341.2
30,24,10,25.0,1209.0
30,24,11,23.0,1153.5
30,24,12,28.0,1369.8
30,24,13,22.0,1408.5
30,24,14,11.0,1250.7
30,24,15,32.0,1558.4
30,24,16,19.0,1389.9
30,24,17,17.0,1539.6
30,24,18,19.0,1317.3
30,24,19,13.0,1269.5
30,24,20,16.0,1153.1
30,24,21,13.0,1148.2
30,24,22,7.0,1074.4
30,24,23,18.0,1085.4
30,25,0,4.0,963.8
30,25,1,1.0,1008.0
30,25,2,8.0,888.1
30,25,3,3.0,849.0
30,25,4,1.0,908.0
30,25,5,2.0,912.5
30,25,6,4.0,1413.8
30,25,7,18.0,1133.8
30,25,8,14.0,1459.6
30,25,9,15.0,1165.7
30,25,10,18.0,1279.6
30,25,11,15.0,1295.7
30,25,12,9.0,1229.0
30,25,13,13.0,1492.2
30,25,14,18.0,1821.3
30,25,15,8.0,1410.0
30,25,16,11.0,1833.1
30,25,17,10.0,1964.5
30,25,18,15.0,1552.0
30,25,19,25.0,1426.1
30,25,20,5.0,1202.8
30,25,21,9.0,1420.7
30,25,22,8.0,1332.4
30,25,23,9.0,1041.2
30,26,1,1.0,842.0
30,26,2,2.0,627.5
30,26,3,1.0,548.0
30,26,5,1.0,424.0
30,27,0,2.0,465.5
30,27,1,3.0,703.7
30,27,2,1.0,582.0
30,27,3,1.0,717.0
30,27,4,3.0,521.0
30,27,5,6.0,638.3
30,27,6,6.0,743.2
30,27,7,8.0,776.8
30,27,8,9.0,620.2
30,27,9,5.0,627.4
30,27,10,13.0,730.4
30,27,11,10.0,843.9
30,27,12,8.0,813.2
30,27,13,10.0,861.6
30,27,14,9.0,808.0
30,27,15,13.0,694.8
30,27,16,15.0,800.8
30,27,17,7.0,761.6
30,27,18,11.0,757.2
30,27,19,12.0,744.2
30,27,20,8.0,565.2
30,27,21,18.0,758.6
30,27,22,4.0,491.8
30,27,23,4.0,691.8
30,28,0,7.0,623.1
30,28,1,14.0,873.8
30,28,2,3.0,838.0
30,28,3,7.0,650.9
30,28,4,14.0,735.9
30,28,5,70.0,1089.4
30,28,6,95.0,1192.3
30,28,7,225.0,1345.0
30,28,8,190.0,1331.1
30,28,9,157.0,1164.0
30,28,10,138.0,1050.6
30,28,11,84.0,1020.2
30,28,12,89.0,1052.3
30,28,13,76.0,1044.4
30,28,14,89.0,1063.8
30,28,15,88.0,1185.5
30,28,16,84.0,1230.5
30,28,17,56.0,1105.5
30,28,18,54.0,1007.2
30,28,19,31.0,994.8
30,28,20,35.0,845.6
30,28,21,26.0,831.3
30,28,22,21.0,826.0
30,28,23,14.0,825.4
30,29,0,9.0,433.8
30,29,1,4.0,346.5
30,29,2,3.0,245.3
30,29,3,1.0,177.0
30,29,4,4.0,431.0
30,29,5,20.0,339.8
30,29,6,52.0,385.9
30,29,7,66.0,511.2
30,29,8,96.0,387.7
30,29,9,80.0,433.1
30,29,10,52.0,442.1
30,29,11,56.0,562.7
30,29,12,54.0,436.8
30,29,13,38.0,471.3
30,29,14,53.0,530.1
30,29,15,47.0,495.4
30,29,16,41.0,522.9
30,29,17,40.0,562.2
30,29,18,51.0,488.2
30,29,19,61.0,467.0
30,29,20,26.0,492.0
30,29,21,31.0,419.5
30,29,22,30.0,472.6
30,29,23,12.0,412.3
30,30,0,49.0,304.6
30,30,1,33.0,431.9
30,30,2,27.0,304.2
30,30,3,33.0,298.8
30,30,4,33.0,328.2
30,30,5,35.0,288.2
30,30,6,26.0,346.1
30,30,7,107.0,523.5
30,30,8,122.0,416.9
30,30,9,133.0,432.2
30,30,10,101.0,345.3
30,30,11,99.0,480.3
30,30,12,117.0,418.1
30,30,13,107.0,376.8
30,30,14,137.0,506.4
30,30,15,132.0,490.7
30,30,16,120.0,479.0
30,30,17,118.0,453.6
30,30,18,136.0,373.5
30,30,19,104.0,448.6
30,30,20,130.0,377.1
30,30,21,102.0,331.1
30,30,22,107.0,333.7
30,30,23,69.0,335.5
30,31,0,20.0,708.9
30,31,1,11.0,632.5
30,31,2,13.0,551.5
30,31,3,23.0,677.9
30,31,4,18.0,615.7
30,31,5,27.0,595.2
30,31,6,21.0,573.8
30,31,7,64.0,819.4
30,31,8,71.0,744.5
30,31,9,53.0,600.4
30,31,10,40.0,630.6
30,31,11,51.0,652.5
30,31,12,39.0,651.2
30,31,13,35.0,716.3
30,31,14,60.0,724.1
30,31,15,63.0,760.3
30,31,16,57.0,670.2
30,31,17,54.0,689.7
30,31,18,47.0,719.5
30,31,19,58.0,647.6
30,31,20,59.0,592.6
30,31,21,39.0,560.9
30,31,22,30.0,605.2
30,31,23,36.0,621.1
30,32,0,1.0,827.0
30,32,2,3.0,852.3
30,32,3,6.0,1175.7
30,32,4,35.0,1095.6
30,32,5,48.0,1180.4
30,32,6,108.0,1354.8
30,32,7,130.0,1871.9
30,32,8,165.0,1963.8
30,32,9,124.0,1654.4
30,32,10,109.0,1489.0
30,32,11,68.0,1421.4
30,32,12,87.0,1480.5
30,32,13,77.0,1445.0
30,32,14,57.0,1439.8
30,32,15,62.0,1583.6
30,32,16,55.0,1640.8
30,32,17,40.0,1657.8
30,32,18,28.0,1520.0
30,32,19,15.0,1311.9
30,32,20,26.0,1287.3
30,32,21,14.0,1219.4
30,32,22,15.0,1154.3
30,32,23,3.0,955.3
30,33,2,7.0,852.1
30,33,3,1.0,837.0
30,33,4,2.0,808.0
30,33,5,3.0,979.7
30,33,6,17.0,1161.1
30,33,7,25.0,1278.2
30,33,8,19.0,1810.7
30,33,9,12.0,1478.8
30,33,10,9.0,989.7
30,33,11,9.0,991.2
30,33,12,15.0,971.2
30,33,13,12.0,1036.8
30,33,14,11.0,959.8
30,33,15,17.0,1034.9
30,33,16,12.0,1101.3
30,33,17,10.0,1240.8
30,33,18,9.0,929.1
30,33,19,6.0,1002.5
30,33,20,2.0,1006.0
30,33,21,6.0,861.2
30,33,22,4.0,1044.0
30,34,4,1.0,678.0
30,34,6,5.0,852.8
30,34,7,5.0,1331.8
30,34,8,3.0,1033.0
30,34,9,3.0,928.3
30,34,10,4.0,727.5
30,34,11,4.0,1059.8
30,34,12,2.0,789.0
30,34,13,2.0,1022.5
30,34,14,11.0,1002.4
30,34,15,6.0,1021.0
30,34,16,5.0,1171.8
30,34,17,8.0,1095.8
30,34,18,5.0,1045.8
30,34,19,4.0,1047.2
30,34,20,4.0,981.8
30,34,21,2.0,708.0
30,34,22,1.0,911.0
30,34,23,2.0,1088.0
30,35,2,1.0,930.0
30,35,3,1.0,924.0
30,36,7,1.0,1026.0
30,36,10,1.0,873.0
30,36,12,1.0,924.0
30,36,14,1.0,1420.0
30,36,16,2.0,1567.5
30,36,17,4.0,1410.0
30,36,19,2.0,1877.5
30,36,20,1.0,1074.0
30,36,22,2.0,867.0
30,37,0,1.0,769.0
30,37,6,1.0,947.0
30,37,7,4.0,1241.5
30,37,8,3.0,1441.7
30,37,10,2.0,1038.5
30,37,11,1.0,1036.0
30,37,12,1.0,1108.0
30,37,21,2.0,651.0
30,38,1,1.0,1283.0
30,39,0,5.0,1661.0
30,40,2,1.0,1093.0
30,41,4,8.0,1315.9
30,41,5,1.0,1013.0
30,41,6,2.0,1316.5
30,41,7,11.0,1596.1
30,41,8,7.0,1481.6
30,41,9,2.0,1397.0
30,41,10,4.0,1157.2
30,41,11,10.0,1409.1
30,41,12,7.0,1523.7
30,41,13,5.0,1533.4
30,41,14,2.0,1097.0
30,41,15,6.0,1701.7
30,41,16,10.0,1643.6
30,41,17,7.0,1485.4
30,41,18,8.0,1181.8
30,41,19,3.0,1321.7
30,41,20,3.0,1616.0
30,41,21,3.0,1119.7
30,41,22,3.0,1436.0
30,41,23,2.0,1077.0
30,43,0,1.0,1215.0
30,43,4,2.0,1231.5
30,43,5,1.0,1972.0
30,43,6,1.0,1321.0
30,43,9,5.0,1733.4
30,43,10,2.0,1810.0
30,43,11,3.0,1575.0
30,43,12,2.0,1982.5
30,43,13,2.0,1561.0
30,43,14,2.0,1683.0
30,43,18,1.0,1356.0
30,43,19,1.0,2393.0
30,43,20,3.0,2065.3
30,43,21,1.0,2342.0
30,43,22,2.0,1380.0
30,44,0,2.0,1268.5
30,44,4,1.0,1531.0
30,44,5,1.0,1352.0
30,46,1,1.0,1852.0
30,46,3,1.0,1845.0
30,46,4,4.0,1294.5
30,46,5,1.0,1598.0
30,46,6,1.0,2814.0
30,46,9,1.0,1699.0
30,46,10,1.0,1764.0
30,46,12,2.0,2169.0
30,46,23,1.0,2736.0
30,47,1,2.0,2677.0
30,48,3,1.0,1088.0
30,48,10,1.0,1485.0
30,48,15,1.0,3734.0
30,49,0,1.0,2065.0
30,49,3,2.0,1536.5
30,49,4,1.0,1428.0
30,50,5,1.0,2697.0
30,50,6,2.0,1466.5
30,51,9,1.0,1934.0
30,51,17,4.0,2211.5
30,51,22,1.0,2044.0
30,54,7,1.0,1336.0
30,54,22,1.0,2172.0
30,56,0,5.0,757.4
30,56,1,1.0,808.0
30,56,2,3.0,766.7
30,56,3,4.0,723.5
30,56,4,10.0,989.6
30,56,5,15.0,820.3
30,57,0,7.0,591.4
30,57,1,2.0,667.5
30,57,2,2.0,677.5
30,57,3,9.0,781.1
30,57,4,5.0,570.6
30,57,5,22.0,604.4
30,57,6,9.0,612.3
30,57,7,49.0,834.2
30,57,8,50.0,737.8
30,57,9,10.0,714.0
30,57,10,19.0,825.3
30,57,11,13.0,872.8
30,57,12,14.0,945.4
30,57,13,18.0,761.9
30,57,14,25.0,959.0
30,57,15,13.0,1100.8
30,57,16,21.0,963.2
30,57,17,19.0,1018.2
30,57,18,27.0,867.9
30,57,19,16.0,832.6
30,57,20,15.0,737.1
30,57,21,13.0,603.9
30,57,22,7.0,634.6
30,57,23,8.0,775.1
30,58,0,10.0,637.4
30,58,1,13.0,551.2
30,58,2,4.0,532.2
30,58,3,7.0,600.1
30,58,4,8.0,502.4
30,58,5,7.0,489.9
30,58,6,34.0,675.6
30,58,7,37.0,712.2
30,58,8,22.0,765.9
30,58,9,30.0,751.5
30,58,10,18.0,681.3
30,58,11,25.0,650.6
30,58,12,28.0,712.3
30,58,13,21.0,698.0
30,58,14,24.0,725.8
30,58,15,48.0,939.5
30,58,16,37.0,974.0
30,58,17,38.0,932.3
30,58,18,36.0,799.9
30,58,19,28.0,671.6
30,58,20,40.0,644.1
30,58,21,25.0,633.8
30,58,22,24.0,670.3
30,58,23,24.0,568.0
30,59,0,5.0,605.4
30,59,1,2.0,517.0
30,59,2,1.0,500.0
30,59,3,2.0,433.5
30,59,4,7.0,478.4
30,59,5,11.0,537.6
30,59,6,9.0,563.8
30,59,7,34.0,632.4
30,59,8,21.0,664.4
30,59,9,12.0,718.8
30,59,10,9.0,647.7
30,59,11,5.0,689.6
30,59,12,16.0,657.0
30,59,13,12.0,623.9
30,59,14,9.0,860.4
30,59,15,13.0,821.1
30,59,16,19.0,760.9
30,59,17,10.0,931.6
30,59,18,7.0,579.3
30,59,19,8.0,714.0
30,59,20,6.0,563.7
30,59,21,8.0,661.9
30,59,22,15.0,748.1
30,59,23,2.0,480.5
30,60,0,4.0,701.8
30,60,1,1.0,866.0
30,60,3,3.0,730.0
30,60,5,2.0,858.0
30,60,6,6.0,953.5
30,60,7,5.0,1020.0
30,60,8,6.0,1051.8
30,60,9,2.0,601.0
30,60,10,16.0,976.2
30,60,11,10.0,1053.8
30,60,12,4.0,943.5
30,60,13,7.0,775.3
30,60,14,6.0,992.0
30,60,15,18.0,1092.2
30,60,16,12.0,1156.5
30,60,17,14.0,1045.5
30,60,18,19.0,906.4
30,60,19,12.0,1016.7
30,60,20,10.0,791.7
30,60,21,6.0,842.2
30,60,22,9.0,784.1
30,60,23,14.0,846.4
30,61,0,2.0,1103.0
30,61,1,4.0,1055.8
30,61,2,4.0,746.0
30,61,3,3.0,832.0
30,61,4,12.0,935.0
30,61,5,12.0,803.9
30,61,6,23.0,1018.3
30,61,7,48.0,1111.1
30,61,8,25.0,1176.5
30,61,9,33.0,1082.9
30,61,10,17.0,952.7
30,61,11,16.0,1134.0
30,61,12,7.0,1119.7
30,61,13,27.0,1065.9
30,61,14,31.0,1228.3
30,61,15,27.0,1372.5
30,61,16,11.0,1340.1
30,61,17,19.0,1184.8
30,61,18,13.0,1018.4
30,61,19,21.0,1025.9
30,61,20,16.0,1007.6
30,61,21,9.0,999.4
30,61,22,10.0,1168.6
30,61,23,12.0,1152.8
30,62,0,4.0,1009.5
30,62,1,3.0,745.3
30,62,2,2.0,877.5
30,62,3,2.0,773.0
30,62,4,13.0,690.0
30,62,5,2.0,854.0
30,62,6,2.0,1089.0
30,62,7,15.0,1074.9
30,62,8,5.0,964.8
30,62,9,2.0,793.5
30,62,10,7.0,1143.3
30,62,11,13.0,914.8
30,62,12,4.0,972.2
30,62,13,5.0,1089.4
30,62,14,4.0,1174.2
30,62,15,11.0,1537.4
30,62,16,18.0,1608.3
30,62,17,8.0,1472.2
30,62,18,9.0,1133.9
30,62,19,4.0,1369.0
30,62,20,5.0,928.2
30,62,21,6.0,856.0
30,62,22,5.0,982.0
30,63,1,7.0,860.3
30,63,2,4.0,852.0
30,63,3,4.0,883.5
30,63,4,5.0,884.0
30,63,5,7.0,863.0
30,64,1,1.0,1159.0
30,64,2,6.0,1026.7
30,65,0,6.0,1062.0
30,65,1,2.0,796.5
30,65,2,3.0,1406.0
30,65,3,1.0,770.0
30,65,4,1.0,1013.0
30,65,5,10.0,1287.0
30,65,6,6.0,1168.7
30,65,7,3.0,1536.7
30,65,8,7.0,1245.1
30,65,9,5.0,1227.2
30,65,10,10.0,1211.4
30,65,11,3.0,1376.3
30,65,12,7.0,1448.6
30,65,13,10.0,1419.7
30,65,14,11.0,1595.5
30,65,15,5.0,1905.8
30,65,16,19.0,1951.2
30,65,17,13.0,1934.3
30,65,18,12.0,1501.2
30,65,19,20.0,1635.9
30,65,20,13.0,1439.2
30,65,21,7.0,1172.3
30,65,22,8.0,1155.4
30,65,23,7.0,1179.3
30,66,0,14.0,1256.7
30,66,1,8.0,937.5
30,66,2,3.0,958.3
30,66,3,9.0,913.8
30,66,4,3.0,1346.3
30,66,5,5.0,1104.4
30,66,6,1.0,1055.0
30,66,7,1.0,1243.0
30,66,9,2.0,1125.0
30,66,10,6.0,1236.3
30,66,11,9.0,1270.4
30,66,12,7.0,1399.3
30,66,13,7.0,1381.6
30,66,14,7.0,1589.4
30,66,18,2.0,1133.5
30,66,19,4.0,1294.5
30,66,20,12.0,1178.8
30,66,21,5.0,1239.0
30,66,22,9.0,1143.4
30,66,23,18.0,1187.5
30,67,0,1.0,1377.0
30,67,7,3.0,1577.7
30,67,10,3.0,1170.0
30,67,11,7.0,1463.4
30,67,12,3.0,1213.7
30,67,13,1.0,1080.0
30,67,14,1.0,1305.0
30,67,15,3.0,1695.7
30,67,16,6.0,1841.0
30,67,17,7.0,1609.9
30,67,18,7.0,1505.9
30,67,19,4.0,1193.0
30,67,20,2.0,1257.0
30,67,21,1.0,1396.0
30,67,22,2.0,1442.5
30,67,23,5.0,1272.6
30,68,1,2.0,1217.0
30,68,2,1.0,1350.0
30,68,6,1.0,988.0
30,69,0,1.0,1189.0
30,69,1,1.0,984.0
30,69,3,1.0,2054.0
30,69,5,2.0,1224.0
30,69,7,1.0,1640.0
30,69,8,1.0,1547.0
30,69,9,2.0,1784.5
30,69,10,1.0,1383.0
30,69,11,3.0,1619.3
30,69,12,5.0,1587.0
30,69,13,1.0,1046.0
30,69,14,1.0,1899.0
30,69,15,2.0,1884.0
30,69,16,6.0,1801.2
30,69,17,6.0,2163.5
30,69,18,7.0,1600.9
30,69,19,2.0,1263.0
30,69,20,1.0,1514.0
30,69,22,3.0,1454.7
30,69,23,1.0,1030.0
30,70,0,1.0,1508.0
30,70,1,1.0,1235.0
30,70,2,1.0,1560.0
30,70,3,1.0,1224.0
30,70,4,1.0,1043.0
30,71,0,5.0,1550.2
30,71,1,2.0,1661.0
30,71,2,1.0,1486.0
30,71,3,1.0,1479.0
30,71,6,1.0,1644.0
30,71,7,1.0,2600.0
30,71,9,1.0,1298.0
30,71,10,3.0,1488.7
30,71,11,3.0,1614.7
30,71,12,5.0,1665.4
30,71,13,3.0,1610.7
30,71,14,4.0,1737.2
30,71,15,5.0,2567.8
30,71,16,3.0,2333.3
30,71,17,3.0,2132.3
30,71,18,2.0,1354.5
30,71,19,1.0,1678.0
30,71,20,4.0,1503.5
30,71,21,6.0,1739.2
30,72,10,1.0,1688.0
30,72,16,1.0,3508.0
30,72,17,1.0,3352.0
30,72,18,1.0,2435.0
30,73,3,1.0,1352.0
30,73,8,3.0,1728.7
30,73,10,1.0,2471.0
30,73,11,1.0,1344.0
30,73,15,2.0,2734.0
30,73,16,1.0,1922.0
30,73,21,2.0,1549.5
30,75,1,1.0,1316.0
30,76,1,1.0,1799.0
30,76,2,1.0,2100.0
30,76,3,12.0,1923.0
30,76,4,7.0,1946.7
30,76,5,5.0,2444.4
30,77,3,1.0,1364.0
30,77,5,2.0,1672.0
31,1,0,7.0,1697.1
31,1,1,2.0,1650.0
31,1,3,4.0,1834.2
31,1,5,3.0,1817.3
31,1,7,6.0,2098.7
31,1,8,3.0,2727.7
31,1,9,2.0,2519.5
31,1,10,2.0,2403.0
31,1,11,2.0,2082.5
31,1,12,3.0,2325.3
31,1,16,7.0,2898.4
31,1,17,7.0,2789.3
31,1,18,1.0,2756.0
31,1,19,4.0,2293.5
31,1,20,6.0,2109.0
31,1,21,9.0,2158.1
31,1,22,8.0,2146.4
31,1,23,20.0,1860.7
31,2,1,4.0,2032.5
31,2,5,1.0,1825.0
31,2,23,1.0,1782.0
31,3,0,13.0,1481.8
31,3,1,9.0,1353.7
31,3,2,5.0,1353.8
31,3,3,2.0,1146.5
31,3,4,1.0,1049.0
31,3,5,1.0,1342.0
31,3,6,2.0,1671.0
31,3,7,3.0,2361.3
31,3,8,5.0,2122.8
31,3,9,2.0,1738.0
31,3,10,4.0,1583.5
31,3,11,6.0,1632.0
31,3,12,2.0,2094.0
31,3,13,9.0,1755.7
31,3,14,8.0,1685.6
31,3,15,3.0,1546.0
31,3,16,10.0,2259.2
31,3,17,16.0,3131.0
31,3,18,16.0,2119.8
31,3,19,11.0,1789.4
31,3,20,22.0,1748.6
31,3,21,25.0,1639.6
31,3,22,28.0,1446.2
31,3,23,41.0,1435.2
31,4,0,3.0,1376.7
31,4,1,1.0,1748.0
31,4,2,4.0,1392.0
31,4,3,1.0,1961.0
31,4,7,1.0,2820.0
31,4,8,5.0,2138.4
31,4,9,2.0,1760.0
31,4,10,3.0,1662.0
31,4,11,4.0,2494.5
31,4,12,2.0,1970.5
31,4,13,1.0,2231.0
31,4,14,1.0,1872.0
31,4,15,3.0,2148.3
31,4,16,8.0,2878.1
31,4,17,5.0,3039.6
31,4,18,1.0,2762.0
31,4,19,5.0,1707.4
31,4,20,4.0,1705.2
31,4,21,8.0,1550.6
31,4,22,15.0,1750.9
31,4,23,26.0,1478.0
31,5,0,4.0,1359.5
31,5,1,2.0,882.0
31,5,2,3.0,1133.7
31,5,3,2.0,672.0
31,5,5,1.0,1270.0
31,5,6,20.0,1594.3
31,5,7,13.0,1826.1
31,5,8,24.0,1698.0
31,5,9,8.0,1755.4
31,5,10,7.0,2083.0
31,5,11,5.0,1475.4
31,5,12,3.0,1845.0
31,5,13,4.0,1621.2
31,5,14,3.0,1775.3
31,5,15,6.0,1978.2
31,5,16,5.0,2541.0
31,5,17,3.0,2907.0
31,5,18,10.0,2008.4
31,5,19,9.0,1557.7
31,5,20,12.0,1428.1
31,5,21,8.0,1728.1
31,5,22,11.0,1353.9
31,5,23,23.0,1332.0
31,6,1,7.0,1426.1
31,6,2,7.0,1508.4
31,6,3,4.0,1114.8
31,6,4,5.0,1170.2
31,7,0,15.0,1200.5
31,7,1,7.0,939.9
31,7,2,3.0,844.3
31,7,3,8.0,817.6
31,7,4,6.0,918.8
31,7,5,6.0,1145.7
31,7,6,23.0,1232.5
31,7,7,1.0,935.0
31,7,8,1.0,1903.0
31,7,9,12.0,1606.6
31,7,10,21.0,1480.3
31,7,11,24.0,1487.8
31,7,12,11.0,1478.3
31,7,13,19.0,1576.5
31,7,14,15.0,1328.9
31,7,15,7.0,1395.9
31,7,16,3.0,1357.3
31,7,17,6.0,1435.8
31,7,18,10.0,1499.3
31,7,19,16.0,1309.8
31,7,20,29.0,1197.0
31,7,21,22.0,1273.4
31,7,22,27.0,1176.3
31,7,23,45.0,1069.8
31,8,1,14.0,773.4
31,8,2,10.0,754.3
31,8,3,6.0,877.7
31,8,4,26.0,819.8
31,10,0,2.0,1618.0
31,10,2,1.0,1593.0
31,10,4,1.0,1155.0
31,10,8,1.0,1958.0
31,10,9,1.0,2474.0
31,10,10,1.0,1929.0
31,10,13,1.0,2507.0
31,10,15,1.0,4638.0
31,10,17,1.0,4626.0
31,10,18,3.0,2684.0
31,10,21,1.0,1215.0
31,10,22,1.0,1313.0
31,10,23,4.0,1378.2
31,11,5,1.0,1282.0
31,12,9,1.0,1467.0
31,12,10,1.0,1510.0
31,12,11,1.0,1886.0
31,12,19,1.0,1324.0
31,12,23,1.0,1177.0
31,13,2,1.0,1290.0
31,14,0,5.0,1443.6
31,14,1,1.0,1587.0
31,14,2,2.0,1192.5
31,14,3,1.0,1444.0
31,14,8,2.0,1943.5
31,14,9,6.0,1675.8
31,14,10,2.0,1703.0
31,14,11,2.0,2470.0
31,14,13,3.0,1984.0
31,14,14,1.0,3327.0
31,14,15,7.0,2174.0
31,14,16,1.0,2327.0
31,14,17,1.0,2276.0
31,14,18,4.0,1904.8
31,14,19,3.0,1651.3
31,14,20,5.0,1242.8
31,14,21,7.0,1887.4
31,14,22,4.0,1564.0
31,14,23,10.0,1380.6
31,15,0,4.0,1138.5
31,15,1,1.0,1734.0
31,15,2,1.0,1324.0
31,15,3,2.0,1400.0
31,15,4,3.0,1270.3
31,15,5,1.0,1302.0
31,15,6,1.0,2266.0
31,15,7,3.0,3069.7
31,15,9,2.0,1817.0
31,15,11,1.0,1477.0
31,15,12,2.0,1289.0
31,15,13,2.0,1409.5
31,15,14,2.0,1871.5
31,15,15,4.0,2819.0
31,15,16,2.0,2950.0
31,15,17,1.0,3639.0
31,15,18,2.0,2435.5
31,15,19,2.0,2026.5
31,15,20,3.0,1746.0
31,15,21,1.0,2131.0
31,15,22,6.0,1687.3
31,15,23,6.0,1296.0
31,16,0,4.0,1410.5
31,16,1,3.0,945.3
31,16,2,5.0,990.8
31,16,3,2.0,1347.5
31,16,6,6.0,1737.7
31,16,7,1.0,1186.0
31,16,8,3.0,1434.7
31,16,9,8.0,1506.9
31,16,10,1.0,1201.0
31,16,11,1.0,1258.0
31,16,12,2.0,1727.5
31,16,13,4.0,1813.8
31,16,14,3.0,2531.0
31,16,15,7.0,2283.7
31,16,16,5.0,2531.0
31,16,17,2.0,1628.5
31,16,18,6.0,2204.2
31,16,19,2.0,1796.5
31,16,20,7.0,1166.6
31,16,21,7.0,1306.7
31,16,22,12.0,1443.9
31,16,23,11.0,1296.5
31,17,0,2.0,1756.0
31,17,1,1.0,1620.0
31,17,4,1.0,1605.0
31,17,6,1.0,2026.0
31,17,9,3.0,2760.7
31,17,10,1.0,1783.0
31,17,11,2.0,2727.0
31,17,13,1.0,3354.0
31,17,16,2.0,3620.0
31,17,17,1.0,3901.0
31,17,18,1.0,3535.0
31,17,19,2.0,2261.5
31,17,21,3.0,1877.7
31,17,22,3.0,1656.3
31,17,23,7.0,2052.6
31,18,5,1.0,2574.0
31,19,0,2.0,1931.5
31,19,1,2.0,1540.0
31,19,2,8.0,1756.6
31,19,3,2.0,1576.5
31,19,6,1.0,2223.0
31,19,9,2.0,1783.5
31,19,10,5.0,1877.2
31,19,11,5.0,1956.6
31,19,12,1.0,1890.0
31,19,13,1.0,2538.0
31,19,14,2.0,2398.0
31,19,15,1.0,2450.0
31,19,18,2.0,2314.5
31,19,19,1.0,1980.0
31,19,20,6.0,1813.5
31,19,21,5.0,1758.8
31,19,22,2.0,2062.5
31,19,23,3.0,1470.7
31,20,0,2.0,1503.5
31,20,1,2.0,1593.0
31,20,3,2.0,1196.0
31,20,4,2.0,1489.0
31,20,5,2.0,1289.5
31,20,6,2.0,1398.0
31,20,7,7.0,1848.0
31,20,8,3.0,1446.0
31,20,10,3.0,1465.7
31,20,11,1.0,1416.0
31,20,12,1.0,1383.0
31,20,14,2.0,1794.0
31,20,15,6.0,2046.0
31,20,16,4.0,2523.8
31,20,17,2.0,2473.5
31,20,19,3.0,2036.7
31,20,20,3.0,1327.0
31,20,21,1.0,1506.0
31,20,22,3.0,1550.0
31,20,23,7.0,1424.7
31,21,0,12.0,982.5
31,21,1,9.0,1077.2
31,21,2,4.0,1369.5
31,21,6,26.0,1484.6
31,21,7,6.0,1393.0
31,21,8,3.0,1372.7
31,21,9,7.0,1515.9
31,21,10,2.0,1701.0
31,21,11,3.0,1149.7
31,21,12,3.0,1643.3
31,21,13,1.0,860.0
31,21,14,3.0,1120.0
31,21,15,8.0,1728.8
31,21,16,5.0,2734.6
31,21,17,6.0,2057.2
31,21,18,9.0,1740.0
31,21,19,16.0,1664.7
31,21,20,9.0,1415.8
31,21,21,15.0,1423.6
31,21,22,18.0,1133.5
31,21,23,33.0,1120.8
31,22,1,9.0,988.0
31,22,2,24.0,972.6
31,22,3,3.0,1050.3
31,22,4,7.0,852.1
31,23,0,12.0,1028.6
31,23,1,14.0,983.7
31,23,2,11.0,950.3
31,23,3,2.0,2024.5
31,23,4,2.0,1025.0
31,23,5,2.0,1052.5
31,23,6,4.0,985.8
31,23,7,13.0,1680.8
31,23,8,16.0,1301.8
31,23,9,11.0,1288.2
31,23,10,5.0,1096.4
31,23,11,6.0,1209.7
31,23,12,8.0,1236.2
31,23,13,4.0,1064.8
31,23,14,12.0,1338.9
31,23,15,14.0,1729.6
31,23,16,11.0,2154.6
31,23,17,21.0,1720.0
31,23,18,17.0,1405.4
31,23,19,10.0,1304.8
31,23,20,10.0,1183.4
31,23,21,6.0,1154.5
31,23,22,10.0,1131.7
31,23,23,11.0,1022.7
31,24,0,57.0,810.4
31,24,1,27.0,840.5
31,24,2,28.0,763.5
31,24,3,13.0,723.8
31,24,4,10.0,880.9
31,24,5,29.0,878.9
31,24,6,48.0,881.2
31,24,7,47.0,1159.3
31,24,8,102.0,1123.6
31,24,9,82.0,1061.6
31,24,10,83.0,946.0
31,24,11,61.0,1000.7
31,24,12,48.0,1040.0
31,24,13,43.0,1082.4
31,24,14,64.0,1008.8
31,24,15,63.0,1211.5
31,24,16,60.0,1407.4
31,24,17,89.0,1359.8
31,24,18,110.0,1292.8
31,24,19,108.0,1087.9
31,24,20,88.0,917.1
31,24,21,89.0,905.3
31,24,22,155.0,917.4
31,24,23,178.0,875.6
31,25,0,1.0,911.0
31,25,1,3.0,1270.3
31,25,2,3.0,1421.0
31,25,4,4.0,999.5
31,25,5,4.0,1365.5
31,25,6,9.0,1410.3
31,25,7,7.0,1347.4
31,25,8,5.0,1033.8
31,25,9,4.0,1301.8
31,25,10,5.0,1036.0
31,25,11,2.0,1644.0
31,25,12,8.0,1224.2
31,25,13,3.0,1552.7
31,25,14,3.0,1765.3
31,25,15,4.0,2036.2
31,25,16,11.0,2366.4
31,25,17,9.0,2388.8
31,25,18,13.0,1880.5
31,25,19,7.0,1752.7
31,25,20,6.0,1319.3
31,25,21,7.0,1457.0
31,25,22,7.0,1541.6
31,25,23,2.0,1444.5
31,26,0,5.0,649.2
31,26,1,1.0,573.0
31,26,6,1.0,705.0
31,27,1,6.0,923.7
31,27,2,4.0,705.8
31,27,3,3.0,976.0
31,27,4,7.0,540.3
31,27,5,5.0,665.6
31,28,0,63.0,437.3
31,28,1,42.0,453.7
31,28,2,29.0,569.4
31,28,3,30.0,409.5
31,28,4,37.0,460.9
31,28,5,91.0,573.8
31,28,6,246.0,625.3
31,28,7,469.0,772.8
31,28,8,688.0,769.5
31,28,9,539.0,698.0
31,28,10,366.0,621.1
31,28,11,220.0,659.1
31,28,12,263.0,602.0
31,28,13,247.0,619.4
31,28,14,251.0,644.7
31,28,15,261.0,735.1
31,28,16,289.0,733.7
31,28,17,299.0,709.8
31,28,18,299.0,672.4
31,28,19,275.0,630.1
31,28,20,194.0,573.6
31,28,21,199.0,547.4
31,28,22,153.0,494.3
31,28,23,181.0,522.8
31,29,0,12.0,704.1
31,29,1,7.0,704.7
31,29,2,9.0,733.0
31,29,3,2.0,508.0
31,29,4,5.0,584.2
31,29,5,8.0,764.1
31,29,6,12.0,653.8
31,29,7,32.0,731.4
31,29,8,29.0,696.8
31,29,9,14.0,803.6
31,29,10,15.0,701.3
31,29,11,13.0,727.5
31,29,12,16.0,839.3
31,29,13,14.0,792.9
31,29,14,15.0,822.9
31,29,15,20.0,837.9
31,29,16,18.0,871.3
31,29,17,20.0,844.2
31,29,18,35.0,694.4
31,29,19,10.0,410.3
31,29,20,18.0,852.7
31,29,21,8.0,519.8
31,29,22,19.0,814.4
31,29,23,10.0,652.8
31,30,1,26.0,641.9
31,30,2,33.0,579.3
31,30,3,18.0,515.7
31,30,4,20.0,622.3
31,30,5,2.0,571.5
31,31,0,107.0,337.8
31,31,1,80.0,280.0
31,31,2,68.0,308.9
31,31,3,38.0,277.6
31,31,4,30.0,363.3
31,31,5,28.0,330.4
31,31,6,32.0,347.0
31,31,7,137.0,457.2
31,31,8,108.0,401.3
31,31,9,117.0,445.7
31,31,10,99.0,445.6
31,31,11,86.0,339.4
31,31,12,88.0,414.0
31,31,13,69.0,412.9
31,31,14,100.0,503.6
31,31,15,133.0,442.2
31,31,16,124.0,462.0
31,31,17,101.0,532.3
31,31,18,106.0,395.3
31,31,19,145.0,375.2
31,31,20,161.0,360.7
31,31,21,164.0,336.7
31,31,22,172.0,345.3
31,31,23,138.0,344.3
31,32,0,26.0,689.7
31,32,1,21.0,662.8
31,32,2,18.0,697.5
31,32,3,20.0,716.9
31,32,4,60.0,756.1
31,32,5,106.0,750.0
31,32,6,221.0,856.3
31,32,7,471.0,989.3
31,32,8,832.0,1166.6
31,32,9,617.0,1068.7
31,32,10,320.0,989.7
31,32,11,246.0,961.9
31,32,12,234.0,954.6
31,32,13,194.0,981.1
31,32,14,190.0,961.8
31,32,15,178.0,1011.0
31,32,16,176.0,1098.2
31,32,17,182.0,1035.9
31,32,18,168.0,893.6
31,32,19,121.0,854.1
31,32,20,98.0,811.7
31,32,21,121.0,789.5
31,32,22,124.0,767.6
31,32,23,106.0,714.5
31,33,1,10.0,447.7
31,33,2,4.0,501.5
31,33,3,5.0,548.8
31,33,4,3.0,649.3
31,33,5,6.0,575.7
31,34,0,8.0,380.5
31,34,1,4.0,434.2
31,34,2,4.0,423.0
31,34,3,1.0,870.0
31,34,4,1.0,416.0
31,34,6,1.0,677.0
31,35,0,2.0,567.5
31,35,1,4.0,602.2
31,35,2,4.0,834.0
31,35,5,4.0,790.5
31,35,6,2.0,522.0
31,35,7,18.0,850.8
31,35,8,12.0,715.0
31,35,9,8.0,931.9
31,35,10,5.0,603.2
31,35,11,16.0,635.1
31,35,12,11.0,672.5
31,35,13,17.0,794.5
31,35,14,12.0,809.2
31,35,15,12.0,991.4
31,35,16,8.0,722.1
31,35,17,22.0,908.0
31,35,18,21.0,728.4
31,35,19,16.0,661.1
31,35,20,7.0,724.7
31,35,21,10.0,581.7
31,35,22,6.0,629.8
31,35,23,7.0,626.1
31,36,2,1.0,789.0
31,37,0,1.0,655.0
31,37,1,1.0,436.0
31,37,2,1.0,498.0
31,37,4,1.0,584.0
31,37,13,1.0,1078.0
31,37,15,1.0,943.0
31,37,19,1.0,525.0
31,37,20,1.0,912.0
31,37,21,3.0,678.0
31,37,22,1.0,1305.0
31,37,23,1.0,959.0
31,38,0,3.0,850.0
31,38,1,4.0,777.8
31,38,2,10.0,839.8
31,38,5,1.0,920.0
31,38,6,1.0,831.0
31,38,10,2.0,924.5
31,38,11,3.0,829.3
31,38,12,1.0,664.0
31,38,14,1.0,815.0
31,38,20,2.0,794.0
31,38,21,8.0,787.5
31,38,22,3.0,730.7
31,38,23,5.0,985.4
31,39,0,4.0,911.8
31,39,1,2.0,804.5
31,39,2,1.0,907.0
31,39,3,1.0,818.0
31,39,5,1.0,954.0
31,39,6,1.0,732.0
31,39,8,3.0,833.0
31,39,9,3.0,820.3
31,39,10,2.0,625.0
31,39,11,1.0,1429.0
31,39,12,6.0,941.8
31,39,13,2.0,1156.0
31,39,14,1.0,1213.0
31,39,15,6.0,993.5
31,39,16,3.0,1125.0
31,39,17,8.0,1022.8
31,39,18,10.0,936.1
31,39,19,7.0,850.4
31,39,20,3.0,925.3
31,39,21,6.0,1080.5
31,39,22,7.0,843.0
31,39,23,12.0,858.2
31,40,0,2.0,646.0
31,40,2,1.0,479.0
31,40,5,2.0,1471.0
31,40,6,2.0,1154.5
31,40,10,1.0,713.0
31,40,13,1.0,692.0
31,40,14,1.0,900.0
31,40,20,3.0,763.7
31,40,21,1.0,1186.0
31,40,23,2.0,1060.0
31,41,0,15.0,880.3
31,41,1,5.0,884.6
31,41,2,9.0,997.3
31,41,3,2.0,1069.5
31,41,4,2.0,822.5
31,41,5,9.0,977.4
31,41,6,10.0,900.5
31,41,7,14.0,1068.4
31,41,8,40.0,1127.1
31,41,9,28.0,1155.2
31,41,10,25.0,1136.8
31,41,11,14.0,1014.4
31,41,12,14.0,1117.1
31,41,13,8.0,870.6
31,41,14,7.0,1085.0
31,41,15,14.0,1182.4
31,41,16,14.0,1322.6
31,41,17,15.0,1185.7
31,41,18,31.0,1070.7
31,41,19,23.0,1104.4
31,41,20,22.0,1170.1
31,41,21,38.0,1078.4
31,41,22,27.0,913.4
31,41,23,40.0,952.2
31,42,2,3.0,1131.3
31,42,3,2.0,1111.0
31,42,4,3.0,1187.0
31,43,0,6.0,1183.2
31,43,1,7.0,1213.6
31,43,2,3.0,1403.0
31,43,3,3.0,1098.0
31,43,4,2.0,1611.0
31,43,5,2.0,1519.0
31,43,6,8.0,1315.8
31,43,7,9.0,1375.1
31,43,8,8.0,1223.1
31,43,9,4.0,1390.8
31,43,10,1.0,1630.0
31,43,11,2.0,1384.0
31,43,12,4.0,2072.5
31,43,13,3.0,1544.0
31,43,14,6.0,1627.3
31,43,15,7.0,1636.7
31,43,16,12.0,1933.4
31,43,17,11.0,1816.5
31,43,18,13.0,1664.1
31,43,19,12.0,1526.0
31,43,20,5.0,1318.6
31,43,21,4.0,1481.5
31,43,22,14.0,1283.4
31,43,23,10.0,1296.8
31,44,0,1.0,692.0
31,44,2,2.0,967.5
31,44,6,1.0,1980.0
31,44,8,2.0,1019.5
31,44,9,1.0,2002.0
31,44,11,5.0,1582.0
31,44,12,1.0,1967.0
31,44,13,2.0,1037.0
31,44,14,2.0,2123.5
31,44,15,2.0,2522.5
31,44,16,2.0,1758.0
31,44,17,2.0,2383.5
31,44,18,2.0,1931.5
31,44,19,5.0,1608.2
31,44,20,2.0,1082.0
31,44,22,6.0,1163.5
31,45,6,4.0,1487.8
31,45,10,1.0,2037.0
31,45,15,1.0,3387.0
31,45,16,1.0,2264.0
31,46,0,3.0,1382.7
31,46,4,2.0,1592.0
31,46,9,2.0,2031.5
31,46,12,2.0,1656.0
31,46,13,1.0,1657.0
31,46,14,1.0,1390.0
31,46,17,1.0,1703.0
31,46,18,2.0,1838.5
31,46,19,3.0,1340.0
31,46,21,2.0,1669.0
31,47,6,1.0,1234.0
31,47,14,1.0,2397.0
31,47,23,1.0,1117.0
31,49,0,1.0,2469.0
31,49,1,2.0,3683.5
31,49,9,7.0,1944.3
31,49,10,2.0,1846.5
31,49,11,2.0,1561.5
31,49,13,2.0,1201.5
31,49,15,7.0,2940.0
31,49,16,1.0,2536.0
31,49,17,2.0,2649.5
31,49,18,7.0,2704.3
31,49,19,3.0,1752.7
31,49,20,2.0,1378.0
31,49,22,1.0,2120.0
31,49,23,2.0,1422.5
31,50,6,1.0,1458.0
31,50,7,1.0,1130.0
31,50,12,1.0,2473.0
31,50,19,1.0,1969.0
31,51,9,5.0,1505.6
31,51,10,1.0,1146.0
31,51,11,1.0,2219.0
31,51,12,1.0,1200.0
31,54,15,1.0,2353.0
31,54,18,2.0,2582.0
31,54,19,1.0,1374.0
31,54,20,1.0,1406.0
31,55,10,1.0,1726.0
31,55,16,1.0,3399.0
31,55,18,1.0,1609.0
31,55,19,1.0,2597.0
31,56,0,3.0,870.7
31,56,1,1.0,966.0
31,56,2,2.0,988.0
31,56,3,7.0,965.7
31,56,4,35.0,1155.5
31,56,5,38.0,1041.8
31,56,6,34.0,1257.8
31,56,7,21.0,1383.5
31,56,8,16.0,1138.0
31,56,9,10.0,1223.4
31,56,10,28.0,1320.4
31,56,11,17.0,1413.8
31,56,12,14.0,1433.6
31,56,13,22.0,1597.7
31,56,14,21.0,1880.4
31,56,15,25.0,2448.0
31,56,16,26.0,2068.3
31,56,17,23.0,2072.5
31,56,18,21.0,1810.1
31,56,19,11.0,1448.1
31,56,20,17.0,1308.7
31,56,21,14.0,1045.8
31,56,22,8.0,1064.4
31,56,23,6.0,1099.7
31,57,0,2.0,864.0
31,57,1,2.0,1258.0
31,57,2,3.0,686.0
31,57,3,1.0,691.0
31,57,4,8.0,760.2
31,57,5,16.0,841.1
31,57,6,3.0,724.3
31,57,7,13.0,1168.0
31,57,8,12.0,912.3
31,57,9,1.0,876.0
31,57,10,4.0,3526.2
31,57,11,2.0,874.5
31,57,12,5.0,955.2
31,57,13,8.0,925.8
31,57,14,6.0,1500.5
31,57,15,9.0,1685.9
31,57,16,4.0,1638.5
31,57,17,6.0,2309.7
31,57,18,10.0,1527.9
31,57,19,5.0,1214.8
31,57,20,8.0,940.2
31,57,21,7.0,955.4
31,57,22,15.0,1068.7
31,57,23,5.0,1078.6
31,58,0,19.0,695.8
31,58,1,8.0,750.4
31,58,2,4.0,678.0
31,58,3,6.0,645.0
31,58,4,5.0,591.6
31,58,5,11.0,795.9
31,59,0,15.0,469.1
31,59,1,5.0,480.4
31,59,2,8.0,548.6
31,59,4,5.0,309.8
31,59,5,12.0,489.8
31,59,6,27.0,586.5
31,59,7,13.0,523.8
31,59,8,16.0,588.0
31,59,9,27.0,541.5
31,59,10,12.0,451.3
31,59,11,18.0,582.4
31,59,12,19.0,542.8
31,59,13,21.0,539.7
31,59,14,29.0,611.6
31,59,15,24.0,626.8
31,59,16,25.0,679.0
31,59,17,17.0,619.5
31,59,18,22.0,590.6
31,59,19,26.0,536.2
31,59,20,19.0,478.1
31,59,21,32.0,500.7
31,59,22,21.0,509.3
31,59,23,24.0,526.5
31,60,0,45.0,502.0
31,60,1,22.0,508.9
31,60,2,18.0,386.1
31,60,3,10.0,398.5
31,60,4,4.0,644.2
31,60,5,6.0,762.2
31,60,6,22.0,537.1
31,60,7,25.0,667.7
31,60,8,29.0,591.3
31,60,9,25.0,595.7
31,60,10,28.0,574.2
31,60,11,25.0,571.6
31,60,12,20.0,590.6
31,60,13,32.0,581.7
31,60,14,44.0,640.8
31,60,15,31.0,676.4
31,60,16,39.0,825.5
31,60,17,56.0,671.8
31,60,18,49.0,615.0
31,60,19,41.0,538.3
31,60,20,42.0,519.6
31,60,21,43.0,527.5
31,60,22,37.0,560.2
31,60,23,50.0,511.7
31,61,0,11.0,648.7
31,61,1,8.0,691.2
31,61,2,8.0,664.0
31,61,3,7.0,709.3
31,61,4,4.0,768.0
31,61,5,4.0,720.8
31,61,6,18.0,895.4
31,61,7,36.0,825.5
31,61,8,23.0,797.5
31,61,9,23.0,880.0
31,61,10,9.0,981.2
31,61,11,14.0,867.1
31,61,12,10.0,945.9
31,61,13,28.0,931.6
31,61,14,16.0,977.2
31,61,15,34.0,1154.0
31,61,16,28.0,1076.4
31,61,17,24.0,1178.7
31,61,18,32.0,968.9
31,61,19,31.0,817.1
31,61,20,37.0,808.8
31,61,21,18.0,869.9
31,61,22,11.0,678.2
31,61,23,17.0,631.1
31,62,0,2.0,1027.0
31,62,1,5.0,1040.6
31,62,2,2.0,1497.5
31,62,3,1.0,972.0
31,62,4,1.0,904.0
31,62,5,1.0,816.0
31,62,6,1.0,908.0
31,62,7,6.0,1220.0
31,62,9,3.0,943.0
31,62,10,8.0,1210.2
31,62,11,4.0,1208.0
31,62,12,2.0,1214.0
31,62,13,3.0,1395.0
31,62,14,3.0,1780.0
31,62,15,2.0,2240.5
31,62,16,10.0,1950.5
31,62,17,8.0,1760.4
31,62,18,7.0,1457.1
31,62,19,8.0,1638.8
31,62,20,8.0,1136.9
31,62,21,5.0,1099.4
31,62,22,14.0,1083.6
31,62,23,7.0,1245.6
31,63,0,8.0,941.8
31,63,1,4.0,808.0
31,63,2,6.0,1065.7
31,63,3,1.0,1452.0
31,63,4,4.0,826.0
31,63,6,6.0,1011.7
31,63,7,15.0,1067.7
31,63,8,5.0,1143.6
31,63,9,8.0,1198.6
31,63,10,7.0,1015.6
31,63,11,5.0,897.6
31,63,12,8.0,1135.0
31,63,13,15.0,1166.2
31,63,14,17.0,1447.6
31,63,15,11.0,1705.3
31,63,16,15.0,1661.9
31,63,17,23.0,1530.9
31,63,18,29.0,1408.6
31,63,19,20.0,1275.4
31,63,20,13.0,1074.3
31,63,21,13.0,1070.4
31,63,22,11.0,1070.2
31,63,23,16.0,1006.7
31,64,1,5.0,1136.4
31,64,2,5.0,1102.0
31,65,0,6.0,1577.0
31,65,1,1.0,1135.0
31,65,2,1.0,1409.0
31,65,3,8.0,1282.2
31,65,4,1.0,1464.0
31,65,5,2.0,987.0
31,65,6,1.0,1185.0
31,66,0,7.0,1324.0
31,66,1,2.0,1139.5
31,66,2,5.0,990.2
31,66,3,4.0,1148.8
31,66,5,1.0,644.0
31,66,6,1.0,1490.0
31,66,7,1.0,1329.0
31,66,8,1.0,1269.0
31,66,9,5.0,1433.6
31,66,10,1.0,1682.0
31,66,11,5.0,1628.0
31,66,12,3.0,1152.3
31,66,13,5.0,1312.0
31,66,14,14.0,1787.5
31,66,15,8.0,2037.0
31,66,16,13.0,1957.6
31,66,17,11.0,1763.6
31,66,18,10.0,1740.5
31,66,19,21.0,1563.8
31,66,20,12.0,1461.5
31,66,21,10.0,1503.3
31,66,22,15.0,1349.3
31,66,23,7.0,1275.9
31,67,0,6.0,1418.8
31,67,1,2.0,1021.0
31,67,2,4.0,906.0
31,67,5,3.0,1244.7
31,67,7,2.0,1297.0
31,67,8,1.0,1005.0
31,67,9,4.0,1319.2
31,67,10,3.0,1480.7
31,67,11,2.0,1363.5
31,67,12,8.0,1429.5
31,67,13,4.0,1605.2
31,67,14,11.0,1378.9
31,67,15,3.0,1461.7
31,67,16,6.0,1563.0
31,67,17,5.0,1324.6
31,67,18,8.0,1344.8
31,67,19,7.0,1452.3
31,67,20,9.0,1343.0
31,67,21,5.0,1234.6
31,67,22,6.0,1256.2
31,67,23,2.0,790.5
31,68,2,1.0,873.0
31,68,4,4.0,1215.0
31,69,1,2.0,803.0
31,69,2,1.0,806.0
31,69,3,1.0,1038.0
31,69,4,2.0,1168.0
31,70,0,4.0,1356.5
31,70,1,1.0,1477.0
31,70,2,1.0,1641.0
31,70,3,2.0,1287.5
31,70,6,1.0,1580.0
31,70,7,5.0,1844.6
31,70,8,1.0,2119.0
31,70,9,2.0,2012.0
31,70,10,5.0,1426.8
31,70,11,4.0,1345.0
31,70,12,4.0,1736.2
31,70,13,1.0,1625.0
31,70,14,2.0,2545.5
31,70,15,2.0,2446.0
31,70,16,3.0,2777.7
31,70,17,2.0,2525.5
31,70,18,5.0,2265.2
31,70,19,3.0,1772.0
31,70,20,1.0,1764.0
31,70,21,2.0,1651.5
31,70,22,4.0,1550.8
31,70,23,6.0,1514.3
31,71,1,2.0,1196.5
31,71,4,2.0,1668.5
31,71,5,2.0,1395.0
31,72,0,1.0,1377.0
31,72,2,1.0,1026.0
31,72,8,1.0,3340.0
31,72,14,4.0,2478.5
31,72,17,1.0,2563.0
31,72,19,1.0,1850.0
31,72,20,2.0,1422.5
31,72,22,1.0,1479.0
31,72,23,3.0,2177.0
31,73,0,2.0,1143.0
31,73,4,1.0,1247.0
31,73,7,3.0,2139.3
31,73,8,6.0,1277.2
31,73,9,3.0,1341.7
31,73,11,2.0,2298.0
31,73,13,1.0,1660.0
31,73,14,2.0,2863.0
31,73,15,2.0,1929.5
31,73,16,3.0,3193.7
31,73,17,1.0,2072.0
31,73,18,1.0,1907.0
31,73,19,1.0,2003.0
31,73,20,1.0,2135.0
31,73,21,1.0,1162.0
31,73,22,3.0,1412.0
31,73,23,2.0,1298.5
31,74,5,2.0,1674.5
31,74,13,1.0,2138.0
31,74,21,1.0,2141.0
31,76,0,1.0,1517.0
31,76,1,1.0,2000.0
31,76,2,12.0,1840.4
31,76,3,34.0,1720.7
31,76,4,51.0,1656.0
31,76,5,54.0,2220.4
31,76,6,50.0,3013.3
31,76,7,4.0,3559.5
31,76,8,4.0,3058.2
31,76,9,13.0,2317.0
31,76,10,23.0,2187.2
31,76,11,21.0,2583.7
31,76,12,28.0,2723.0
31,76,13,22.0,3043.9
31,76,14,17.0,3305.5
31,76,15,4.0,3652.8
31,76,16,6.0,3814.0
31,76,17,5.0,3352.4
31,76,18,2.0,2207.0
31,76,19,6.0,2086.2
31,76,20,3.0,2240.3
31,76,21,2.0,2145.5
31,76,22,1.0,2022.0
31,76,23,1.0,1431.0
31,77,1,1.0,1329.0
31,77,2,3.0,1368.0
32,1,0,61.0,1422.2
32,1,1,22.0,1470.4
32,1,2,11.0,1255.5
32,1,3,12.0,1238.1
32,1,4,4.0,1577.2
32,1,5,3.0,1119.7
32,1,6,2.0,1108.5
32,1,7,9.0,1614.4
32,1,8,12.0,1434.5
32,1,9,20.0,1458.3
32,1,10,25.0,1654.4
32,1,11,31.0,1589.6
32,1,12,37.0,1588.5
32,1,13,41.0,1545.9
32,1,14,48.0,1738.1
32,1,15,72.0,1798.3
32,1,16,79.0,1985.4
32,1,17,70.0,2300.8
32,1,18,108.0,1850.8
32,1,19,129.0,1668.9
32,1,20,136.0,1538.8
32,1,21,140.0,1515.9
32,1,22,109.0,1586.0
32,1,23,98.0,1451.0
32,2,0,22.0,1675.2
32,2,1,5.0,1464.0
32,2,3,1.0,1705.0
32,2,4,6.0,1272.8
32,2,5,3.0,1449.3
32,3,0,108.0,998.3
32,3,1,46.0,1037.8
32,3,2,22.0,1043.0
32,3,3,13.0,1017.0
32,3,4,13.0,820.6
32,3,5,14.0,847.3
32,3,6,15.0,1153.9
32,3,7,21.0,1112.6
32,3,8,43.0,1138.6
32,3,9,46.0,1265.4
32,3,10,55.0,1106.9
32,3,11,72.0,1124.4
32,3,12,122.0,1129.6
32,3,13,104.0,1149.2
32,3,14,117.0,1139.3
32,3,15,190.0,1260.4
32,3,16,324.0,1440.0
32,3,17,317.0,1715.2
32,3,18,346.0,1487.0
32,3,19,435.0,1162.7
32,3,20,444.0,1072.4
32,3,21,361.0,1078.4
32,3,22,274.0,1023.7
32,3,23,212.0,1001.3
32,4,0,28.0,1219.7
32,4,1,18.0,1089.4
32,4,2,11.0,1136.3
32,4,3,12.0,1159.2
32,4,4,2.0,1405.5
32,4,5,4.0,1113.5
32,4,6,4.0,2024.2
32,4,7,5.0,1636.4
32,4,8,9.0,1528.4
32,4,9,19.0,1279.5
32,4,10,21.0,1526.6
32,4,11,24.0,1659.3
32,4,12,40.0,1616.0
32,4,13,54.0,1654.2
32,4,14,49.0,1653.0
32,4,15,62.0,1885.7
32,4,16,89.0,1982.1
32,4,17,98.0,2332.2
32,4,18,162.0,1970.6
32,4,19,167.0,1606.4
32,4,20,155.0,1434.3
32,4,21,170.0,1397.0
32,4,22,137.0,1307.5
32,4,23,85.0,1304.5
32,5,0,27.0,870.0
32,5,1,16.0,968.3
32,5,2,13.0,1033.5
32,5,3,6.0,1005.5
32,5,4,4.0,1008.8
32,5,5,3.0,912.3
32,5,6,19.0,1212.5
32,5,7,25.0,1288.8
32,5,8,35.0,1202.6
32,5,9,23.0,1372.1
32,5,10,32.0,1358.8
32,5,11,47.0,1375.1
32,5,12,49.0,1327.1
32,5,13,73.0,1400.0
32,5,14,89.0,1412.7
32,5,15,118.0,1582.3
32,5,16,176.0,1883.5
32,5,17,210.0,2127.5
32,5,18,255.0,1708.6
32,5,19,311.0,1313.5
32,5,20,244.0,1140.3
32,5,21,170.0,1240.3
32,5,22,142.0,1110.1
32,5,23,85.0,1051.3
32,6,0,301.0,949.3
32,6,1,158.0,905.3
32,6,2,93.0,822.8
32,6,3,41.0,771.6
32,6,4,29.0,812.1
32,6,5,26.0,844.7
32,6,6,64.0,912.5
32,6,7,10.0,998.5
32,6,9,19.0,935.6
32,6,10,128.0,1136.7
32,6,11,215.0,1072.1
32,6,12,192.0,1125.3
32,6,13,180.0,1021.5
32,6,14,125.0,1036.8
32,6,19,157.0,1014.1
32,6,20,782.0,991.7
32,6,21,768.0,956.1
32,6,22,529.0,924.0
32,6,23,463.0,902.6
32,7,0,207.0,766.1
32,7,1,107.0,743.1
32,7,2,41.0,735.3
32,7,3,24.0,739.9
32,7,4,11.0,674.1
32,7,5,22.0,745.3
32,7,6,54.0,777.0
32,7,7,86.0,962.8
32,7,8,127.0,985.3
32,7,9,242.0,1025.1
32,7,10,273.0,1014.2
32,7,11,344.0,1022.3
32,7,12,401.0,999.7
32,7,13,469.0,1022.0
32,7,14,569.0,993.2
32,7,15,657.0,1080.1
32,7,16,971.0,1226.9
32,7,17,1343.0,1472.2
32,7,18,1655.0,1223.8
32,7,19,1689.0,1000.7
32,7,20,1262.0,904.5
32,7,21,984.0,903.3
32,7,22,747.0,854.6
32,7,23,397.0,827.9
32,8,0,735.0,452.1
32,8,1,382.0,448.8
32,8,2,192.0,410.8
32,8,3,105.0,424.2
32,8,4,76.0,395.1
32,8,5,155.0,466.9
32,8,6,508.0,543.3
32,8,7,119.0,584.3
32,8,9,179.0,781.7
32,8,10,1030.0,683.9
32,8,11,2027.0,663.0
32,8,12,1460.0,663.6
32,8,13,1142.0,599.9
32,8,14,801.0,658.5
32,8,20,1744.0,533.7
32,8,21,1617.0,526.6
32,8,22,1167.0,501.2
32,8,23,1121.0,476.7
32,9,1,1.0,1493.0
32,10,0,1.0,1405.0
32,10,1,6.0,1402.5
32,10,3,3.0,1424.7
32,10,5,1.0,2463.0
32,11,0,6.0,1178.0
32,11,1,8.0,1095.5
32,11,2,1.0,1244.0
32,11,4,2.0,1469.0
32,11,5,2.0,3050.0
32,11,7,2.0,2174.5
32,11,8,7.0,1699.1
32,11,9,2.0,1698.5
32,11,10,12.0,1535.7
32,11,11,6.0,1753.5
32,11,12,6.0,1963.7
32,11,13,7.0,2381.1
32,11,14,8.0,1984.1
32,11,15,5.0,3015.4
32,11,16,5.0,2799.2
32,11,17,4.0,1768.8
32,11,18,8.0,1920.5
32,11,19,17.0,1254.4
32,11,20,31.0,1165.7
32,11,21,34.0,1282.6
32,11,22,17.0,1114.5
32,11,23,22.0,1250.4
32,12,0,3.0,1059.7
32,12,1,2.0,1352.0
32,12,2,3.0,821.3
32,12,8,1.0,2227.0
32,12,9,2.0,1471.5
32,12,10,2.0,1110.5
32,12,11,7.0,1845.0
32,12,12,6.0,1786.7
32,12,13,10.0,1798.1
32,12,14,6.0,1714.2
32,12,15,9.0,1902.6
32,12,16,7.0,2505.4
32,12,17,11.0,2445.5
32,12,18,12.0,1935.1
32,12,19,24.0,1388.5
32,12,20,20.0,1282.3
32,12,21,28.0,1449.8
32,12,22,21.0,1272.1
32,12,23,12.0,1230.4
32,13,0,3.0,1268.7
32,13,1,2.0,1237.5
32,13,2,3.0,1160.0
32,13,3,1.0,1693.0
32,13,4,1.0,1432.0
32,13,6,1.0,2619.0
32,13,7,1.0,1984.0
32,13,8,6.0,1965.5
32,13,9,8.0,1605.0
32,13,10,7.0,2014.9
32,13,11,8.0,1798.0
32,13,12,15.0,1977.8
32,13,13,7.0,1711.1
32,13,14,8.0,2155.6
32,13,15,12.0,2269.8
32,13,16,17.0,2457.8
32,13,17,18.0,2497.8
32,13,18,14.0,2148.2
32,13,19,13.0,1688.5
32,13,20,15.0,1443.3
32,13,21,9.0,1524.0
32,13,22,12.0,1792.9
32,13,23,6.0,1681.5
32,14,0,25.0,1253.4
32,14,1,20.0,1077.0
32,14,2,13.0,1153.9
32,14,3,7.0,1310.6
32,14,4,2.0,999.5
32,14,5,1.0,955.0
32,14,6,1.0,1379.0
32,14,11,1.0,1776.0
32,14,20,23.0,1268.2
32,14,21,5.0,1519.2
32,14,22,6.0,1201.3
32,14,23,22.0,1252.3
32,15,0,13.0,1406.2
32,15,1,8.0,1199.4
32,15,2,10.0,1501.9
32,15,3,1.0,2061.0
32,15,4,1.0,1066.0
32,15,5,3.0,1185.7
32,16,0,33.0,1009.1
32,16,1,20.0,899.4
32,16,2,13.0,852.2
32,16,3,4.0,915.5
32,16,4,6.0,807.5
32,16,5,8.0,1168.8
32,16,6,4.0,1514.8
32,16,7,25.0,1526.0
32,16,8,12.0,1301.9
32,16,9,15.0,1255.7
32,16,10,16.0,1591.5
32,16,11,27.0,1621.4
32,16,12,27.0,1653.1
32,16,13,41.0,1455.0
32,16,14,47.0,1589.3
32,16,15,62.0,1754.9
32,16,16,63.0,1964.3
32,16,17,98.0,2174.7
32,16,18,153.0,1638.2
32,16,19,177.0,1260.5
32,16,20,158.0,1206.8
32,16,21,102.0,1201.2
32,16,22,105.0,1168.9
32,16,23,69.0,995.7
32,17,0,5.0,1889.8
32,17,2,1.0,1228.0
32,17,4,1.0,1643.0
32,17,6,1.0,1769.0
32,17,7,2.0,3112.5
32,17,8,2.0,1984.5
32,17,9,4.0,2106.5
32,17,10,7.0,2091.9
32,17,11,5.0,1918.2
32,17,12,4.0,2092.0
32,17,13,5.0,2111.4
32,17,14,4.0,2664.8
32,17,15,11.0,2947.5
32,17,16,13.0,3078.4
32,17,17,3.0,3746.7
32,17,18,10.0,2695.9
32,17,19,12.0,2307.9
32,17,20,9.0,1778.2
32,17,21,6.0,1894.7
32,17,22,10.0,1912.4
32,17,23,6.0,1892.2
32,18,2,1.0,1377.0
32,18,7,1.0,3053.0
32,18,8,4.0,2009.0
32,18,10,2.0,2162.0
32,18,11,1.0,3234.0
32,18,12,1.0,3076.0
32,18,13,2.0,2260.0
32,18,14,1.0,3052.0
32,18,15,4.0,2684.5
32,18,16,6.0,3163.2
32,18,17,2.0,3171.5
32,18,18,2.0,2995.0
32,18,19,4.0,2464.8
32,18,20,8.0,1964.5
32,18,21,2.0,2427.0
32,18,22,2.0,1511.5
32,18,23,4.0,1714.0
32,19,0,9.0,1390.1
32,19,1,6.0,1353.5
32,19,2,3.0,1218.0
32,19,6,1.0,1440.0
32,19,23,7.0,1419.4
32,20,0,7.0,1357.6
32,20,1,5.0,1331.4
32,20,2,6.0,973.2
32,20,3,6.0,1108.3
32,20,4,2.0,1292.0
32,20,6,2.0,1337.0
32,20,7,1.0,1826.0
32,20,8,4.0,1549.2
32,20,9,3.0,1524.0
32,20,10,8.0,1920.8
32,20,11,6.0,1384.5
32,20,12,11.0,1551.8
32,20,13,12.0,1495.7
32,20,14,10.0,1709.4
32,20,15,23.0,2374.3
32,20,16,20.0,2520.3
32,20,17,16.0,2489.6
32,20,18,14.0,2077.3
32,20,19,20.0,1771.7
32,20,20,21.0,1511.0
32,20,21,13.0,1392.5
32,20,22,13.0,1383.8
32,20,23,17.0,1324.4
32,21,0,40.0,869.6
32,21,1,21.0,817.7
32,21,2,23.0,795.5
32,21,3,4.0,773.2
32,21,4,2.0,969.0
32,21,5,4.0,1818.2
32,21,6,3.0,1005.3
32,21,23,27.0,995.7
32,22,1,61.0,797.2
32,22,2,40.0,852.1
32,22,3,22.0,898.9
32,22,4,17.0,768.0
32,23,0,37.0,1149.2
32,23,1,18.0,1036.7
32,23,2,11.0,1129.8
32,23,3,5.0,990.8
32,23,4,1.0,1224.0
32,23,5,1.0,926.0
32,23,6,8.0,1176.6
32,23,7,39.0,1208.2
32,23,8,16.0,1287.4
32,23,9,27.0,1245.3
32,23,10,30.0,1160.7
32,23,11,23.0,1280.8
32,23,12,46.0,1341.0
32,23,13,36.0,1409.3
32,23,14,40.0,1535.0
32,23,15,65.0,1695.5
32,23,16,66.0,1940.1
32,23,17,77.0,1918.3
32,23,18,110.0,1442.6
32,23,19,71.0,1288.5
32,23,20,63.0,1296.2
32,23,21,66.0,1311.0
32,23,22,51.0,1231.1
32,23,23,54.0,1151.0
32,24,0,234.0,646.2
32,24,1,118.0,1040.5
32,24,2,75.0,602.9
32,24,3,44.0,556.8
32,24,4,19.0,611.9
32,24,5,28.0,627.5
32,24,6,54.0,737.6
32,24,7,132.0,813.6
32,24,8,193.0,880.0
32,24,9,242.0,908.9
32,24,10,336.0,861.1
32,24,11,407.0,929.7
32,24,12,414.0,1024.8
32,24,13,533.0,982.9
32,24,14,592.0,966.1
32,24,15,827.0,1009.2
32,24,16,1275.0,1208.3
32,24,17,1788.0,1377.5
32,24,18,1931.0,1118.7
32,24,19,1589.0,881.6
32,24,20,1352.0,819.0
32,24,21,1135.0,816.0
32,24,22,874.0,772.5
32,24,23,546.0,713.9
32,25,0,33.0,1064.2
32,25,1,10.0,1007.5
32,25,2,7.0,1015.9
32,25,3,5.0,1038.8
32,25,4,2.0,744.0
32,25,5,2.0,1041.5
32,25,6,18.0,962.9
32,25,7,23.0,1204.5
32,25,8,4.0,871.5
32,25,9,17.0,1238.6
32,25,10,25.0,1264.6
32,25,11,36.0,1468.9
32,25,12,29.0,1572.1
32,25,13,34.0,1610.5
32,25,14,37.0,1914.7
32,25,15,37.0,1999.7
32,25,16,15.0,1893.5
32,25,17,13.0,2136.5
32,25,18,40.0,1847.3
32,25,19,46.0,1366.1
32,25,20,52.0,1323.9
32,25,21,43.0,1244.0
32,25,22,38.0,1255.1
32,25,23,50.0,1201.1
32,26,0,5.0,766.4
32,26,1,5.0,861.6
32,26,2,3.0,636.0
32,26,3,2.0,730.0
32,26,5,1.0,524.0
32,26,6,1.0,660.0
32,26,7,3.0,758.3
32,26,8,1.0,1332.0
32,26,9,7.0,1450.4
32,26,10,2.0,835.0
32,26,11,8.0,1153.1
32,26,12,12.0,1079.8
32,26,13,10.0,1283.1
32,26,14,7.0,1500.0
32,26,15,13.0,1386.3
32,26,16,28.0,1804.1
32,26,17,20.0,1779.4
32,26,18,14.0,1224.2
32,26,19,21.0,1002.2
32,26,20,15.0,963.4
32,26,21,7.0,941.9
32,26,22,12.0,927.7
32,26,23,13.0,912.8
32,27,0,15.0,674.5
32,27,1,12.0,819.5
32,27,2,6.0,704.2
32,27,3,3.0,586.7
32,27,5,1.0,462.0
32,27,6,2.0,660.0
32,27,7,36.0,876.8
32,27,8,43.0,961.7
32,27,9,24.0,936.0
32,27,10,35.0,822.1
32,27,11,30.0,888.2
32,27,12,40.0,848.8
32,27,13,34.0,918.4
32,27,14,52.0,1098.7
32,27,15,43.0,1207.2
32,27,16,46.0,1208.7
32,27,17,47.0,1216.6
32,27,18,38.0,1066.5
32,27,19,41.0,819.4
32,27,20,38.0,723.3
32,27,21,38.0,764.4
32,27,22,27.0,751.4
32,27,23,31.0,802.9
32,28,1,155.0,415.2
32,28,2,102.0,442.3
32,28,3,58.0,354.1
32,28,4,38.0,431.3
32,29,0,23.0,873.6
32,29,1,18.0,878.7
32,29,2,9.0,833.7
32,29,3,9.0,721.6
32,29,4,4.0,755.5
32,29,5,23.0,747.6
32,29,6,28.0,825.0
32,29,7,4.0,903.5
32,29,9,17.0,998.2
32,29,10,41.0,952.0
32,29,11,32.0,1025.8
32,29,12,36.0,1009.5
32,29,13,36.0,1218.3
32,29,14,23.0,1168.2
32,29,15,5.0,1236.4
32,29,16,8.0,1190.2
32,29,17,6.0,1152.2
32,29,18,3.0,1232.7
32,29,19,16.0,973.0
32,29,20,16.0,901.9
32,29,21,34.0,1012.1
32,29,22,23.0,884.0
32,29,23,47.0,847.5
32,30,0,40.0,1118.5
32,30,1,29.0,1045.8
32,30,2,12.0,1035.3
32,30,3,9.0,838.6
32,30,4,6.0,901.7
32,30,5,5.0,1026.2
32,30,6,10.0,976.4
32,30,7,11.0,1195.5
32,30,8,29.0,1179.1
32,30,9,42.0,1220.4
32,30,10,39.0,1204.3
32,30,11,39.0,1189.3
32,30,12,34.0,1273.7
32,30,13,40.0,1510.8
32,30,14,59.0,1606.8
32,30,15,58.0,1715.1
32,30,16,74.0,1862.7
32,30,17,62.0,1811.0
32,30,18,64.0,1421.3
32,30,19,81.0,1229.5
32,30,20,75.0,1188.7
32,30,21,66.0,1099.9
32,30,22,42.0,1101.6
32,30,23,43.0,1068.2
32,31,0,117.0,651.5
32,31,1,59.0,693.8
32,31,2,29.0,623.1
32,31,3,17.0,586.5
32,31,4,8.0,660.2
32,31,5,8.0,660.6
32,31,6,19.0,777.2
32,31,7,43.0,887.9
32,31,8,89.0,849.5
32,31,9,66.0,865.8
32,31,10,90.0,867.3
32,31,11,112.0,824.9
32,31,12,151.0,856.1
32,31,13,138.0,934.3
32,31,14,165.0,1046.8
32,31,15,212.0,1087.7
32,31,16,292.0,1089.4
32,31,17,427.0,1215.7
32,31,18,413.0,963.5
32,31,19,440.0,855.8
32,31,20,344.0,791.5
32,31,21,245.0,792.1
32,31,22,267.0,769.9
32,31,23,177.0,754.8
32,32,0,142.0,356.0
32,32,1,215.0,331.7
32,32,2,118.0,353.5
32,32,3,82.0,311.6
32,32,4,62.0,340.7
32,32,5,134.0,366.8
32,33,0,141.0,446.4
32,33,1,70.0,473.1
32,33,2,42.0,455.1
32,33,3,19.0,508.1
32,33,4,11.0,473.1
32,33,5,29.0,529.2
32,33,6,166.0,543.0
32,33,7,227.0,597.9
32,33,8,59.0,613.5
32,33,9,546.0,659.1
32,33,10,511.0,639.2
32,33,11,723.0,780.3
32,33,12,550.0,661.0
32,33,13,510.0,641.7
32,33,14,516.0,646.8
32,33,15,453.0,632.9
32,33,16,160.0,653.2
32,33,17,259.0,741.2
32,33,18,230.0,571.8
32,33,19,432.0,560.0
32,33,20,590.0,542.2
32,33,21,534.0,548.5
32,33,22,416.0,535.1
32,33,23,223.0,500.1
32,34,0,25.0,600.0
32,34,1,23.0,606.7
32,34,2,18.0,603.1
32,34,3,10.0,594.9
32,34,4,3.0,987.7
32,34,5,2.0,834.0
32,34,6,1.0,583.0
32,34,23,20.0,696.1
32,35,0,42.0,731.0
32,35,1,31.0,733.7
32,35,2,22.0,663.1
32,35,4,2.0,608.5
32,35,5,10.0,613.3
32,35,6,10.0,653.5
32,35,7,49.0,733.3
32,35,8,77.0,776.0
32,35,9,66.0,823.0
32,35,10,75.0,835.0
32,35,11,82.0,837.1
32,35,12,116.0,866.1
32,35,13,110.0,841.5
32,35,14,138.0,955.2
32,35,15,140.0,940.6
32,35,16,197.0,1032.3
32,35,17,290.0,1119.3
32,35,18,196.0,906.5
32,35,19,182.0,816.5
32,35,20,167.0,776.8
32,35,21,151.0,727.3
32,35,22,116.0,734.3
32,35,23,104.0,682.8
32,36,0,5.0,1075.4
32,36,1,10.0,803.1
32,36,2,3.0,841.0
32,36,6,2.0,735.0
32,36,7,2.0,1268.5
32,36,8,2.0,759.5
32,36,9,10.0,1037.6
32,36,10,10.0,816.1
32,36,11,10.0,942.0
32,36,12,15.0,937.7
32,36,13,17.0,1064.4
32,36,14,13.0,809.5
32,36,15,21.0,929.0
32,36,16,34.0,1068.9
32,36,17,40.0,1228.0
32,36,18,33.0,1028.9
32,36,19,30.0,888.2
32,36,20,26.0,827.6
32,36,21,20.0,851.9
32,36,22,16.0,705.1
32,36,23,20.0,874.2
32,37,0,1.0,1058.0
32,37,1,1.0,561.0
32,37,10,1.0,590.0
32,37,11,2.0,1244.0
32,37,12,4.0,1059.2
32,37,13,1.0,1143.0
32,37,14,1.0,578.0
32,37,15,1.0,1177.0
32,37,19,1.0,775.0
32,37,20,1.0,732.0
32,37,21,1.0,1228.0
32,37,22,6.0,863.5
32,38,0,19.0,868.7
32,38,1,10.0,731.3
32,38,2,15.0,836.7
32,38,3,2.0,613.0
32,38,4,4.0,795.5
32,38,5,7.0,758.7
32,38,6,11.0,977.6
32,38,7,16.0,1008.4
32,38,8,19.0,952.1
32,38,9,18.0,985.2
32,38,10,16.0,1049.7
32,38,11,46.0,1009.0
32,38,12,48.0,1050.5
32,38,13,38.0,1044.4
32,38,14,66.0,1221.6
32,38,15,94.0,1272.6
32,38,16,111.0,1285.4
32,38,17,106.0,1262.5
32,38,18,96.0,1131.3
32,38,19,89.0,1073.0
32,38,20,81.0,1032.4
32,38,21,73.0,960.2
32,38,22,59.0,951.4
32,38,23,38.0,972.7
32,39,0,30.0,927.8
32,39,1,22.0,1053.7
32,39,2,11.0,799.7
32,39,3,5.0,807.2
32,39,4,5.0,650.8
32,39,5,2.0,668.5
32,39,6,4.0,785.0
32,39,7,6.0,1075.2
32,39,8,19.0,1013.9
32,39,9,20.0,1071.3
32,39,10,33.0,958.8
32,39,11,45.0,1042.4
32,39,12,45.0,1064.4
32,39,13,42.0,1018.8
32,39,14,69.0,1147.4
32,39,15,84.0,1086.5
32,39,16,75.0,1207.2
32,39,17,146.0,1288.5
32,39,18,134.0,1108.4
32,39,19,134.0,971.3
32,39,20,124.0,925.1
32,39,21,123.0,927.5
32,39,22,75.0,904.8
32,39,23,66.0,936.7
32,40,1,5.0,915.2
32,40,2,6.0,946.7
32,40,3,1.0,842.0
32,40,4,1.0,836.0
32,41,0,55.0,981.8
32,41,1,24.0,950.8
32,41,2,17.0,882.4
32,41,3,8.0,885.8
32,41,5,12.0,905.9
32,41,6,57.0,1000.8
32,41,7,316.0,1217.2
32,41,8,539.0,1213.4
32,41,9,461.0,1138.2
32,41,10,417.0,1109.2
32,41,11,523.0,1111.2
32,41,12,373.0,1128.4
32,41,13,365.0,1122.6
32,41,14,230.0,1199.5
32,41,15,254.0,1217.8
32,41,16,258.0,1375.5
32,41,17,320.0,1410.6
32,41,18,291.0,1217.6
32,41,19,279.0,1086.8
32,41,20,282.0,1081.4
32,41,21,236.0,1027.4
32,41,22,184.0,1013.4
32,41,23,117.0,974.1
32,42,0,22.0,1144.2
32,42,1,16.0,1242.1
32,42,2,6.0,1060.5
32,42,3,3.0,1020.0
32,42,5,2.0,970.5
32,42,6,11.0,1133.1
32,42,7,10.0,1124.8
32,42,8,10.0,1127.3
32,42,9,38.0,1164.1
32,42,10,47.0,1176.3
32,42,11,42.0,1176.4
32,42,12,32.0,1228.8
32,42,13,35.0,1374.7
32,42,14,28.0,1248.3
32,42,15,40.0,1334.4
32,42,16,12.0,1402.8
32,42,17,17.0,1513.2
32,42,18,22.0,1275.1
32,42,19,41.0,1303.0
32,42,20,53.0,1242.2
32,42,21,35.0,1236.2
32,42,22,41.0,1246.8
32,42,23,41.0,1088.3
32,43,0,49.0,1215.9
32,43,1,24.0,1148.8
32,43,2,13.0,1210.5
32,43,3,7.0,1230.7
32,43,4,3.0,914.3
32,43,5,6.0,1074.0
32,43,6,15.0,1321.6
32,43,7,17.0,1329.5
32,43,8,21.0,1438.0
32,43,9,23.0,1434.3
32,43,10,25.0,1480.0
32,43,11,44.0,1377.5
32,43,12,28.0,1314.8
32,43,13,44.0,1392.2
32,43,14,51.0,1543.6
32,43,15,57.0,1681.5
32,43,16,68.0,1721.7
32,43,17,93.0,1874.5
32,43,18,73.0,1514.2
32,43,19,92.0,1494.0
32,43,20,96.0,1401.1
32,43,21,88.0,1361.0
32,43,22,73.0,1303.4
32,43,23,49.0,1282.8
32,44,0,10.0,1236.0
32,44,1,7.0,1007.6
32,44,2,8.0,1248.1
32,44,4,1.0,1205.0
32,44,5,3.0,1091.0
32,44,6,3.0,964.7
32,44,7,6.0,1187.0
32,44,8,4.0,1566.0
32,44,9,7.0,1242.7
32,44,10,13.0,1479.5
32,44,11,12.0,1499.5
32,44,12,22.0,1571.4
32,44,13,13.0,1441.7
32,44,14,19.0,2175.2
32,44,15,21.0,2503.9
32,44,16,30.0,2336.4
32,44,17,39.0,2488.5
32,44,18,21.0,1925.3
32,44,19,25.0,1833.4
32,44,20,24.0,1492.0
32,44,21,25.0,1311.8
32,44,22,21.0,1363.7
32,44,23,26.0,1302.8
32,45,0,4.0,1488.0
32,45,7,2.0,1304.5
32,45,8,1.0,1809.0
32,45,9,2.0,1891.0
32,45,10,2.0,1645.0
32,45,11,6.0,1605.8
32,45,12,6.0,1810.2
32,45,13,2.0,1733.0
32,45,14,5.0,1810.8
32,45,15,6.0,2303.5
32,45,16,12.0,2524.6
32,45,17,11.0,2218.6
32,45,18,8.0,1829.4
32,45,19,7.0,1793.6
32,45,20,11.0,1695.4
32,45,21,5.0,1616.8
32,45,22,6.0,1636.3
32,45,23,5.0,1562.6
32,46,0,9.0,1698.0
32,46,1,14.0,1869.0
32,46,2,3.0,1484.3
32,46,3,2.0,1233.0
32,46,4,1.0,1170.0
32,46,6,3.0,1885.7
32,46,10,1.0,1479.0
32,46,11,3.0,1797.3
32,46,12,2.0,1564.0
32,46,13,1.0,1552.0
32,46,20,4.0,1859.5
32,46,21,13.0,1645.2
32,46,22,4.0,1630.8
32,46,23,7.0,1578.4
32,47,0,2.0,1219.5
32,47,5,1.0,1240.0
32,48,0,5.0,1280.0
32,48,7,2.0,1832.5
32,48,9,2.0,1600.0
32,48,10,1.0,1548.0
32,48,11,3.0,1515.3
32,48,12,2.0,1710.0
32,48,13,3.0,1907.7
32,48,14,5.0,1914.2
32,48,15,4.0,1624.0
32,48,16,1.0,3716.0
32,48,17,6.0,2217.8
32,48,18,4.0,1973.0
32,48,19,5.0,1583.6
32,48,20,7.0,1713.3
32,48,21,3.0,2432.0
32,48,22,3.0,1865.0
32,48,23,2.0,1432.5
32,49,0,16.0,1331.2
32,49,1,5.0,1453.4
32,49,2,2.0,1848.0
32,49,3,1.0,1444.0
32,49,5,3.0,1133.3
32,49,6,4.0,1481.2
32,49,7,9.0,1370.9
32,49,8,1.0,1675.0
32,49,9,5.0,1211.6
32,49,10,11.0,1542.3
32,49,11,14.0,1747.1
32,49,12,7.0,1612.1
32,49,13,5.0,2328.6
32,49,14,12.0,2352.8
32,49,15,12.0,2920.2
32,49,16,8.0,2956.5
32,49,17,14.0,2946.8
32,49,18,15.0,2091.8
32,49,19,24.0,1576.5
32,49,20,15.0,1510.6
32,49,21,16.0,1492.8
32,49,22,17.0,1408.1
32,49,23,25.0,1231.8
32,50,0,1.0,1355.0
32,50,1,2.0,2061.0
32,50,2,2.0,1426.0
32,50,3,1.0,1177.0
32,50,6,1.0,1108.0
32,52,0,5.0,1513.4
32,52,1,9.0,2241.6
32,52,2,1.0,1413.0
32,52,7,1.0,1709.0
32,52,8,1.0,1637.0
32,52,9,1.0,1155.0
32,52,10,1.0,2412.0
32,52,12,4.0,2527.0
32,52,14,1.0,2561.0
32,52,16,5.0,2447.8
32,52,17,3.0,2384.3
32,52,18,1.0,3079.0
32,52,19,8.0,2222.2
32,52,20,10.0,1941.9
32,52,21,4.0,1993.0
32,52,22,9.0,1988.7
32,52,23,8.0,1692.5
32,53,0,4.0,1862.0
32,53,1,2.0,2204.5
32,53,2,1.0,1373.0
32,53,9,1.0,1348.0
32,53,10,3.0,1659.3
32,53,11,7.0,1844.3
32,53,12,2.0,1578.5
32,53,13,5.0,2095.2
32,53,14,3.0,3349.0
32,53,15,6.0,3188.2
32,53,16,2.0,2882.0
32,53,17,1.0,2964.0
32,53,19,3.0,2040.3
32,53,20,12.0,1744.8
32,53,21,11.0,1936.5
32,53,22,15.0,1980.0
32,53,23,4.0,1739.2
32,55,0,1.0,2528.0
32,55,3,1.0,1996.0
32,55,4,2.0,2108.5
32,55,6,1.0,1613.0
32,55,7,1.0,1482.0
32,55,12,1.0,2038.0
32,55,16,1.0,3684.0
32,55,18,2.0,2641.5
32,55,19,1.0,3221.0
32,55,20,3.0,2126.0
32,55,21,2.0,2122.5
32,55,22,2.0,1877.5
32,55,23,2.0,2528.0
32,56,0,7.0,1344.7
32,56,2,10.0,1229.6
32,56,3,45.0,1321.9
32,56,4,244.0,1316.3
32,56,5,247.0,1315.7
32,56,6,310.0,1583.6
32,56,7,281.0,1674.8
32,56,8,195.0,1574.3
32,56,9,241.0,1595.8
32,56,10,418.0,1767.1
32,56,11,422.0,1802.9
32,56,12,480.0,1869.7
32,56,13,478.0,2109.8
32,56,14,562.0,2807.0
32,56,15,548.0,3039.8
32,56,16,455.0,3054.6
32,56,17,323.0,3055.6
32,56,18,204.0,2488.0
32,56,19,155.0,1841.5
32,56,20,88.0,1660.3
32,56,21,43.0,1338.2
32,56,22,16.0,1441.3
32,56,23,7.0,1308.7
32,57,0,6.0,1213.7
32,57,1,1.0,934.0
32,57,2,4.0,1107.2
32,57,3,1.0,949.0
32,57,4,1.0,1101.0
32,57,5,1.0,954.0
32,57,6,1.0,1197.0
32,57,7,5.0,1216.2
32,57,8,15.0,1235.0
32,57,9,9.0,1268.3
32,57,10,7.0,1403.6
32,57,11,7.0,1474.0
32,57,12,12.0,1556.8
32,57,13,3.0,1672.0
32,57,14,7.0,2452.4
32,57,15,6.0,2751.0
32,57,16,9.0,2849.8
32,57,17,6.0,2241.0
32,57,18,9.0,2228.8
32,57,19,11.0,1474.6
32,57,20,11.0,1129.8
32,57,21,17.0,1231.8
32,57,22,6.0,1181.5
32,58,0,29.0,1026.0
32,58,1,20.0,1018.5
32,58,2,6.0,1206.0
32,58,3,5.0,962.2
32,58,4,5.0,1376.0
32,58,5,1.0,1066.0
32,58,6,3.0,1475.0
32,58,7,2.0,1192.0
32,58,9,1.0,1038.0
32,58,10,8.0,1184.8
32,58,11,14.0,1293.3
32,58,12,11.0,1549.2
32,58,13,16.0,1526.3
32,58,14,4.0,1728.2
32,58,17,2.0,1697.0
32,58,18,2.0,1498.0
32,58,19,7.0,1160.4
32,58,20,22.0,1117.5
32,58,21,21.0,1168.0
32,58,22,33.0,1129.9
32,58,23,34.0,1093.2
32,59,1,6.0,750.2
32,59,2,3.0,860.3
32,59,3,3.0,778.7
32,59,4,6.0,699.8
32,60,0,48.0,707.3
32,60,1,18.0,699.1
32,60,2,13.0,733.7
32,60,3,17.0,704.8
32,60,4,6.0,873.3
32,60,5,5.0,753.6
32,60,6,15.0,734.7
32,60,7,5.0,803.0
32,60,8,6.0,1034.5
32,60,9,24.0,823.3
32,60,10,42.0,898.5
32,60,11,53.0,927.7
32,60,12,56.0,978.9
32,60,13,74.0,944.7
32,60,14,73.0,1077.3
32,60,15,129.0,1088.4
32,60,16,176.0,1213.7
32,60,17,216.0,1295.4
32,60,18,178.0,1025.7
32,60,19,150.0,916.7
32,60,20,147.0,858.5
32,60,21,136.0,841.1
32,60,22,111.0,822.3
32,60,23,63.0,736.8
32,61,0,13.0,964.6
32,61,1,13.0,996.4
32,61,2,8.0,1220.9
32,61,3,5.0,1319.0
32,62,0,12.0,1458.3
32,62,1,7.0,1188.6
32,62,2,2.0,1188.0
32,62,3,1.0,1078.0
32,62,5,1.0,1560.0
32,63,0,12.0,1570.8
32,63,1,4.0,1729.2
32,63,2,6.0,1317.7
32,63,3,4.0,1444.0
32,63,4,3.0,1287.7
32,63,5,1.0,1829.0
32,63,6,2.0,3540.5
32,63,7,4.0,1583.0
32,63,8,2.0,1195.5
32,63,9,2.0,1183.5
32,63,10,3.0,1742.3
32,63,11,7.0,1579.1
32,63,12,6.0,1785.0
32,63,13,15.0,1736.9
32,63,14,9.0,2818.1
32,63,15,5.0,2007.0
32,63,16,11.0,2264.2
32,63,17,4.0,2238.5
32,63,18,7.0,2109.0
32,63,19,12.0,1751.3
32,63,20,16.0,1402.8
32,63,21,12.0,1495.2
32,63,22,7.0,1550.7
32,63,23,15.0,1358.9
32,64,0,5.0,1884.6
32,64,1,4.0,1417.8
32,64,2,2.0,1283.5
32,64,3,2.0,1282.0
32,64,4,3.0,1653.3
32,64,5,1.0,1408.0
32,64,6,2.0,1278.0
32,64,7,1.0,1938.0
32,64,8,2.0,1675.0
32,64,10,4.0,1858.2
32,64,11,5.0,1953.6
32,64,12,5.0,2091.2
32,64,13,3.0,2616.7
32,64,14,5.0,3145.8
32,64,15,3.0,3224.3
32,64,16,4.0,3193.2
32,64,17,2.0,3195.0
32,64,18,7.0,2711.1
32,64,19,6.0,2243.3
32,64,20,3.0,1326.7
32,64,21,11.0,1797.5
32,64,22,10.0,1907.1
32,64,23,13.0,1914.8
32,65,0,3.0,1608.0
32,65,1,4.0,1551.8
32,65,2,3.0,1694.3
32,65,3,1.0,1460.0
32,65,6,2.0,1433.5
32,65,9,3.0,1941.0
32,65,10,6.0,1669.7
32,65,11,7.0,1687.0
32,65,12,6.0,1998.5
32,65,13,3.0,2227.7
32,65,14,6.0,3412.5
32,65,15,4.0,4400.8
32,65,16,15.0,3240.8
32,65,17,6.0,2904.7
32,65,18,6.0,2459.0
32,65,19,6.0,2167.0
32,65,20,6.0,1764.3
32,65,21,4.0,1740.5
32,65,22,9.0,1974.2
32,65,23,13.0,1640.9
32,66,0,5.0,1848.4
32,66,1,6.0,1307.3
32,66,2,6.0,1304.8
32,66,3,5.0,1403.0
32,66,5,1.0,1834.0
32,67,0,6.0,1233.2
32,67,1,3.0,1628.0
32,67,5,1.0,1132.0
32,67,7,4.0,1653.0
32,67,8,1.0,1296.0
32,67,9,4.0,1362.0
32,67,10,5.0,1441.8
32,67,11,7.0,1610.0
32,67,12,12.0,1439.1
32,67,13,10.0,1495.3
32,67,14,9.0,1775.3
32,67,15,4.0,1905.2
32,67,16,11.0,2216.6
32,67,17,15.0,2052.9
32,67,18,11.0,1874.1
32,67,19,11.0,1590.9
32,67,20,19.0,1641.1
32,67,21,9.0,1443.4
32,67,22,12.0,1317.6
32,67,23,15.0,1191.3
32,68,0,3.0,1047.0
32,68,1,14.0,983.8
32,68,2,2.0,912.0
32,68,3,2.0,950.5
32,68,5,1.0,912.0
32,69,0,13.0,1231.8
32,69,1,7.0,997.0
32,69,2,4.0,946.8
32,69,3,2.0,1059.0
32,69,4,1.0,2084.0
32,69,5,2.0,974.5
32,70,1,2.0,1449.0
32,70,2,2.0,1743.5
32,71,0,12.0,1547.2
32,71,1,4.0,1441.2
32,71,2,2.0,1185.0
32,71,3,5.0,1190.2
32,71,5,4.0,1997.5
32,71,6,8.0,1679.5
32,71,7,1.0,1244.0
32,71,8,4.0,1504.2
32,71,9,9.0,1577.3
32,71,10,9.0,1955.3
32,71,11,7.0,1598.9
32,71,12,14.0,1624.1
32,71,13,12.0,1897.6
32,71,14,12.0,2450.0
32,71,15,15.0,2513.5
32,71,16,21.0,2543.9
32,71,17,30.0,2472.4
32,71,18,29.0,2051.8
32,71,19,20.0,1695.1
32,71,20,20.0,1581.2
32,71,21,21.0,1647.5
32,71,22,22.0,1604.2
32,71,23,19.0,1542.6
32,72,0,6.0,1538.8
32,72,1,2.0,1524.5
32,72,7,1.0,1495.0
32,72,8,4.0,1841.8
32,72,10,6.0,1809.8
32,72,11,3.0,1749.7
32,72,12,1.0,1684.0
32,72,13,5.0,1814.0
32,72,14,3.0,2613.0
32,72,15,4.0,2504.5
32,72,16,1.0,2976.0
32,72,17,1.0,3357.0
32,72,18,16.0,2558.9
32,72,19,39.0,1959.4
32,72,20,28.0,1711.7
32,72,21,23.0,1612.6
32,72,22,21.0,1714.3
32,72,23,15.0,1640.7
32,73,0,21.0,1400.9
32,73,1,3.0,1153.7
32,73,2,1.0,1085.0
32,73,22,1.0,1154.0
32,73,23,2.0,1341.0
32,74,0,1.0,1721.0
32,74,1,1.0,1888.0
32,74,9,1.0,2149.0
32,74,10,1.0,1887.0
32,74,11,1.0,2370.0
32,74,12,6.0,1847.3
32,74,13,2.0,2649.0
32,74,14,1.0,3002.0
32,74,15,1.0,3286.0
32,74,16,1.0,4213.0
32,74,17,1.0,4453.0
32,74,18,1.0,3049.0
32,74,19,3.0,2705.0
32,74,21,4.0,1893.2
32,74,22,4.0,1752.0
32,74,23,1.0,1657.0
32,75,0,1.0,1200.0
32,75,1,1.0,1953.0
32,75,10,3.0,1584.3
32,75,11,3.0,1524.7
32,75,12,2.0,1672.0
32,75,13,2.0,1726.5
32,75,14,1.0,2365.0
32,75,20,6.0,1540.7
32,75,21,1.0,1464.0
32,75,23,8.0,1711.8
32,76,0,7.0,1475.6
32,76,1,10.0,1465.6
32,76,2,35.0,1473.0
32,76,3,180.0,1508.8
32,76,4,687.0,1484.5
32,76,5,1066.0,2074.0
32,76,6,1000.0,2912.6
32,76,7,124.0,3312.8
32,76,10,155.0,1938.9
32,76,11,446.0,2353.5
32,76,12,123.0,2273.5
32,76,20,31.0,1615.1
32,76,21,10.0,1741.4
32,76,22,26.0,1813.6
32,76,23,20.0,1526.4
32,77,1,15.0,1456.0
32,77,2,23.0,1122.9
32,77,3,10.0,1007.4
32,77,4,7.0,987.9
33,1,0,6.0,1686.0
33,1,1,5.0,1341.0
33,1,2,3.0,1636.0
33,1,3,1.0,1683.0
33,1,5,1.0,1316.0
33,2,0,3.0,1977.3
33,2,2,1.0,1389.0
33,2,7,1.0,2555.0
33,2,9,2.0,1567.0
33,2,10,2.0,2339.0
33,2,11,3.0,2570.0
33,2,12,2.0,2194.5
33,2,13,5.0,1687.2
33,2,15,1.0,1717.0
33,2,17,1.0,3074.0
33,2,18,6.0,2312.0
33,2,19,3.0,2347.0
33,2,20,2.0,1987.5
33,2,21,6.0,1829.0
33,2,22,2.0,2144.0
33,3,1,2.0,1219.5
33,3,2,2.0,1004.0
33,3,3,2.0,1024.0
33,3,4,1.0,1022.0
33,4,1,1.0,1138.0
33,4,2,1.0,1236.0
33,5,0,2.0,1206.0
33,5,1,2.0,1029.5
33,5,2,2.0,1039.0
33,5,4,1.0,901.0
33,5,7,6.0,1964.8
33,5,8,10.0,2111.7
33,5,9,3.0,1658.0
33,5,10,12.0,1701.5
33,5,11,10.0,1630.5
33,5,12,3.0,1683.0
33,5,13,9.0,1536.9
33,5,14,12.0,1670.3
33,5,15,10.0,2045.5
33,5,16,22.0,2383.5
33,5,17,16.0,2487.1
33,5,18,6.0,2132.2
33,5,19,15.0,1705.5
33,5,20,9.0,1541.4
33,5,21,11.0,1419.3
33,5,22,17.0,1476.5
33,5,23,4.0,1439.0
33,6,0,27.0,1347.3
33,6,1,9.0,998.0
33,6,2,8.0,926.4
33,6,3,5.0,1036.4
33,6,4,4.0,1123.5
33,6,5,8.0,785.5
33,6,6,10.0,1018.5
33,6,23,21.0,998.7
33,7,0,15.0,868.4
33,7,1,7.0,915.4
33,7,2,3.0,1006.7
33,7,3,2.0,743.5
33,7,4,5.0,895.6
33,7,5,6.0,1007.3
33,7,6,7.0,1024.3
33,7,7,14.0,1210.1
33,7,8,51.0,1179.2
33,7,9,26.0,1284.6
33,7,10,39.0,1279.8
33,7,11,38.0,1219.1
33,7,12,54.0,1150.6
33,7,13,48.0,1086.7
33,7,14,39.0,1125.7
33,7,15,30.0,1156.2
33,7,16,31.0,1462.0
33,7,17,47.0,1823.0
33,7,18,62.0,1303.4
33,7,19,61.0,1106.4
33,7,20,61.0,1090.6
33,7,21,45.0,947.0
33,7,22,27.0,1019.0
33,7,23,26.0,1011.3
33,8,0,62.0,723.0
33,8,1,34.0,748.0
33,8,2,13.0,730.8
33,8,3,14.0,625.2
33,8,4,22.0,652.5
33,8,5,83.0,724.3
33,8,6,216.0,768.9
33,8,7,395.0,957.4
33,8,8,651.0,1147.5
33,8,9,474.0,1130.0
33,8,10,392.0,1030.3
33,8,11,522.0,989.7
33,8,12,643.0,1008.0
33,8,13,742.0,998.2
33,8,14,742.0,1000.4
33,8,15,768.0,1061.5
33,8,16,1091.0,1185.8
33,8,17,1325.0,1326.0
33,8,18,1182.0,1092.9
33,8,19,921.0,964.5
33,8,20,593.0,895.9
33,8,21,467.0,798.6
33,8,22,330.0,823.9
33,8,23,237.0,770.1
33,9,19,1.0,1495.0
33,9,22,2.0,1810.5
33,10,1,1.0,2087.0
33,10,5,1.0,2885.0
33,10,7,2.0,3990.0
33,10,8,1.0,2544.0
33,10,11,1.0,1675.0
33,10,13,1.0,3547.0
33,10,14,1.0,3010.0
33,10,15,2.0,3385.5
33,10,16,2.0,4896.5
33,10,18,2.0,2529.0
33,10,19,5.0,2375.2
33,10,22,2.0,1775.0
33,10,23,2.0,1540.0
33,11,0,1.0,962.0
33,11,5,1.0,3187.0
33,11,6,8.0,1493.6
33,11,14,1.0,6850.0
33,11,16,2.0,3596.0
33,11,20,1.0,1132.0
33,11,21,3.0,1328.7
33,12,0,1.0,1088.0
33,12,1,1.0,1166.0
33,13,6,1.0,1899.0
33,13,11,2.0,2071.0
33,13,14,1.0,1992.0
33,13,15,2.0,3033.0
33,13,16,1.0,3191.0
33,13,17,2.0,3414.0
33,13,18,1.0,3299.0
33,13,19,3.0,2528.7
33,13,20,1.0,2146.0
33,13,22,2.0,1960.5
33,14,0,2.0,1165.5
33,14,1,1.0,1101.0
33,14,4,1.0,1088.0
33,14,5,1.0,1337.0
33,14,8,2.0,2349.0
33,14,10,1.0,1575.0
33,14,11,1.0,2242.0
33,14,12,1.0,1571.0
33,14,13,3.0,1696.0
33,14,14,2.0,2457.5
33,14,15,2.0,2132.0
33,14,16,9.0,2960.2
33,14,17,6.0,2688.7
33,14,18,5.0,2362.4
33,14,19,11.0,1876.3
33,14,20,2.0,1714.5
33,14,21,12.0,1567.9
33,14,22,8.0,1386.2
33,14,23,10.0,1423.3
33,15,1,1.0,1270.0
33,16,1,1.0,1378.0
33,16,2,1.0,1219.0
33,16,4,1.0,2066.0
33,17,1,1.0,2314.0
33,17,3,1.0,1490.0
33,17,9,1.0,2183.0
33,17,10,1.0,2571.0
33,17,12,1.0,2241.0
33,17,14,1.0,2235.0
33,17,16,1.0,3368.0
33,17,17,1.0,4754.0
33,17,18,1.0,2940.0
33,17,21,1.0,2666.0
33,17,22,2.0,2853.0
33,17,23,1.0,1652.0
33,19,8,1.0,2123.0
33,19,9,1.0,1860.0
33,19,11,1.0,2065.0
33,19,12,1.0,2646.0
33,19,13,6.0,2091.5
33,19,14,3.0,2539.3
33,19,16,4.0,3098.0
33,19,17,5.0,2815.0
33,19,18,1.0,2530.0
33,19,19,4.0,2162.0
33,19,20,3.0,1920.0
33,19,21,1.0,2087.0
33,19,22,1.0,1375.0
33,19,23,1.0,1506.0
33,20,0,1.0,1259.0
33,21,0,3.0,956.7
33,21,3,2.0,922.5
33,21,4,3.0,1074.0
33,21,5,1.0,759.0
33,21,6,2.0,1042.5
33,21,7,2.0,1481.0
33,21,8,2.0,1474.5
33,21,9,6.0,1649.0
33,21,10,1.0,1286.0
33,21,11,2.0,1556.5
33,21,12,5.0,1991.8
33,21,13,5.0,1799.6
33,21,14,8.0,1533.6
33,21,15,8.0,2052.2
33,21,16,7.0,2217.7
33,21,17,14.0,2523.6
33,21,18,11.0,1836.6
33,21,19,21.0,1676.2
33,21,20,7.0,1584.9
33,21,21,20.0,1300.8
33,21,22,6.0,1310.8
33,21,23,9.0,1225.7
33,22,0,20.0,1082.3
33,22,1,6.0,1117.7
33,22,2,4.0,1117.5
33,22,3,5.0,977.2
33,22,4,3.0,752.3
33,22,5,6.0,1241.3
33,22,6,10.0,891.1
33,22,9,3.0,1379.7
33,22,10,6.0,1240.0
33,22,11,7.0,1553.6
33,22,12,10.0,1570.7
33,22,13,5.0,1633.4
33,22,14,3.0,1340.7
33,22,19,2.0,1438.0
33,22,20,19.0,1101.4
33,22,21,19.0,1250.3
33,22,22,15.0,1074.4
33,22,23,26.0,1217.3
33,23,0,3.0,1095.3
33,23,1,1.0,924.0
33,23,2,2.0,985.0
33,23,5,1.0,1363.0
33,23,7,8.0,1295.8
33,23,8,4.0,1372.2
33,23,9,6.0,1314.5
33,23,10,3.0,1298.7
33,23,11,3.0,1332.7
33,23,12,7.0,1546.7
33,23,13,3.0,1420.7
33,23,14,5.0,1791.8
33,23,15,9.0,1604.9
33,23,16,9.0,2396.1
33,23,17,6.0,1645.0
33,23,18,7.0,1928.6
33,23,19,9.0,1370.6
33,23,20,4.0,1584.2
33,23,21,5.0,1625.2
33,23,22,5.0,1343.6
33,23,23,6.0,1150.3
33,24,0,27.0,946.7
33,24,1,9.0,839.3
33,24,2,7.0,924.6
33,24,3,4.0,759.8
33,24,4,1.0,881.0
33,24,5,3.0,871.3
33,24,6,36.0,1030.9
33,24,7,26.0,1155.5
33,24,8,30.0,1274.3
33,24,9,55.0,1214.4
33,24,10,43.0,1333.8
33,24,11,46.0,1248.9
33,24,12,56.0,1307.4
33,24,13,46.0,1276.9
33,24,14,53.0,1298.4
33,24,15,70.0,1557.0
33,24,16,80.0,1713.3
33,24,17,121.0,1744.6
33,24,18,149.0,1558.4
33,24,19,145.0,1236.0
33,24,20,111.0,1086.2
33,24,21,126.0,1030.7
33,24,22,89.0,1013.2
33,24,23,74.0,935.1
33,25,0,9.0,1207.1
33,25,1,6.0,1005.0
33,25,2,1.0,1153.0
33,25,3,1.0,1761.0
33,25,5,1.0,1436.0
33,25,6,5.0,1517.0
33,25,12,2.0,1612.0
33,25,13,2.0,2505.5
33,25,20,4.0,1458.8
33,25,22,7.0,1318.7
33,25,23,9.0,1430.1
33,26,2,2.0,913.0
33,26,3,2.0,951.0
33,27,3,1.0,551.0
33,28,0,33.0,626.7
33,28,1,17.0,464.7
33,28,2,8.0,517.4
33,28,3,10.0,481.3
33,28,4,15.0,484.1
33,28,5,91.0,608.2
33,28,6,277.0,622.4
33,28,7,524.0,816.6
33,28,8,745.0,929.9
33,28,9,564.0,887.3
33,28,10,309.0,805.4
33,28,11,313.0,772.0
33,28,12,323.0,832.0
33,28,13,287.0,838.5
33,28,14,317.0,864.1
33,28,15,323.0,888.5
33,28,16,413.0,1029.4
33,28,17,428.0,1055.8
33,28,18,489.0,958.1
33,28,19,325.0,788.8
33,28,20,255.0,732.2
33,28,21,220.0,693.3
33,28,22,146.0,678.6
33,28,23,106.0,622.4
33,29,0,6.0,1039.2
33,29,1,4.0,1003.8
33,29,2,2.0,736.0
33,29,3,3.0,1089.0
33,29,5,8.0,848.2
33,29,6,8.0,1039.4
33,29,23,3.0,1063.3
33,30,0,9.0,1072.3
33,30,1,2.0,942.5
33,30,2,1.0,609.0
33,30,3,2.0,774.5
33,30,4,1.0,636.0
33,30,5,1.0,731.0
33,30,6,7.0,784.6
33,30,7,7.0,1064.4
33,30,8,14.0,994.0
33,30,9,10.0,1014.0
33,30,10,9.0,905.6
33,30,11,2.0,1071.0
33,30,12,9.0,1034.2
33,30,13,6.0,1142.0
33,30,14,6.0,1564.2
33,30,15,9.0,1794.9
33,30,16,12.0,1794.1
33,30,17,9.0,1521.0
33,30,18,8.0,1437.5
33,30,19,8.0,1068.8
33,30,20,10.0,986.7
33,30,21,3.0,853.0
33,30,22,11.0,936.9
33,30,23,11.0,1030.5
33,31,1,5.0,509.8
33,31,2,5.0,617.8
33,31,3,2.0,374.0
33,31,4,4.0,492.5
33,32,0,55.0,472.7
33,32,1,20.0,588.8
33,32,2,21.0,542.4
33,32,3,21.0,540.3
33,32,4,28.0,445.4
33,32,5,62.0,441.2
33,32,6,286.0,552.6
33,32,7,80.0,611.0
33,32,9,264.0,784.5
33,32,10,480.0,670.8
33,32,11,540.0,670.3
33,32,12,443.0,632.8
33,32,13,318.0,636.5
33,32,14,182.0,674.6
33,32,19,51.0,565.7
33,32,20,178.0,525.7
33,32,21,202.0,472.3
33,32,22,160.0,477.7
33,32,23,104.0,461.0
33,33,0,34.0,240.4
33,33,1,22.0,219.1
33,33,2,12.0,279.6
33,33,3,4.0,247.2
33,33,4,8.0,128.1
33,33,5,10.0,237.5
33,33,6,45.0,294.5
33,33,7,23.0,262.5
33,33,8,11.0,224.9
33,33,9,68.0,389.1
33,33,10,86.0,316.6
33,33,11,103.0,397.9
33,33,12,99.0,341.2
33,33,13,135.0,360.0
33,33,14,79.0,341.1
33,33,15,38.0,379.0
33,33,16,32.0,481.0
33,33,17,39.0,279.5
33,33,18,58.0,347.3
33,33,19,96.0,279.0
33,33,20,116.0,330.6
33,33,21,179.0,296.8
33,33,22,92.0,274.1
33,33,23,52.0,399.4
33,34,0,4.0,400.2
33,34,1,6.0,708.5
33,34,2,2.0,321.0
33,34,3,1.0,813.0
33,34,4,1.0,201.0
33,35,0,18.0,432.5
33,35,1,16.0,462.9
33,35,2,10.0,405.9
33,35,3,4.0,677.5
33,35,4,5.0,335.0
33,35,5,5.0,413.0
33,36,0,4.0,603.5
33,36,1,1.0,518.0
33,36,3,1.0,672.0
33,36,4,3.0,549.7
33,36,5,4.0,592.0
33,38,0,10.0,743.8
33,38,1,6.0,705.3
33,38,2,5.0,766.8
33,38,3,2.0,984.0
33,38,4,1.0,1130.0
33,38,5,6.0,749.0
33,38,6,2.0,627.0
33,38,23,7.0,625.9
33,39,0,2.0,526.5
33,39,1,4.0,541.5
33,39,2,4.0,762.0
33,39,4,1.0,396.0
33,40,0,5.0,1207.2
33,40,1,3.0,840.0
33,40,2,1.0,553.0
33,40,3,2.0,767.5
33,40,4,1.0,634.0
33,40,5,5.0,717.4
33,40,6,1.0,773.0
33,40,23,1.0,1082.0
33,41,0,8.0,662.6
33,41,1,4.0,690.0
33,41,2,4.0,579.5
33,41,3,1.0,678.0
33,41,4,3.0,703.0
33,41,5,29.0,879.4
33,41,6,60.0,911.6
33,41,7,90.0,965.3
33,41,8,181.0,949.1
33,41,9,163.0,895.7
33,41,10,77.0,869.8
33,41,11,87.0,881.1
33,41,12,54.0,805.4
33,41,13,57.0,812.4
33,41,14,53.0,841.9
33,41,15,48.0,921.9
33,41,16,46.0,868.5
33,41,17,45.0,954.5
33,41,18,52.0,845.8
33,41,19,46.0,911.8
33,41,20,42.0,815.6
33,41,21,34.0,783.7
33,41,22,34.0,776.9
33,41,23,21.0,748.4
33,42,0,4.0,798.8
33,42,1,4.0,1035.2
33,42,5,1.0,853.0
33,43,0,21.0,1330.3
33,43,1,12.0,955.8
33,43,2,7.0,1133.0
33,43,4,1.0,1046.0
33,43,6,4.0,1230.8
33,43,7,1.0,826.0
33,43,8,8.0,1217.5
33,43,9,7.0,1157.4
33,43,10,8.0,1183.6
33,43,11,12.0,1034.7
33,43,12,9.0,1195.6
33,43,13,12.0,3212.8
33,43,14,21.0,1122.1
33,43,15,13.0,1461.8
33,43,16,15.0,1295.3
33,43,17,26.0,1526.2
33,43,18,16.0,1374.8
33,43,19,19.0,1336.7
33,43,20,20.0,1154.3
33,43,21,21.0,1156.2
33,43,22,22.0,1086.2
33,43,23,14.0,1134.4
33,44,0,5.0,1176.8
33,44,1,1.0,1216.0
33,44,3,1.0,1933.0
33,44,5,3.0,966.3
33,44,6,1.0,1188.0
33,44,8,2.0,1290.0
33,44,9,2.0,886.0
33,44,10,1.0,835.0
33,44,11,4.0,1256.2
33,44,12,5.0,2021.4
33,44,13,3.0,1155.3
33,44,14,8.0,1778.5
33,44,15,5.0,2388.4
33,44,16,13.0,2010.0
33,44,17,7.0,2094.6
33,44,18,7.0,1576.0
33,44,19,8.0,1337.6
33,44,20,3.0,1084.7
33,44,21,3.0,894.7
33,44,22,4.0,1078.8
33,44,23,10.0,1097.8
33,45,0,1.0,1205.0
33,45,5,4.0,1280.2
33,45,7,3.0,1342.3
33,45,8,6.0,1467.0
33,45,9,3.0,1275.7
33,45,11,1.0,1706.0
33,45,12,1.0,1344.0
33,45,13,2.0,1672.5
33,45,14,2.0,1180.0
33,45,15,2.0,1548.5
33,45,16,2.0,1337.5
33,45,17,4.0,1677.0
33,45,18,1.0,1701.0
33,45,19,1.0,1494.0
33,45,20,2.0,1955.5
33,45,21,2.0,1131.0
33,45,22,2.0,1447.5
33,45,23,1.0,1022.0
33,46,1,3.0,1599.7
33,46,2,1.0,1293.0
33,46,3,1.0,1040.0
33,46,6,3.0,1077.0
33,46,7,1.0,1292.0
33,46,11,1.0,1163.0
33,46,13,1.0,1309.0
33,46,21,4.0,1617.2
33,46,22,8.0,1353.1
33,46,23,4.0,1635.2
33,48,11,1.0,1171.0
33,48,12,1.0,1236.0
33,48,13,1.0,2065.0
33,48,14,1.0,1409.0
33,48,15,3.0,1742.3
33,48,16,2.0,1577.5
33,48,19,1.0,942.0
33,48,23,1.0,1819.0
33,49,1,1.0,5663.0
33,50,5,1.0,1510.0
33,51,1,1.0,1556.0
33,52,2,1.0,1292.0
33,53,0,2.0,1647.5
33,53,1,1.0,1197.0
33,53,7,1.0,1162.0
33,53,12,1.0,1035.0
33,53,13,1.0,1771.0
33,53,14,1.0,3229.0
33,53,15,1.0,2674.0
33,53,18,5.0,2478.6
33,53,21,1.0,1410.0
33,53,22,5.0,1745.6
33,54,0,1.0,1386.0
33,54,4,1.0,1668.0
33,54,9,2.0,1566.0
33,54,14,2.0,2962.0
33,54,17,1.0,3230.0
33,54,20,1.0,2084.0
33,54,23,1.0,1305.0
33,55,1,1.0,1477.0
33,55,5,1.0,1995.0
33,55,14,1.0,1855.0
33,55,18,1.0,3264.0
33,55,19,1.0,1718.0
33,55,20,1.0,1879.0
33,55,21,1.0,1482.0
33,56,0,4.0,1155.5
33,56,1,1.0,937.0
33,56,2,2.0,1293.0
33,56,3,8.0,1054.9
33,56,4,108.0,1242.0
33,56,5,98.0,1167.9
33,56,6,122.0,1425.5
33,56,7,106.0,1489.4
33,56,8,70.0,1310.6
33,56,9,58.0,1226.6
33,56,10,105.0,1445.6
33,56,11,118.0,1554.5
33,56,12,119.0,1562.1
33,56,13,147.0,1850.6
33,56,14,113.0,2489.3
33,56,15,123.0,2791.1
33,56,16,98.0,2677.5
33,56,17,67.0,2545.4
33,56,18,48.0,2162.4
33,56,19,27.0,1659.0
33,56,20,26.0,1338.7
33,56,21,13.0,1334.3
33,56,22,1.0,834.0
33,56,23,2.0,1104.0
33,58,0,3.0,1121.7
33,58,1,1.0,521.0
33,58,2,3.0,1014.0
33,59,0,4.0,556.8
33,59,1,1.0,682.0
33,59,2,1.0,799.0
33,59,5,4.0,604.0
33,59,7,3.0,978.7
33,59,8,6.0,856.7
33,59,9,2.0,657.5
33,59,10,2.0,635.0
33,59,11,2.0,616.5
33,59,12,3.0,684.7
33,59,13,7.0,808.1
33,59,14,8.0,1062.2
33,59,15,4.0,892.2
33,59,16,5.0,1059.2
33,59,17,4.0,1311.5
33,59,18,8.0,1168.2
33,59,19,7.0,862.7
33,59,20,14.0,768.5
33,59,21,4.0,897.0
33,59,22,5.0,745.2
33,59,23,5.0,628.6
33,60,0,9.0,533.3
33,60,1,20.0,511.6
33,60,2,4.0,419.8
33,60,3,3.0,424.0
33,60,4,1.0,439.0
33,60,5,3.0,583.0
33,60,6,10.0,698.2
33,60,7,8.0,578.2
33,60,8,5.0,514.2
33,60,9,13.0,646.5
33,60,10,19.0,520.7
33,60,11,15.0,521.7
33,60,12,24.0,519.2
33,60,13,19.0,569.8
33,60,14,30.0,695.8
33,60,15,31.0,645.0
33,60,16,44.0,672.6
33,60,17,52.0,659.2
33,60,18,60.0,615.0
33,60,19,38.0,658.8
33,60,20,35.0,631.3
33,60,21,33.0,567.7
33,60,22,37.0,521.8
33,60,23,29.0,482.7
33,61,0,2.0,481.0
33,61,1,3.0,905.0
33,61,2,2.0,891.5
33,61,3,3.0,708.3
33,61,4,1.0,681.0
33,61,5,2.0,1232.0
33,61,6,7.0,866.9
33,61,7,5.0,899.8
33,61,8,2.0,770.0
33,61,9,5.0,783.8
33,61,10,7.0,723.7
33,61,11,7.0,807.9
33,61,12,11.0,764.3
33,61,13,9.0,894.3
33,61,14,10.0,1120.7
33,61,15,10.0,1092.8
33,61,16,9.0,1007.6
33,61,17,2.0,1072.0
33,61,18,12.0,892.8
33,61,19,16.0,808.3
33,61,20,10.0,801.0
33,61,21,9.0,813.1
33,61,22,5.0,744.8
33,61,23,7.0,788.7
33,62,0,4.0,919.2
33,62,1,2.0,1127.5
33,62,2,3.0,1052.7
33,62,4,1.0,1008.0
33,62,11,1.0,1131.0
33,62,12,1.0,2200.0
33,62,15,2.0,2700.5
33,62,16,1.0,2759.0
33,62,17,2.0,2831.0
33,62,18,2.0,1652.5
33,62,19,1.0,1564.0
33,62,20,2.0,1530.0
33,62,21,1.0,1428.0
33,62,22,2.0,1146.5
33,62,23,2.0,1204.5
33,63,0,2.0,1142.5
33,63,2,1.0,730.0
33,63,7,4.0,1397.5
33,63,9,3.0,1122.3
33,63,10,2.0,1266.5
33,63,11,1.0,1995.0
33,63,12,2.0,1183.5
33,63,14,1.0,1938.0
33,63,15,7.0,1986.4
33,63,16,4.0,2280.2
33,63,17,3.0,1756.0
33,63,18,1.0,2034.0
33,63,19,4.0,1232.0
33,63,20,3.0,1524.0
33,63,21,4.0,1325.0
33,63,22,4.0,1402.8
33,63,23,3.0,1128.7
33,64,4,1.0,1158.0
33,64,5,2.0,1265.5
33,64,6,1.0,1335.0
33,64,8,2.0,1193.5
33,64,9,2.0,1577.0
33,64,11,2.0,1318.0
33,64,13,1.0,2359.0
33,64,14,1.0,2698.0
33,64,16,1.0,3261.0
33,64,17,1.0,3284.0
33,64,18,2.0,2346.0
33,64,19,1.0,1340.0
33,64,20,3.0,1176.3
33,64,21,1.0,1342.0
33,64,23,1.0,1042.0
33,65,0,2.0,1291.5
33,65,1,4.0,1335.5
33,65,6,1.0,1425.0
33,65,7,1.0,2291.0
33,65,10,1.0,2382.0
33,65,12,1.0,2643.0
33,65,13,1.0,1562.0
33,65,14,1.0,2786.0
33,65,15,2.0,2770.5
33,65,19,1.0,2439.0
33,65,20,2.0,2113.0
33,65,21,1.0,1425.0
33,65,22,2.0,1602.0
33,65,23,2.0,1590.5
33,66,1,4.0,1416.5
33,66,2,2.0,1589.0
33,67,0,5.0,1073.0
33,67,1,1.0,930.0
33,67,2,1.0,1001.0
33,67,4,3.0,959.3
33,67,6,1.0,795.0
33,67,7,1.0,864.0
33,67,9,2.0,934.5
33,67,11,1.0,1625.0
33,67,12,1.0,1186.0
33,67,13,5.0,988.8
33,67,14,8.0,1364.0
33,67,15,8.0,1638.6
33,67,16,7.0,1725.1
33,67,17,6.0,1516.0
33,67,18,4.0,1292.5
33,67,19,1.0,1035.0
33,67,20,6.0,1154.3
33,67,21,3.0,1194.7
33,67,22,7.0,1183.6
33,67,23,3.0,892.7
33,68,0,4.0,1043.8
33,68,2,1.0,1072.0
33,68,3,1.0,721.0
33,68,5,1.0,803.0
33,69,2,5.0,909.4
33,69,3,1.0,782.0
33,70,1,1.0,989.0
33,70,2,1.0,1053.0
33,71,0,1.0,1074.0
33,71,2,1.0,973.0
33,71,4,1.0,1040.0
33,71,5,1.0,978.0
33,72,0,3.0,1515.7
33,72,22,1.0,1347.0
33,72,23,3.0,1528.3
33,73,0,6.0,1118.3
33,73,1,3.0,985.0
33,73,4,1.0,1076.0
33,73,7,2.0,1482.0
33,73,8,1.0,1549.0
33,73,12,1.0,1185.0
33,73,13,1.0,2127.0
33,73,14,3.0,2048.3
33,73,15,3.0,2668.7
33,73,16,1.0,2493.0
33,73,17,3.0,2162.7
33,73,18,5.0,2061.4
33,73,19,2.0,2055.5
33,73,20,1.0,1876.0
33,73,23,3.0,1352.0
33,74,0,1.0,2052.0
33,74,2,1.0,1382.0
33,74,12,1.0,1667.0
33,74,13,1.0,2640.0
33,74,18,1.0,1829.0
33,74,21,4.0,1667.5
33,75,1,2.0,1113.0
33,75,4,1.0,968.0
33,76,0,3.0,1890.3
33,76,1,1.0,1737.0
33,76,2,5.0,1445.6
33,76,3,55.0,1658.1
33,76,4,159.0,1641.2
33,76,5,234.0,2332.4
33,76,6,226.0,3188.8
33,76,7,145.0,3524.9
33,76,8,116.0,3065.5
33,76,9,131.0,2466.4
33,76,10,191.0,2533.0
33,76,11,188.0,2841.0
33,76,12,235.0,3187.5
33,76,13,215.0,3360.8
33,76,14,217.0,3730.0
33,76,15,226.0,4212.9
33,76,16,166.0,4497.4
33,76,17,82.0,4077.5
33,76,18,68.0,3384.8
33,76,19,38.0,2706.0
33,76,20,18.0,2265.9
33,76,21,7.0,2182.4
33,76,22,4.0,2272.5
33,76,23,2.0,1657.5
33,77,0,7.0,1080.3
33,77,1,3.0,1020.0
33,77,4,1.0,1213.0
33,77,6,1.0,1324.0
33,77,7,1.0,1076.0
33,77,8,4.0,1544.5
33,77,9,8.0,1425.4
33,77,10,2.0,1428.0
33,77,11,3.0,1596.7
33,77,12,8.0,1355.9
33,77,13,4.0,1168.0
33,77,14,5.0,1149.6
33,77,15,8.0,1309.8
33,77,16,3.0,1628.7
33,77,17,9.0,2343.1
33,77,18,11.0,1834.4
33,77,19,11.0,1721.8
33,77,20,11.0,1236.3
33,77,21,11.0,1248.1
33,77,22,18.0,1311.7
33,77,23,10.0,1249.7
34,1,0,1.0,2146.0
34,1,2,1.0,1394.0
34,1,4,1.0,1370.0
34,1,7,1.0,2037.0
34,1,8,1.0,2339.0
34,1,10,1.0,1634.0
34,1,12,1.0,2677.0
34,1,13,1.0,1909.0
34,1,15,3.0,2164.3
34,1,16,1.0,2620.0
34,1,18,2.0,2941.0
34,1,19,2.0,1708.5
34,1,20,1.0,1413.0
34,1,21,2.0,1623.5
34,1,22,3.0,2430.0
34,1,23,4.0,1860.2
34,3,0,4.0,1352.8
34,3,1,1.0,1675.0
34,3,3,1.0,977.0
34,3,6,2.0,1333.5
34,3,9,3.0,1544.3
34,3,10,1.0,1104.0
34,3,11,4.0,1523.0
34,3,13,1.0,2096.0
34,3,14,7.0,1349.3
34,3,15,3.0,2030.0
34,3,16,1.0,1868.0
34,3,17,1.0,2528.0
34,3,18,6.0,2240.0
34,3,19,2.0,1642.5
34,3,20,5.0,1390.2
34,3,21,11.0,1586.2
34,3,22,11.0,1338.7
34,3,23,7.0,1459.9
34,4,0,1.0,1378.0
34,5,0,2.0,1503.0
34,5,9,1.0,1450.0
34,5,10,1.0,2265.0
34,5,11,2.0,1407.5
34,5,15,1.0,2123.0
34,5,16,1.0,1207.0
34,5,18,1.0,1293.0
34,5,19,4.0,1465.0
34,5,20,4.0,1358.0
34,5,21,4.0,1471.5
34,5,22,1.0,1273.0
34,5,23,1.0,1799.0
34,6,0,1.0,1252.0
34,6,1,3.0,1242.0
34,6,2,1.0,1315.0
34,6,3,1.0,1128.0
34,6,5,1.0,1212.0
34,6,6,2.0,1820.0
34,6,8,1.0,2017.0
34,6,9,1.0,1333.0
34,6,10,4.0,1588.8
34,6,11,3.0,1378.3
34,6,12,2.0,1222.0
34,6,13,1.0,1228.0
34,6,14,5.0,1388.0
34,6,15,10.0,1490.9
34,6,16,4.0,1946.2
34,6,17,10.0,2326.3
34,6,18,7.0,2055.1
34,6,19,23.0,1480.7
34,6,20,21.0,1356.0
34,6,21,25.0,1328.1
34,6,22,24.0,1302.0
34,6,23,15.0,1450.1
34,7,0,2.0,1214.5
34,7,1,3.0,989.7
34,7,2,1.0,903.0
34,8,0,22.0,788.2
34,8,1,8.0,865.5
34,8,2,13.0,733.6
34,8,3,4.0,617.0
34,8,4,3.0,865.7
34,8,5,7.0,952.4
34,8,6,9.0,1038.2
34,8,7,31.0,1204.7
34,8,8,39.0,1563.2
34,8,9,39.0,1333.8
34,8,10,46.0,1355.2
34,8,11,42.0,1054.1
34,8,12,59.0,1179.3
34,8,13,75.0,1110.9
34,8,14,91.0,1119.6
34,8,15,89.0,1194.3
34,8,16,103.0,1372.7
34,8,17,92.0,1420.0
34,8,18,87.0,1236.0
34,8,19,89.0,1025.1
34,8,20,145.0,960.6
34,8,21,129.0,987.8
34,8,22,80.0,915.1
34,8,23,56.0,797.6
34,9,17,1.0,4395.0
34,9,19,1.0,2250.0
34,9,20,1.0,1378.0
34,10,3,1.0,1116.0
34,10,6,1.0,2193.0
34,11,0,1.0,965.0
34,12,12,1.0,1649.0
34,12,21,1.0,1293.0
34,13,0,2.0,1449.5
34,13,4,1.0,2269.0
34,14,3,1.0,1153.0
34,14,14,1.0,1740.0
34,14,17,2.0,3100.5
34,14,19,1.0,1317.0
34,14,20,2.0,1468.5
34,14,21,2.0,2403.0
34,14,22,1.0,2006.0
34,14,23,1.0,1084.0
34,15,1,1.0,1570.0
34,16,3,1.0,881.0
34,17,6,1.0,2633.0
34,17,7,3.0,3316.3
34,17,16,1.0,2808.0
34,17,18,1.0,2397.0
34,17,21,2.0,2254.0
34,17,22,1.0,1701.0
34,19,0,2.0,1741.5
34,19,2,1.0,1472.0
34,19,15,1.0,2692.0
34,19,18,2.0,2729.0
34,19,19,3.0,2626.3
34,19,20,1.0,2984.0
34,19,21,1.0,1575.0
34,19,23,1.0,1598.0
34,21,0,4.0,1158.0
34,21,2,1.0,1529.0
34,21,3,1.0,825.0
34,21,7,1.0,885.0
34,21,12,2.0,1444.5
34,21,19,2.0,1117.5
34,21,20,2.0,1246.5
34,21,22,1.0,1616.0
34,21,23,3.0,1345.0
34,22,0,9.0,818.2
34,22,1,1.0,1506.0
34,22,3,1.0,1018.0
34,22,5,2.0,1483.0
34,22,6,2.0,1187.5
34,22,9,4.0,1428.0
34,22,10,11.0,1518.6
34,22,11,6.0,1307.5
34,22,12,1.0,1917.0
34,22,13,4.0,1122.0
34,22,14,1.0,2150.0
34,22,15,5.0,1472.6
34,22,16,3.0,2125.0
34,22,17,5.0,1843.0
34,22,18,7.0,1865.4
34,22,19,9.0,1629.1
34,22,20,15.0,1354.7
34,22,21,12.0,1190.3
34,22,22,14.0,1071.6
34,22,23,5.0,1135.2
34,23,0,2.0,885.5
34,23,2,2.0,1267.0
34,23,8,5.0,1773.0
34,23,9,1.0,1202.0
34,23,11,1.0,1105.0
34,23,12,1.0,1154.0
34,23,14,4.0,1714.0
34,23,15,2.0,2279.0
34,23,16,1.0,2192.0
34,23,17,1.0,1641.0
34,23,18,3.0,1584.7
34,23,19,2.0,1774.5
34,23,20,1.0,1354.0
34,23,23,1.0,1252.0
34,24,1,3.0,1052.3
34,24,2,2.0,780.5
34,24,3,3.0,881.3
34,24,4,3.0,575.7
34,25,0,1.0,937.0
34,25,1,1.0,1281.0
34,25,2,3.0,917.0
34,25,3,1.0,1236.0
34,25,4,1.0,1670.0
34,25,10,3.0,1228.7
34,25,12,1.0,715.0
34,25,13,3.0,1678.0
34,25,14,5.0,2415.8
34,25,15,1.0,1697.0
34,25,16,2.0,1859.0
34,25,17,1.0,2349.0
34,25,19,2.0,1183.0
34,25,20,1.0,2557.0
34,25,21,2.0,1066.0
34,25,22,1.0,1290.0
34,25,23,1.0,1030.0
34,26,1,1.0,1008.0
34,27,1,1.0,644.0
34,27,4,2.0,709.0
34,27,7,6.0,1036.2
34,27,13,3.0,833.3
34,27,15,1.0,1043.0
34,27,16,1.0,851.0
34,27,18,2.0,1191.0
34,27,23,3.0,699.3
34,28,0,8.0,538.8
34,28,1,9.0,458.8
34,28,2,8.0,619.4
34,28,3,8.0,483.9
34,28,4,11.0,522.9
34,28,5,21.0,584.5
34,29,1,1.0,1058.0
34,29,8,1.0,1409.0
34,29,9,2.0,987.0
34,29,10,1.0,862.0
34,29,12,2.0,1681.0
34,29,14,1.0,1040.0
34,29,16,1.0,1807.0
34,29,18,1.0,1587.0
34,29,19,1.0,1618.0
34,29,20,2.0,1010.0
34,29,21,2.0,1160.5
34,29,23,1.0,972.0
34,30,0,4.0,803.8
34,30,2,3.0,796.7
34,30,3,3.0,764.3
34,30,4,1.0,656.0
34,31,0,7.0,521.9
34,31,1,6.0,508.8
34,31,2,2.0,452.5
34,31,3,1.0,223.0
34,31,4,1.0,468.0
34,31,6,2.0,639.5
34,31,7,1.0,430.0
34,31,11,2.0,468.0
34,31,20,3.0,575.3
34,31,21,3.0,356.3
34,31,22,3.0,501.3
34,31,23,7.0,316.7
34,32,0,14.0,538.8
34,32,1,6.0,723.3
34,32,2,21.0,502.9
34,32,3,6.0,532.2
34,32,4,6.0,489.3
34,32,5,11.0,671.2
34,32,6,30.0,791.3
34,32,7,106.0,1079.4
34,32,8,98.0,1196.8
34,32,9,142.0,1016.3
34,32,10,129.0,807.7
34,32,11,76.0,903.7
34,32,12,110.0,824.7
34,32,13,153.0,820.7
34,32,14,98.0,781.7
34,32,15,99.0,806.7
34,32,16,80.0,858.1
34,32,17,99.0,869.7
34,32,18,101.0,810.7
34,32,19,117.0,685.9
34,32,20,161.0,721.2
34,32,21,136.0,658.0
34,32,22,69.0,593.2
34,32,23,48.0,626.1
34,33,1,6.0,353.2
34,33,2,2.0,1062.5
34,33,3,3.0,325.3
34,33,4,5.0,378.2
34,34,0,8.0,299.6
34,34,1,17.0,260.7
34,34,2,7.0,281.6
34,34,3,4.0,386.5
34,34,4,1.0,843.0
34,34,5,3.0,174.3
34,35,0,9.0,298.7
34,35,1,6.0,350.5
34,35,2,11.0,324.6
34,35,3,4.0,337.0
34,35,4,3.0,381.3
34,35,5,2.0,392.5
34,35,6,2.0,175.5
34,35,7,16.0,537.6
34,35,8,27.0,453.6
34,35,9,29.0,391.1
34,35,10,22.0,328.7
34,35,11,19.0,309.6
34,35,12,8.0,376.9
34,35,13,23.0,364.3
34,35,14,22.0,327.0
34,35,15,22.0,463.5
34,35,16,26.0,460.3
34,35,17,29.0,454.4
34,35,18,44.0,437.9
34,35,19,26.0,500.0
34,35,20,35.0,434.6
34,35,21,26.0,396.8
34,35,22,19.0,418.3
34,35,23,26.0,427.3
34,36,0,5.0,315.2
34,36,1,3.0,346.7
34,36,3,1.0,426.0
34,36,6,1.0,484.0
34,36,9,2.0,498.0
34,36,11,1.0,432.0
34,36,12,1.0,508.0
34,36,20,2.0,453.5
34,36,21,1.0,439.0
34,36,22,2.0,457.5
34,36,23,1.0,396.0
34,37,0,3.0,285.3
34,37,5,1.0,181.0
34,37,13,1.0,699.0
34,37,18,1.0,463.0
34,37,20,1.0,482.0
34,37,21,1.0,394.0
34,37,22,1.0,371.0
34,37,23,6.0,508.7
34,38,0,7.0,353.3
34,38,1,5.0,435.2
34,38,2,6.0,648.8
34,38,3,1.0,242.0
34,38,4,1.0,482.0
34,38,20,3.0,440.3
34,38,22,2.0,266.0
34,38,23,1.0,336.0
34,39,0,1.0,600.0
34,39,1,2.0,602.0
34,39,2,1.0,1155.0
34,39,6,1.0,576.0
34,39,9,1.0,789.0
34,39,10,4.0,657.5
34,39,11,2.0,660.0
34,39,12,7.0,654.9
34,39,13,4.0,639.5
34,39,14,2.0,1294.5
34,39,18,1.0,1379.0
34,39,19,1.0,528.0
34,39,20,12.0,705.0
34,39,21,7.0,740.4
34,39,22,5.0,683.0
34,39,23,1.0,668.0
34,40,1,2.0,636.5
34,40,4,1.0,1024.0
34,41,0,6.0,943.3
34,41,1,2.0,701.0
34,41,2,1.0,734.0
34,41,3,1.0,1066.0
34,41,5,1.0,649.0
34,42,0,1.0,653.0
34,42,2,4.0,923.0
34,42,4,1.0,660.0
34,43,0,6.0,1216.0
34,43,1,2.0,990.0
34,43,2,2.0,890.0
34,43,7,1.0,759.0
34,43,8,1.0,946.0
34,43,9,1.0,811.0
34,43,12,1.0,889.0
34,43,13,1.0,977.0
34,43,14,6.0,1201.0
34,43,15,4.0,1196.0
34,43,16,4.0,1741.8
34,43,18,1.0,1390.0
34,43,19,2.0,1007.0
34,43,20,10.0,1052.7
34,43,21,2.0,1329.0
34,43,22,5.0,1188.0
34,43,23,2.0,870.0
34,44,2,1.0,649.0
34,44,4,1.0,698.0
34,44,6,1.0,588.0
34,44,23,1.0,931.0
34,45,0,1.0,3731.0
34,45,8,1.0,1032.0
34,45,9,1.0,1436.0
34,45,17,1.0,1456.0
34,45,19,1.0,1267.0
34,45,20,1.0,2093.0
34,45,22,1.0,1200.0
34,45,23,1.0,1636.0
34,46,1,1.0,1350.0
34,46,2,1.0,1049.0
34,47,3,2.0,738.0
34,48,17,2.0,2299.5
34,49,1,6.0,1162.3
34,49,2,2.0,920.0
34,50,0,1.0,892.0
34,50,8,3.0,1124.7
34,50,12,1.0,1846.0
34,50,13,1.0,1512.0
34,50,14,1.0,995.0
34,50,16,1.0,3179.0
34,52,1,1.0,1043.0
34,52,15,1.0,2131.0
34,52,21,1.0,943.0
34,54,17,1.0,2849.0
34,54,21,1.0,1207.0
34,55,19,1.0,1155.0
34,56,1,4.0,815.5
34,56,2,1.0,750.0
34,56,3,1.0,621.0
34,56,4,7.0,1129.1
34,57,4,1.0,707.0
34,58,0,9.0,736.2
34,58,1,2.0,636.5
34,58,2,2.0,589.5
34,58,4,1.0,614.0
34,59,0,7.0,587.4
34,59,1,3.0,644.0
34,59,2,5.0,492.4
34,59,5,1.0,459.0
34,59,6,1.0,684.0
34,59,7,6.0,534.5
34,59,8,12.0,549.8
34,59,9,3.0,546.3
34,59,10,6.0,568.2
34,59,11,6.0,600.8
34,59,12,11.0,617.5
34,59,13,5.0,530.8
34,59,14,4.0,561.2
34,59,15,12.0,705.3
34,59,16,11.0,725.0
34,59,17,12.0,689.8
34,59,18,5.0,653.6
34,59,19,15.0,635.1
34,59,20,8.0,629.0
34,59,21,17.0,520.6
34,59,22,10.0,549.1
34,59,23,2.0,469.0
34,60,0,20.0,283.2
34,60,1,10.0,302.4
34,60,2,27.0,285.8
34,60,3,18.0,237.8
34,60,4,8.0,281.8
34,60,5,2.0,506.0
34,60,6,11.0,395.5
34,60,7,6.0,281.8
34,60,8,15.0,302.9
34,60,9,32.0,401.9
34,60,10,15.0,389.5
34,60,11,25.0,328.4
34,60,12,22.0,369.1
34,60,13,21.0,327.4
34,60,14,32.0,368.7
34,60,15,21.0,398.5
34,60,16,30.0,375.4
34,60,17,55.0,399.1
34,60,18,51.0,390.0
34,60,19,47.0,345.4
34,60,20,58.0,405.6
34,60,21,58.0,370.4
34,60,22,50.0,330.9
34,60,23,47.0,357.9
34,61,0,5.0,853.6
34,61,1,1.0,445.0
34,61,2,3.0,544.7
34,61,3,2.0,600.5
34,61,4,1.0,138.0
34,61,5,1.0,424.0
34,61,6,2.0,648.5
34,61,7,13.0,541.9
34,61,8,4.0,652.2
34,61,9,6.0,584.5
34,61,10,4.0,426.2
34,61,11,1.0,375.0
34,61,12,6.0,674.2
34,61,13,2.0,772.0
34,61,14,7.0,673.1
34,61,15,8.0,821.4
34,61,16,7.0,982.1
34,61,17,4.0,516.5
34,61,18,6.0,604.3
34,61,19,6.0,609.8
34,61,20,6.0,502.5
34,61,21,7.0,644.0
34,61,22,6.0,441.2
34,61,23,9.0,578.2
34,62,1,1.0,1158.0
34,62,12,1.0,1455.0
34,62,14,1.0,1460.0
34,62,15,4.0,2212.8
34,62,17,1.0,1533.0
34,62,19,2.0,1352.5
34,62,20,1.0,1128.0
34,62,23,1.0,1232.0
34,63,0,1.0,628.0
34,63,1,1.0,842.0
34,63,6,2.0,938.5
34,63,9,1.0,1065.0
34,63,12,2.0,1353.0
34,63,20,1.0,797.0
34,63,21,2.0,1469.0
34,64,1,1.0,984.0
34,64,6,1.0,1451.0
34,64,23,3.0,1151.3
34,65,1,1.0,1688.0
34,65,21,1.0,1591.0
34,65,23,1.0,1418.0
34,67,0,3.0,892.7
34,67,2,1.0,1055.0
34,67,6,1.0,981.0
34,67,8,1.0,1020.0
34,67,9,10.0,1181.4
34,67,11,2.0,1004.0
34,67,14,3.0,1014.3
34,67,15,2.0,1195.5
34,67,17,4.0,1519.0
34,67,18,1.0,1224.0
34,67,19,3.0,841.7
34,67,22,3.0,683.7
34,68,0,5.0,585.8
34,68,1,3.0,670.3
34,68,2,2.0,467.5
34,68,7,9.0,675.7
34,68,8,1.0,995.0
34,68,9,1.0,636.0
34,68,10,1.0,694.0
34,68,11,4.0,608.2
34,68,12,2.0,663.0
34,68,13,1.0,2026.0
34,68,14,3.0,1617.3
34,68,16,4.0,1260.2
34,68,17,1.0,837.0
34,68,19,1.0,653.0
34,68,20,3.0,749.7
34,68,21,5.0,358.4
34,68,22,2.0,591.0
34,68,23,1.0,587.0
34,69,0,7.0,616.4
34,69,1,4.0,674.8
34,69,2,2.0,501.5
34,69,7,2.0,639.0
34,69,8,2.0,936.5
34,69,10,1.0,507.0
34,69,11,1.0,540.0
34,69,13,2.0,687.5
34,69,14,2.0,996.0
34,69,15,2.0,1456.0
34,69,16,2.0,1194.0
34,69,17,8.0,1223.4
34,69,18,8.0,1413.4
34,69,19,1.0,600.0
34,69,20,1.0,563.0
34,69,21,1.0,431.0
34,69,22,4.0,768.0
34,69,23,3.0,767.0
34,70,2,1.0,1135.0
34,71,0,1.0,780.0
34,71,6,3.0,1404.0
34,71,23,1.0,759.0
34,73,0,2.0,792.0
34,73,1,1.0,1707.0
34,74,8,1.0,1487.0
34,74,19,1.0,1772.0
34,76,1,1.0,1498.0
34,76,2,6.0,1618.2
34,76,3,8.0,1530.1
34,76,4,17.0,1622.6
34,76,5,16.0,2222.1
34,76,6,10.0,3247.1
34,76,7,12.0,3455.0
34,76,8,3.0,3421.3
34,76,9,8.0,2319.4
34,76,10,7.0,2260.1
34,76,11,14.0,2482.9
34,76,12,9.0,2983.3
34,76,13,15.0,2810.7
34,76,14,11.0,3499.6
34,76,15,15.0,4045.3
34,76,16,11.0,4412.5
34,76,17,4.0,4015.8
34,76,18,4.0,2786.2
34,76,19,4.0,3042.8
34,76,20,3.0,1761.7
34,76,21,2.0,2220.0
34,76,22,2.0,1710.5
34,76,23,1.0,1197.0
34,77,2,2.0,928.5
34,77,3,1.0,1234.0
35,1,0,1.0,2120.0
35,1,1,1.0,1324.0
35,1,4,2.0,1569.0
35,1,7,3.0,2305.0
35,1,8,4.0,2282.0
35,1,10,4.0,2272.8
35,1,12,2.0,1354.5
35,1,13,1.0,1587.0
35,1,14,2.0,2646.0
35,1,18,5.0,3055.8
35,1,19,4.0,2227.5
35,1,20,4.0,2356.0
35,1,21,3.0,1678.3
35,1,22,8.0,1742.9
35,1,23,4.0,1791.2
35,2,0,1.0,2363.0
35,2,1,2.0,2434.5
35,2,4,2.0,1847.0
35,2,8,1.0,2004.0
35,2,9,1.0,1913.0
35,2,10,1.0,1836.0
35,2,11,1.0,1648.0
35,2,12,2.0,2394.5
35,2,13,3.0,2061.3
35,2,14,1.0,3172.0
35,2,15,1.0,2744.0
35,2,16,2.0,3700.5
35,2,18,2.0,2150.5
35,2,19,5.0,2377.6
35,2,20,4.0,2190.5
35,2,21,4.0,1691.5
35,2,22,2.0,1856.5
35,3,0,1.0,1522.0
35,3,1,1.0,1471.0
35,3,2,2.0,972.0
35,4,9,1.0,3600.0
35,4,11,3.0,1832.7
35,4,13,1.0,1891.0
35,4,14,1.0,1556.0
35,4,16,3.0,2399.0
35,4,17,3.0,3761.0
35,4,18,1.0,3124.0
35,4,19,4.0,1524.8
35,4,20,2.0,1480.0
35,4,21,2.0,1664.5
35,4,23,1.0,1516.0
35,5,6,14.0,2199.7
35,5,7,1.0,2689.0
35,5,10,5.0,1721.8
35,5,11,1.0,1255.0
35,5,12,3.0,2209.3
35,5,13,1.0,1332.0
35,5,20,1.0,1528.0
35,5,21,3.0,1186.3
35,6,0,4.0,1560.8
35,6,1,1.0,1244.0
35,6,2,1.0,827.0
35,6,3,2.0,1655.0
35,6,5,3.0,1144.0
35,6,6,14.0,1398.6
35,6,7,5.0,2537.6
35,6,8,10.0,2119.8
35,6,9,3.0,1610.7
35,6,10,9.0,1669.4
35,6,11,5.0,1608.4
35,6,12,8.0,1521.1
35,6,13,11.0,1313.7
35,6,14,11.0,1379.1
35,6,15,11.0,1333.8
35,6,16,17.0,2095.4
35,6,17,13.0,2539.5
35,6,18,4.0,1791.0
35,6,19,8.0,1277.4
35,6,20,11.0,1344.0
35,6,21,11.0,1272.4
35,6,22,7.0,1247.6
35,6,23,6.0,1226.7
35,7,0,5.0,838.0
35,7,1,2.0,1206.5
35,7,2,2.0,832.5
35,7,3,2.0,1428.0
35,7,5,1.0,1067.0
35,7,6,9.0,1314.0
35,7,7,3.0,1516.3
35,7,23,4.0,1100.2
35,8,0,5.0,851.0
35,8,1,9.0,885.4
35,8,2,8.0,774.4
35,8,3,7.0,769.3
35,8,4,19.0,703.8
35,8,5,36.0,909.5
35,9,1,2.0,1563.5
35,9,15,1.0,4164.0
35,10,4,1.0,1848.0
35,10,17,1.0,5616.0
35,13,2,1.0,1389.0
35,14,0,1.0,1270.0
35,14,2,1.0,1404.0
35,14,6,1.0,1972.0
35,14,16,3.0,2087.0
35,14,17,2.0,3345.5
35,14,18,2.0,2826.0
35,14,20,2.0,1743.0
35,14,22,1.0,1298.0
35,14,23,1.0,1416.0
35,15,0,2.0,1274.5
35,15,5,1.0,2203.0
35,15,6,1.0,1528.0
35,15,8,1.0,2778.0
35,15,11,3.0,2231.3
35,15,12,3.0,3372.3
35,15,13,1.0,2434.0
35,15,16,1.0,2777.0
35,15,21,2.0,1430.5
35,15,22,1.0,1344.0
35,15,23,2.0,2015.0
35,16,0,3.0,1698.3
35,16,5,1.0,1247.0
35,16,6,1.0,2854.0
35,16,7,1.0,1354.0
35,16,8,1.0,1713.0
35,16,9,1.0,2809.0
35,16,10,2.0,2450.5
35,16,11,2.0,2080.0
35,16,12,2.0,1843.0
35,16,13,2.0,1754.0
35,16,14,1.0,1717.0
35,16,16,1.0,3453.0
35,16,17,2.0,2618.0
35,16,20,3.0,1931.3
35,16,21,1.0,1477.0
35,16,23,1.0,1587.0
35,19,1,2.0,1297.0
35,19,2,4.0,1787.5
35,19,3,3.0,1250.7
35,19,8,2.0,2847.5
35,19,9,1.0,1892.0
35,19,12,1.0,2066.0
35,19,13,2.0,2790.5
35,19,14,2.0,3604.5
35,19,17,1.0,2835.0
35,19,18,1.0,3676.0
35,19,20,2.0,2312.5
35,19,23,1.0,3048.0
35,21,0,1.0,1227.0
35,21,4,2.0,1019.5
35,21,5,1.0,903.0
35,21,7,6.0,2106.0
35,21,10,2.0,1009.5
35,21,11,1.0,2512.0
35,21,12,2.0,1851.0
35,21,14,5.0,1893.6
35,21,15,1.0,1902.0
35,21,16,1.0,3335.0
35,21,18,1.0,2120.0
35,21,19,2.0,1802.0
35,21,20,2.0,1393.5
35,21,23,1.0,1039.0
35,22,0,1.0,811.0
35,22,3,1.0,1201.0
35,22,4,4.0,850.0
35,22,6,1.0,1536.0
35,23,0,2.0,1242.0
35,23,1,1.0,937.0
35,23,5,1.0,1024.0
35,23,6,2.0,1450.5
35,23,7,5.0,1638.2
35,23,8,2.0,1585.0
35,23,9,2.0,1665.5
35,23,10,3.0,1720.3
35,23,11,1.0,1553.0
35,23,12,2.0,1437.5
35,23,13,5.0,1395.4
35,23,14,1.0,1477.0
35,23,15,3.0,1943.3
35,23,16,4.0,2159.5
35,23,17,3.0,2376.7
35,23,18,3.0,2087.7
35,23,21,5.0,1106.6
35,23,22,2.0,1363.5
35,23,23,1.0,1845.0
35,24,0,5.0,1039.4
35,24,1,1.0,1339.0
35,24,2,2.0,803.5
35,24,3,1.0,838.0
35,24,4,3.0,827.3
35,24,5,5.0,1300.0
35,24,6,4.0,1308.5
35,24,23,3.0,897.7
35,25,0,1.0,2478.0
35,25,2,1.0,848.0
35,25,5,1.0,1063.0
35,25,6,4.0,1721.8
35,25,23,1.0,1591.0
35,26,4,1.0,1255.0
35,27,2,1.0,688.0
35,27,5,2.0,1394.0
35,27,6,1.0,1578.0
35,28,0,12.0,677.0
35,28,1,8.0,612.1
35,28,2,4.0,807.2
35,28,3,4.0,562.0
35,28,4,11.0,670.5
35,28,5,32.0,742.5
35,28,6,107.0,990.2
35,28,7,222.0,1180.7
35,28,8,309.0,1367.3
35,28,9,213.0,1162.4
35,28,10,110.0,941.5
35,28,11,99.0,963.4
35,28,12,112.0,854.0
35,28,13,86.0,852.7
35,28,14,106.0,972.4
35,28,15,99.0,1003.3
35,28,16,105.0,1038.6
35,28,17,99.0,1261.8
35,28,18,132.0,1104.6
35,28,19,81.0,843.7
35,28,20,58.0,809.4
35,28,21,51.0,701.5
35,28,22,32.0,656.5
35,28,23,33.0,664.3
35,29,0,5.0,1075.4
35,29,1,1.0,1209.0
35,29,5,1.0,2114.0
35,29,6,6.0,1085.7
35,29,7,3.0,1797.3
35,29,8,5.0,1427.2
35,29,9,14.0,1510.0
35,29,10,7.0,1313.6
35,29,11,5.0,1253.0
35,29,12,2.0,1042.5
35,29,13,6.0,1842.2
35,29,14,6.0,1480.5
35,29,15,12.0,1458.5
35,29,16,4.0,1475.0
35,29,17,3.0,1913.3
35,29,18,5.0,1721.8
35,29,19,3.0,1593.0
35,29,20,6.0,1318.0
35,29,21,3.0,1241.7
35,29,22,6.0,1217.0
35,29,23,5.0,1318.0
35,30,0,5.0,714.2
35,30,3,1.0,737.0
35,30,4,2.0,805.5
35,30,6,4.0,1116.0
35,30,7,9.0,1196.1
35,30,8,7.0,983.6
35,30,9,11.0,975.0
35,30,10,4.0,1131.0
35,30,11,1.0,1386.0
35,30,12,4.0,1099.2
35,30,13,3.0,1179.0
35,30,14,11.0,1659.7
35,30,15,6.0,1637.5
35,30,16,3.0,1604.7
35,30,17,2.0,2454.0
35,30,18,4.0,1218.2
35,30,19,2.0,787.5
35,30,20,4.0,819.5
35,30,21,8.0,870.0
35,30,22,7.0,1004.0
35,30,23,3.0,1197.3
35,31,0,4.0,566.5
35,31,1,4.0,598.2
35,31,4,5.0,976.0
35,31,5,4.0,770.8
35,31,6,4.0,768.2
35,31,7,12.0,746.2
35,31,8,16.0,811.1
35,31,9,16.0,803.4
35,31,10,11.0,708.7
35,31,11,6.0,756.2
35,31,12,11.0,774.2
35,31,13,10.0,912.8
35,31,14,11.0,765.8
35,31,15,14.0,802.6
35,31,16,12.0,823.8
35,31,17,7.0,775.6
35,31,18,10.0,854.4
35,31,19,5.0,883.2
35,31,20,8.0,774.5
35,31,21,7.0,605.1
35,31,22,4.0,624.5
35,31,23,6.0,606.0
35,32,0,9.0,657.2
35,32,1,8.0,614.8
35,32,2,12.0,758.9
35,32,3,7.0,736.9
35,32,4,4.0,824.0
35,32,5,48.0,763.1
35,32,6,97.0,876.2
35,32,7,288.0,1233.5
35,32,8,474.0,1414.6
35,32,9,402.0,1200.3
35,32,10,213.0,1023.5
35,32,11,183.0,931.0
35,32,12,182.0,953.1
35,32,13,143.0,976.3
35,32,14,111.0,945.0
35,32,15,120.0,983.4
35,32,16,117.0,997.1
35,32,17,154.0,1061.7
35,32,18,118.0,928.5
35,32,19,104.0,820.3
35,32,20,66.0,743.4
35,32,21,51.0,729.4
35,32,22,56.0,711.3
35,32,23,25.0,714.9
35,33,0,7.0,569.9
35,33,1,10.0,463.9
35,33,2,3.0,404.3
35,33,5,12.0,404.3
35,33,6,17.0,359.7
35,33,7,6.0,450.8
35,33,10,12.0,429.4
35,33,11,21.0,418.9
35,33,12,10.0,371.6
35,33,13,8.0,403.6
35,33,20,18.0,431.2
35,33,21,14.0,494.1
35,33,22,9.0,406.9
35,33,23,12.0,409.6
35,34,0,10.0,615.7
35,34,1,7.0,322.3
35,34,2,4.0,392.5
35,34,3,9.0,351.9
35,34,5,4.0,325.5
35,34,6,5.0,325.0
35,34,7,22.0,556.3
35,34,8,24.0,378.3
35,34,9,20.0,423.2
35,34,10,15.0,408.2
35,34,11,19.0,421.2
35,34,12,25.0,378.4
35,34,13,13.0,354.0
35,34,14,17.0,426.5
35,34,15,34.0,474.7
35,34,16,20.0,388.0
35,34,17,20.0,438.5
35,34,18,28.0,378.6
35,34,19,26.0,388.7
35,34,20,20.0,372.3
35,34,21,15.0,426.7
35,34,22,9.0,375.7
35,34,23,6.0,304.3
35,35,0,27.0,379.5
35,35,1,16.0,276.2
35,35,2,15.0,391.3
35,35,3,3.0,212.7
35,35,4,6.0,354.5
35,35,5,13.0,296.2
35,35,6,7.0,204.0
35,35,23,20.0,344.0
35,36,0,4.0,412.2
35,36,1,2.0,327.0
35,36,2,2.0,392.0
35,36,4,1.0,203.0
35,36,6,4.0,324.2
35,36,7,8.0,364.6
35,36,8,9.0,409.2
35,36,9,9.0,433.2
35,36,10,15.0,355.3
35,36,11,14.0,376.3
35,36,12,7.0,272.6
35,36,13,16.0,269.9
35,36,14,15.0,377.4
35,36,15,12.0,371.6
35,36,16,12.0,325.6
35,36,17,14.0,447.6
35,36,18,17.0,369.5
35,36,19,11.0,340.1
35,36,20,20.0,313.0
35,36,21,9.0,313.6
35,36,22,11.0,354.1
35,36,23,9.0,306.0
35,37,1,1.0,703.0
35,37,8,11.0,454.1
35,37,9,8.0,530.8
35,37,11,1.0,335.0
35,37,12,2.0,566.5
35,37,13,4.0,557.2
35,37,15,5.0,556.2
35,37,16,3.0,624.3
35,37,17,9.0,454.6
35,37,19,4.0,609.2
35,37,22,1.0,337.0
35,38,0,8.0,336.6
35,38,1,6.0,406.2
35,38,2,2.0,342.0
35,38,3,2.0,307.5
35,38,4,2.0,547.5
35,38,5,12.0,293.2
35,38,6,19.0,376.0
35,38,7,22.0,450.6
35,38,8,50.0,472.1
35,38,9,35.0,483.4
35,38,10,36.0,499.1
35,38,11,40.0,430.4
35,38,12,49.0,453.7
35,38,13,41.0,418.8
35,38,14,47.0,481.9
35,38,15,62.0,443.3
35,38,16,73.0,441.0
35,38,17,56.0,449.7
35,38,18,82.0,407.8
35,38,19,63.0,399.1
35,38,20,35.0,413.6
35,38,21,29.0,447.6
35,38,22,30.0,420.9
35,38,23,17.0,394.7
35,39,0,1.0,360.0
35,39,1,3.0,389.3
35,39,2,2.0,507.5
35,39,5,4.0,606.8
35,39,6,6.0,481.7
35,39,7,19.0,578.4
35,39,8,23.0,646.2
35,39,9,18.0,527.9
35,39,10,17.0,628.5
35,39,11,13.0,486.9
35,39,12,12.0,545.6
35,39,13,19.0,672.3
35,39,14,21.0,564.0
35,39,15,19.0,719.1
35,39,16,30.0,676.6
35,39,17,34.0,684.8
35,39,18,28.0,654.6
35,39,19,20.0,594.2
35,39,20,22.0,515.5
35,39,21,10.0,611.1
35,39,22,10.0,456.8
35,39,23,6.0,606.5
35,40,0,1.0,490.0
35,40,1,4.0,652.0
35,40,2,1.0,586.0
35,40,3,1.0,511.0
35,40,5,1.0,677.0
35,41,0,3.0,641.7
35,41,1,5.0,611.0
35,41,3,1.0,673.0
35,41,4,2.0,749.0
35,41,5,1.0,441.0
35,41,6,2.0,662.0
35,42,0,9.0,889.2
35,42,1,6.0,668.0
35,42,2,6.0,724.3
35,42,6,1.0,625.0
35,42,7,8.0,732.2
35,42,8,10.0,939.1
35,42,9,11.0,864.8
35,42,10,14.0,880.3
35,42,11,12.0,943.4
35,42,12,11.0,825.1
35,42,13,13.0,925.8
35,42,14,17.0,927.6
35,42,15,20.0,880.1
35,42,16,27.0,1072.5
35,42,17,18.0,850.6
35,42,18,15.0,865.1
35,42,19,11.0,905.5
35,42,20,16.0,1012.5
35,42,21,21.0,866.7
35,42,22,22.0,861.5
35,42,23,13.0,807.6
35,43,0,12.0,920.7
35,43,1,5.0,1019.4
35,43,2,6.0,776.7
35,43,6,3.0,1024.3
35,43,7,12.0,906.4
35,43,8,6.0,798.5
35,43,9,21.0,985.4
35,43,10,14.0,947.0
35,43,11,12.0,993.6
35,43,12,12.0,1153.1
35,43,13,13.0,951.6
35,43,14,14.0,1096.4
35,43,15,21.0,1354.6
35,43,16,24.0,1370.2
35,43,17,31.0,1440.5
35,43,18,29.0,1216.8
35,43,19,36.0,1156.1
35,43,20,29.0,938.7
35,43,21,23.0,1050.5
35,43,22,27.0,937.5
35,43,23,16.0,1078.8
35,44,2,1.0,756.0
35,44,3,2.0,807.5
35,45,0,1.0,1055.0
35,45,5,3.0,1359.7
35,46,0,2.0,1531.0
35,46,1,2.0,1802.5
35,46,2,2.0,1308.5
35,46,3,1.0,1189.0
35,46,4,1.0,1024.0
35,46,5,1.0,1759.0
35,47,5,1.0,1277.0
35,48,0,1.0,1173.0
35,48,7,4.0,1718.0
35,48,8,2.0,1503.5
35,48,9,1.0,1344.0
35,48,11,3.0,1154.0
35,48,13,1.0,1319.0
35,48,14,2.0,1262.0
35,48,15,3.0,1868.0
35,48,16,4.0,2016.2
35,48,17,4.0,1468.2
35,48,18,7.0,1585.4
35,48,19,3.0,1602.7
35,48,20,1.0,1004.0
35,48,22,2.0,1602.5
35,48,23,2.0,1526.0
35,49,1,1.0,1201.0
35,49,3,1.0,629.0
35,49,4,2.0,961.0
35,50,5,1.0,1694.0
35,50,6,1.0,1250.0
35,50,7,1.0,1828.0
35,50,8,3.0,1362.3
35,50,10,1.0,1000.0
35,50,12,5.0,1566.6
35,50,13,6.0,1151.3
35,50,14,3.0,2177.3
35,50,16,1.0,3331.0
35,50,18,1.0,2237.0
35,50,20,2.0,1860.5
35,50,21,3.0,1441.7
35,50,23,1.0,973.0
35,51,0,3.0,1292.7
35,51,1,1.0,1382.0
35,51,4,1.0,2228.0
35,51,5,1.0,1096.0
35,51,9,2.0,1811.0
35,51,12,1.0,1309.0
35,51,14,2.0,1761.5
35,51,15,1.0,2381.0
35,51,16,2.0,2152.0
35,51,18,4.0,1637.8
35,51,19,5.0,1570.2
35,51,20,1.0,1545.0
35,51,23,2.0,1368.0
35,53,3,1.0,1201.0
35,53,4,1.0,1112.0
35,53,10,1.0,1397.0
35,53,11,4.0,1295.2
35,53,20,3.0,1637.0
35,53,21,2.0,1511.5
35,53,22,1.0,1323.0
35,53,23,1.0,1055.0
35,55,4,1.0,2242.0
35,56,3,2.0,1164.5
35,56,4,22.0,1323.2
35,56,5,12.0,1321.7
35,56,6,19.0,1491.4
35,56,7,17.0,1580.0
35,56,8,10.0,1313.4
35,56,9,12.0,1388.9
35,56,10,8.0,1391.2
35,56,11,6.0,1726.3
35,56,12,6.0,1646.2
35,56,13,13.0,1756.6
35,56,14,9.0,2073.1
35,56,15,9.0,2657.1
35,56,16,6.0,2566.0
35,56,17,19.0,2418.2
35,56,18,5.0,2065.6
35,56,19,12.0,1738.7
35,56,20,7.0,1390.6
35,56,21,9.0,1144.7
35,56,22,5.0,1410.2
35,56,23,3.0,904.0
35,57,1,1.0,843.0
35,57,2,1.0,1053.0
35,57,4,2.0,681.5
35,57,6,7.0,809.7
35,57,7,3.0,1031.0
35,57,8,1.0,824.0
35,57,9,1.0,1508.0
35,57,10,1.0,2011.0
35,57,11,1.0,1105.0
35,57,15,3.0,2444.7
35,57,17,1.0,1868.0
35,57,19,1.0,1193.0
35,57,21,2.0,783.5
35,57,22,1.0,869.0
35,57,23,4.0,1021.5
35,58,0,1.0,778.0
35,58,1,1.0,860.0
35,58,3,2.0,876.5
35,58,4,1.0,918.0
35,58,5,1.0,1620.0
35,58,6,5.0,625.2
35,58,7,1.0,935.0
35,58,8,1.0,830.0
35,58,12,3.0,901.0
35,58,13,3.0,1276.7
35,58,14,3.0,1680.7
35,58,15,6.0,1297.5
35,58,16,1.0,1639.0
35,58,17,3.0,1504.7
35,58,18,3.0,1460.3
35,58,20,3.0,861.0
35,58,21,3.0,836.7
35,58,23,3.0,1014.0
35,59,1,1.0,502.0
35,59,4,1.0,1173.0
35,59,5,6.0,682.5
35,59,6,2.0,651.5
35,59,23,1.0,1047.0
35,60,0,13.0,421.8
35,60,1,8.0,331.9
35,60,2,4.0,308.0
35,60,3,2.0,393.0
35,60,4,7.0,517.1
35,60,5,1.0,528.0
35,60,6,2.0,396.0
35,60,7,21.0,479.6
35,60,8,17.0,563.5
35,60,9,12.0,493.5
35,60,10,14.0,485.6
35,60,11,23.0,484.6
35,60,12,23.0,458.2
35,60,13,16.0,492.7
35,60,14,22.0,518.8
35,60,15,25.0,465.8
35,60,16,29.0,497.2
35,60,17,30.0,514.9
35,60,18,46.0,436.1
35,60,19,26.0,468.6
35,60,20,24.0,423.4
35,60,21,22.0,380.0
35,60,22,17.0,417.8
35,60,23,13.0,359.1
35,61,3,2.0,573.0
35,61,4,2.0,1005.0
35,62,1,1.0,951.0
35,62,10,1.0,958.0
35,62,13,1.0,1822.0
35,62,17,1.0,1838.0
35,62,18,1.0,1724.0
35,62,20,1.0,1151.0
35,63,1,1.0,1510.0
35,63,6,1.0,1116.0
35,63,7,2.0,1227.0
35,63,8,6.0,1665.0
35,63,9,1.0,1440.0
35,63,14,2.0,1497.0
35,63,15,4.0,1886.0
35,63,16,2.0,1509.5
35,63,17,6.0,1564.0
35,63,18,6.0,1193.8
35,63,19,1.0,1053.0
35,63,22,1.0,885.0
35,64,2,3.0,1116.3
35,64,3,1.0,1012.0
35,65,1,1.0,1128.0
35,66,0,3.0,1436.0
35,66,3,1.0,1096.0
35,66,5,7.0,1004.3
35,66,7,1.0,1327.0
35,66,8,3.0,1557.0
35,66,9,3.0,1401.3
35,66,10,2.0,1395.5
35,66,11,3.0,1436.0
35,66,12,8.0,1368.8
35,66,13,6.0,1705.0
35,66,14,3.0,1254.3
35,66,15,1.0,2827.0
35,66,16,5.0,2023.2
35,66,17,11.0,1899.6
35,66,18,7.0,1719.0
35,66,19,8.0,1474.1
35,66,20,4.0,1468.5
35,66,21,6.0,1498.7
35,66,22,12.0,1353.2
35,66,23,8.0,953.9
35,67,0,5.0,1043.6
35,67,1,2.0,1374.5
35,67,2,1.0,1051.0
35,67,3,1.0,934.0
35,67,6,2.0,959.5
35,67,7,3.0,1273.3
35,67,8,2.0,878.5
35,67,9,5.0,973.4
35,67,10,6.0,934.8
35,67,11,5.0,1115.4
35,67,12,2.0,885.0
35,67,13,8.0,1239.8
35,67,14,7.0,1210.6
35,67,15,12.0,1503.6
35,67,16,12.0,1286.4
35,67,17,5.0,1233.2
35,67,18,7.0,1198.4
35,67,19,7.0,1156.1
35,67,20,6.0,1242.7
35,67,21,9.0,1078.7
35,67,22,15.0,1270.2
35,67,23,8.0,975.0
35,68,0,2.0,590.0
35,68,1,2.0,635.0
35,68,2,1.0,612.0
35,68,3,1.0,702.0
35,68,7,5.0,1083.4
35,68,8,13.0,937.0
35,68,9,5.0,920.4
35,68,10,4.0,780.8
35,68,11,4.0,892.0
35,68,12,5.0,778.0
35,68,13,11.0,927.8
35,68,14,6.0,1269.3
35,68,15,12.0,1084.4
35,68,16,12.0,963.4
35,68,17,12.0,1018.8
35,68,18,13.0,921.5
35,68,19,14.0,1000.3
35,68,20,16.0,846.9
35,68,21,7.0,949.0
35,68,22,8.0,982.9
35,68,23,9.0,877.8
35,69,0,8.0,844.6
35,69,1,1.0,665.0
35,69,2,4.0,722.2
35,69,3,1.0,1201.0
35,69,4,3.0,896.0
35,69,5,3.0,635.7
35,69,6,1.0,615.0
35,69,7,6.0,925.2
35,69,8,7.0,970.9
35,69,9,7.0,888.0
35,69,10,8.0,1033.9
35,69,11,15.0,1214.5
35,69,12,11.0,1030.2
35,69,13,6.0,896.2
35,69,14,16.0,1248.1
35,69,15,23.0,1409.1
35,69,16,18.0,1435.6
35,69,17,19.0,1194.1
35,69,18,27.0,1193.5
35,69,19,12.0,1069.8
35,69,20,11.0,984.1
35,69,21,11.0,883.7
35,69,22,21.0,961.0
35,69,23,13.0,976.8
35,71,0,6.0,928.5
35,71,1,1.0,1188.0
35,71,2,2.0,1146.5
35,71,4,7.0,649.9
35,71,5,5.0,750.0
35,71,6,2.0,1048.0
35,71,7,7.0,1121.1
35,71,8,6.0,1180.5
35,71,9,6.0,1098.8
35,71,10,6.0,1189.0
35,71,11,8.0,1105.8
35,71,12,8.0,1166.1
35,71,13,10.0,1396.0
35,71,14,9.0,1786.0
35,71,15,9.0,1960.6
35,71,16,17.0,2091.9
35,71,17,5.0,1772.8
35,71,18,12.0,1632.8
35,71,19,13.0,1542.8
35,71,20,6.0,1188.7
35,71,21,5.0,1249.0
35,71,22,9.0,1165.6
35,71,23,8.0,1229.2
35,72,3,3.0,870.3
35,73,0,2.0,1025.0
35,73,3,1.0,881.0
35,73,4,1.0,972.0
35,73,6,1.0,1043.0
35,73,7,10.0,1310.9
35,73,8,2.0,880.0
35,73,9,1.0,1752.0
35,73,10,4.0,1756.5
35,73,11,4.0,1222.0
35,73,12,3.0,1548.7
35,73,13,5.0,1352.0
35,73,14,1.0,1567.0
35,73,15,3.0,2650.7
35,73,16,7.0,2346.3
35,73,17,2.0,1925.5
35,73,18,6.0,2013.7
35,73,19,4.0,1280.2
35,73,20,6.0,1121.5
35,73,21,6.0,1292.8
35,73,22,6.0,1594.2
35,73,23,4.0,1023.8
35,74,10,2.0,1706.0
35,74,17,1.0,2775.0
35,76,2,5.0,1622.4
35,76,3,13.0,1714.7
35,76,4,37.0,1618.2
35,77,1,1.0,1651.0
36,1,8,1.0,2143.0
36,1,9,1.0,2004.0
36,1,15,1.0,2975.0
36,1,16,1.0,3638.0
36,1,20,1.0,1423.0
36,2,5,1.0,1535.0
36,3,6,4.0,1631.5
36,6,0,1.0,1587.0
36,6,3,4.0,1353.0
36,7,3,5.0,1094.0
36,7,4,2.0,831.0
36,7,6,1.0,1616.0
36,7,7,3.0,2044.3
36,7,8,2.0,1909.0
36,7,9,2.0,1910.5
36,7,10,1.0,2617.0
36,7,11,3.0,1463.7
36,7,12,1.0,1132.0
36,7,13,1.0,1247.0
36,7,14,2.0,2447.0
36,7,15,2.0,2550.0
36,7,16,5.0,1756.2
36,7,18,1.0,2569.0
36,7,19,1.0,1452.0
36,7,23,1.0,1099.0
36,8,4,9.0,853.3
36,11,5,1.0,2200.0
36,14,17,1.0,1682.0
36,15,5,1.0,1617.0
36,15,19,1.0,2852.0
36,19,2,1.0,1914.0
36,20,9,1.0,1994.0
36,20,13,1.0,1657.0
36,23,1,1.0,1263.0
36,23,7,7.0,1651.6
36,23,8,1.0,2600.0
36,23,9,1.0,1481.0
36,23,10,1.0,1094.0
36,23,14,1.0,3152.0
36,23,16,1.0,1776.0
36,23,17,2.0,1991.5
36,23,19,1.0,1651.0
36,23,20,1.0,1266.0
36,24,6,1.0,1112.0
36,24,7,7.0,1983.4
36,24,8,1.0,2273.0
36,24,9,2.0,2035.0
36,24,10,3.0,1482.3
36,24,11,2.0,1552.0
36,24,12,5.0,1342.0
36,24,13,3.0,1827.7
36,24,14,1.0,1409.0
36,24,15,2.0,1339.0
36,24,20,1.0,1178.0
36,24,21,5.0,1191.8
36,24,22,2.0,1302.5
36,24,23,2.0,879.0
36,25,0,1.0,2069.0
36,25,2,1.0,2166.0
36,25,5,1.0,1674.0
36,25,7,9.0,1726.6
36,25,10,2.0,1650.0
36,25,12,1.0,2639.0
36,25,13,3.0,1505.3
36,25,14,2.0,2862.5
36,25,17,2.0,2757.5
36,25,18,1.0,2505.0
36,25,21,1.0,1481.0
36,25,23,2.0,1423.0
36,26,6,8.0,1061.6
36,26,7,7.0,1651.7
36,26,11,1.0,1440.0
36,26,13,1.0,1768.0
36,26,15,1.0,1616.0
36,26,18,1.0,1436.0
36,26,19,1.0,1213.0
36,26,22,1.0,1038.0
36,26,23,1.0,2068.0
36,28,0,7.0,579.9
36,28,3,6.0,700.2
36,28,4,4.0,757.8
36,28,5,16.0,884.1
36,28,6,6.0,973.8
36,28,23,3.0,706.0
36,29,2,2.0,1559.5
36,29,3,1.0,1201.0
36,29,4,2.0,921.0
36,29,5,1.0,2839.0
36,29,7,1.0,2300.0
36,29,8,1.0,1583.0
36,29,9,4.0,1298.0
36,29,10,1.0,966.0
36,29,11,2.0,1438.0
36,29,12,3.0,1333.3
36,29,13,2.0,1776.0
36,29,14,1.0,2245.0
36,29,15,2.0,1605.0
36,29,16,5.0,1890.6
36,29,17,1.0,2338.0
36,29,18,1.0,1888.0
36,29,19,2.0,1731.0
36,29,20,2.0,1345.0
36,29,21,4.0,1746.5
36,29,22,2.0,1455.5
36,29,23,3.0,1369.3
36,31,4,2.0,671.5
36,31,5,3.0,1153.0
36,31,7,5.0,1026.0
36,31,8,8.0,878.0
36,31,9,5.0,889.6
36,31,10,3.0,797.7
36,31,11,2.0,780.5
36,31,12,1.0,720.0
36,31,13,1.0,1304.0
36,31,17,2.0,962.0
36,31,18,3.0,1164.0
36,31,21,2.0,635.5
36,31,22,2.0,612.5
36,32,0,2.0,704.5
36,32,1,8.0,747.9
36,32,2,2.0,888.5
36,32,4,3.0,969.0
36,32,5,9.0,694.6
36,32,6,27.0,979.2
36,32,7,46.0,1341.6
36,32,8,54.0,1563.9
36,32,9,42.0,1258.9
36,32,10,23.0,1106.3
36,32,11,29.0,998.3
36,32,12,15.0,1022.1
36,32,13,19.0,928.3
36,32,14,20.0,985.4
36,32,15,22.0,1201.3
36,32,16,7.0,1385.0
36,32,17,19.0,1162.0
36,32,18,19.0,937.1
36,32,19,7.0,872.3
36,32,20,12.0,878.6
36,32,21,8.0,882.8
36,32,22,2.0,637.0
36,32,23,2.0,662.0
36,33,4,2.0,455.0
36,33,5,6.0,418.7
36,33,6,11.0,581.8
36,33,7,9.0,579.3
36,33,8,6.0,764.8
36,33,9,4.0,461.8
36,33,10,3.0,634.0
36,33,11,8.0,564.4
36,33,12,5.0,546.0
36,33,13,4.0,546.8
36,33,14,4.0,581.0
36,33,15,10.0,672.4
36,33,16,5.0,569.8
36,33,17,4.0,673.0
36,33,18,7.0,632.1
36,33,19,6.0,800.8
36,33,20,4.0,670.5
36,33,21,2.0,621.5
36,33,22,2.0,558.0
36,33,23,9.0,637.0
36,34,2,1.0,574.0
36,34,3,1.0,552.0
36,34,4,1.0,288.0
36,34,5,4.0,346.5
36,34,6,3.0,701.7
36,34,7,2.0,426.5
36,34,8,14.0,513.8
36,34,9,3.0,642.0
36,34,10,5.0,604.4
36,34,11,3.0,584.7
36,34,12,1.0,347.0
36,34,13,6.0,452.3
36,34,16,2.0,516.5
36,34,17,1.0,387.0
36,34,18,2.0,542.5
36,34,20,2.0,679.5
36,34,22,1.0,494.0
36,35,0,7.0,308.0
36,35,1,4.0,464.2
36,35,2,2.0,303.0
36,35,5,1.0,322.0
36,35,6,5.0,227.4
36,35,7,9.0,409.9
36,35,8,26.0,389.5
36,35,9,21.0,339.7
36,35,10,13.0,340.2
36,35,11,8.0,287.9
36,35,12,10.0,284.4
36,35,13,4.0,338.8
36,35,14,13.0,344.7
36,35,15,14.0,364.6
36,35,16,7.0,365.0
36,35,17,10.0,324.0
36,35,18,13.0,349.1
36,35,19,21.0,317.8
36,35,20,10.0,400.7
36,35,21,12.0,344.8
36,35,22,5.0,374.2
36,35,23,4.0,327.0
36,36,0,1.0,1421.0
36,36,1,2.0,463.0
36,36,2,2.0,356.5
36,36,3,1.0,1679.0
36,37,10,1.0,631.0
36,37,11,1.0,628.0
36,37,14,1.0,300.0
36,37,20,1.0,491.0
36,37,21,1.0,501.0
36,38,0,2.0,200.0
36,38,1,2.0,505.5
36,38,3,1.0,134.0
36,38,4,1.0,638.0
36,38,5,1.0,325.0
36,38,6,2.0,337.0
36,38,7,7.0,332.4
36,38,8,27.0,402.2
36,38,9,21.0,377.5
36,38,10,7.0,391.4
36,38,11,11.0,292.7
36,38,12,12.0,322.4
36,38,13,11.0,354.5
36,38,14,10.0,381.1
36,38,15,9.0,429.8
36,38,16,10.0,342.7
36,38,17,10.0,383.7
36,38,18,12.0,304.3
36,38,19,10.0,335.3
36,38,20,11.0,368.8
36,38,21,6.0,460.2
36,38,22,5.0,368.2
36,38,23,7.0,349.3
36,39,0,4.0,476.8
36,39,1,2.0,396.0
36,39,2,1.0,178.0
36,39,3,1.0,323.0
36,39,6,5.0,285.0
36,39,7,9.0,1936.4
36,39,8,11.0,564.1
36,39,9,3.0,537.0
36,39,10,3.0,254.0
36,39,11,10.0,347.7
36,39,12,5.0,251.6
36,39,13,3.0,391.7
36,39,14,2.0,254.5
36,39,15,9.0,423.7
36,39,16,4.0,368.8
36,39,17,5.0,335.4
36,39,18,6.0,340.2
36,39,19,3.0,391.0
36,39,20,3.0,418.3
36,39,21,5.0,254.4
36,39,22,4.0,237.0
36,39,23,4.0,247.2
36,40,0,4.0,555.2
36,40,1,1.0,1139.0
36,40,2,1.0,402.0
36,40,8,8.0,692.8
36,40,9,3.0,601.3
36,40,10,3.0,600.3
36,40,12,1.0,583.0
36,40,14,1.0,522.0
36,40,15,7.0,785.3
36,40,16,6.0,700.2
36,40,17,4.0,658.8
36,40,18,8.0,652.4
36,40,19,2.0,564.0
36,40,20,5.0,680.6
36,40,21,3.0,686.3
36,40,22,2.0,756.0
36,40,23,3.0,1816.7
36,41,0,3.0,443.0
36,41,1,2.0,525.0
36,41,4,1.0,582.0
36,41,5,1.0,299.0
36,41,6,4.0,564.8
36,41,7,25.0,665.4
36,41,8,21.0,626.2
36,41,9,11.0,500.3
36,41,10,5.0,585.2
36,41,11,8.0,599.1
36,41,12,16.0,524.9
36,41,13,11.0,612.8
36,41,14,8.0,559.6
36,41,15,10.0,670.5
36,41,16,14.0,535.2
36,41,17,8.0,597.0
36,41,18,7.0,589.4
36,41,19,10.0,582.8
36,41,20,4.0,479.5
36,41,21,8.0,484.5
36,41,22,4.0,503.5
36,41,23,1.0,520.0
36,42,1,1.0,985.0
36,42,2,1.0,591.0
36,42,5,1.0,805.0
36,43,0,1.0,704.0
36,43,1,2.0,687.5
36,43,2,1.0,779.0
36,43,4,2.0,697.0
36,43,5,5.0,648.2
36,43,6,7.0,760.6
36,43,10,3.0,803.3
36,43,11,4.0,667.0
36,43,12,1.0,641.0
36,43,13,1.0,777.0
36,43,20,4.0,747.2
36,43,21,2.0,779.0
36,43,23,6.0,1016.0
36,44,8,1.0,1298.0
36,44,9,1.0,1267.0
36,44,10,5.0,1354.2
36,44,11,4.0,1159.2
36,44,12,2.0,1342.0
36,44,13,4.0,1465.0
36,44,14,1.0,1996.0
36,44,15,1.0,1811.0
36,44,16,2.0,1645.0
36,44,17,3.0,1433.7
36,44,18,3.0,1695.7
36,44,19,1.0,1360.0
36,44,21,4.0,1050.2
36,44,22,3.0,1025.7
36,44,23,3.0,1057.3
36,45,2,1.0,981.0
36,45,6,4.0,1201.2
36,45,7,3.0,1136.0
36,45,8,1.0,2273.0
36,45,9,1.0,1113.0
36,45,10,2.0,1199.0
36,45,12,1.0,1201.0
36,45,13,1.0,1563.0
36,45,14,1.0,1170.0
36,45,15,1.0,1591.0
36,45,16,2.0,1990.0
36,45,17,2.0,1583.0
36,45,18,1.0,1296.0
36,45,19,1.0,1088.0
36,47,3,2.0,1429.5
36,47,5,1.0,1231.0
36,48,1,1.0,1020.0
36,49,1,1.0,771.0
36,49,3,1.0,1209.0
36,49,7,3.0,1566.3
36,49,8,8.0,1433.4
36,49,9,6.0,1091.2
36,49,10,2.0,918.0
36,49,11,1.0,986.0
36,49,12,2.0,943.0
36,49,13,1.0,1526.0
36,49,14,2.0,1624.5
36,49,15,1.0,2050.0
36,49,16,1.0,3357.0
36,49,17,3.0,2385.0
36,49,18,1.0,1139.0
36,49,20,3.0,1141.3
36,49,21,1.0,1148.0
36,49,22,1.0,1213.0
36,49,23,2.0,1381.5
36,50,6,1.0,1324.0
36,50,8,7.0,1212.4
36,50,15,1.0,1676.0
36,50,16,2.0,2140.0
36,50,17,4.0,1833.0
36,50,21,1.0,1259.0
36,50,23,2.0,1335.0
36,51,1,2.0,1419.5
36,51,2,2.0,1179.5
36,53,0,1.0,2162.0
36,53,1,5.0,1396.2
36,53,2,3.0,1404.0
36,55,4,1.0,1876.0
36,55,5,4.0,1722.8
36,56,3,1.0,1163.0
36,56,4,5.0,1208.8
36,56,5,2.0,1214.0
36,56,6,2.0,1565.0
36,58,6,1.0,1136.0
36,58,7,4.0,1213.2
36,58,9,1.0,878.0
36,58,12,1.0,949.0
36,58,13,3.0,1091.0
36,58,21,1.0,703.0
36,59,5,2.0,936.0
36,60,2,1.0,529.0
36,60,4,1.0,586.0
36,62,3,1.0,1167.0
36,63,6,2.0,1175.5
36,63,17,1.0,2017.0
36,63,22,1.0,1409.0
36,63,23,1.0,870.0
36,64,6,1.0,1722.0
36,66,6,3.0,1197.7
36,66,8,7.0,1396.0
36,66,9,1.0,1279.0
36,66,10,1.0,1425.0
36,66,14,1.0,1933.0
36,66,15,1.0,1560.0
36,66,16,1.0,2204.0
36,66,17,2.0,2190.0
36,66,18,1.0,1760.0
36,66,19,1.0,1208.0
36,66,20,4.0,1530.0
36,66,21,1.0,1316.0
36,66,22,1.0,1167.0
36,66,23,4.0,1623.5
36,67,1,1.0,1544.0
36,68,0,1.0,1008.0
36,68,1,1.0,835.0
36,68,3,1.0,954.0
36,68,7,1.0,844.0
36,68,8,1.0,1258.0
36,68,9,6.0,902.7
36,68,12,2.0,1274.0
36,68,13,4.0,1038.0
36,68,14,1.0,1190.0
36,68,15,4.0,1083.2
36,68,16,1.0,1937.0
36,68,17,2.0,1181.5
36,68,18,1.0,737.0
36,68,20,1.0,862.0
36,68,21,1.0,896.0
36,69,0,1.0,881.0
36,69,1,1.0,741.0
36,69,3,2.0,1125.5
36,69,4,1.0,745.0
36,69,5,5.0,906.2
36,69,6,1.0,698.0
36,69,7,2.0,1248.5
36,69,9,1.0,783.0
36,69,10,5.0,1049.0
36,69,11,1.0,806.0
36,69,12,1.0,912.0
36,69,13,1.0,977.0
36,69,14,6.0,1097.3
36,69,15,4.0,1506.5
36,69,16,4.0,1640.5
36,69,17,3.0,1286.0
36,69,18,1.0,1198.0
36,69,19,1.0,1012.0
36,69,20,3.0,1224.0
36,69,21,6.0,989.8
36,69,22,3.0,1311.3
36,69,23,3.0,899.7
36,70,0,1.0,2115.0
36,70,1,1.0,1436.0
36,70,7,2.0,1903.5
36,70,9,2.0,1787.5
36,70,11,1.0,1544.0
36,70,18,1.0,1725.0
36,71,0,3.0,1444.7
36,71,2,1.0,918.0
36,71,5,2.0,814.5
36,71,6,11.0,984.0
36,71,7,2.0,1311.0
36,71,8,1.0,1929.0
36,71,9,2.0,1843.5
36,71,10,3.0,1515.0
36,71,11,1.0,1661.0
36,71,13,3.0,1707.0
36,71,14,4.0,1706.0
36,71,15,2.0,2379.5
36,71,16,3.0,1924.3
36,71,17,5.0,2058.4
36,71,18,2.0,2234.5
36,71,19,1.0,1413.0
36,71,21,5.0,1329.6
36,71,22,4.0,1204.2
36,71,23,2.0,1169.0
36,72,1,1.0,1301.0
36,72,10,2.0,1414.5
36,72,12,1.0,1374.0
36,75,1,1.0,1178.0
36,75,7,3.0,1303.3
36,75,8,1.0,2115.0
36,75,18,1.0,2184.0
36,75,19,1.0,2111.0
36,75,23,1.0,1896.0
36,76,2,2.0,1698.5
36,76,3,6.0,1791.0
36,76,4,4.0,1844.5
37,1,10,1.0,2172.0
37,1,15,1.0,2512.0
37,1,16,1.0,2482.0
37,1,18,1.0,3060.0
37,1,19,1.0,2660.0
37,5,12,1.0,2133.0
37,5,16,2.0,2119.0
37,5,17,1.0,3018.0
37,6,5,2.0,2254.5
37,6,6,10.0,1874.4
37,6,14,1.0,1359.0
37,6,23,1.0,1138.0
37,8,2,1.0,2130.0
37,8,4,4.0,1047.8
37,8,5,11.0,1026.0
37,8,6,1.0,981.0
37,13,15,1.0,3020.0
37,14,7,1.0,2017.0
37,16,11,1.0,2373.0
37,19,1,1.0,1594.0
37,19,6,4.0,1981.0
37,19,14,1.0,2678.0
37,23,8,1.0,1695.0
37,23,9,2.0,1800.0
37,23,14,1.0,1304.0
37,23,20,2.0,1340.5
37,23,21,1.0,1521.0
37,24,8,1.0,1942.0
37,24,10,1.0,1034.0
37,24,15,1.0,935.0
37,24,16,1.0,2335.0
37,24,22,1.0,738.0
37,24,23,1.0,1072.0
37,25,0,2.0,1594.5
37,27,1,1.0,1625.0
37,27,10,1.0,1121.0
37,27,11,1.0,872.0
37,27,13,1.0,1406.0
37,27,17,1.0,1918.0
37,27,21,1.0,701.0
37,28,1,1.0,642.0
37,28,2,1.0,440.0
37,28,4,4.0,905.2
37,28,5,2.0,745.5
37,28,6,10.0,1330.4
37,28,7,6.0,1361.3
37,28,8,6.0,1327.5
37,28,9,4.0,1250.8
37,28,10,5.0,891.6
37,28,11,6.0,851.0
37,28,12,4.0,826.5
37,28,13,7.0,978.3
37,28,14,5.0,1063.6
37,28,15,9.0,1421.3
37,28,16,13.0,1326.8
37,28,17,6.0,1346.0
37,28,18,2.0,1812.0
37,28,19,3.0,757.3
37,28,20,4.0,862.8
37,28,21,2.0,874.0
37,28,22,2.0,689.0
37,28,23,2.0,632.5
37,29,0,1.0,1647.0
37,29,6,6.0,1680.2
37,29,10,1.0,1707.0
37,29,11,2.0,1518.5
37,29,13,2.0,1554.5
37,30,9,1.0,1020.0
37,30,12,2.0,1016.0
37,30,16,1.0,1998.0
37,30,17,1.0,2293.0
37,30,18,1.0,2017.0
37,30,20,6.0,892.2
37,30,23,1.0,1085.0
37,31,0,1.0,510.0
37,31,8,4.0,1384.2
37,31,9,1.0,1065.0
37,31,13,1.0,1039.0
37,31,14,1.0,1065.0
37,31,15,1.0,656.0
37,31,16,1.0,431.0
37,31,17,3.0,1219.3
37,32,4,5.0,937.6
37,32,5,11.0,1038.4
37,32,6,1.0,1089.0
37,32,7,4.0,2168.5
37,32,8,13.0,2105.8
37,32,9,10.0,1365.1
37,32,10,3.0,1284.3
37,32,11,3.0,1154.7
37,32,12,3.0,1505.7
37,32,13,3.0,920.7
37,32,14,3.0,1103.7
37,32,15,11.0,1117.0
37,32,16,4.0,960.0
37,32,17,1.0,2345.0
37,32,18,2.0,1188.5
37,32,19,2.0,797.0
37,32,20,2.0,887.0
37,32,22,3.0,914.0
37,32,23,1.0,614.0
37,34,6,1.0,562.0
37,34,8,1.0,660.0
37,34,9,1.0,291.0
37,34,11,1.0,247.0
37,34,12,1.0,220.0
37,34,14,2.0,407.5
37,34,15,5.0,422.4
37,34,16,2.0,366.5
37,34,17,3.0,334.7
37,34,19,3.0,629.3
37,34,20,3.0,1147.3
37,34,21,1.0,174.0
37,34,22,1.0,433.0
37,34,23,1.0,412.0
37,35,6,2.0,464.0
37,35,7,3.0,605.0
37,35,8,4.0,914.5
37,35,9,2.0,501.0
37,35,10,2.0,474.0
37,35,12,2.0,638.5
37,35,13,1.0,190.0
37,35,15,6.0,549.2
37,35,16,5.0,646.4
37,35,17,8.0,498.0
37,35,18,8.0,524.5
37,35,19,2.0,501.0
37,35,20,4.0,568.5
37,35,21,3.0,497.7
37,35,22,1.0,475.0
37,36,0,1.0,461.0
37,36,11,1.0,514.0
37,36,12,1.0,479.0
37,36,13,1.0,484.0
37,36,15,1.0,500.0
37,36,16,2.0,671.5
37,36,17,4.0,645.5
37,36,21,1.0,1120.0
37,37,0,1.0,619.0
37,37,1,1.0,242.0
37,37,5,1.0,317.0
37,38,0,2.0,306.5
37,38,1,13.0,233.2
37,38,2,4.0,249.5
37,38,3,1.0,466.0
37,38,4,1.0,383.0
37,39,0,1.0,341.0
37,39,1,2.0,368.0
37,39,2,4.0,347.0
37,39,3,4.0,408.5
37,39,4,1.0,472.0
37,40,0,7.0,287.9
37,40,1,8.0,359.9
37,40,2,3.0,310.0
37,40,4,3.0,237.3
37,40,8,3.0,486.0
37,40,9,7.0,354.0
37,40,10,15.0,283.9
37,40,11,6.0,373.8
37,40,12,4.0,260.0
37,40,13,5.0,301.6
37,40,14,6.0,342.0
37,40,15,13.0,490.9
37,40,16,17.0,385.7
37,40,17,16.0,386.6
37,40,18,18.0,378.4
37,40,19,16.0,363.1
37,40,20,12.0,298.2
37,40,21,8.0,373.4
37,40,22,6.0,331.3
37,40,23,5.0,379.8
37,41,0,2.0,504.5
37,41,1,3.0,622.3
37,41,2,2.0,408.5
37,41,3,2.0,550.5
37,41,4,2.0,520.5
37,41,6,8.0,564.0
37,41,10,6.0,744.0
37,41,11,7.0,526.4
37,41,12,8.0,688.0
37,41,13,2.0,590.5
37,41,14,3.0,529.0
37,41,20,5.0,618.8
37,41,21,8.0,576.2
37,41,22,5.0,576.2
37,41,23,5.0,492.4
37,42,0,4.0,586.2
37,42,1,1.0,863.0
37,42,2,1.0,559.0
37,42,3,1.0,562.0
37,42,6,1.0,645.0
37,42,22,1.0,400.0
37,42,23,2.0,1056.5
37,43,0,1.0,1051.0
37,43,1,1.0,1032.0
37,43,4,1.0,1184.0
37,43,9,2.0,696.0
37,43,10,1.0,1151.0
37,43,11,2.0,1193.0
37,43,22,3.0,1070.3
37,43,23,2.0,1027.5
37,45,1,1.0,928.0
37,45,4,1.0,973.0
37,45,6,1.0,1383.0
37,45,11,1.0,1479.0
37,45,22,1.0,1194.0
37,46,1,2.0,1309.0
37,46,12,1.0,977.0
37,46,23,1.0,1706.0
37,47,15,1.0,1948.0
37,48,9,1.0,1296.0
37,48,15,1.0,1760.0
37,48,16,2.0,1385.5
37,49,0,3.0,769.7
37,49,2,1.0,1228.0
37,49,4,1.0,633.0
37,49,9,2.0,845.5
37,49,12,2.0,1005.5
37,49,14,1.0,1155.0
37,49,15,4.0,2065.5
37,49,16,1.0,2786.0
37,49,17,1.0,1015.0
37,49,21,1.0,768.0
37,49,23,1.0,1811.0
37,51,7,1.0,1031.0
37,51,12,1.0,2023.0
37,51,13,1.0,1475.0
37,51,16,2.0,1300.5
37,51,17,1.0,1532.0
37,51,21,1.0,905.0
37,51,22,1.0,1528.0
37,53,1,1.0,1587.0
37,54,5,1.0,877.0
37,55,15,1.0,1899.0
37,56,3,3.0,1015.7
37,56,5,2.0,1156.0
37,56,6,1.0,1182.0
37,56,10,2.0,1419.0
37,56,14,1.0,1736.0
37,57,5,3.0,1395.0
37,57,6,2.0,1148.5
37,57,7,1.0,2146.0
37,57,8,1.0,1219.0
37,57,9,1.0,1224.0
37,57,15,1.0,1872.0
37,57,18,1.0,1290.0
37,58,2,2.0,571.0
37,58,3,1.0,657.0
37,60,1,1.0,174.0
37,60,3,2.0,433.5
37,60,4,1.0,539.0
37,60,6,1.0,470.0
37,60,9,1.0,343.0
37,60,11,1.0,652.0
37,60,12,1.0,489.0
37,60,16,4.0,577.5
37,60,19,2.0,524.5
37,60,20,1.0,840.0
37,61,0,10.0,414.7
37,61,1,8.0,378.8
37,61,2,6.0,306.0
37,61,3,2.0,537.0
37,61,4,3.0,285.0
37,61,5,3.0,443.7
37,61,6,1.0,134.0
37,61,7,4.0,549.8
37,61,8,3.0,373.0
37,61,9,6.0,471.0
37,61,10,6.0,626.2
37,61,11,14.0,362.1
37,61,12,8.0,357.2
37,61,13,8.0,385.9
37,61,14,8.0,532.0
37,61,15,10.0,434.5
37,61,16,14.0,557.8
37,61,17,7.0,409.4
37,61,18,9.0,400.4
37,61,19,7.0,459.0
37,61,20,11.0,412.1
37,61,21,19.0,332.1
37,61,22,14.0,365.6
37,61,23,13.0,346.0
37,62,17,2.0,1295.5
37,62,22,2.0,1038.0
37,63,1,2.0,471.5
37,63,2,1.0,652.0
37,64,3,5.0,1198.0
37,65,2,1.0,1439.0
37,66,0,1.0,803.0
37,66,2,1.0,943.0
37,66,3,1.0,700.0
37,66,4,1.0,976.0
37,66,6,2.0,895.5
37,66,7,1.0,1755.0
37,66,10,3.0,1429.7
37,66,11,4.0,967.0
37,66,12,1.0,799.0
37,66,13,3.0,893.0
37,66,14,1.0,1086.0
37,66,15,2.0,1944.5
37,66,16,1.0,950.0
37,66,17,2.0,1378.5
37,66,19,2.0,1038.5
37,66,20,2.0,996.5
37,66,21,2.0,808.0
37,66,22,1.0,697.0
37,66,23,2.0,1027.0
37,67,2,1.0,1105.0
37,67,3,2.0,540.0
37,67,4,1.0,367.0
37,68,0,11.0,339.1
37,68,2,3.0,345.7
37,68,3,3.0,495.7
37,68,4,3.0,595.0
37,68,5,2.0,594.5
37,68,6,1.0,172.0
37,68,7,1.0,476.0
37,68,8,2.0,426.5
37,68,9,8.0,525.8
37,68,10,7.0,413.7
37,68,11,4.0,490.0
37,68,12,3.0,411.7
37,68,13,8.0,726.4
37,68,14,5.0,589.4
37,68,15,1.0,384.0
37,68,16,7.0,511.4
37,68,17,7.0,441.7
37,68,18,6.0,420.2
37,68,19,11.0,418.5
37,68,20,8.0,332.6
37,68,21,10.0,311.7
37,68,22,10.0,379.3
37,68,23,4.0,322.5
37,69,2,1.0,533.0
37,71,0,3.0,859.3
37,71,1,1.0,873.0
37,71,3,1.0,513.0
37,71,4,1.0,1093.0
37,71,7,1.0,1911.0
37,71,9,1.0,916.0
37,71,10,2.0,980.0
37,71,12,1.0,954.0
37,71,14,1.0,946.0
37,71,15,1.0,1325.0
37,71,16,6.0,1346.0
37,71,17,3.0,1355.3
37,71,18,4.0,1441.5
37,71,19,2.0,1084.5
37,71,20,2.0,647.5
37,71,21,1.0,703.0
37,71,22,5.0,895.6
37,71,23,5.0,838.0
37,72,9,1.0,1165.0
37,72,10,1.0,1190.0
37,72,11,1.0,1119.0
37,72,13,1.0,1683.0
37,72,19,1.0,1175.0
37,72,21,1.0,1074.0
37,73,0,7.0,975.7
37,73,4,1.0,692.0
37,73,6,1.0,578.0
37,73,23,1.0,815.0
37,75,10,1.0,949.0
37,75,16,1.0,2080.0
37,75,19,2.0,1886.5
37,76,4,1.0,1562.0
37,77,1,1.0,1244.0
38,1,4,2.0,1708.5
38,2,4,1.0,1610.0
38,2,5,1.0,2103.0
38,2,7,1.0,2436.0
38,2,12,1.0,1486.0
38,2,13,1.0,2076.0
38,2,14,1.0,2285.0
38,2,15,1.0,3253.0
38,2,16,1.0,4028.0
38,2,17,1.0,3400.0
38,2,18,1.0,2354.0
38,2,19,2.0,2495.5
38,2,20,1.0,1933.0
38,2,23,1.0,2038.0
38,3,0,1.0,1070.0
38,3,1,1.0,1181.0
38,3,2,1.0,1317.0
38,3,3,1.0,1618.0
38,4,2,1.0,1266.0
38,4,7,8.0,2642.0
38,4,10,1.0,2932.0
38,4,13,1.0,1830.0
38,4,15,1.0,2477.0
38,4,18,1.0,2894.0
38,4,21,1.0,2401.0
38,4,22,1.0,1640.0
38,6,0,1.0,1165.0
38,6,1,1.0,1107.0
38,6,2,3.0,1094.3
38,6,3,2.0,1267.0
38,6,5,5.0,1149.2
38,6,6,11.0,1446.5
38,6,10,1.0,1327.0
38,6,11,4.0,1360.0
38,6,13,1.0,1246.0
38,6,14,2.0,1289.5
38,6,20,1.0,1247.0
38,6,21,1.0,2015.0
38,6,22,1.0,1148.0
38,6,23,3.0,1259.0
38,7,0,6.0,955.2
38,7,5,4.0,1142.0
38,8,0,7.0,1068.4
38,8,1,2.0,1364.0
38,8,2,1.0,727.0
38,8,3,2.0,864.5
38,8,4,6.0,931.3
38,8,5,24.0,1136.4
38,8,6,64.0,1400.9
38,8,7,75.0,1721.9
38,8,8,90.0,2056.0
38,8,9,101.0,1634.4
38,8,10,59.0,1476.4
38,8,11,38.0,1305.4
38,8,12,40.0,1353.8
38,8,13,36.0,1397.0
38,8,14,55.0,1371.9
38,8,15,46.0,1429.0
38,8,16,36.0,1606.6
38,8,17,42.0,1848.3
38,8,18,59.0,1394.3
38,8,19,39.0,1373.1
38,8,20,37.0,1146.5
38,8,21,35.0,1162.9
38,8,22,25.0,1038.2
38,8,23,23.0,1078.7
38,9,12,1.0,4102.0
38,9,19,1.0,1957.0
38,9,21,1.0,2478.0
38,11,19,1.0,2797.0
38,13,0,1.0,1525.0
38,14,6,1.0,1933.0
38,15,0,1.0,1672.0
38,15,4,1.0,1724.0
38,15,7,3.0,2411.7
38,15,8,1.0,3011.0
38,15,10,1.0,3506.0
38,15,12,2.0,1860.5
38,15,14,1.0,2528.0
38,15,15,2.0,3140.5
38,15,16,1.0,3457.0
38,15,20,1.0,1944.0
38,15,21,2.0,1725.5
38,16,4,2.0,1116.0
38,16,5,4.0,1428.8
38,16,6,1.0,1636.0
38,16,12,1.0,1347.0
38,16,15,1.0,2627.0
38,16,17,1.0,3419.0
38,16,20,2.0,1165.5
38,16,21,2.0,1366.5
38,16,23,2.0,1495.5
38,17,9,1.0,3720.0
38,19,6,1.0,3137.0
38,19,8,2.0,2458.0
38,19,10,1.0,3041.0
38,19,11,1.0,3273.0
38,19,12,1.0,2029.0
38,19,13,1.0,3110.0
38,19,15,1.0,2913.0
38,19,16,1.0,2983.0
38,19,19,1.0,2728.0
38,19,23,1.0,1815.0
38,20,0,1.0,1328.0
38,20,2,1.0,2274.0
38,20,16,2.0,2936.5
38,20,21,1.0,1506.0
38,20,23,1.0,1809.0
38,21,7,1.0,1467.0
38,21,9,1.0,1828.0
38,21,10,2.0,1183.5
38,21,11,1.0,1903.0
38,21,13,1.0,1220.0
38,21,17,2.0,1969.0
38,21,18,3.0,2631.3
38,21,19,2.0,2414.0
38,21,20,2.0,1257.0
38,22,0,4.0,1077.8
38,22,4,1.0,711.0
38,22,6,1.0,1702.0
38,22,7,2.0,2204.0
38,22,8,3.0,2039.7
38,22,9,5.0,1945.6
38,22,10,2.0,1209.0
38,22,12,1.0,1798.0
38,22,14,1.0,1273.0
38,22,15,1.0,2569.0
38,22,17,2.0,2460.0
38,22,18,2.0,2086.0
38,22,19,4.0,1493.0
38,22,20,3.0,1349.7
38,22,21,3.0,1664.7
38,22,22,1.0,1463.0
38,22,23,2.0,1447.5
38,23,0,2.0,1077.0
38,23,1,1.0,943.0
38,23,3,3.0,1525.3
38,23,5,4.0,1318.5
38,23,6,3.0,1405.7
38,23,7,3.0,1877.0
38,23,9,2.0,1783.0
38,23,11,3.0,1306.3
38,23,12,7.0,2093.7
38,23,13,5.0,1700.8
38,23,14,5.0,1598.6
38,23,15,3.0,1654.7
38,23,16,2.0,2462.5
38,23,17,1.0,2127.0
38,23,18,2.0,1763.0
38,23,19,4.0,1598.2
38,23,20,1.0,1864.0
38,23,22,4.0,1468.0
38,23,23,1.0,1560.0
38,24,3,1.0,629.0
38,24,4,7.0,679.7
38,24,5,3.0,1553.0
38,25,0,6.0,1611.7
38,25,1,1.0,1126.0
38,25,3,4.0,1172.8
38,25,5,4.0,1454.0
38,25,6,6.0,1582.0
38,25,7,4.0,1354.5
38,25,8,4.0,2658.8
38,25,9,2.0,1782.5
38,25,10,1.0,1949.0
38,25,11,3.0,1740.7
38,25,12,2.0,1879.5
38,25,13,4.0,1513.5
38,25,14,5.0,1651.2
38,25,15,4.0,2973.2
38,25,16,4.0,2850.0
38,25,17,7.0,2421.6
38,25,18,7.0,2656.9
38,25,19,7.0,2119.9
38,25,20,5.0,1374.0
38,25,21,6.0,1527.3
38,25,22,3.0,1183.3
38,25,23,3.0,1584.0
38,26,0,1.0,1356.0
38,26,3,1.0,1085.0
38,26,6,4.0,1288.0
38,26,9,1.0,1733.0
38,26,10,1.0,2046.0
38,26,13,5.0,2064.0
38,26,16,1.0,2928.0
38,26,17,4.0,2094.8
38,26,18,1.0,3057.0
38,26,19,2.0,1044.5
38,26,20,3.0,1458.7
38,26,21,3.0,1071.7
38,26,22,2.0,1295.5
38,26,23,1.0,1032.0
38,27,2,1.0,859.0
38,28,0,4.0,861.8
38,28,1,10.0,637.8
38,28,2,5.0,756.0
38,28,3,5.0,769.4
38,28,4,6.0,769.5
38,28,5,31.0,976.2
38,28,6,9.0,965.4
38,29,0,1.0,899.0
38,29,2,1.0,738.0
38,29,5,4.0,1145.2
38,29,6,15.0,1525.1
38,29,7,12.0,1573.5
38,29,8,6.0,2124.5
38,29,9,5.0,1988.4
38,29,10,7.0,1860.4
38,29,11,2.0,1620.5
38,29,12,4.0,1212.5
38,29,13,4.0,1523.0
38,29,14,6.0,1395.0
38,29,15,4.0,1219.0
38,29,16,4.0,2285.2
38,29,18,5.0,1883.4
38,29,19,4.0,1161.5
38,29,20,2.0,1179.5
38,29,21,5.0,1182.2
38,29,22,3.0,1046.0
38,29,23,2.0,1313.0
38,30,5,1.0,1090.0
38,30,7,15.0,1121.9
38,30,8,3.0,1214.0
38,30,9,4.0,1469.2
38,30,10,1.0,999.0
38,30,11,2.0,1006.5
38,30,12,3.0,1455.0
38,30,13,1.0,1196.0
38,30,14,4.0,1477.0
38,30,15,2.0,1893.5
38,30,16,10.0,1834.2
38,30,17,2.0,1581.0
38,30,18,2.0,1581.0
38,30,20,4.0,1416.8
38,30,21,3.0,1184.3
38,30,22,1.0,1130.0
38,30,23,1.0,1140.0
38,31,0,2.0,1286.0
38,31,3,8.0,571.6
38,31,4,6.0,979.7
38,31,5,20.0,727.1
38,31,6,2.0,829.0
38,31,23,2.0,1175.0
38,32,0,6.0,842.7
38,32,1,10.0,771.7
38,32,2,6.0,854.2
38,32,3,9.0,812.6
38,32,4,29.0,801.3
38,32,5,22.0,972.6
38,32,6,23.0,1113.3
38,32,23,1.0,810.0
38,33,1,3.0,827.3
38,33,2,3.0,658.7
38,33,3,1.0,607.0
38,33,4,8.0,521.2
38,34,2,1.0,248.0
38,35,0,6.0,428.2
38,35,1,6.0,397.3
38,35,2,3.0,316.7
38,35,3,6.0,390.7
38,35,4,14.0,269.4
38,35,5,3.0,406.0
38,35,6,16.0,434.8
38,35,7,61.0,346.8
38,35,8,97.0,423.2
38,35,9,53.0,458.8
38,35,10,39.0,402.4
38,35,11,42.0,398.9
38,35,12,35.0,421.9
38,35,13,46.0,442.1
38,35,14,39.0,420.5
38,35,15,43.0,477.7
38,35,16,67.0,404.0
38,35,17,46.0,425.2
38,35,18,58.0,412.1
38,35,19,49.0,452.1
38,35,20,43.0,442.6
38,35,21,34.0,410.8
38,35,22,30.0,392.7
38,35,23,27.0,437.6
38,36,1,2.0,373.0
38,36,2,1.0,303.0
38,36,3,1.0,586.0
38,36,4,1.0,155.0
38,37,0,2.0,514.0
38,37,1,1.0,281.0
38,37,3,10.0,237.9
38,37,4,1.0,204.0
38,37,5,10.0,327.8
38,37,6,12.0,370.7
38,37,7,8.0,367.5
38,37,8,13.0,390.5
38,37,9,5.0,297.4
38,37,10,7.0,438.0
38,37,11,7.0,615.4
38,37,12,9.0,358.7
38,37,13,15.0,437.8
38,37,14,16.0,494.4
38,37,15,8.0,416.5
38,37,16,11.0,478.1
38,37,17,5.0,525.4
38,37,18,4.0,268.5
38,37,19,6.0,261.7
38,37,20,4.0,363.2
38,37,21,5.0,355.0
38,37,22,4.0,654.5
38,37,23,3.0,324.3
38,38,0,21.0,359.9
38,38,1,16.0,399.6
38,38,2,8.0,221.5
38,38,3,8.0,808.5
38,38,4,5.0,597.4
38,38,5,7.0,301.6
38,38,6,22.0,219.5
38,38,7,2.0,177.0
38,38,20,4.0,210.5
38,38,21,5.0,271.2
38,38,22,2.0,611.0
38,38,23,14.0,392.1
38,39,0,14.0,329.4
38,39,1,18.0,382.2
38,39,2,7.0,452.1
38,39,3,5.0,313.2
38,39,4,5.0,326.8
38,39,5,4.0,290.5
38,39,6,11.0,360.4
38,39,7,63.0,425.8
38,39,8,94.0,514.4
38,39,9,46.0,392.7
38,39,10,26.0,413.8
38,39,11,40.0,506.8
38,39,12,33.0,409.7
38,39,13,28.0,431.6
38,39,14,23.0,484.4
38,39,15,56.0,393.1
38,39,16,36.0,521.6
38,39,17,42.0,458.7
38,39,18,41.0,408.0
38,39,19,27.0,351.7
38,39,20,38.0,365.9
38,39,21,26.0,346.5
38,39,22,28.0,363.3
38,39,23,18.0,393.1
38,40,1,5.0,452.8
38,40,2,3.0,369.0
38,40,3,1.0,281.0
38,41,0,19.0,455.7
38,41,1,15.0,499.0
38,41,3,2.0,302.0
38,41,4,7.0,507.0
38,41,5,9.0,416.2
38,41,6,22.0,497.2
38,41,7,56.0,559.5
38,41,8,107.0,617.9
38,41,9,69.0,566.1
38,41,10,54.0,548.2
38,41,11,51.0,555.5
38,41,12,53.0,536.1
38,41,13,41.0,539.3
38,41,14,66.0,552.5
38,41,15,66.0,574.4
38,41,16,61.0,645.4
38,41,17,66.0,584.9
38,41,18,70.0,600.1
38,41,19,50.0,555.0
38,41,20,50.0,535.4
38,41,21,40.0,482.2
38,41,22,35.0,500.6
38,41,23,29.0,462.2
38,42,0,9.0,605.8
38,42,1,9.0,623.1
38,42,2,2.0,595.5
38,42,3,3.0,587.7
38,42,4,1.0,527.0
38,42,5,5.0,582.0
38,42,6,10.0,712.7
38,42,7,37.0,757.6
38,42,8,32.0,705.2
38,42,9,31.0,640.4
38,42,10,10.0,664.3
38,42,11,19.0,755.7
38,42,12,23.0,779.0
38,42,13,26.0,707.8
38,42,14,29.0,708.0
38,42,15,18.0,737.6
38,42,16,23.0,699.3
38,42,17,18.0,725.4
38,42,18,28.0,707.4
38,42,19,16.0,796.4
38,42,20,24.0,687.6
38,42,21,18.0,701.0
38,42,22,24.0,700.8
38,42,23,13.0,557.8
38,43,0,11.0,945.0
38,43,1,9.0,996.3
38,43,2,9.0,1179.8
38,43,3,4.0,1042.0
38,43,4,4.0,807.5
38,43,5,2.0,896.5
38,43,6,5.0,1151.8
38,43,7,14.0,1090.5
38,43,8,8.0,1207.8
38,43,9,13.0,1005.7
38,43,10,18.0,1167.2
38,43,11,16.0,1249.8
38,43,12,14.0,1121.6
38,43,13,13.0,1067.4
38,43,14,18.0,1084.1
38,43,15,12.0,1365.1
38,43,16,5.0,1267.4
38,43,17,6.0,1210.0
38,43,18,13.0,1121.2
38,43,19,23.0,1150.1
38,43,20,34.0,1081.5
38,43,21,27.0,1020.7
38,43,22,20.0,936.1
38,43,23,25.0,983.4
38,44,1,1.0,995.0
38,44,2,3.0,691.0
38,44,3,2.0,741.5
38,44,4,1.0,644.0
38,45,0,2.0,1278.5
38,45,1,2.0,1074.0
38,45,4,1.0,1327.0
38,45,5,1.0,1024.0
38,45,8,6.0,1460.0
38,45,9,11.0,1160.0
38,45,10,5.0,1205.8
38,45,11,5.0,960.8
38,45,12,2.0,1258.0
38,45,13,1.0,986.0
38,45,14,1.0,1081.0
38,45,15,3.0,1145.7
38,45,16,6.0,1729.8
38,45,17,5.0,1626.0
38,45,18,2.0,1751.0
38,45,19,3.0,1983.7
38,45,20,3.0,1534.0
38,45,21,4.0,1197.0
38,45,22,3.0,1154.7
38,45,23,3.0,1120.3
38,46,0,3.0,1282.7
38,46,1,4.0,1004.0
38,46,2,2.0,907.0
38,46,6,8.0,1137.2
38,46,7,4.0,1581.5
38,46,8,4.0,1122.8
38,46,9,3.0,1209.3
38,46,10,4.0,1444.2
38,46,11,8.0,1272.4
38,46,12,3.0,1682.3
38,46,13,4.0,1463.2
38,46,14,3.0,1623.3
38,46,15,8.0,1492.5
38,46,16,6.0,1782.7
38,46,17,8.0,2431.8
38,46,18,4.0,1498.2
38,46,19,7.0,1542.1
38,46,20,8.0,1399.0
38,46,21,3.0,1557.0
38,46,22,8.0,1279.6
38,46,23,7.0,1313.7
38,47,0,1.0,1204.0
38,47,5,3.0,1041.3
38,47,10,1.0,832.0
38,47,11,1.0,991.0
38,47,12,2.0,1523.0
38,47,15,1.0,1702.0
38,47,18,1.0,1405.0
38,47,19,1.0,1679.0
38,47,20,2.0,1385.5
38,47,21,1.0,941.0
38,47,22,1.0,1220.0
38,48,0,1.0,1382.0
38,48,4,2.0,892.5
38,48,5,1.0,1165.0
38,48,6,1.0,837.0
38,48,8,2.0,1883.5
38,48,9,2.0,1166.5
38,48,10,5.0,1191.8
38,48,11,6.0,1247.5
38,48,12,2.0,1438.0
38,48,13,2.0,1560.5
38,48,14,3.0,1922.3
38,48,15,7.0,1555.9
38,48,16,2.0,1658.0
38,48,17,5.0,1919.0
38,48,18,4.0,1493.5
38,48,19,7.0,1527.7
38,48,20,2.0,1239.0
38,48,21,4.0,1634.0
38,48,22,9.0,1503.6
38,48,23,1.0,1229.0
38,49,0,5.0,1183.4
38,49,1,3.0,823.3
38,49,3,2.0,2184.5
38,49,5,2.0,748.0
38,50,0,2.0,1274.0
38,50,1,1.0,806.0
38,50,2,1.0,1394.0
38,50,4,1.0,1009.0
38,50,5,2.0,967.5
38,50,7,3.0,1324.7
38,50,8,2.0,1554.0
38,50,9,11.0,1256.0
38,50,10,3.0,1244.3
38,50,11,2.0,1204.5
38,50,12,1.0,2305.0
38,50,14,1.0,2570.0
38,50,15,1.0,1691.0
38,50,16,3.0,2401.0
38,50,17,3.0,2193.7
38,50,18,2.0,2015.0
38,50,19,5.0,1760.8
38,50,20,8.0,1445.6
38,50,21,3.0,1393.7
38,50,22,1.0,1085.0
38,51,0,3.0,1074.7
38,51,6,2.0,1410.0
38,51,7,6.0,1324.0
38,51,8,3.0,1179.0
38,51,9,1.0,1833.0
38,51,10,9.0,1100.7
38,51,11,3.0,1006.0
38,51,12,1.0,1336.0
38,51,14,3.0,1854.0
38,51,15,2.0,2188.0
38,51,16,2.0,1369.0
38,51,18,2.0,2007.5
38,51,19,6.0,1850.0
38,51,20,2.0,1231.0
38,51,21,5.0,1300.2
38,51,22,1.0,1097.0
38,53,0,4.0,1550.5
38,53,1,1.0,1309.0
38,53,2,1.0,1073.0
38,53,5,1.0,1093.0
38,53,6,3.0,1943.3
38,53,7,11.0,1594.3
38,53,8,8.0,1303.6
38,53,9,14.0,1324.6
38,53,10,2.0,1141.0
38,53,12,2.0,1402.5
38,53,14,1.0,1799.0
38,53,15,3.0,2860.0
38,53,16,2.0,2454.0
38,53,17,3.0,2392.7
38,53,18,5.0,2686.2
38,53,19,5.0,1629.8
38,53,20,3.0,1884.3
38,53,21,5.0,1575.4
38,53,22,4.0,1451.2
38,53,23,4.0,1645.5
38,54,0,1.0,1934.0
38,54,5,2.0,1024.5
38,54,7,2.0,1682.0
38,54,8,2.0,1372.0
38,54,10,2.0,1002.0
38,54,11,1.0,1131.0
38,54,12,2.0,1428.5
38,54,14,1.0,1705.0
38,54,17,1.0,4305.0
38,54,20,1.0,1913.0
38,54,22,1.0,1945.0
38,54,23,1.0,1336.0
38,55,5,1.0,1548.0
38,55,10,1.0,1738.0
38,56,2,2.0,1774.0
38,56,3,10.0,1348.8
38,56,4,22.0,1368.3
38,56,5,16.0,1316.8
38,56,6,21.0,1534.8
38,56,7,18.0,1899.1
38,56,8,7.0,1674.4
38,56,9,12.0,1787.1
38,56,10,14.0,1884.6
38,56,11,13.0,1778.3
38,56,12,8.0,1672.5
38,56,13,11.0,1934.8
38,56,14,7.0,2036.9
38,56,15,7.0,2348.9
38,56,16,8.0,2155.9
38,56,17,16.0,2207.9
38,56,18,11.0,2059.9
38,56,19,10.0,1921.1
38,56,20,10.0,1755.0
38,56,21,5.0,1647.8
38,57,2,1.0,954.0
38,57,5,5.0,823.6
38,57,6,1.0,1153.0
38,57,7,1.0,1351.0
38,57,8,5.0,1328.4
38,57,10,1.0,1320.0
38,57,11,1.0,1024.0
38,57,12,2.0,1518.5
38,57,13,1.0,1691.0
38,57,14,2.0,2165.5
38,57,15,1.0,1660.0
38,57,16,1.0,1791.0
38,58,0,1.0,893.0
38,58,4,1.0,896.0
38,58,5,1.0,962.0
38,58,6,2.0,1005.5
38,58,8,5.0,1352.4
38,58,10,2.0,1132.0
38,58,12,1.0,838.0
38,58,13,1.0,1213.0
38,58,18,3.0,1374.7
38,58,19,1.0,958.0
38,58,20,4.0,967.5
38,58,21,2.0,950.5
38,58,22,1.0,1189.0
38,59,2,1.0,531.0
38,59,7,8.0,949.5
38,59,8,3.0,842.0
38,59,9,3.0,881.7
38,59,11,2.0,914.0
38,59,12,3.0,785.3
38,59,13,1.0,756.0
38,59,14,3.0,865.0
38,59,15,4.0,1043.0
38,59,16,2.0,737.5
38,59,17,2.0,695.5
38,59,19,2.0,786.0
38,59,20,1.0,445.0
38,59,21,1.0,723.0
38,59,22,1.0,765.0
38,60,0,2.0,652.5
38,60,2,1.0,434.0
38,60,6,5.0,819.0
38,61,0,7.0,513.9
38,61,1,3.0,619.0
38,61,2,1.0,375.0
38,61,3,1.0,1067.0
38,61,4,3.0,591.0
38,61,5,15.0,471.2
38,61,6,7.0,562.9
38,61,7,13.0,718.2
38,61,8,9.0,605.7
38,61,9,11.0,774.9
38,61,10,15.0,742.6
38,61,11,9.0,584.9
38,61,12,26.0,584.6
38,61,13,15.0,608.2
38,61,14,26.0,652.8
38,61,15,21.0,728.7
38,61,16,13.0,750.2
38,61,17,22.0,615.4
38,61,18,13.0,681.7
38,61,19,13.0,864.2
38,61,21,8.0,658.6
38,61,22,2.0,844.0
38,61,23,5.0,692.8
38,62,23,2.0,1059.5
38,63,1,1.0,732.0
38,63,5,4.0,1104.5
38,63,6,4.0,1103.2
38,63,7,4.0,1233.2
38,63,8,2.0,1328.5
38,63,10,2.0,3021.5
38,63,11,3.0,988.3
38,63,12,1.0,988.0
38,63,14,1.0,1261.0
38,63,15,1.0,2246.0
38,63,18,2.0,1756.5
38,63,19,3.0,1144.0
38,63,20,1.0,825.0
38,63,22,1.0,1320.0
38,63,23,3.0,1017.3
38,64,1,1.0,1288.0
38,64,4,2.0,1447.5
38,64,6,2.0,1606.5
38,65,6,7.0,1868.4
38,65,7,3.0,2019.7
38,65,8,4.0,1639.5
38,65,9,2.0,1897.5
38,65,10,1.0,2118.0
38,65,11,1.0,1618.0
38,65,13,1.0,1435.0
38,65,14,5.0,1875.0
38,65,15,1.0,2516.0
38,65,16,1.0,1833.0
38,65,17,1.0,2234.0
38,65,18,2.0,2156.0
38,65,19,2.0,2024.5
38,65,20,1.0,2231.0
38,65,21,1.0,2098.0
38,66,0,2.0,1156.0
38,66,1,4.0,1769.0
38,66,2,1.0,989.0
38,67,0,7.0,741.1
38,67,1,4.0,974.5
38,67,2,7.0,864.9
38,67,3,3.0,889.0
38,67,4,2.0,867.5
38,67,5,4.0,861.8
38,67,6,4.0,910.2
38,67,7,17.0,1087.1
38,67,8,4.0,889.5
38,67,9,4.0,938.5
38,67,10,5.0,1043.6
38,67,11,9.0,913.8
38,67,12,4.0,895.2
38,67,13,6.0,1403.7
38,67,14,4.0,1094.5
38,67,15,11.0,1142.3
38,67,16,17.0,1242.6
38,67,17,15.0,1126.1
38,67,18,9.0,1262.7
38,67,19,12.0,1012.4
38,67,20,11.0,898.0
38,67,21,13.0,949.8
38,67,22,8.0,944.5
38,67,23,6.0,871.0
38,68,0,5.0,761.2
38,68,1,11.0,632.3
38,68,2,5.0,550.2
38,68,3,3.0,740.7
38,68,4,2.0,676.5
38,68,5,1.0,648.0
38,68,6,15.0,578.1
38,68,7,6.0,708.2
38,68,8,33.0,760.3
38,68,9,32.0,758.6
38,68,10,14.0,763.0
38,68,11,13.0,764.2
38,68,12,13.0,899.8
38,68,13,14.0,859.7
38,68,14,10.0,1140.2
38,68,15,16.0,998.6
38,68,16,25.0,943.2
38,68,17,20.0,971.5
38,68,18,18.0,881.9
38,68,19,16.0,936.4
38,68,20,15.0,810.9
38,68,21,16.0,741.7
38,68,22,11.0,701.5
38,68,23,9.0,719.2
38,69,0,12.0,839.2
38,69,1,7.0,820.9
38,69,2,7.0,689.7
38,69,3,4.0,693.8
38,69,5,5.0,824.8
38,69,6,6.0,734.5
38,69,7,29.0,890.7
38,69,8,12.0,900.8
38,69,9,14.0,867.5
38,69,10,12.0,775.5
38,69,11,12.0,744.8
38,69,12,12.0,978.1
38,69,13,17.0,888.4
38,69,14,23.0,857.3
38,69,15,23.0,1007.1
38,69,16,26.0,1113.5
38,69,17,28.0,1058.0
38,69,18,34.0,963.2
38,69,19,22.0,829.5
38,69,20,16.0,895.2
38,69,21,23.0,684.6
38,69,22,18.0,794.1
38,69,23,10.0,624.1
38,70,1,1.0,1342.0
38,70,2,1.0,1321.0
38,70,3,1.0,1614.0
38,70,4,2.0,1373.5
38,71,0,8.0,1171.9
38,71,1,5.0,1027.2
38,71,2,1.0,926.0
38,71,3,1.0,1073.0
38,71,4,1.0,1593.0
38,71,6,7.0,894.6
38,71,7,14.0,1316.4
38,71,8,13.0,1164.8
38,71,9,14.0,1226.5
38,71,10,7.0,1119.1
38,71,11,8.0,1203.0
38,71,12,6.0,1478.8
38,71,13,16.0,1254.9
38,71,14,14.0,1400.4
38,71,15,12.0,1982.0
38,71,16,14.0,1687.8
38,71,17,19.0,1801.7
38,71,18,19.0,1389.3
38,71,19,19.0,1428.6
38,71,20,16.0,1406.2
38,71,21,10.0,1284.0
38,71,22,11.0,1124.5
38,71,23,13.0,1162.4
38,72,0,1.0,2131.0
38,72,1,1.0,1197.0
38,72,3,2.0,875.5
38,72,4,2.0,892.0
38,73,0,3.0,848.7
38,73,1,1.0,1216.0
38,73,3,1.0,880.0
38,73,6,1.0,665.0
38,73,7,4.0,1465.5
38,73,8,1.0,754.0
38,73,9,5.0,1446.2
38,73,10,4.0,1357.2
38,73,11,3.0,1036.0
38,73,12,4.0,1109.2
38,73,13,5.0,1605.2
38,73,14,5.0,1942.4
38,73,15,4.0,1666.0
38,73,16,8.0,1865.2
38,73,17,10.0,1886.3
38,73,18,7.0,1661.1
38,73,19,8.0,1681.6
38,73,20,4.0,1148.0
38,73,21,6.0,1017.0
38,73,22,8.0,1158.8
38,73,23,3.0,1141.3
38,75,0,1.0,1054.0
38,75,1,1.0,1679.0
38,76,2,4.0,1682.2
38,76,3,10.0,1833.3
38,76,4,28.0,1830.6
38,76,5,25.0,2730.6
38,76,6,20.0,3550.9
38,76,7,9.0,3995.0
38,76,8,8.0,3245.6
38,76,9,13.0,2950.1
38,76,10,9.0,2933.4
38,76,11,8.0,2925.0
38,76,12,9.0,3496.2
38,76,13,6.0,3283.5
38,76,14,8.0,4015.5
38,76,15,9.0,4188.8
38,76,16,7.0,4701.9
38,76,17,8.0,3967.8
38,76,18,7.0,3218.3
38,76,19,8.0,3270.2
38,76,20,3.0,2165.3
38,76,21,3.0,2730.0
38,76,22,1.0,1840.0
38,77,0,1.0,1475.0
38,77,2,2.0,1412.5
38,77,6,1.0,2084.0
38,77,7,1.0,3464.0
38,77,8,1.0,2104.0
38,77,10,1.0,1491.0
38,77,11,1.0,1327.0
38,77,12,2.0,1853.0
38,77,13,1.0,1886.0
38,77,17,2.0,3499.5
38,77,18,2.0,2597.5
38,77,19,2.0,2139.0
38,77,20,2.0,2005.0
38,77,21,4.0,1510.5
39,1,1,1.0,3300.0
39,2,5,1.0,1736.0
39,2,9,1.0,2740.0
39,2,10,1.0,2133.0
39,2,13,1.0,2447.0
39,2,14,3.0,2234.7
39,2,15,1.0,4214.0
39,2,17,1.0,3256.0
39,2,22,7.0,1718.6
39,3,0,2.0,1493.5
39,3,1,2.0,1324.0
39,3,6,1.0,1502.0
39,3,10,5.0,1344.2
39,3,11,2.0,1225.5
39,3,12,2.0,1534.5
39,3,14,2.0,1476.5
39,3,15,1.0,2694.0
39,3,16,1.0,1591.0
39,3,17,1.0,1818.0
39,3,19,1.0,1634.0
39,3,20,1.0,1933.0
39,3,22,1.0,1112.0
39,3,23,1.0,1390.0
39,4,11,1.0,1510.0
39,4,12,1.0,3385.0
39,4,17,1.0,3790.0
39,4,19,3.0,1962.0
39,5,0,1.0,1344.0
39,5,1,1.0,2349.0
39,5,6,6.0,1871.0
39,5,7,4.0,2745.2
39,5,8,10.0,2207.9
39,5,9,3.0,2110.3
39,5,10,7.0,2110.6
39,5,11,3.0,1841.7
39,5,12,2.0,2292.0
39,5,13,8.0,1983.9
39,5,14,1.0,1481.0
39,5,19,2.0,1490.0
39,5,21,2.0,2475.5
39,5,22,2.0,1797.5
39,6,0,3.0,997.3
39,6,2,2.0,1276.5
39,6,4,2.0,1106.5
39,6,5,2.0,1549.5
39,6,6,1.0,1344.0
39,6,7,4.0,2084.8
39,6,8,3.0,1730.3
39,6,9,1.0,2878.0
39,6,10,5.0,1645.8
39,6,11,3.0,1134.7
39,6,12,4.0,1377.8
39,6,13,4.0,1516.5
39,6,15,9.0,1811.0
39,6,16,6.0,2240.3
39,6,17,10.0,2275.4
39,6,18,7.0,2132.7
39,6,19,8.0,1549.4
39,6,20,11.0,1503.8
39,6,21,5.0,1328.6
39,6,22,8.0,1259.2
39,6,23,5.0,1197.8
39,7,0,3.0,1392.3
39,7,1,2.0,1070.0
39,7,5,3.0,1677.3
39,7,6,9.0,1729.6
39,7,7,2.0,1267.5
39,7,9,2.0,1502.0
39,7,10,1.0,942.0
39,7,11,1.0,2104.0
39,7,12,4.0,1760.5
39,7,13,2.0,1463.5
39,7,14,2.0,1235.5
39,7,20,2.0,1226.5
39,7,21,3.0,1314.3
39,7,23,2.0,1156.5
39,8,0,10.0,1078.8
39,8,1,4.0,920.0
39,8,3,2.0,890.5
39,8,4,16.0,894.2
39,8,5,36.0,1114.8
39,8,6,64.0,1319.1
39,8,7,70.0,1564.4
39,8,8,97.0,1856.3
39,8,9,95.0,1509.4
39,8,10,68.0,1342.6
39,8,11,66.0,1189.5
39,8,12,64.0,1289.6
39,8,13,52.0,1358.7
39,8,14,58.0,1226.1
39,8,15,42.0,1368.5
39,8,16,44.0,1523.5
39,8,17,58.0,1577.5
39,8,18,63.0,1415.7
39,8,19,46.0,1316.0
39,8,20,43.0,1251.7
39,8,21,36.0,1099.4
39,8,22,44.0,1092.2
39,8,23,23.0,1005.4
39,13,9,3.0,2863.7
39,13,12,1.0,2011.0
39,13,18,1.0,4024.0
39,14,0,2.0,1479.0
39,14,2,1.0,1742.0
39,14,8,1.0,2590.0
39,14,10,1.0,1656.0
39,14,12,1.0,2994.0
39,14,15,1.0,2701.0
39,14,19,1.0,3356.0
39,14,21,1.0,2667.0
39,15,5,1.0,2138.0
39,16,1,1.0,1228.0
39,20,10,1.0,2669.0
39,21,11,3.0,2126.3
39,21,13,1.0,2264.0
39,21,15,2.0,1710.0
39,21,17,2.0,2911.0
39,21,18,2.0,1763.5
39,21,19,1.0,1502.0
39,21,20,1.0,1011.0
39,21,21,1.0,1266.0
39,22,1,1.0,1394.0
39,22,2,1.0,1242.0
39,22,4,2.0,1207.0
39,24,1,1.0,950.0
39,24,3,1.0,985.0
39,24,4,1.0,1606.0
39,24,5,2.0,1222.0
39,24,6,3.0,2018.7
39,24,7,12.0,2286.2
39,24,8,9.0,2013.3
39,24,9,5.0,1405.8
39,24,10,16.0,1714.6
39,24,11,14.0,1465.5
39,24,12,6.0,1306.7
39,24,13,9.0,1275.2
39,24,14,14.0,1458.1
39,24,15,8.0,1758.6
39,24,16,7.0,2109.9
39,24,17,4.0,1727.0
39,24,18,6.0,1713.0
39,24,19,12.0,1462.5
39,24,20,4.0,966.0
39,24,21,3.0,1563.3
39,24,22,5.0,1088.8
39,24,23,10.0,1285.9
39,25,0,2.0,1510.0
39,25,1,1.0,2350.0
39,25,2,1.0,1333.0
39,25,5,1.0,2596.0
39,25,6,1.0,1408.0
39,25,7,1.0,1926.0
39,25,8,3.0,1913.3
39,25,9,6.0,1818.0
39,25,11,3.0,1485.3
39,25,12,1.0,1417.0
39,25,13,1.0,2925.0
39,25,15,2.0,2908.0
39,25,16,1.0,3049.0
39,25,18,3.0,2149.7
39,25,19,1.0,1679.0
39,25,20,2.0,1895.5
39,25,21,3.0,1325.3
39,25,22,5.0,1872.6
39,25,23,5.0,1632.0
39,26,7,3.0,2233.3
39,26,9,1.0,1956.0
39,26,16,2.0,3050.5
39,26,18,2.0,1450.0
39,26,19,1.0,1139.0
39,26,22,1.0,1285.0
39,26,23,1.0,1525.0
39,27,1,1.0,1031.0
39,27,5,2.0,1023.5
39,27,23,1.0,922.0
39,28,0,3.0,845.0
39,28,1,2.0,881.5
39,28,2,3.0,846.3
39,28,3,3.0,751.0
39,28,4,10.0,876.7
39,28,5,19.0,1112.7
39,28,6,48.0,1211.3
39,28,7,99.0,1712.2
39,28,8,114.0,1741.5
39,28,9,50.0,1493.7
39,28,10,50.0,1185.9
39,28,11,32.0,1144.6
39,28,12,40.0,1060.6
39,28,13,34.0,1156.9
39,28,14,35.0,1212.3
39,28,15,33.0,1206.3
39,28,16,39.0,1599.5
39,28,17,45.0,1640.3
39,28,18,63.0,1362.4
39,28,19,43.0,1172.8
39,28,20,26.0,1035.0
39,28,21,21.0,954.4
39,28,22,16.0,927.9
39,28,23,7.0,1083.3
39,29,1,1.0,1097.0
39,29,4,1.0,972.0
39,29,5,1.0,1385.0
39,29,6,8.0,1204.1
39,29,7,13.0,1876.2
39,29,8,6.0,1913.2
39,29,9,5.0,1438.0
39,29,10,2.0,1405.5
39,29,11,3.0,1559.3
39,29,12,4.0,1767.5
39,29,13,4.0,2500.8
39,29,14,3.0,1968.3
39,29,15,3.0,1508.7
39,29,16,5.0,2217.2
39,29,17,5.0,2422.6
39,29,18,4.0,1807.0
39,29,19,2.0,1183.0
39,29,20,2.0,1320.0
39,29,21,1.0,1533.0
39,29,22,5.0,1043.8
39,29,23,5.0,999.2
39,30,3,1.0,958.0
39,30,5,2.0,1899.5
39,30,6,9.0,1057.6
39,30,7,3.0,1243.0
39,30,8,4.0,1262.2
39,30,9,3.0,1197.7
39,30,11,13.0,1455.5
39,30,12,1.0,1243.0
39,30,16,1.0,2848.0
39,30,17,1.0,1583.0
39,30,18,2.0,1598.0
39,30,20,1.0,1069.0
39,30,21,1.0,985.0
39,30,22,1.0,1351.0
39,30,23,2.0,1516.0
39,31,0,1.0,607.0
39,31,1,2.0,806.5
39,31,2,4.0,847.5
39,31,3,5.0,634.2
39,31,4,2.0,692.0
39,31,5,1.0,1138.0
39,31,6,2.0,730.5
39,31,7,4.0,1073.5
39,31,8,11.0,1505.5
39,31,9,5.0,1121.4
39,31,10,1.0,1039.0
39,31,11,3.0,753.3
39,31,12,4.0,1008.0
39,31,13,7.0,1076.7
39,31,14,6.0,1359.0
39,31,15,9.0,737.9
39,31,16,10.0,1622.0
39,31,17,5.0,1238.2
39,31,18,8.0,1271.0
39,31,19,11.0,1066.1
39,31,20,8.0,850.1
39,31,21,10.0,996.3
39,31,22,3.0,907.3
39,31,23,3.0,921.3
39,32,0,5.0,932.2
39,32,1,6.0,727.8
39,32,2,3.0,716.3
39,32,3,7.0,821.7
39,32,4,21.0,767.3
39,32,5,21.0,882.3
39,32,6,66.0,1109.8
39,32,7,127.0,1581.2
39,32,8,264.0,1662.0
39,32,9,206.0,1394.5
39,32,10,128.0,1158.6
39,32,11,98.0,1078.8
39,32,12,77.0,1096.8
39,32,13,65.0,1136.0
39,32,14,67.0,1152.9
39,32,15,52.0,1029.7
39,32,16,67.0,1264.8
39,32,17,61.0,1325.7
39,32,18,64.0,1114.1
39,32,19,38.0,1038.9
39,32,20,33.0,888.6
39,32,21,35.0,956.0
39,32,22,28.0,973.8
39,32,23,19.0,853.5
39,33,0,3.0,762.7
39,33,1,1.0,567.0
39,33,2,2.0,637.0
39,33,5,9.0,604.2
39,33,6,13.0,668.6
39,33,7,26.0,944.3
39,33,8,23.0,888.0
39,33,9,38.0,806.6
39,33,10,27.0,756.7
39,33,11,16.0,710.1
39,33,12,21.0,713.6
39,33,13,11.0,849.2
39,33,14,11.0,745.2
39,33,15,5.0,972.2
39,33,16,19.0,886.6
39,33,17,12.0,804.5
39,33,18,30.0,873.6
39,33,19,16.0,728.1
39,33,20,15.0,719.8
39,33,21,14.0,763.4
39,33,22,11.0,674.7
39,33,23,5.0,752.4
39,34,5,3.0,677.3
39,34,6,2.0,682.0
39,34,7,4.0,962.0
39,34,8,6.0,988.2
39,34,9,6.0,717.2
39,34,10,8.0,804.2
39,34,11,10.0,869.0
39,34,12,10.0,720.3
39,34,13,8.0,878.8
39,34,14,8.0,820.9
39,34,15,6.0,969.5
39,34,16,11.0,798.8
39,34,17,10.0,972.5
39,34,18,17.0,785.8
39,34,19,8.0,817.1
39,34,20,7.0,774.1
39,34,21,2.0,786.5
39,34,23,2.0,1278.0
39,35,0,5.0,541.2
39,35,1,2.0,690.0
39,35,2,1.0,483.0
39,35,4,1.0,302.0
39,35,5,6.0,592.0
39,35,6,11.0,560.6
39,35,7,32.0,638.5
39,35,8,53.0,696.6
39,35,9,31.0,552.9
39,35,10,18.0,653.4
39,35,11,18.0,614.2
39,35,12,14.0,500.6
39,35,13,24.0,601.1
39,35,14,20.0,623.9
39,35,15,18.0,622.4
39,35,16,19.0,713.6
39,35,17,33.0,593.6
39,35,18,29.0,592.8
39,35,19,19.0,618.4
39,35,20,13.0,526.8
39,35,21,8.0,426.4
39,35,22,8.0,644.0
39,35,23,12.0,557.3
39,36,0,4.0,310.8
39,36,1,2.0,219.0
39,36,3,1.0,350.0
39,36,5,5.0,300.0
39,36,6,2.0,259.5
39,36,10,4.0,388.0
39,36,11,1.0,304.0
39,36,12,2.0,242.0
39,36,13,1.0,376.0
39,36,20,4.0,258.5
39,36,21,4.0,354.8
39,36,22,2.0,350.5
39,36,23,1.0,398.0
39,37,0,2.0,597.5
39,37,1,2.0,479.5
39,37,3,3.0,574.7
39,37,5,2.0,395.5
39,37,6,1.0,406.0
39,37,7,4.0,464.8
39,37,8,9.0,509.2
39,37,9,4.0,561.2
39,37,10,6.0,505.0
39,37,11,2.0,583.5
39,37,12,3.0,588.7
39,37,13,3.0,461.7
39,37,14,4.0,570.2
39,37,15,8.0,581.0
39,37,16,13.0,738.2
39,37,17,6.0,617.0
39,37,18,5.0,716.8
39,37,19,2.0,494.0
39,37,20,1.0,514.0
39,37,21,2.0,398.0
39,37,22,2.0,599.0
39,37,23,1.0,843.0
39,38,0,15.0,359.0
39,38,1,7.0,339.9
39,38,2,3.0,277.0
39,38,3,1.0,380.0
39,38,4,3.0,240.3
39,38,5,3.0,393.3
39,38,6,9.0,331.6
39,38,7,3.0,305.3
39,38,10,13.0,332.7
39,38,11,16.0,381.9
39,38,12,5.0,359.2
39,38,13,2.0,233.0
39,38,20,7.0,387.9
39,38,21,12.0,424.9
39,38,22,12.0,350.4
39,38,23,15.0,403.0
39,39,0,6.0,661.5
39,39,1,12.0,432.3
39,39,2,2.0,1785.0
39,39,3,3.0,412.3
39,39,4,3.0,418.7
39,39,5,1.0,424.0
39,40,0,4.0,682.2
39,40,1,3.0,456.7
39,40,2,1.0,352.0
39,40,3,1.0,418.0
39,40,4,1.0,560.0
39,40,5,3.0,375.7
39,40,6,1.0,529.0
39,40,7,12.0,744.8
39,40,8,36.0,580.9
39,40,9,11.0,555.2
39,40,10,10.0,612.7
39,40,11,5.0,468.6
39,40,12,10.0,530.5
39,40,13,5.0,517.6
39,40,14,8.0,657.9
39,40,15,15.0,579.5
39,40,16,20.0,554.8
39,40,17,9.0,832.4
39,40,18,28.0,657.4
39,40,19,15.0,510.9
39,40,20,14.0,570.1
39,40,21,17.0,591.4
39,40,22,12.0,621.7
39,40,23,6.0,507.7
39,41,0,15.0,297.7
39,41,1,10.0,354.9
39,41,2,3.0,218.0
39,41,3,3.0,497.0
39,41,4,19.0,374.7
39,41,5,21.0,337.3
39,41,6,51.0,430.7
39,41,7,114.0,474.0
39,41,8,202.0,515.9
39,41,9,195.0,458.7
39,41,10,141.0,436.6
39,41,11,92.0,427.4
39,41,12,94.0,453.2
39,41,13,106.0,456.7
39,41,14,87.0,447.7
39,41,15,88.0,498.7
39,41,16,90.0,478.4
39,41,17,107.0,467.3
39,41,18,105.0,466.0
39,41,19,98.0,423.4
39,41,20,69.0,373.6
39,41,21,67.0,315.9
39,41,22,49.0,358.3
39,41,23,48.0,307.0
39,42,0,10.0,613.3
39,42,1,4.0,534.5
39,42,2,4.0,536.2
39,42,3,4.0,777.8
39,42,4,2.0,835.5
39,42,5,1.0,415.0
39,42,6,10.0,680.3
39,42,7,39.0,632.1
39,42,8,50.0,693.5
39,42,9,47.0,558.2
39,42,10,26.0,517.3
39,42,11,22.0,590.2
39,42,12,21.0,741.2
39,42,13,13.0,647.6
39,42,14,28.0,669.9
39,42,15,35.0,723.7
39,42,16,21.0,729.3
39,42,17,18.0,769.9
39,42,18,15.0,847.2
39,42,19,9.0,707.4
39,42,20,14.0,661.1
39,42,21,16.0,689.9
39,42,22,12.0,513.7
39,42,23,14.0,644.4
39,43,1,4.0,917.8
39,43,2,2.0,562.5
39,43,3,2.0,951.0
39,44,0,2.0,958.5
39,44,1,1.0,1466.0
39,44,2,1.0,1154.0
39,44,5,3.0,963.3
39,44,6,1.0,845.0
39,44,7,1.0,808.0
39,44,8,3.0,904.3
39,44,9,14.0,1174.5
39,44,10,6.0,1140.2
39,44,11,7.0,1112.9
39,44,12,5.0,1227.0
39,44,13,7.0,1177.9
39,44,14,5.0,1468.8
39,44,15,5.0,1371.6
39,44,16,9.0,1550.9
39,44,17,11.0,1689.7
39,44,18,9.0,1467.8
39,44,19,12.0,1130.8
39,44,20,5.0,1088.6
39,44,21,1.0,1763.0
39,44,22,7.0,979.1
39,44,23,3.0,1051.3
39,45,0,1.0,985.0
39,45,2,1.0,1236.0
39,45,6,1.0,1246.0
39,45,9,1.0,1124.0
39,45,10,1.0,1089.0
39,45,11,1.0,1016.0
39,45,12,1.0,1059.0
39,45,13,1.0,997.0
39,45,14,1.0,1486.0
39,45,19,1.0,1197.0
39,45,20,1.0,1032.0
39,45,21,2.0,879.5
39,45,22,3.0,1158.0
39,45,23,2.0,1182.0
39,46,0,2.0,1185.0
39,46,1,1.0,999.0
39,46,2,1.0,1082.0
39,46,7,2.0,927.5
39,46,11,1.0,1342.0
39,46,12,3.0,1143.7
39,46,13,2.0,1106.0
39,46,15,1.0,923.0
39,46,18,3.0,1225.3
39,46,19,1.0,1136.0
39,46,21,2.0,1231.5
39,46,22,2.0,1318.0
39,46,23,1.0,899.0
39,47,4,1.0,1103.0
39,47,5,1.0,1852.0
39,47,7,2.0,1470.5
39,47,9,1.0,1703.0
39,47,15,1.0,2588.0
39,47,18,2.0,1297.0
39,48,0,4.0,990.8
39,48,1,2.0,1140.5
39,48,3,2.0,830.5
39,48,4,1.0,803.0
39,48,6,1.0,972.0
39,48,8,3.0,1438.0
39,48,9,5.0,1278.0
39,48,10,2.0,1445.0
39,48,11,2.0,1311.0
39,48,12,2.0,1240.5
39,48,13,3.0,1193.0
39,48,15,2.0,1677.5
39,48,16,8.0,1607.9
39,48,17,4.0,1699.5
39,48,18,1.0,2296.0
39,48,19,3.0,1682.0
39,48,20,3.0,1295.7
39,48,21,1.0,823.0
39,48,22,1.0,1135.0
39,48,23,2.0,1162.0
39,49,1,1.0,1117.0
39,50,0,2.0,1729.0
39,50,11,1.0,1907.0
39,50,23,1.0,1549.0
39,51,1,2.0,1448.5
39,52,20,1.0,1657.0
39,52,22,2.0,2237.5
39,53,0,1.0,2075.0
39,53,8,2.0,1606.0
39,53,12,2.0,2411.5
39,53,13,1.0,2204.0
39,53,15,1.0,2632.0
39,53,16,1.0,3319.0
39,53,18,2.0,2288.5
39,53,19,3.0,1700.7
39,53,20,2.0,1460.5
39,53,22,1.0,1267.0
39,53,23,1.0,2550.0
39,54,5,2.0,1320.5
39,56,1,1.0,1328.0
39,56,2,1.0,1324.0
39,56,3,7.0,1491.1
39,56,4,31.0,1437.6
39,56,5,29.0,1374.1
39,58,0,1.0,1151.0
39,58,7,1.0,1343.0
39,58,8,4.0,1730.0
39,58,9,4.0,1416.8
39,58,10,1.0,1832.0
39,58,13,1.0,1182.0
39,58,16,4.0,1776.8
39,58,18,1.0,1841.0
39,58,21,1.0,970.0
39,58,22,1.0,1131.0
39,58,23,1.0,1428.0
39,59,0,2.0,1125.0
39,59,2,1.0,767.0
39,59,9,1.0,1023.0
39,59,12,6.0,996.8
39,59,14,2.0,1142.5
39,59,16,4.0,1583.0
39,59,17,1.0,989.0
39,59,19,1.0,984.0
39,59,21,2.0,933.5
39,60,5,1.0,1105.0
39,60,7,1.0,1329.0
39,60,9,2.0,1141.5
39,60,10,8.0,958.9
39,60,11,3.0,814.7
39,60,12,6.0,857.5
39,60,13,2.0,875.5
39,60,14,5.0,1156.8
39,60,15,3.0,973.0
39,60,16,2.0,1371.0
39,60,17,4.0,1376.8
39,60,18,1.0,793.0
39,60,19,5.0,869.6
39,60,20,1.0,1238.0
39,60,22,2.0,569.0
39,60,23,3.0,797.7
39,61,0,3.0,814.7
39,61,1,1.0,786.0
39,61,3,1.0,530.0
39,61,4,1.0,876.0
39,61,5,3.0,698.3
39,61,6,3.0,713.7
39,61,7,8.0,710.5
39,61,8,4.0,831.8
39,61,9,9.0,909.4
39,61,10,4.0,821.5
39,61,11,1.0,1248.0
39,61,12,4.0,949.8
39,61,13,2.0,849.5
39,61,14,3.0,1028.0
39,61,15,3.0,1170.7
39,61,16,10.0,1136.5
39,61,17,8.0,839.8
39,61,18,2.0,761.0
39,61,19,5.0,928.2
39,61,20,2.0,942.5
39,61,21,4.0,1139.8
39,61,22,5.0,813.8
39,61,23,14.0,735.6
39,62,7,1.0,1468.0
39,62,8,1.0,2152.0
39,62,12,1.0,1578.0
39,62,13,1.0,1386.0
39,62,14,1.0,2496.0
39,62,15,4.0,1913.2
39,62,18,1.0,2030.0
39,62,19,2.0,1914.5
39,62,23,1.0,1158.0
39,63,1,1.0,1027.0
39,63,7,1.0,1622.0
39,63,8,1.0,1440.0
39,63,10,1.0,1234.0
39,63,12,2.0,1353.5
39,63,15,2.0,1405.5
39,63,18,1.0,1281.0
39,63,23,2.0,1195.5
39,64,1,1.0,1308.0
39,66,0,1.0,1425.0
39,66,1,2.0,1499.5
39,66,23,1.0,2042.0
39,67,0,1.0,1643.0
39,67,1,1.0,810.0
39,67,3,1.0,1487.0
39,67,6,1.0,1012.0
39,67,7,5.0,1084.2
39,67,9,3.0,1602.3
39,67,10,1.0,1464.0
39,67,11,2.0,1947.5
39,67,12,4.0,1266.0
39,67,13,2.0,1223.5
39,67,14,5.0,1489.4
39,67,15,6.0,1583.5
39,67,16,7.0,1633.0
39,67,17,3.0,1060.3
39,67,18,2.0,1254.5
39,67,19,4.0,1469.8
39,67,20,1.0,1004.0
39,67,21,1.0,1077.0
39,67,22,5.0,1207.8
39,67,23,2.0,1115.0
39,68,0,3.0,1875.7
39,68,1,2.0,1081.0
39,68,3,4.0,853.2
39,68,4,11.0,862.1
39,68,6,6.0,1006.0
39,68,7,9.0,765.0
39,68,8,19.0,1246.8
39,68,9,10.0,973.0
39,68,10,11.0,966.6
39,68,11,11.0,923.9
39,68,12,6.0,922.3
39,68,13,11.0,986.5
39,68,14,3.0,1132.0
39,68,15,10.0,947.0
39,68,16,6.0,1021.2
39,68,17,15.0,1255.9
39,68,18,8.0,1222.0
39,68,19,9.0,1050.0
39,68,20,2.0,1087.0
39,68,21,1.0,1837.0
39,68,22,6.0,774.8
39,68,23,7.0,1051.6
39,69,0,3.0,749.0
39,69,1,1.0,637.0
39,69,2,6.0,854.2
39,69,3,1.0,774.0
39,69,4,2.0,902.5
39,69,5,2.0,721.0
39,69,6,3.0,769.3
39,69,7,7.0,942.6
39,69,8,12.0,918.8
39,69,9,6.0,928.0
39,69,10,5.0,1112.8
39,69,11,8.0,1037.0
39,69,12,5.0,1102.6
39,69,13,5.0,1593.6
39,69,14,1.0,951.0
39,69,15,15.0,1289.5
39,69,16,9.0,1393.3
39,69,17,16.0,1239.9
39,69,18,5.0,1119.4
39,69,19,10.0,1070.8
39,69,20,5.0,1010.4
39,69,21,8.0,1139.4
39,69,22,4.0,845.5
39,69,23,3.0,923.3
39,70,6,2.0,1960.5
39,70,8,1.0,2100.0
39,70,13,1.0,1630.0
39,70,19,1.0,2497.0
39,70,20,1.0,2369.0
39,70,21,1.0,2748.0
39,70,23,1.0,1856.0
39,71,3,2.0,1218.0
39,71,7,3.0,1338.0
39,71,8,17.0,1194.2
39,71,9,9.0,1294.0
39,71,10,5.0,1332.6
39,71,11,5.0,1399.6
39,71,12,1.0,1309.0
39,71,13,2.0,1323.0
39,71,14,9.0,1886.3
39,71,15,10.0,1876.2
39,71,16,14.0,2015.5
39,71,17,9.0,1758.3
39,71,18,5.0,1776.8
39,71,19,6.0,1646.7
39,71,20,5.0,1526.8
39,71,21,3.0,1087.3
39,71,22,4.0,1221.5
39,71,23,8.0,1292.2
39,72,6,1.0,1444.0
39,72,7,1.0,1347.0
39,72,10,2.0,1755.5
39,72,11,2.0,1725.0
39,72,13,3.0,1793.7
39,72,14,2.0,1767.0
39,72,16,1.0,2708.0
39,72,17,2.0,2568.0
39,72,19,2.0,1605.5
39,72,22,2.0,1488.5
39,72,23,1.0,1236.0
39,73,2,1.0,1263.0
39,73,5,1.0,962.0
39,75,1,1.0,1351.0
39,75,2,1.0,1370.0
39,75,6,2.0,1283.5
39,75,7,2.0,1492.0
39,75,8,1.0,1822.0
39,75,9,1.0,1687.0
39,75,11,3.0,1487.0
39,75,13,1.0,1537.0
39,75,14,1.0,1849.0
39,75,16,3.0,2689.0
39,75,17,1.0,2847.0
39,75,19,1.0,1424.0
39,75,23,1.0,1331.0
39,76,2,4.0,1839.5
39,76,3,19.0,1829.2
39,76,4,27.0,1929.5
39,76,5,33.0,2531.6
39,76,6,34.0,3471.1
39,76,7,2.0,3977.5
39,76,10,6.0,2608.3
39,76,11,8.0,2982.4
39,76,12,6.0,2706.5
39,76,14,1.0,3310.0
39,76,20,2.0,2129.0
39,76,21,2.0,2029.0
39,76,22,1.0,2130.0
39,76,23,1.0,2006.0
39,77,0,1.0,1780.0
39,77,4,1.0,1112.0
39,77,5,1.0,1745.0
39,77,9,1.0,1907.0
39,77,10,5.0,1484.4
39,77,11,1.0,1398.0
39,77,13,6.0,1365.5
39,77,14,2.0,1278.5
39,77,15,2.0,2059.5
39,77,17,3.0,2394.0
39,77,18,1.0,1655.0
39,77,19,2.0,2043.5
39,77,20,1.0,1834.0
39,77,21,4.0,1592.8
39,77,22,3.0,1720.7
39,77,23,1.0,1382.0
40,1,0,1.0,1585.0
40,1,5,4.0,1840.8
40,1,6,1.0,1930.0
40,1,8,1.0,2386.0
40,1,10,1.0,2925.0
40,1,12,2.0,2274.5
40,1,13,1.0,1518.0
40,1,14,1.0,2809.0
40,1,15,1.0,3344.0
40,1,20,1.0,2891.0
40,2,5,2.0,2883.5
40,2,7,1.0,2555.0
40,2,14,1.0,3415.0
40,2,23,2.0,2264.0
40,3,5,1.0,2277.0
40,3,6,1.0,1996.0
40,3,7,1.0,3146.0
40,3,8,3.0,2798.0
40,3,9,4.0,2523.2
40,3,10,2.0,2651.5
40,3,11,1.0,1579.0
40,3,12,2.0,1689.0
40,3,15,1.0,1618.0
40,3,17,1.0,3064.0
40,3,18,1.0,1961.0
40,3,19,1.0,2015.0
40,3,21,2.0,1565.0
40,3,22,1.0,2169.0
40,4,9,1.0,2685.0
40,5,4,1.0,1192.0
40,5,6,5.0,1982.6
40,5,7,2.0,2028.0
40,5,8,4.0,2100.8
40,5,9,6.0,2310.8
40,5,10,3.0,2156.0
40,5,11,2.0,1483.5
40,5,12,5.0,1913.0
40,5,13,3.0,1558.3
40,5,15,1.0,1636.0
40,6,0,1.0,1347.0
40,6,5,1.0,1586.0
40,6,6,1.0,1408.0
40,6,8,1.0,1688.0
40,6,11,1.0,1571.0
40,6,12,2.0,1468.5
40,6,13,1.0,1960.0
40,6,14,3.0,1256.0
40,6,16,1.0,2839.0
40,6,18,2.0,2368.5
40,6,19,2.0,1614.5
40,6,20,2.0,2103.5
40,6,21,2.0,1385.0
40,6,22,3.0,1481.0
40,7,0,1.0,1360.0
40,7,1,1.0,1520.0
40,7,5,6.0,1679.0
40,7,6,2.0,1826.5
40,7,7,1.0,1598.0
40,7,10,1.0,1823.0
40,7,11,1.0,2219.0
40,8,0,4.0,1030.2
40,8,1,1.0,825.0
40,8,2,1.0,865.0
40,8,3,3.0,951.3
40,8,4,6.0,1229.5
40,8,5,24.0,1362.7
40,8,6,21.0,1581.9
40,8,23,5.0,1119.0
40,13,12,1.0,2088.0
40,14,20,1.0,1749.0
40,14,23,1.0,1294.0
40,16,5,2.0,1381.5
40,18,5,2.0,2913.5
40,21,0,1.0,1178.0
40,21,7,1.0,1968.0
40,21,8,1.0,2107.0
40,21,16,1.0,2889.0
40,21,17,1.0,5760.0
40,21,18,1.0,2496.0
40,21,19,2.0,2079.0
40,21,20,1.0,934.0
40,22,5,2.0,1961.0
40,22,7,1.0,2405.0
40,22,8,1.0,2166.0
40,22,10,2.0,1565.0
40,22,13,1.0,1832.0
40,22,18,1.0,2142.0
40,22,20,2.0,1712.0
40,23,2,1.0,1652.0
40,24,0,3.0,1618.7
40,24,1,1.0,892.0
40,24,4,6.0,1062.8
40,24,6,1.0,1186.0
40,24,7,1.0,1209.0
40,24,8,9.0,1932.2
40,24,9,5.0,1656.8
40,24,11,3.0,1238.0
40,24,12,2.0,1731.0
40,24,13,1.0,1378.0
40,24,14,4.0,1671.0
40,24,15,2.0,1563.0
40,24,16,1.0,3183.0
40,24,17,4.0,2298.5
40,24,18,3.0,2769.3
40,24,19,3.0,1861.3
40,24,20,2.0,2373.5
40,24,21,1.0,1185.0
40,24,22,2.0,985.0
40,24,23,1.0,1595.0
40,25,0,4.0,1889.2
40,25,2,1.0,1138.0
40,25,3,1.0,919.0
40,25,4,4.0,1359.5
40,25,5,1.0,2023.0
40,25,7,3.0,2204.0
40,25,8,5.0,2614.6
40,25,9,4.0,1837.2
40,25,10,4.0,1738.5
40,25,11,2.0,1381.0
40,25,13,1.0,1514.0
40,25,14,2.0,2401.5
40,25,15,2.0,2688.0
40,25,16,2.0,3417.0
40,25,17,3.0,2911.7
40,25,18,3.0,2341.0
40,25,19,3.0,1499.3
40,25,20,4.0,1440.2
40,25,21,4.0,1394.5
40,25,22,3.0,1583.7
40,25,23,1.0,1224.0
40,26,0,2.0,1602.5
40,26,1,1.0,986.0
40,26,5,1.0,837.0
40,27,2,2.0,779.0
40,28,0,2.0,991.0
40,28,1,1.0,908.0
40,28,2,1.0,728.0
40,28,4,3.0,809.7
40,28,5,8.0,1143.0
40,28,6,12.0,1466.2
40,28,7,6.0,1669.0
40,28,8,4.0,1086.5
40,28,9,16.0,1183.8
40,28,10,20.0,1200.2
40,28,11,21.0,1078.6
40,28,12,13.0,1126.5
40,28,13,18.0,1084.0
40,28,14,12.0,1115.2
40,28,16,6.0,1113.3
40,28,17,1.0,926.0
40,28,18,1.0,1173.0
40,28,19,2.0,1126.5
40,28,20,7.0,749.9
40,28,21,6.0,983.0
40,28,22,8.0,978.9
40,28,23,8.0,1037.9
40,29,1,1.0,970.0
40,29,5,1.0,1167.0
40,29,6,5.0,1836.8
40,29,7,2.0,1682.5
40,29,8,1.0,1451.0
40,29,9,13.0,1846.5
40,29,10,4.0,1601.2
40,29,11,4.0,1462.2
40,29,12,4.0,1364.2
40,29,13,7.0,1456.1
40,29,14,2.0,1745.5
40,29,15,2.0,2040.0
40,29,16,3.0,2034.0
40,29,17,2.0,2792.0
40,29,18,1.0,1171.0
40,29,19,7.0,1321.6
40,29,20,1.0,1085.0
40,29,21,3.0,1415.7
40,29,22,3.0,1432.0
40,30,0,1.0,1440.0
40,30,4,1.0,962.0
40,30,6,1.0,1319.0
40,30,8,3.0,1702.0
40,30,9,4.0,1438.2
40,30,10,1.0,1213.0
40,30,11,2.0,1462.0
40,30,12,1.0,1444.0
40,30,13,1.0,1471.0
40,30,15,1.0,1965.0
40,30,16,1.0,1645.0
40,30,17,1.0,1780.0
40,30,18,1.0,1613.0
40,30,19,1.0,1035.0
40,30,20,2.0,983.5
40,30,21,1.0,855.0
40,31,5,1.0,997.0
40,31,6,3.0,1549.3
40,31,7,2.0,1359.5
40,31,8,5.0,1521.6
40,31,9,6.0,1218.7
40,31,10,2.0,988.0
40,31,11,1.0,782.0
40,31,12,1.0,1186.0
40,31,14,2.0,825.0
40,31,16,1.0,811.0
40,31,17,2.0,1828.5
40,31,19,4.0,843.8
40,31,20,2.0,1241.0
40,31,21,1.0,1483.0
40,31,22,1.0,1004.0
40,31,23,1.0,874.0
40,32,0,2.0,1360.0
40,32,2,1.0,884.0
40,32,3,3.0,956.3
40,32,4,15.0,878.2
40,32,5,16.0,1135.4
40,32,6,53.0,1353.1
40,32,7,5.0,1261.0
40,32,9,3.0,1664.7
40,32,10,19.0,1430.5
40,32,11,21.0,1274.2
40,32,12,10.0,1220.9
40,32,13,11.0,1300.3
40,32,14,13.0,1427.9
40,32,20,4.0,796.0
40,32,21,5.0,1319.4
40,32,22,8.0,1120.4
40,32,23,3.0,1149.3
40,33,0,1.0,1182.0
40,33,3,1.0,855.0
40,33,5,2.0,663.0
40,33,23,2.0,705.5
40,34,1,1.0,596.0
40,34,5,2.0,552.0
40,34,7,8.0,1076.0
40,34,8,7.0,1742.7
40,34,9,1.0,1043.0
40,34,10,2.0,597.0
40,34,12,2.0,553.0
40,34,14,4.0,681.2
40,34,15,1.0,528.0
40,34,16,1.0,382.0
40,34,17,1.0,666.0
40,34,19,3.0,656.3
40,34,20,1.0,478.0
40,34,21,1.0,699.0
40,34,22,3.0,543.3
40,34,23,2.0,537.0
40,35,0,1.0,496.0
40,35,1,1.0,515.0
40,35,2,2.0,708.5
40,35,3,1.0,353.0
40,35,4,2.0,509.0
40,35,5,7.0,590.0
40,36,0,1.0,401.0
40,36,1,2.0,654.0
40,36,2,1.0,395.0
40,36,6,1.0,985.0
40,36,7,1.0,581.0
40,36,8,3.0,800.3
40,36,9,4.0,768.5
40,36,10,2.0,649.5
40,36,11,2.0,628.0
40,36,12,2.0,532.5
40,36,14,4.0,679.8
40,36,15,3.0,637.7
40,36,16,8.0,549.8
40,36,17,2.0,1565.0
40,36,18,2.0,569.5
40,36,19,6.0,625.7
40,36,20,4.0,548.0
40,36,21,1.0,488.0
40,36,22,2.0,770.5
40,36,23,5.0,716.6
40,37,1,1.0,125.0
40,37,2,3.0,355.3
40,37,4,11.0,257.0
40,37,5,8.0,245.4
40,37,6,3.0,204.3
40,37,7,13.0,233.4
40,37,8,16.0,268.4
40,37,9,12.0,260.6
40,37,10,8.0,251.4
40,37,11,11.0,263.0
40,37,12,8.0,338.8
40,37,13,6.0,356.3
40,37,14,11.0,304.8
40,37,15,5.0,250.2
40,37,16,10.0,393.3
40,37,17,5.0,434.4
40,37,18,5.0,284.2
40,37,19,7.0,283.6
40,37,20,2.0,449.0
40,37,21,2.0,212.5
40,37,22,2.0,524.0
40,37,23,3.0,417.3
40,38,0,2.0,371.0
40,38,1,6.0,346.5
40,38,2,6.0,376.0
40,38,3,2.0,202.0
40,38,5,1.0,780.0
40,38,6,4.0,495.5
40,38,7,17.0,440.5
40,38,8,40.0,510.4
40,38,9,53.0,404.8
40,38,10,19.0,513.8
40,38,11,26.0,423.4
40,38,12,10.0,493.4
40,38,13,21.0,427.9
40,38,14,27.0,417.6
40,38,15,32.0,443.4
40,38,16,29.0,500.2
40,38,17,30.0,433.2
40,38,18,28.0,435.6
40,38,19,30.0,441.1
40,38,20,20.0,372.5
40,38,21,13.0,419.1
40,38,22,30.0,343.7
40,38,23,20.0,411.3
40,39,1,1.0,396.0
40,39,2,1.0,362.0
40,40,0,19.0,560.2
40,40,1,9.0,411.2
40,40,2,2.0,261.0
40,40,3,4.0,422.5
40,40,4,2.0,722.0
40,40,5,2.0,502.5
40,40,6,5.0,841.4
40,40,7,4.0,548.0
40,40,8,1.0,1632.0
40,40,9,10.0,435.7
40,40,10,18.0,534.1
40,40,11,8.0,313.2
40,40,12,13.0,693.5
40,40,13,12.0,355.1
40,40,14,13.0,858.1
40,40,15,1.0,1981.0
40,40,16,3.0,471.0
40,40,17,1.0,1436.0
40,40,18,5.0,408.2
40,40,19,16.0,405.2
40,40,20,15.0,786.1
40,40,21,16.0,547.3
40,40,22,19.0,356.1
40,40,23,18.0,323.9
40,41,0,8.0,360.8
40,41,1,3.0,386.0
40,41,3,1.0,298.0
40,41,4,4.0,376.2
40,41,5,16.0,365.1
40,41,6,20.0,333.1
40,41,7,1.0,308.0
40,41,11,13.0,479.8
40,41,12,3.0,488.3
40,41,20,3.0,345.3
40,41,21,4.0,526.5
40,41,22,7.0,431.0
40,41,23,8.0,412.6
40,42,0,13.0,455.3
40,42,1,8.0,420.1
40,42,2,8.0,453.9
40,42,3,2.0,365.5
40,42,4,1.0,471.0
40,42,5,1.0,224.0
40,42,6,13.0,413.8
40,42,7,25.0,434.6
40,42,8,50.0,507.5
40,42,9,29.0,440.6
40,42,10,21.0,550.1
40,42,11,10.0,514.2
40,42,12,18.0,387.6
40,42,13,17.0,376.9
40,42,14,19.0,428.0
40,42,15,26.0,552.6
40,42,16,35.0,459.2
40,42,17,27.0,584.5
40,42,18,22.0,375.0
40,42,19,27.0,536.5
40,42,20,20.0,436.9
40,42,21,26.0,383.4
40,42,22,15.0,475.6
40,42,23,17.0,434.1
40,43,0,15.0,867.8
40,43,1,6.0,932.7
40,43,2,5.0,835.6
40,43,3,3.0,995.0
40,43,4,3.0,920.3
40,43,5,3.0,943.0
40,43,6,3.0,966.7
40,43,7,5.0,1057.4
40,43,8,14.0,846.9
40,43,9,7.0,1133.0
40,43,10,12.0,970.8
40,43,11,8.0,838.1
40,43,12,3.0,918.7
40,43,13,5.0,1033.4
40,43,14,9.0,877.0
40,43,15,11.0,921.8
40,43,16,18.0,1272.9
40,43,17,22.0,1163.5
40,43,18,21.0,1016.4
40,43,19,24.0,976.6
40,43,20,14.0,1033.1
40,43,21,14.0,990.1
40,43,22,17.0,957.3
40,43,23,14.0,817.9
40,44,0,2.0,848.5
40,44,1,1.0,467.0
40,44,2,2.0,711.0
40,44,4,3.0,771.0
40,44,5,1.0,970.0
40,44,7,14.0,815.4
40,44,9,6.0,636.3
40,44,10,6.0,664.3
40,44,11,7.0,869.9
40,44,12,9.0,694.7
40,44,13,5.0,839.2
40,44,14,10.0,975.8
40,44,15,9.0,1389.3
40,44,16,2.0,1354.0
40,44,17,6.0,1043.3
40,44,18,2.0,1081.0
40,44,19,8.0,909.8
40,44,20,8.0,735.2
40,44,21,10.0,759.9
40,44,22,11.0,683.7
40,44,23,4.0,764.2
40,45,1,2.0,1027.5
40,45,2,1.0,609.0
40,45,3,1.0,763.0
40,45,6,1.0,1080.0
40,45,7,1.0,773.0
40,45,11,1.0,1050.0
40,45,22,2.0,944.0
40,46,0,6.0,972.8
40,46,1,2.0,1157.0
40,47,4,1.0,801.0
40,47,5,5.0,1350.4
40,48,0,1.0,873.0
40,48,2,1.0,1805.0
40,48,6,1.0,831.0
40,48,7,1.0,1040.0
40,48,8,1.0,748.0
40,48,9,1.0,1313.0
40,48,11,4.0,1155.0
40,48,12,1.0,2023.0
40,48,13,2.0,973.5
40,48,15,2.0,1472.5
40,48,20,1.0,1062.0
40,48,22,1.0,854.0
40,49,0,3.0,723.0
40,49,1,1.0,755.0
40,49,2,1.0,705.0
40,49,3,2.0,781.5
40,49,4,2.0,868.5
40,49,5,1.0,577.0
40,49,6,4.0,1715.2
40,49,7,8.0,929.2
40,49,8,11.0,1163.2
40,49,9,9.0,985.3
40,49,10,4.0,657.0
40,49,11,4.0,853.8
40,49,12,2.0,1388.5
40,49,13,7.0,1015.9
40,49,14,8.0,1151.0
40,49,15,9.0,1688.1
40,49,16,10.0,1585.1
40,49,17,7.0,1536.9
40,49,18,11.0,1513.8
40,49,19,7.0,1165.1
40,49,20,3.0,700.0
40,49,21,11.0,1015.2
40,49,22,5.0,1018.4
40,49,23,7.0,1287.7
40,50,0,1.0,776.0
40,50,1,1.0,2366.0
40,50,4,1.0,845.0
40,50,5,2.0,935.0
40,50,6,3.0,1020.0
40,50,7,5.0,959.0
40,50,8,2.0,1156.5
40,50,9,7.0,985.4
40,50,10,1.0,1117.0
40,50,12,1.0,1085.0
40,50,13,2.0,1386.0
40,50,14,2.0,1625.5
40,50,15,3.0,2112.7
40,50,16,1.0,2019.0
40,50,17,1.0,1938.0
40,50,18,2.0,1299.0
40,50,19,3.0,1645.7
40,50,21,1.0,853.0
40,50,22,4.0,1310.2
40,50,23,1.0,1632.0
40,51,4,4.0,1231.0
40,51,5,4.0,1292.2
40,51,6,1.0,946.0
40,51,8,4.0,1517.5
40,51,11,1.0,1000.0
40,51,12,1.0,957.0
40,51,13,1.0,1016.0
40,51,16,9.0,1773.6
40,51,17,3.0,1306.7
40,51,18,1.0,1271.0
40,51,19,2.0,1083.5
40,51,20,2.0,1511.5
40,51,21,1.0,1351.0
40,51,22,1.0,1216.0
40,52,8,2.0,1679.0
40,52,16,1.0,1930.0
40,53,0,8.0,1744.4
40,53,1,1.0,1146.0
40,53,2,1.0,1868.0
40,53,4,1.0,1069.0
40,53,8,5.0,1093.6
40,53,9,1.0,1359.0
40,53,10,1.0,1009.0
40,53,12,1.0,976.0
40,53,13,3.0,1792.3
40,53,14,1.0,1344.0
40,53,15,1.0,1695.0
40,53,16,1.0,2401.0
40,53,17,8.0,2444.6
40,53,18,4.0,2077.8
40,53,19,2.0,1524.0
40,53,20,2.0,1259.0
40,53,21,1.0,1247.0
40,53,22,3.0,1197.0
40,54,0,1.0,911.0
40,55,4,1.0,1092.0
40,55,5,1.0,1159.0
40,55,17,1.0,1344.0
40,55,21,1.0,1589.0
40,56,2,2.0,1096.5
40,56,3,7.0,1534.9
40,56,4,6.0,1551.5
40,56,5,1.0,1756.0
40,57,9,1.0,1481.0
40,57,11,1.0,1647.0
40,57,12,3.0,1259.0
40,58,4,1.0,1479.0
40,58,7,1.0,1702.0
40,58,10,4.0,931.0
40,58,12,1.0,1379.0
40,58,16,1.0,1382.0
40,58,18,1.0,896.0
40,58,20,2.0,928.0
40,59,0,1.0,842.0
40,59,1,1.0,699.0
40,59,10,1.0,777.0
40,59,13,1.0,711.0
40,59,17,1.0,937.0
40,59,19,1.0,1134.0
40,61,0,10.0,652.7
40,61,1,2.0,556.5
40,61,2,1.0,554.0
40,61,3,3.0,471.3
40,61,4,2.0,857.0
40,61,5,1.0,352.0
40,61,6,9.0,650.3
40,61,7,10.0,732.9
40,61,8,13.0,771.7
40,61,9,6.0,585.0
40,61,10,9.0,776.1
40,61,11,3.0,703.0
40,61,12,5.0,697.8
40,61,13,6.0,679.8
40,61,14,6.0,857.0
40,61,15,9.0,887.9
40,61,16,6.0,773.8
40,61,17,5.0,620.8
40,61,18,5.0,736.0
40,61,19,4.0,578.8
40,61,20,5.0,533.2
40,61,21,5.0,733.6
40,61,22,5.0,629.0
40,61,23,7.0,472.6
40,63,0,2.0,729.0
40,63,4,1.0,663.0
40,63,6,6.0,1376.2
40,63,7,1.0,2760.0
40,63,8,1.0,513.0
40,63,9,1.0,621.0
40,63,10,2.0,776.0
40,63,11,1.0,751.0
40,63,13,3.0,1356.3
40,63,14,7.0,1169.4
40,63,15,2.0,1224.5
40,63,17,1.0,1080.0
40,63,18,1.0,1012.0
40,63,20,1.0,973.0
40,63,21,2.0,1064.5
40,64,2,2.0,1301.0
40,64,3,2.0,1197.5
40,64,4,3.0,1252.0
40,64,10,1.0,1742.0
40,64,12,1.0,1807.0
40,64,21,1.0,1459.0
40,64,23,1.0,1580.0
40,65,2,1.0,935.0
40,66,0,3.0,870.0
40,66,1,2.0,931.0
40,66,2,2.0,929.5
40,66,3,2.0,911.5
40,66,4,1.0,781.0
40,66,5,1.0,690.0
40,66,6,10.0,1359.2
40,66,7,8.0,1411.4
40,66,8,4.0,1150.5
40,66,9,3.0,838.7
40,66,10,3.0,957.7
40,66,11,4.0,949.8
40,66,12,4.0,1085.0
40,66,13,3.0,909.7
40,66,14,6.0,1302.8
40,66,15,6.0,1228.8
40,66,16,5.0,1203.4
40,66,17,4.0,1302.2
40,66,18,4.0,1518.5
40,66,19,6.0,1112.8
40,66,20,2.0,1915.0
40,66,21,4.0,879.0
40,66,22,3.0,888.3
40,66,23,7.0,1000.1
40,67,0,2.0,679.5
40,67,2,4.0,725.5
40,67,3,2.0,1131.0
40,67,4,3.0,691.3
40,67,5,2.0,837.0
40,67,6,14.0,864.6
40,67,7,11.0,780.7
40,67,8,12.0,675.5
40,67,9,4.0,556.2
40,67,10,7.0,718.7
40,67,11,6.0,708.8
40,67,12,9.0,603.6
40,67,13,4.0,777.8
40,67,14,4.0,903.0
40,67,15,12.0,953.8
40,67,16,6.0,1086.2
40,67,17,14.0,817.6
40,67,18,6.0,919.8
40,67,19,14.0,827.6
40,67,20,7.0,802.3
40,67,21,9.0,808.9
40,67,22,14.0,721.8
40,67,23,6.0,677.7
40,68,0,6.0,432.7
40,68,1,2.0,432.0
40,68,2,7.0,596.6
40,68,3,4.0,305.2
40,68,4,4.0,313.0
40,68,5,7.0,199.7
40,68,6,4.0,626.2
40,68,7,19.0,404.8
40,68,8,27.0,495.5
40,68,9,21.0,480.5
40,68,10,29.0,495.6
40,68,11,18.0,481.7
40,68,12,8.0,478.9
40,68,13,19.0,442.6
40,68,14,15.0,516.7
40,68,15,11.0,635.4
40,68,16,23.0,617.0
40,68,17,7.0,482.6
40,68,18,8.0,660.8
40,68,19,12.0,596.2
40,68,20,13.0,441.6
40,68,21,19.0,499.8
40,68,22,10.0,623.2
40,68,23,7.0,658.1
40,69,0,2.0,971.0
40,69,1,9.0,456.9
40,69,2,4.0,398.0
40,69,5,1.0,536.0
40,70,1,1.0,3570.0
40,70,5,1.0,1481.0
40,71,0,8.0,822.0
40,71,1,4.0,740.8
40,71,2,2.0,890.0
40,71,3,2.0,696.5
40,71,4,2.0,728.0
40,71,5,3.0,711.0
40,71,6,11.0,827.3
40,71,7,2.0,855.5
40,71,8,6.0,973.2
40,71,9,8.0,969.6
40,71,10,5.0,956.2
40,71,11,7.0,859.3
40,71,12,7.0,884.0
40,71,13,6.0,852.5
40,71,14,5.0,1158.4
40,71,15,7.0,1332.9
40,71,16,4.0,1443.5
40,71,17,12.0,1219.6
40,71,18,10.0,1376.8
40,71,19,8.0,989.8
40,71,20,16.0,1031.8
40,71,21,10.0,1115.5
40,71,22,14.0,1192.2
40,71,23,7.0,1069.1
40,72,3,1.0,834.0
40,72,4,1.0,1027.0
40,72,7,3.0,2134.7
40,72,8,1.0,1486.0
40,72,9,1.0,1324.0
40,72,10,1.0,1224.0
40,72,11,1.0,1012.0
40,72,12,5.0,1218.8
40,72,14,2.0,1839.5
40,72,15,3.0,1620.7
40,72,16,1.0,2212.0
40,72,23,1.0,923.0
40,73,1,3.0,952.0
40,73,4,1.0,1468.0
40,73,6,8.0,990.4
40,75,0,1.0,989.0
40,75,11,1.0,1020.0
40,75,13,2.0,1290.5
40,75,19,1.0,820.0
40,75,22,1.0,1313.0
40,75,23,1.0,1741.0
40,76,3,1.0,2470.0
40,76,4,1.0,2426.0
40,76,5,2.0,1827.0
40,76,6,3.0,2953.3
40,76,7,1.0,4546.0
40,76,8,2.0,3366.5
40,76,10,1.0,2030.0
40,76,11,5.0,3159.6
40,76,12,1.0,4177.0
40,76,13,2.0,3505.5
40,76,14,1.0,3111.0
40,76,15,1.0,3342.0
40,76,16,2.0,4503.5
40,76,17,3.0,4058.7
40,76,18,1.0,4672.0
40,76,20,1.0,3160.0
40,76,21,1.0,2200.0
40,77,2,1.0,1522.0
40,77,9,1.0,2049.0
40,77,12,2.0,1926.0
40,77,14,1.0,2601.0
40,77,16,1.0,2598.0
40,77,20,2.0,1728.0
40,77,21,3.0,1827.0
40,77,22,1.0,1552.0
41,1,3,1.0,1521.0
41,2,0,1.0,2450.0
41,2,1,1.0,1424.0
41,2,3,1.0,2821.0
41,2,6,6.0,2082.7
41,2,8,1.0,2912.0
41,2,10,1.0,2459.0
41,2,12,1.0,3149.0
41,2,13,1.0,2527.0
41,2,14,4.0,2842.2
41,2,15,4.0,3115.2
41,2,16,3.0,2510.0
41,2,17,4.0,3966.2
41,2,19,8.0,2423.4
41,2,20,2.0,2403.0
41,2,21,1.0,2210.0
41,2,22,1.0,2488.0
41,2,23,4.0,2918.8
41,3,0,1.0,2336.0
41,3,3,1.0,1867.0
41,3,5,1.0,1918.0
41,3,6,1.0,1652.0
41,3,7,6.0,2818.0
41,3,8,4.0,1871.2
41,3,9,7.0,2260.7
41,3,10,11.0,1784.6
41,3,11,3.0,2084.7
41,3,12,9.0,1899.4
41,3,13,8.0,1850.6
41,3,14,8.0,2056.9
41,3,15,12.0,2053.0
41,3,16,10.0,2098.5
41,3,17,8.0,2606.0
41,3,18,16.0,2270.2
41,3,19,15.0,1916.9
41,3,20,14.0,1606.1
41,3,21,13.0,1542.2
41,3,22,23.0,1705.0
41,3,23,5.0,1699.6
41,4,3,1.0,1301.0
41,4,5,1.0,1845.0
41,5,2,2.0,1353.5
41,5,5,2.0,1739.5
41,6,0,7.0,1426.7
41,6,1,3.0,1776.7
41,6,2,3.0,1641.7
41,6,3,1.0,1146.0
41,6,5,3.0,1483.3
41,6,6,3.0,1496.0
41,6,23,11.0,1580.2
41,7,0,3.0,1478.3
41,7,2,1.0,1701.0
41,7,3,3.0,1052.7
41,7,5,3.0,1809.3
41,8,0,17.0,1195.9
41,8,1,7.0,1216.4
41,8,2,4.0,1661.0
41,8,4,17.0,1027.0
41,8,5,33.0,1239.8
41,8,6,48.0,1472.6
41,8,7,120.0,1799.5
41,8,8,179.0,1964.9
41,8,9,206.0,1696.8
41,8,10,139.0,1526.8
41,8,11,208.0,1368.0
41,8,12,257.0,1472.0
41,8,13,279.0,1412.7
41,8,14,307.0,1443.5
41,8,15,345.0,1606.3
41,8,16,507.0,1778.7
41,8,17,440.0,1840.5
41,8,18,333.0,1609.9
41,8,19,290.0,1422.4
41,8,20,216.0,1311.5
41,8,21,181.0,1288.9
41,8,22,132.0,1220.3
41,8,23,74.0,1182.5
41,10,7,1.0,3929.0
41,10,10,1.0,2249.0
41,10,14,1.0,2370.0
41,10,16,1.0,4480.0
41,11,8,2.0,2275.5
41,11,9,4.0,1959.8
41,11,10,1.0,2600.0
41,11,11,1.0,2336.0
41,11,19,2.0,2579.0
41,11,20,3.0,1695.0
41,14,7,1.0,3620.0
41,14,11,2.0,2464.0
41,14,12,1.0,2192.0
41,14,13,1.0,3865.0
41,14,14,1.0,2328.0
41,14,15,2.0,3005.0
41,14,16,1.0,2660.0
41,14,17,3.0,3294.0
41,14,18,2.0,2750.5
41,14,19,1.0,1988.0
41,14,20,1.0,3107.0
41,14,21,2.0,2223.5
41,14,22,1.0,2204.0
41,14,23,1.0,2095.0
41,15,4,1.0,1767.0
41,16,0,4.0,1767.8
41,16,6,1.0,2197.0
41,16,11,2.0,1793.0
41,16,12,1.0,2223.0
41,16,22,4.0,2452.5
41,16,23,3.0,1839.7
41,17,7,1.0,2786.0
41,17,8,1.0,3029.0
41,17,11,1.0,2621.0
41,17,15,1.0,4082.0
41,17,16,1.0,4334.0
41,17,17,1.0,4669.0
41,19,10,2.0,2408.5
41,19,12,2.0,3052.5
41,19,13,1.0,2681.0
41,19,17,1.0,4090.0
41,19,20,1.0,2077.0
41,19,21,1.0,2898.0
41,21,0,1.0,1178.0
41,21,4,1.0,1192.0
41,21,7,1.0,2596.0
41,21,9,4.0,2076.2
41,21,10,1.0,2184.0
41,21,12,1.0,2659.0
41,21,13,1.0,1818.0
41,21,14,1.0,2578.0
41,21,15,3.0,2403.7
41,21,17,6.0,2455.3
41,21,18,1.0,1999.0
41,21,19,9.0,1999.7
41,21,20,5.0,2000.2
41,21,21,2.0,1935.0
41,21,22,4.0,1334.2
41,21,23,1.0,1243.0
41,22,0,5.0,1625.8
41,22,1,1.0,1189.0
41,22,2,1.0,1413.0
41,22,6,14.0,1977.0
41,22,7,5.0,2388.2
41,22,8,5.0,2597.2
41,22,9,3.0,2499.7
41,22,10,5.0,2140.4
41,22,11,8.0,2071.2
41,22,12,8.0,1668.0
41,22,13,10.0,1942.6
41,22,14,10.0,2106.0
41,22,15,11.0,2372.1
41,22,16,10.0,2586.2
41,22,17,15.0,2706.7
41,22,18,27.0,2333.5
41,22,19,22.0,1678.2
41,22,20,23.0,1737.8
41,22,21,19.0,1617.9
41,22,22,32.0,1713.8
41,22,23,15.0,1644.5
41,23,0,1.0,1347.0
41,23,1,1.0,1942.0
41,24,1,1.0,874.0
41,24,2,4.0,1144.8
41,24,3,3.0,1218.3
41,24,4,3.0,1326.0
41,25,0,1.0,1918.0
41,25,1,1.0,1694.0
41,25,2,1.0,3394.0
41,25,4,1.0,1560.0
41,25,5,1.0,1297.0
41,25,6,3.0,1745.0
41,25,7,1.0,1637.0
41,25,8,4.0,2731.0
41,25,9,3.0,1335.0
41,25,10,6.0,1710.0
41,25,11,4.0,1621.0
41,25,12,1.0,1760.0
41,25,13,3.0,2083.0
41,25,14,1.0,2245.0
41,25,15,2.0,2587.5
41,25,17,4.0,2848.8
41,25,18,2.0,3116.0
41,25,19,2.0,1911.0
41,25,20,2.0,2396.5
41,25,21,2.0,1555.5
41,25,22,1.0,1938.0
41,25,23,2.0,1758.0
41,26,0,4.0,1236.5
41,27,0,4.0,1436.0
41,27,6,1.0,2467.0
41,27,7,5.0,1594.2
41,27,8,1.0,1749.0
41,27,11,3.0,1136.3
41,27,12,2.0,1361.5
41,27,13,1.0,1389.0
41,27,14,3.0,1436.7
41,27,15,1.0,2061.0
41,27,16,8.0,1661.4
41,27,17,6.0,1876.7
41,27,18,3.0,1507.3
41,27,19,4.0,1257.5
41,27,21,2.0,1302.0
41,27,22,1.0,1074.0
41,27,23,8.0,1131.2
41,28,0,4.0,959.5
41,28,1,8.0,1070.0
41,28,2,5.0,898.0
41,28,3,8.0,1001.9
41,28,4,4.0,1032.5
41,28,5,30.0,1028.9
41,29,1,2.0,1169.5
41,29,4,1.0,1173.0
41,30,0,2.0,1177.0
41,30,1,1.0,1174.0
41,30,5,2.0,1342.0
41,30,6,2.0,1361.5
41,30,7,7.0,1318.1
41,30,8,11.0,1356.3
41,30,9,5.0,1269.2
41,30,10,6.0,1413.2
41,30,11,1.0,1213.0
41,30,12,16.0,1490.5
41,30,13,6.0,1546.0
41,30,14,6.0,2274.7
41,30,15,4.0,2439.2
41,30,16,7.0,2517.9
41,30,17,5.0,2133.2
41,30,18,5.0,1802.6
41,30,19,5.0,1404.2
41,30,21,3.0,1374.3
41,30,22,1.0,1147.0
41,30,23,1.0,1404.0
41,31,0,8.0,1057.5
41,31,1,5.0,1073.4
41,31,2,2.0,738.5
41,31,3,1.0,849.0
41,31,5,3.0,1082.7
41,31,6,8.0,921.4
41,31,7,10.0,1406.7
41,31,8,9.0,1263.1
41,31,9,8.0,1057.0
41,31,10,14.0,1090.3
41,31,11,10.0,1002.0
41,31,12,19.0,1139.3
41,31,13,8.0,1349.9
41,31,14,18.0,1543.7
41,31,15,17.0,1160.1
41,31,16,33.0,1491.9
41,31,17,44.0,1501.9
41,31,18,56.0,1335.7
41,31,19,61.0,1149.5
41,31,20,37.0,1140.6
41,31,21,28.0,1020.9
41,31,22,14.0,1105.1
41,31,23,19.0,998.2
41,32,0,15.0,974.6
41,32,1,5.0,858.2
41,32,2,4.0,796.2
41,32,3,8.0,934.5
41,32,4,21.0,1167.4
41,32,5,31.0,1018.3
41,32,6,89.0,1188.4
41,32,7,191.0,1583.1
41,32,8,397.0,1804.0
41,32,9,323.0,1508.0
41,32,10,270.0,1314.3
41,32,11,325.0,1239.2
41,32,12,323.0,1249.4
41,32,13,363.0,1300.9
41,32,14,367.0,1265.4
41,32,15,372.0,1323.4
41,32,16,620.0,1479.2
41,32,17,417.0,1555.3
41,32,18,407.0,1385.3
41,32,19,311.0,1183.3
41,32,20,241.0,1120.6
41,32,21,176.0,1063.4
41,32,22,95.0,1068.0
41,32,23,46.0,1080.1
41,33,0,7.0,755.1
41,33,1,6.0,805.3
41,33,2,2.0,751.5
41,33,4,2.0,844.0
41,33,5,2.0,869.0
41,33,6,6.0,829.3
41,33,7,20.0,1038.9
41,33,8,45.0,1149.8
41,33,9,34.0,897.9
41,33,10,34.0,933.6
41,33,11,49.0,934.6
41,33,12,52.0,901.7
41,33,13,59.0,909.1
41,33,14,82.0,858.6
41,33,15,65.0,976.8
41,33,16,103.0,1127.3
41,33,17,127.0,1198.9
41,33,18,123.0,1071.2
41,33,19,97.0,1008.5
41,33,20,56.0,908.0
41,33,21,67.0,904.9
41,33,22,49.0,850.0
41,33,23,24.0,827.9
41,34,0,1.0,707.0
41,34,1,2.0,1068.0
41,34,2,1.0,1103.0
41,34,5,1.0,650.0
41,34,6,1.0,627.0
41,34,7,1.0,1147.0
41,34,8,6.0,1097.0
41,34,9,8.0,894.2
41,34,10,5.0,792.2
41,34,11,10.0,938.0
41,34,12,20.0,855.1
41,34,13,19.0,910.0
41,34,14,21.0,947.3
41,34,15,23.0,1044.6
41,34,16,47.0,1163.8
41,34,17,75.0,1138.3
41,34,18,121.0,1023.3
41,34,19,59.0,953.4
41,34,20,32.0,908.1
41,34,21,14.0,813.9
41,34,22,10.0,846.1
41,34,23,12.0,750.5
41,35,0,7.0,760.0
41,35,1,5.0,633.0
41,35,2,2.0,533.0
41,35,3,1.0,720.0
41,35,4,1.0,628.0
41,35,5,6.0,740.2
41,35,6,7.0,735.0
41,35,23,2.0,654.5
41,36,1,1.0,446.0
41,36,3,2.0,440.0
41,37,1,1.0,308.0
41,37,2,2.0,1066.0
41,37,4,1.0,1393.0
41,37,5,3.0,460.7
41,37,6,3.0,522.3
41,37,7,2.0,883.5
41,37,8,20.0,601.3
41,37,9,12.0,463.2
41,37,10,10.0,586.0
41,37,11,2.0,821.5
41,37,12,12.0,669.1
41,37,13,9.0,731.9
41,37,14,9.0,702.0
41,37,15,9.0,622.7
41,37,16,9.0,980.1
41,37,17,16.0,743.1
41,37,18,14.0,652.6
41,37,19,6.0,569.2
41,37,20,7.0,571.0
41,37,21,2.0,461.5
41,37,22,5.0,437.4
41,37,23,1.0,341.0
41,38,0,10.0,492.4
41,38,1,9.0,460.8
41,38,2,3.0,476.7
41,38,3,3.0,516.3
41,38,4,4.0,395.5
41,38,5,3.0,357.7
41,38,6,13.0,517.5
41,38,7,27.0,544.6
41,38,8,45.0,573.0
41,38,9,48.0,560.2
41,38,10,24.0,546.3
41,38,11,36.0,542.5
41,38,12,40.0,508.2
41,38,13,56.0,576.7
41,38,14,37.0,540.0
41,38,15,51.0,605.3
41,38,16,77.0,644.9
41,38,17,85.0,648.7
41,38,18,75.0,589.7
41,38,19,65.0,593.0
41,38,20,63.0,585.7
41,38,21,31.0,530.8
41,38,22,35.0,514.2
41,38,23,48.0,500.1
41,39,0,32.0,358.4
41,39,1,20.0,276.8
41,39,2,16.0,354.8
41,39,3,16.0,363.9
41,39,4,4.0,259.8
41,39,5,6.0,372.0
41,39,6,7.0,391.6
41,39,7,35.0,423.6
41,39,8,42.0,407.2
41,39,9,40.0,357.6
41,39,10,55.0,421.3
41,39,11,50.0,483.3
41,39,12,72.0,402.4
41,39,13,57.0,412.8
41,39,14,73.0,369.7
41,39,15,135.0,448.4
41,39,16,121.0,492.6
41,39,17,127.0,480.7
41,39,18,120.0,472.4
41,39,19,160.0,446.0
41,39,20,151.0,421.5
41,39,21,109.0,376.9
41,39,22,76.0,338.5
41,39,23,53.0,332.8
41,40,0,8.0,451.2
41,40,1,8.0,403.6
41,40,2,3.0,540.7
41,40,3,2.0,456.0
41,40,4,3.0,314.3
41,40,5,3.0,369.3
41,41,0,265.0,257.0
41,41,1,165.0,257.3
41,41,2,74.0,247.9
41,41,3,46.0,218.2
41,41,4,26.0,247.3
41,41,5,63.0,301.5
41,41,6,185.0,338.0
41,41,7,192.0,334.0
41,41,8,245.0,410.0
41,41,9,874.0,359.2
41,41,10,679.0,345.3
41,41,11,672.0,353.4
41,41,12,558.0,345.4
41,41,13,631.0,351.2
41,41,14,493.0,339.7
41,41,15,380.0,371.8
41,41,16,170.0,368.8
41,41,17,159.0,416.2
41,41,18,273.0,358.0
41,41,19,436.0,334.9
41,41,20,496.0,321.9
41,41,21,428.0,299.2
41,41,22,339.0,266.2
41,41,23,332.0,274.7
41,42,0,85.0,348.9
41,42,1,45.0,389.9
41,42,2,26.0,385.9
41,42,3,7.0,324.0
41,42,4,3.0,278.7
41,42,5,3.0,365.7
41,42,6,26.0,426.6
41,42,7,96.0,448.7
41,42,8,103.0,453.0
41,42,9,254.0,418.5
41,42,10,165.0,429.3
41,42,11,94.0,428.6
41,42,12,109.0,428.2
41,42,13,120.0,425.6
41,42,14,115.0,486.8
41,42,15,122.0,470.5
41,42,16,114.0,488.1
41,42,17,136.0,537.4
41,42,18,155.0,492.7
41,42,19,149.0,465.7
41,42,20,131.0,430.8
41,42,21,146.0,436.5
41,42,22,133.0,441.0
41,42,23,116.0,408.6
41,43,0,34.0,751.4
41,43,1,28.0,714.8
41,43,2,17.0,568.1
41,43,3,11.0,716.7
41,43,4,4.0,644.2
41,43,5,5.0,804.0
41,43,6,19.0,683.8
41,43,7,24.0,680.5
41,43,8,28.0,720.2
41,43,9,27.0,796.4
41,43,10,37.0,774.4
41,43,11,33.0,855.0
41,43,12,38.0,728.7
41,43,13,52.0,733.5
41,43,14,46.0,901.7
41,43,15,63.0,1130.0
41,43,16,78.0,1025.9
41,43,17,77.0,930.9
41,43,18,96.0,905.6
41,43,19,94.0,843.3
41,43,20,65.0,831.8
41,43,21,55.0,718.7
41,43,22,60.0,724.1
41,43,23,56.0,708.9
41,44,0,4.0,916.2
41,44,1,8.0,759.5
41,44,2,8.0,876.4
41,44,3,3.0,924.0
41,44,4,5.0,1082.8
41,44,5,1.0,703.0
41,44,6,1.0,696.0
41,44,7,1.0,860.0
41,44,8,2.0,781.5
41,44,9,1.0,1232.0
41,44,10,8.0,1129.6
41,44,11,12.0,931.9
41,44,12,9.0,1053.4
41,44,13,6.0,1170.8
41,44,14,3.0,1169.7
41,44,15,1.0,1159.0
41,44,19,4.0,1269.2
41,44,20,9.0,1246.7
41,44,21,7.0,994.1
41,44,22,13.0,1105.8
41,44,23,23.0,852.1
41,45,1,3.0,1115.0
41,45,2,1.0,735.0
41,46,0,4.0,914.5
41,46,1,3.0,969.3
41,46,2,4.0,1331.8
41,46,3,1.0,595.0
41,46,6,4.0,1296.2
41,46,10,3.0,812.3
41,46,11,3.0,1223.0
41,46,12,3.0,910.3
41,46,13,2.0,1415.0
41,46,14,2.0,1282.5
41,46,19,2.0,1181.5
41,46,20,10.0,1048.9
41,46,21,11.0,1123.4
41,46,22,7.0,1086.7
41,46,23,16.0,1140.2
41,47,0,1.0,1701.0
41,47,2,1.0,1081.0
41,47,9,1.0,993.0
41,47,10,6.0,1026.7
41,47,11,3.0,1756.3
41,47,12,1.0,1031.0
41,47,13,1.0,1228.0
41,47,14,1.0,828.0
41,47,16,2.0,2142.0
41,47,17,6.0,1662.2
41,47,18,1.0,1290.0
41,47,19,2.0,1469.0
41,47,22,1.0,1051.0
41,47,23,1.0,1004.0
41,48,0,5.0,971.8
41,48,1,4.0,1221.2
41,48,2,1.0,895.0
41,48,5,1.0,860.0
41,48,7,3.0,1079.7
41,48,8,4.0,1060.8
41,48,9,3.0,1241.7
41,48,10,9.0,1137.3
41,48,11,3.0,1033.0
41,48,12,3.0,1125.7
41,48,13,2.0,1130.0
41,48,14,7.0,1532.6
41,48,15,5.0,1192.4
41,48,16,15.0,1374.4
41,48,17,11.0,1496.6
41,48,18,3.0,1100.3
41,48,19,12.0,1419.8
41,48,20,10.0,1208.6
41,48,21,4.0,1147.0
41,48,22,6.0,1090.3
41,48,23,2.0,994.5
41,49,0,1.0,1277.0
41,49,1,2.0,1002.5
41,49,2,3.0,1158.3
41,49,3,2.0,880.0
41,49,4,1.0,1054.0
41,49,5,3.0,898.0
41,49,6,10.0,1221.4
41,49,7,2.0,1140.5
41,49,9,4.0,1082.8
41,49,10,5.0,1293.6
41,49,11,7.0,1307.6
41,49,12,6.0,1124.5
41,49,13,3.0,1771.7
41,49,14,14.0,1711.3
41,49,15,5.0,1682.2
41,49,16,6.0,1849.8
41,49,17,3.0,1435.7
41,49,18,3.0,1786.3
41,49,19,3.0,1628.0
41,49,20,9.0,1178.0
41,49,21,4.0,1058.0
41,49,22,3.0,1002.0
41,49,23,3.0,1040.7
41,50,1,1.0,1567.0
41,51,0,4.0,1320.5
41,51,2,1.0,1938.0
41,51,3,1.0,1356.0
41,51,5,3.0,1532.7
41,51,6,3.0,1081.0
41,51,11,2.0,1698.5
41,51,12,1.0,1103.0
41,51,20,3.0,1461.7
41,51,21,3.0,1311.0
41,51,23,3.0,1760.3
41,52,2,1.0,2613.0
41,53,0,3.0,1714.0
41,53,1,2.0,1715.0
41,53,2,4.0,1540.2
41,53,6,5.0,1196.8
41,53,7,1.0,999.0
41,53,8,1.0,1390.0
41,53,9,2.0,1834.5
41,53,10,2.0,1580.0
41,53,11,6.0,1651.5
41,53,12,3.0,1872.7
41,53,14,4.0,1982.8
41,53,15,3.0,2165.7
41,53,16,8.0,2490.6
41,53,17,4.0,2506.0
41,53,18,3.0,2403.7
41,53,19,8.0,1961.8
41,53,20,2.0,2020.5
41,53,21,1.0,1232.0
41,53,22,1.0,2030.0
41,53,23,4.0,1924.0
41,54,11,1.0,2138.0
41,54,19,1.0,1710.0
41,55,0,1.0,1441.0
41,55,12,1.0,1643.0
41,55,13,1.0,1666.0
41,55,18,1.0,2624.0
41,56,3,17.0,1461.4
41,56,4,65.0,1493.2
41,56,5,2.0,1507.0
41,57,0,1.0,1297.0
41,57,1,7.0,1291.7
41,57,4,2.0,1642.5
41,57,9,2.0,1366.0
41,57,10,2.0,1487.5
41,57,12,1.0,1185.0
41,57,14,1.0,3562.0
41,57,19,1.0,1344.0
41,58,1,1.0,1433.0
41,58,3,1.0,1134.0
41,58,4,1.0,970.0
41,58,6,5.0,1208.2
41,58,7,9.0,1378.1
41,58,8,2.0,1212.5
41,58,9,5.0,1369.4
41,58,11,2.0,1677.0
41,58,12,2.0,1311.5
41,58,13,4.0,1565.8
41,58,14,3.0,1977.7
41,58,15,2.0,1647.0
41,58,16,4.0,1762.0
41,58,17,7.0,1815.9
41,58,18,4.0,1752.2
41,58,19,4.0,1442.5
41,58,20,3.0,1105.3
41,58,21,2.0,1267.5
41,58,22,5.0,1199.0
41,58,23,2.0,1210.0
41,59,0,4.0,853.8
41,59,6,1.0,889.0
41,59,8,2.0,1193.0
41,59,9,4.0,1421.8
41,59,10,2.0,1015.5
41,59,11,1.0,1062.0
41,59,12,3.0,1079.7
41,59,13,5.0,1084.4
41,59,14,7.0,1492.4
41,59,15,1.0,1747.0
41,59,16,5.0,1556.4
41,59,17,4.0,1536.8
41,59,18,5.0,1312.8
41,59,19,4.0,1299.5
41,59,20,8.0,1126.9
41,59,21,5.0,983.8
41,59,22,2.0,902.0
41,59,23,2.0,965.0
41,60,3,1.0,842.0
41,60,4,2.0,692.5
41,61,0,4.0,981.2
41,61,1,1.0,889.0
41,61,4,1.0,345.0
41,61,5,3.0,844.3
41,61,6,9.0,837.3
41,61,7,7.0,925.4
41,61,8,8.0,1393.0
41,61,9,6.0,823.0
41,61,10,4.0,849.5
41,61,11,3.0,847.7
41,61,12,7.0,1027.1
41,61,13,19.0,923.7
41,61,14,20.0,974.3
41,61,15,24.0,1072.7
41,61,16,14.0,1166.6
41,61,17,11.0,1064.5
41,61,18,8.0,955.5
41,61,19,9.0,963.9
41,61,20,12.0,1121.8
41,61,21,7.0,968.1
41,61,22,5.0,791.2
41,61,23,6.0,1015.8
41,62,1,1.0,973.0
41,62,2,1.0,1378.0
41,62,22,2.0,1268.5
41,62,23,4.0,1286.5
41,63,0,1.0,904.0
41,63,1,2.0,1084.5
41,63,2,2.0,1065.5
41,63,3,1.0,1586.0
41,63,5,1.0,1520.0
41,63,6,2.0,950.0
41,63,7,1.0,1342.0
41,63,8,4.0,1417.2
41,63,9,1.0,1034.0
41,63,10,1.0,981.0
41,63,12,11.0,1246.1
41,63,13,2.0,1181.0
41,63,14,2.0,1156.5
41,63,15,1.0,1710.0
41,63,16,3.0,1868.3
41,63,17,5.0,1603.6
41,63,19,2.0,1399.5
41,63,20,3.0,1144.3
41,63,21,2.0,1540.5
41,63,22,6.0,1553.3
41,63,23,3.0,971.3
41,64,7,2.0,2014.5
41,64,10,1.0,1958.0
41,64,11,2.0,1798.0
41,64,16,4.0,2918.0
41,64,17,3.0,2647.3
41,65,7,3.0,1880.0
41,65,8,1.0,1547.0
41,65,11,1.0,2058.0
41,65,12,2.0,2030.0
41,65,13,3.0,2306.7
41,65,14,2.0,2318.0
41,65,15,4.0,2595.2
41,65,16,2.0,2694.0
41,65,17,9.0,2274.7
41,65,18,1.0,3248.0
41,65,19,1.0,2143.0
41,65,20,7.0,1829.0
41,65,21,4.0,1568.2
41,65,22,1.0,1614.0
41,65,23,2.0,1405.5
41,66,1,5.0,1174.4
41,66,2,1.0,1414.0
41,66,3,3.0,1419.7
41,66,4,1.0,1275.0
41,67,0,5.0,1071.6
41,67,1,3.0,728.0
41,67,2,3.0,1044.7
41,67,3,5.0,822.0
41,67,4,1.0,765.0
41,67,23,4.0,759.8
41,68,0,5.0,824.6
41,68,1,3.0,759.3
41,68,2,1.0,577.0
41,68,3,2.0,722.5
41,68,4,1.0,804.0
41,68,5,1.0,775.0
41,68,6,11.0,905.0
41,68,7,16.0,953.1
41,68,8,20.0,915.0
41,68,9,14.0,843.7
41,68,10,12.0,868.5
41,68,11,23.0,870.2
41,68,12,22.0,955.7
41,68,13,9.0,957.3
41,68,14,14.0,942.6
41,68,15,17.0,977.0
41,68,16,26.0,1008.1
41,68,17,27.0,1132.7
41,68,18,16.0,917.6
41,68,19,17.0,1027.4
41,68,20,9.0,982.6
41,68,21,10.0,903.8
41,68,22,10.0,892.6
41,68,23,5.0,720.0
41,69,0,12.0,570.4
41,69,1,17.0,811.6
41,69,2,18.0,665.4
41,69,3,3.0,750.7
41,69,4,3.0,859.0
41,69,5,15.0,894.3
41,70,2,1.0,1189.0
41,70,5,1.0,1310.0
41,71,0,4.0,1091.0
41,71,1,1.0,1587.0
41,71,2,12.0,1322.6
41,71,3,3.0,1278.3
41,71,5,2.0,918.5
41,73,0,1.0,1031.0
41,73,1,1.0,1275.0
41,73,2,1.0,1400.0
41,73,3,2.0,1023.5
41,74,9,1.0,1533.0
41,74,11,2.0,2555.0
41,75,0,5.0,1657.0
41,75,1,3.0,1276.7
41,75,4,1.0,1351.0
41,75,12,1.0,1355.0
41,75,21,1.0,1348.0
41,75,22,1.0,1004.0
41,75,23,1.0,1193.0
41,76,0,1.0,1911.0
41,76,1,2.0,1918.0
41,76,2,4.0,1949.2
41,76,3,21.0,2108.1
41,76,4,65.0,2031.5
41,76,5,81.0,2745.2
41,77,1,1.0,1637.0
41,77,2,1.0,1378.0
41,77,3,1.0,1578.0
41,77,4,5.0,1465.4
42,1,1,1.0,1801.0
42,1,4,3.0,1864.3
42,2,0,1.0,2613.0
42,2,2,1.0,1803.0
42,2,8,2.0,2974.5
42,2,13,2.0,2271.5
42,2,18,1.0,3380.0
42,2,19,4.0,2360.2
42,2,21,1.0,2035.0
42,2,22,1.0,1895.0
42,3,0,1.0,1464.0
42,3,1,1.0,1313.0
42,3,4,5.0,1763.6
42,3,5,2.0,1667.0
42,3,6,1.0,1899.0
42,3,9,2.0,1668.5
42,3,10,2.0,1733.5
42,3,11,2.0,1665.5
42,3,12,1.0,1794.0
42,3,13,1.0,2272.0
42,3,19,1.0,1837.0
42,3,20,1.0,1471.0
42,3,21,2.0,1475.0
42,3,22,1.0,1715.0
42,3,23,1.0,1475.0
42,4,6,2.0,2082.0
42,4,12,1.0,2085.0
42,4,13,1.0,2077.0
42,4,14,1.0,2739.0
42,4,16,2.0,3526.5
42,4,18,2.0,2744.5
42,4,19,1.0,4356.0
42,4,22,1.0,1948.0
42,4,23,1.0,2544.0
42,5,4,2.0,1844.5
42,5,5,7.0,1893.3
42,5,6,1.0,3095.0
42,5,7,2.0,2692.0
42,5,8,2.0,2388.0
42,5,9,3.0,2189.3
42,5,12,2.0,2055.0
42,5,13,6.0,2074.7
42,5,14,1.0,2007.0
42,5,15,1.0,2868.0
42,5,16,1.0,2187.0
42,5,20,1.0,1502.0
42,5,22,1.0,1498.0
42,6,0,1.0,1647.0
42,6,1,3.0,1553.0
42,6,2,1.0,1198.0
42,6,4,1.0,1451.0
42,6,6,1.0,1772.0
42,6,8,3.0,2184.3
42,6,9,8.0,2310.4
42,6,10,4.0,2330.2
42,6,11,4.0,1538.0
42,6,12,5.0,2102.6
42,6,13,3.0,1484.7
42,6,14,6.0,1678.2
42,6,15,8.0,2101.6
42,6,16,7.0,2337.9
42,6,17,6.0,3224.8
42,6,18,7.0,2202.9
42,6,19,7.0,2108.9
42,6,20,13.0,1864.2
42,6,21,10.0,2150.9
42,6,22,6.0,1925.5
42,6,23,1.0,1536.0
42,7,0,1.0,1342.0
42,7,4,2.0,1164.0
42,7,5,2.0,2176.0
42,8,0,4.0,1417.5
42,8,3,2.0,1611.5
42,8,4,7.0,1192.9
42,8,5,46.0,1399.3
42,8,6,57.0,1686.2
42,8,7,52.0,2175.6
42,8,8,64.0,2170.2
42,8,9,49.0,1943.2
42,8,10,38.0,1744.7
42,8,11,40.0,1665.5
42,8,12,48.0,1589.5
42,8,13,44.0,1620.0
42,8,14,53.0,1769.0
42,8,15,37.0,1752.7
42,8,16,46.0,2027.7
42,8,17,49.0,2078.7
42,8,18,47.0,1726.6
42,8,19,35.0,1636.0
42,8,20,29.0,1413.7
42,8,21,22.0,1430.0
42,8,22,21.0,1441.0
42,8,23,16.0,1418.9
42,10,9,1.0,2605.0
42,10,12,1.0,3500.0
42,13,6,1.0,2762.0
42,13,7,3.0,2757.7
42,13,13,1.0,3855.0
42,13,14,2.0,2837.0
42,13,18,1.0,4036.0
42,15,11,1.0,1915.0
42,15,16,1.0,3272.0
42,15,21,1.0,1872.0
42,15,23,1.0,1505.0
42,16,0,3.0,1656.7
42,16,9,2.0,2595.0
42,16,10,1.0,3707.0
42,16,11,1.0,2713.0
42,16,12,1.0,3130.0
42,16,16,1.0,4567.0
42,16,17,1.0,3276.0
42,16,18,2.0,2945.0
42,16,20,1.0,2096.0
42,16,22,3.0,1924.0
42,18,21,1.0,2821.0
42,19,6,1.0,2277.0
42,19,7,2.0,3245.5
42,19,9,1.0,3159.0
42,19,11,1.0,2561.0
42,19,14,1.0,2469.0
42,19,15,1.0,3840.0
42,19,17,1.0,3566.0
42,19,20,1.0,1888.0
42,19,23,1.0,3048.0
42,21,16,1.0,3866.0
42,21,17,2.0,3016.0
42,21,18,1.0,3202.0
42,21,19,2.0,1446.0
42,21,20,5.0,2261.4
42,21,21,2.0,2415.5
42,21,22,1.0,2019.0
42,22,1,1.0,2127.0
42,22,2,2.0,1719.5
42,22,3,1.0,1111.0
42,22,4,7.0,1100.3
42,22,5,2.0,1588.0
42,22,6,2.0,2344.5
42,22,7,6.0,2425.8
42,22,8,11.0,2113.7
42,22,9,1.0,1169.0
42,22,10,1.0,1715.0
42,22,11,2.0,1944.5
42,22,12,4.0,1995.5
42,22,13,1.0,1614.0
42,22,14,2.0,2355.5
42,22,15,1.0,1926.0
42,22,16,1.0,2751.0
42,22,17,1.0,3909.0
42,22,18,3.0,2938.0
42,22,19,4.0,1854.2
42,22,20,4.0,2000.0
42,22,22,6.0,1630.8
42,22,23,4.0,1853.2
42,24,0,1.0,1533.0
42,24,1,2.0,1743.0
42,24,4,3.0,1112.0
42,24,5,9.0,1465.9
42,24,6,2.0,1680.5
42,24,7,11.0,2340.4
42,24,8,9.0,2420.8
42,24,9,5.0,2170.4
42,24,10,5.0,2092.4
42,24,11,10.0,1725.0
42,24,12,3.0,2351.3
42,24,13,7.0,1875.9
42,24,14,8.0,1926.8
42,24,15,4.0,2206.8
42,24,16,9.0,2996.9
42,24,17,11.0,2510.0
42,24,18,14.0,2289.2
42,24,19,7.0,1901.0
42,24,20,16.0,1656.8
42,24,21,1.0,1292.0
42,24,22,2.0,1718.0
42,24,23,5.0,1323.4
42,25,0,4.0,1417.2
42,25,3,2.0,1434.5
42,25,5,4.0,2187.5
42,25,6,1.0,2388.0
42,26,2,1.0,1533.0
42,26,3,1.0,1062.0
42,27,0,2.0,869.0
42,27,3,1.0,1890.0
42,27,6,2.0,1431.0
42,27,7,2.0,1883.5
42,27,8,1.0,1844.0
42,27,9,1.0,2173.0
42,27,10,1.0,1728.0
42,27,11,1.0,1400.0
42,27,12,2.0,1405.0
42,27,14,2.0,1513.0
42,27,15,1.0,1738.0
42,27,16,5.0,2063.6
42,27,17,4.0,2281.8
42,27,18,3.0,1200.7
42,27,20,3.0,1208.0
42,27,21,1.0,1502.0
42,27,23,3.0,1454.7
42,28,0,4.0,1138.2
42,28,1,5.0,1058.8
42,28,2,3.0,1079.0
42,28,3,3.0,964.0
42,28,4,5.0,1185.2
42,28,5,37.0,1205.6
42,28,6,32.0,1458.6
42,28,7,53.0,2060.6
42,28,8,76.0,2179.0
42,28,9,40.0,1669.1
42,28,10,41.0,1562.0
42,28,11,26.0,1354.3
42,28,12,42.0,1457.5
42,28,13,29.0,1533.8
42,28,14,26.0,1622.2
42,28,15,35.0,1618.8
42,28,16,28.0,1835.0
42,28,17,51.0,1891.4
42,28,18,40.0,1601.2
42,28,19,36.0,1501.0
42,28,20,26.0,1274.1
42,28,21,19.0,1267.3
42,28,22,16.0,1217.9
42,28,23,22.0,1272.1
42,29,0,1.0,1259.0
42,29,1,2.0,1308.5
42,29,5,1.0,1528.0
42,29,6,10.0,1923.0
42,29,7,1.0,1783.0
42,29,8,1.0,1506.0
42,29,9,3.0,2396.7
42,29,10,2.0,1420.0
42,29,11,2.0,1693.0
42,29,12,2.0,1493.5
42,29,13,3.0,1648.3
42,29,14,11.0,1669.3
42,29,15,2.0,1642.5
42,29,16,2.0,1974.0
42,29,18,2.0,1606.0
42,29,19,2.0,1446.0
42,29,21,3.0,1462.0
42,30,5,1.0,2234.0
42,30,7,7.0,1516.0
42,30,8,10.0,1971.5
42,30,9,7.0,1736.3
42,30,10,1.0,2061.0
42,30,11,2.0,1324.0
42,30,12,4.0,1948.2
42,30,14,6.0,1777.3
42,30,15,1.0,2431.0
42,30,16,1.0,2046.0
42,30,17,1.0,3091.0
42,30,18,2.0,1515.5
42,30,19,2.0,1464.5
42,30,21,1.0,969.0
42,30,22,4.0,1219.0
42,31,0,3.0,1148.0
42,31,3,2.0,1258.0
42,31,5,2.0,1369.0
42,31,6,1.0,1263.0
42,31,7,5.0,1354.2
42,31,8,7.0,1782.3
42,31,9,3.0,1549.0
42,31,10,5.0,1016.0
42,31,11,12.0,1160.6
42,31,12,7.0,1165.4
42,31,13,3.0,1266.7
42,31,14,6.0,1635.8
42,31,15,16.0,1758.6
42,31,16,8.0,1454.9
42,31,17,12.0,1938.3
42,31,18,14.0,1432.6
42,31,19,8.0,1263.1
42,31,20,12.0,1378.2
42,31,21,6.0,1449.8
42,31,22,2.0,1019.0
42,31,23,3.0,1365.7
42,32,0,2.0,931.0
42,32,3,8.0,1008.9
42,32,4,4.0,1420.2
42,32,5,18.0,1290.8
42,32,6,63.0,1351.6
42,32,7,117.0,1815.3
42,32,8,125.0,1997.6
42,32,9,115.0,1763.0
42,32,10,66.0,1474.0
42,32,11,63.0,1404.3
42,32,12,69.0,1425.1
42,32,13,63.0,1465.3
42,32,14,58.0,1480.6
42,32,15,48.0,1566.4
42,32,16,52.0,1731.2
42,32,17,59.0,1735.3
42,32,18,59.0,1387.4
42,32,19,41.0,1334.5
42,32,20,19.0,1334.6
42,32,21,18.0,1212.0
42,32,22,26.0,1293.7
42,32,23,4.0,1186.8
42,33,2,1.0,1024.0
42,34,1,2.0,807.5
42,34,3,1.0,857.0
42,34,6,3.0,1327.0
42,34,7,6.0,907.2
42,34,8,5.0,959.0
42,34,9,2.0,1999.0
42,34,10,2.0,854.0
42,34,11,5.0,990.8
42,34,12,6.0,1076.7
42,34,13,3.0,972.3
42,34,14,2.0,864.0
42,34,15,4.0,1016.0
42,34,16,5.0,1117.2
42,34,17,7.0,1523.4
42,34,18,9.0,1066.4
42,34,19,7.0,948.7
42,34,20,2.0,910.5
42,34,21,1.0,970.0
42,34,22,3.0,691.3
42,34,23,4.0,820.8
42,35,0,2.0,649.5
42,35,1,4.0,774.2
42,35,2,2.0,593.5
42,35,3,2.0,944.5
42,35,5,9.0,886.8
42,35,6,11.0,796.4
42,35,7,42.0,1055.8
42,35,8,29.0,1065.3
42,35,9,20.0,934.7
42,35,10,18.0,847.4
42,35,11,10.0,878.1
42,35,12,18.0,832.2
42,35,13,5.0,841.8
42,35,14,12.0,856.1
42,35,15,15.0,969.5
42,35,16,17.0,1049.9
42,35,17,6.0,914.3
42,35,18,9.0,917.6
42,35,19,11.0,825.6
42,35,20,15.0,783.3
42,35,21,7.0,935.1
42,35,22,9.0,808.2
42,35,23,14.0,875.9
42,36,0,1.0,855.0
42,36,1,1.0,560.0
42,36,4,1.0,708.0
42,36,5,1.0,739.0
42,36,6,2.0,600.0
42,36,7,5.0,803.0
42,36,8,10.0,915.5
42,36,9,6.0,732.3
42,36,10,2.0,629.5
42,36,11,5.0,851.0
42,36,12,3.0,974.7
42,36,13,2.0,841.5
42,36,14,6.0,749.5
42,36,15,5.0,908.6
42,36,16,7.0,1122.7
42,36,17,9.0,884.1
42,36,18,2.0,932.0
42,36,19,3.0,721.0
42,36,20,7.0,979.1
42,36,21,4.0,810.0
42,36,22,1.0,715.0
42,36,23,3.0,1050.3
42,37,1,1.0,636.0
42,37,2,1.0,765.0
42,37,3,1.0,713.0
42,37,4,2.0,829.0
42,38,0,7.0,732.7
42,38,1,3.0,688.3
42,38,2,2.0,537.0
42,38,3,3.0,854.0
42,38,4,4.0,435.0
42,38,5,12.0,521.4
42,38,6,8.0,622.8
42,38,7,11.0,757.1
42,38,8,24.0,664.4
42,38,9,42.0,736.0
42,38,10,36.0,708.2
42,38,11,35.0,684.0
42,38,12,17.0,657.3
42,38,13,25.0,680.8
42,38,14,19.0,755.7
42,38,15,29.0,765.1
42,38,16,33.0,902.5
42,38,17,33.0,836.6
42,38,18,28.0,740.4
42,38,19,26.0,691.1
42,38,20,19.0,677.9
42,38,21,12.0,572.9
42,38,22,19.0,849.9
42,38,23,21.0,694.8
42,39,1,3.0,590.0
42,39,2,4.0,460.2
42,39,4,2.0,650.0
42,40,0,1.0,315.0
42,40,1,3.0,263.3
42,40,3,2.0,254.5
42,40,4,3.0,431.7
42,41,1,20.0,324.0
42,41,2,13.0,328.1
42,41,3,4.0,450.2
42,41,4,5.0,398.6
42,42,1,3.0,351.7
42,42,2,6.0,508.5
42,42,3,2.0,755.5
42,42,4,6.0,177.2
42,43,0,27.0,554.0
42,43,1,19.0,458.3
42,43,2,14.0,587.4
42,43,3,9.0,502.1
42,43,4,6.0,471.7
42,43,5,3.0,482.3
42,44,0,9.0,757.7
42,44,1,3.0,684.0
42,44,2,7.0,612.0
42,44,3,3.0,584.0
42,44,4,4.0,749.2
42,44,5,2.0,602.0
42,45,0,1.0,445.0
42,45,1,4.0,594.2
42,45,2,1.0,823.0
42,45,3,1.0,865.0
42,45,4,1.0,581.0
42,45,6,20.0,703.0
42,45,7,4.0,903.0
42,45,8,5.0,785.8
42,45,9,12.0,819.5
42,45,10,9.0,699.9
42,45,11,8.0,828.0
42,45,12,5.0,840.8
42,45,13,6.0,702.7
42,45,14,3.0,752.0
42,45,15,8.0,976.2
42,45,16,15.0,944.4
42,45,17,3.0,859.3
42,45,18,6.0,736.5
42,45,19,1.0,1008.0
42,45,20,4.0,781.8
42,45,21,5.0,767.6
42,45,22,7.0,856.7
42,45,23,4.0,662.2
42,46,0,5.0,980.2
42,46,1,1.0,924.0
42,46,2,3.0,512.3
42,46,3,1.0,864.0
42,46,4,1.0,695.0
42,46,5,5.0,791.0
42,46,6,13.0,841.1
42,46,8,2.0,1010.0
42,46,9,2.0,839.0
42,46,10,5.0,944.4
42,46,11,5.0,896.2
42,46,12,5.0,930.0
42,46,13,6.0,706.0
42,46,14,7.0,741.1
42,46,15,3.0,1055.7
42,46,16,2.0,1125.0
42,46,17,1.0,640.0
42,46,18,3.0,882.7
42,46,19,6.0,662.0
42,46,20,5.0,807.0
42,46,21,4.0,1050.0
42,46,22,4.0,930.0
42,46,23,4.0,943.5
42,47,2,1.0,546.0
42,47,4,1.0,821.0
42,47,6,4.0,1627.0
42,47,7,2.0,1115.0
42,47,8,2.0,760.5
42,47,9,8.0,964.2
42,47,10,1.0,696.0
42,47,13,1.0,789.0
42,47,14,2.0,888.0
42,47,15,1.0,955.0
42,47,16,4.0,1037.2
42,47,17,3.0,1598.0
42,47,19,3.0,796.7
42,47,21,1.0,1324.0
42,47,23,1.0,2150.0
42,48,0,3.0,896.0
42,48,1,4.0,868.5
42,48,2,3.0,778.0
42,48,3,1.0,631.0
42,48,4,2.0,773.0
42,48,5,2.0,800.5
42,48,6,1.0,930.0
42,48,23,1.0,1136.0
42,49,1,1.0,1066.0
42,49,2,4.0,935.8
42,49,4,1.0,837.0
42,49,5,3.0,1000.0
42,50,0,1.0,1390.0
42,50,1,2.0,1179.0
42,50,4,1.0,1875.0
42,50,6,2.0,915.5
42,50,7,6.0,1378.0
42,50,8,12.0,1319.1
42,50,9,2.0,996.5
42,50,10,2.0,910.0
42,50,11,6.0,1120.0
42,50,12,2.0,1147.5
42,50,13,2.0,1214.5
42,50,14,6.0,1314.2
42,50,15,4.0,1417.2
42,50,16,1.0,1736.0
42,50,17,1.0,1990.0
42,50,18,1.0,1178.0
42,50,19,5.0,1234.8
42,50,21,1.0,1100.0
42,50,22,6.0,953.2
42,50,23,1.0,799.0
42,51,0,1.0,1084.0
42,51,2,3.0,1284.7
42,51,5,2.0,1382.0
42,51,7,2.0,1137.5
42,51,8,11.0,1264.5
42,51,9,1.0,1022.0
42,51,10,5.0,1337.6
42,51,11,2.0,962.0
42,51,12,2.0,937.0
42,51,13,5.0,1161.6
42,51,14,1.0,1074.0
42,51,15,1.0,1369.0
42,51,16,2.0,1590.5
42,51,17,9.0,1480.2
42,51,18,1.0,1594.0
42,51,19,3.0,1059.7
42,51,20,6.0,1050.7
42,51,21,2.0,1062.5
42,51,22,2.0,1150.5
42,52,8,1.0,1869.0
42,52,10,1.0,1521.0
42,52,11,1.0,1477.0
42,52,17,1.0,1244.0
42,52,21,1.0,1575.0
42,52,23,1.0,1402.0
42,53,0,1.0,1283.0
42,53,5,2.0,1174.0
42,53,6,1.0,1016.0
42,53,7,1.0,1690.0
42,53,8,3.0,1564.3
42,53,9,1.0,1279.0
42,53,10,6.0,1225.3
42,53,11,3.0,1455.7
42,53,13,1.0,1437.0
42,53,14,1.0,1479.0
42,53,15,5.0,2022.6
42,53,16,4.0,2582.0
42,53,17,2.0,2102.0
42,53,18,2.0,2774.5
42,53,19,5.0,1738.0
42,53,20,7.0,1266.9
42,53,21,1.0,1552.0
42,53,22,3.0,1917.7
42,53,23,3.0,1604.7
42,54,0,2.0,1911.0
42,54,9,1.0,1058.0
42,54,10,1.0,1153.0
42,54,12,1.0,2030.0
42,54,20,1.0,1367.0
42,54,22,2.0,1185.5
42,56,3,8.0,1517.0
42,56,4,17.0,1705.9
42,57,5,1.0,1699.0
42,58,0,1.0,1251.0
42,58,1,3.0,1259.3
42,58,2,3.0,1283.0
42,58,4,1.0,1189.0
42,58,5,3.0,1108.7
42,58,6,6.0,1419.7
42,58,8,1.0,1760.0
42,58,9,1.0,2031.0
42,58,10,7.0,1503.4
42,58,11,2.0,1256.5
42,58,13,1.0,1763.0
42,58,14,4.0,1624.5
42,58,15,10.0,1839.7
42,58,16,1.0,1656.0
42,58,17,3.0,2264.0
42,58,18,4.0,1782.8
42,58,19,2.0,1813.0
42,58,21,1.0,1039.0
42,60,2,1.0,877.0
42,60,4,1.0,1228.0
42,60,5,1.0,1054.0
42,60,6,3.0,1107.3
42,60,7,7.0,1122.0
42,60,8,1.0,1853.0
42,60,9,3.0,1112.3
42,60,10,10.0,1010.5
42,60,11,3.0,970.7
42,60,12,4.0,1103.5
42,60,13,5.0,1247.8
42,60,14,2.0,1504.5
42,60,15,1.0,1236.0
42,60,16,3.0,1274.0
42,60,17,5.0,1294.4
42,60,18,4.0,1144.5
42,60,19,8.0,1291.8
42,60,20,3.0,1044.3
42,60,22,1.0,783.0
42,60,23,1.0,1470.0
42,61,0,1.0,754.0
42,61,1,3.0,592.7
42,61,5,4.0,1297.8
42,61,6,5.0,891.2
42,61,10,3.0,1675.0
42,61,11,2.0,1024.0
42,61,12,4.0,1117.2
42,61,13,2.0,870.0
42,61,14,1.0,1297.0
42,61,19,2.0,890.5
42,61,20,7.0,981.9
42,61,21,5.0,1063.6
42,61,22,2.0,1054.0
42,61,23,1.0,874.0
42,63,5,8.0,1123.1
42,64,4,6.0,1627.3
42,64,5,2.0,2007.0
42,64,13,1.0,1991.0
42,65,0,1.0,1995.0
42,65,3,1.0,1409.0
42,65,4,2.0,4086.5
42,66,1,3.0,1473.7
42,66,2,2.0,1130.0
42,67,0,2.0,952.5
42,67,1,1.0,614.0
42,67,2,2.0,686.5
42,67,4,3.0,708.3
42,67,5,2.0,817.5
42,67,6,2.0,781.5
42,67,23,2.0,782.0
42,68,0,8.0,536.6
42,68,1,4.0,679.5
42,68,2,4.0,891.5
42,68,3,5.0,314.0
42,68,4,12.0,384.2
42,68,5,5.0,310.8
42,68,6,23.0,643.6
42,68,7,24.0,781.6
42,68,8,25.0,728.9
42,68,9,43.0,671.0
42,68,10,28.0,669.5
42,68,11,25.0,709.4
42,68,12,17.0,558.8
42,68,13,20.0,597.6
42,68,14,18.0,738.5
42,68,15,15.0,941.5
42,68,16,11.0,719.9
42,68,17,11.0,785.1
42,68,18,8.0,741.4
42,68,19,20.0,661.0
42,68,20,7.0,737.6
42,68,21,5.0,619.4
42,68,22,6.0,867.7
42,68,23,4.0,688.8
42,69,0,17.0,450.6
42,69,1,11.0,538.0
42,69,2,6.0,404.0
42,69,3,9.0,512.8
42,69,4,8.0,491.9
42,69,5,5.0,341.0
42,70,1,2.0,1089.0
42,70,2,8.0,1160.8
42,70,3,1.0,1162.0
42,70,4,1.0,1132.0
42,70,5,2.0,1387.0
42,71,0,1.0,1224.0
42,71,1,3.0,1037.3
42,71,2,1.0,977.0
42,71,3,2.0,727.0
42,71,4,1.0,737.0
42,71,5,1.0,696.0
42,73,0,5.0,1056.6
42,73,1,1.0,646.0
42,73,2,1.0,999.0
42,73,3,1.0,1115.0
42,73,4,2.0,1071.5
42,73,6,2.0,939.5
42,73,7,16.0,913.9
42,73,8,5.0,1157.2
42,73,9,5.0,1068.4
42,73,10,5.0,1157.6
42,73,11,3.0,1338.0
42,73,12,6.0,1149.5
42,73,13,3.0,1487.0
42,73,14,4.0,1304.0
42,73,15,6.0,1587.8
42,73,16,8.0,1926.2
42,73,17,7.0,1512.7
42,73,18,8.0,1458.5
42,73,19,8.0,1135.2
42,73,20,5.0,1159.0
42,73,21,2.0,1322.0
42,73,22,5.0,1319.8
42,73,23,4.0,1010.0
42,74,14,1.0,1666.0
42,74,16,2.0,2471.5
42,75,2,1.0,1194.0
42,75,4,1.0,843.0
42,75,6,1.0,1526.0
42,75,7,20.0,1149.8
42,75,8,1.0,1039.0
42,75,9,3.0,1182.7
42,75,10,3.0,1320.7
42,75,11,2.0,1386.5
42,75,12,2.0,1374.5
42,75,13,6.0,1382.7
42,75,14,4.0,1681.5
42,75,15,1.0,2134.0
42,75,16,5.0,2306.0
42,75,17,5.0,2191.4
42,75,18,1.0,1813.0
42,75,19,3.0,1818.3
42,75,20,2.0,1327.5
42,75,21,2.0,1027.5
42,75,22,1.0,930.0
42,75,23,1.0,2520.0
42,76,1,1.0,1625.0
42,76,2,3.0,1859.0
42,76,3,10.0,2334.9
42,76,4,11.0,2134.4
42,76,5,18.0,3217.5
42,76,6,10.0,3797.7
42,76,7,4.0,4020.2
42,76,8,2.0,4176.5
42,76,9,6.0,3209.0
42,76,10,7.0,3264.3
42,76,11,10.0,2865.2
42,76,12,6.0,4024.3
42,76,13,8.0,3949.2
42,76,14,5.0,4401.4
42,76,15,11.0,4995.2
42,76,16,13.0,5353.8
42,76,17,15.0,4635.9
42,76,18,9.0,3937.6
42,76,19,3.0,2452.0
42,76,22,2.0,2292.0
42,77,1,1.0,1282.0
42,77,7,6.0,2616.2
42,77,8,6.0,2530.0
42,77,13,1.0,1624.0
42,77,14,1.0,1845.0
42,77,15,1.0,2092.0
42,77,16,2.0,3751.5
42,77,17,2.0,2511.5
42,77,18,3.0,2436.3
42,77,19,4.0,2109.0
42,77,20,2.0,1937.5
42,77,23,1.0,1980.0
43,1,0,1.0,1969.0
43,1,1,1.0,3970.0
43,1,3,1.0,1653.0
43,1,5,4.0,1898.0
43,1,6,3.0,2768.0
43,1,20,1.0,2393.0
43,1,22,1.0,2798.0
43,2,0,2.0,2235.0
43,2,1,1.0,1954.0
43,2,5,1.0,2312.0
43,2,6,1.0,2284.0
43,2,7,1.0,3095.0
43,2,10,3.0,2261.3
43,2,11,1.0,2339.0
43,2,12,3.0,2790.0
43,2,13,2.0,2793.5
43,2,15,1.0,2544.0
43,2,16,2.0,2975.0
43,2,18,2.0,3125.5
43,2,20,2.0,2620.0
43,2,23,1.0,2640.0
43,3,0,4.0,1800.2
43,3,3,1.0,1261.0
43,3,4,1.0,1686.0
43,3,5,6.0,2029.5
43,3,7,2.0,1798.5
43,4,0,1.0,1730.0
43,4,6,1.0,2173.0
43,4,7,2.0,2726.0
43,4,8,1.0,2214.0
43,4,10,2.0,2523.5
43,4,14,1.0,2543.0
43,4,15,2.0,2666.0
43,4,23,1.0,3271.0
43,5,0,1.0,2354.0
43,5,6,6.0,2244.3
43,5,7,4.0,2615.5
43,5,8,7.0,2975.0
43,5,9,1.0,2162.0
43,5,10,5.0,1986.6
43,5,11,2.0,2021.0
43,5,12,5.0,2577.4
43,5,13,1.0,2578.0
43,5,14,1.0,3368.0
43,5,16,1.0,4860.0
43,5,20,1.0,2282.0
43,5,21,2.0,3095.0
43,6,1,1.0,1802.0
43,6,2,1.0,1390.0
43,6,3,1.0,1181.0
43,7,0,1.0,1552.0
43,7,3,1.0,1346.0
43,7,4,1.0,1305.0
43,7,5,5.0,1802.4
43,7,6,16.0,1774.2
43,7,7,2.0,1775.5
43,7,11,1.0,2139.0
43,7,12,1.0,1660.0
43,7,21,1.0,1801.0
43,7,22,1.0,1328.0
43,7,23,1.0,1223.0
43,8,0,9.0,1457.9
43,8,1,3.0,1568.0
43,8,2,5.0,1400.6
43,8,3,12.0,1341.8
43,8,4,14.0,1226.1
43,8,5,59.0,1509.5
43,8,6,92.0,1717.4
43,8,7,87.0,2284.8
43,8,8,109.0,2345.5
43,8,9,80.0,2067.3
43,8,10,61.0,1763.2
43,8,11,43.0,1722.9
43,8,12,37.0,1602.4
43,8,13,47.0,1825.4
43,8,14,51.0,1735.0
43,8,15,49.0,1858.3
43,8,16,37.0,2187.7
43,8,17,34.0,2352.6
43,8,18,29.0,1777.1
43,8,19,24.0,1680.0
43,8,20,24.0,1560.5
43,8,21,37.0,1528.9
43,8,22,46.0,1436.8
43,8,23,15.0,1542.7
43,10,4,2.0,1799.0
43,10,5,2.0,3299.0
43,11,4,1.0,1634.0
43,13,4,5.0,2027.2
43,13,5,2.0,1891.0
43,13,6,2.0,2213.0
43,13,9,1.0,2860.0
43,13,10,1.0,2164.0
43,13,11,1.0,2331.0
43,13,13,5.0,2869.6
43,13,15,1.0,2243.0
43,13,17,1.0,3576.0
43,13,20,1.0,1884.0
43,14,0,1.0,2983.0
43,14,10,1.0,4108.0
43,14,11,1.0,2698.0
43,14,14,2.0,2392.0
43,14,15,3.0,2750.3
43,14,16,1.0,5259.0
43,14,20,1.0,2241.0
43,15,0,1.0,2538.0
43,15,5,1.0,1972.0
43,16,5,2.0,2177.5
43,16,22,1.0,1703.0
43,17,7,1.0,3904.0
43,17,10,1.0,2065.0
43,17,11,1.0,3526.0
43,18,8,1.0,3952.0
43,19,0,2.0,1852.0
43,19,5,1.0,1647.0
43,20,5,1.0,2160.0
43,20,6,1.0,2192.0
43,20,17,2.0,2972.0
43,22,1,2.0,1694.0
43,22,2,1.0,1860.0
43,22,3,1.0,1508.0
43,22,4,6.0,1597.2
43,23,0,3.0,1715.0
43,23,1,2.0,2505.0
43,23,2,2.0,1742.5
43,23,7,4.0,2298.0
43,23,8,3.0,3080.3
43,23,9,1.0,1648.0
43,23,10,3.0,1703.0
43,23,12,1.0,2045.0
43,23,14,2.0,2489.5
43,23,15,3.0,2412.3
43,23,16,2.0,2726.5
43,23,17,1.0,2818.0
43,23,18,1.0,1867.0
43,23,19,2.0,2340.0
43,23,20,5.0,2004.8
43,23,21,1.0,2428.0
43,23,23,3.0,2121.7
43,24,0,4.0,1440.5
43,24,1,1.0,1517.0
43,24,4,10.0,1147.7
43,24,5,4.0,1581.0
43,24,6,5.0,2061.0
43,24,7,3.0,1721.7
43,24,8,4.0,2450.5
43,24,9,17.0,1774.1
43,24,10,11.0,2041.2
43,24,11,2.0,1305.0
43,24,12,5.0,1667.0
43,24,13,3.0,1941.0
43,24,14,13.0,1744.6
43,24,15,7.0,2260.1
43,24,16,7.0,2362.7
43,24,17,4.0,3172.2
43,24,18,5.0,2049.6
43,24,19,2.0,2335.0
43,24,20,6.0,1687.0
43,24,21,7.0,1521.0
43,24,22,4.0,1722.8
43,24,23,7.0,1675.4
43,25,0,1.0,2138.0
43,25,1,2.0,1708.5
43,25,3,1.0,1539.0
43,25,4,2.0,1293.0
43,25,5,1.0,1521.0
43,25,6,4.0,1741.2
43,25,7,2.0,2934.5
43,25,8,9.0,3208.1
43,25,9,8.0,2158.0
43,25,10,7.0,2104.9
43,25,11,7.0,1757.6
43,25,12,6.0,2496.8
43,25,13,8.0,2052.2
43,25,14,7.0,2991.9
43,25,15,3.0,2701.3
43,25,16,3.0,3514.0
43,25,17,5.0,3279.0
43,25,18,6.0,2719.8
43,25,19,3.0,3130.7
43,25,20,6.0,1987.8
43,25,21,6.0,1996.5
43,25,22,8.0,2395.5
43,25,23,11.0,1810.2
43,26,1,2.0,1467.0
43,26,2,1.0,1868.0
43,26,5,3.0,1415.3
43,27,0,2.0,1604.0
43,27,6,3.0,2036.0
43,27,7,3.0,3047.0
43,27,8,5.0,2122.2
43,27,9,7.0,1674.9
43,27,10,2.0,1726.5
43,27,11,2.0,1943.5
43,27,12,3.0,1442.7
43,27,13,1.0,2103.0
43,27,14,1.0,1568.0
43,27,15,2.0,2168.5
43,27,16,2.0,2478.5
43,27,17,6.0,2137.3
43,27,18,2.0,2029.5
43,27,19,2.0,1653.5
43,27,20,3.0,1536.3
43,27,21,5.0,1496.6
43,27,22,2.0,2132.5
43,27,23,4.0,1671.8
43,28,0,6.0,1254.5
43,28,1,7.0,1316.1
43,28,2,13.0,1202.8
43,28,3,1.0,950.0
43,28,4,20.0,1134.6
43,28,5,45.0,1426.0
43,29,0,1.0,1923.0
43,29,1,2.0,1483.5
43,29,3,1.0,1425.0
43,29,5,1.0,1292.0
43,29,6,9.0,1963.4
43,29,7,1.0,1452.0
43,29,11,2.0,1249.5
43,29,12,2.0,1277.5
43,29,13,4.0,2097.2
43,29,21,4.0,1457.2
43,29,22,4.0,1738.5
43,30,1,1.0,1169.0
43,30,5,1.0,1459.0
43,30,7,2.0,2703.5
43,30,8,6.0,1960.0
43,30,9,5.0,1537.2
43,30,10,6.0,1804.7
43,30,11,3.0,2052.7
43,30,12,5.0,1784.2
43,30,13,2.0,1517.5
43,30,14,2.0,2485.5
43,30,15,1.0,3259.0
43,30,16,1.0,2516.0
43,30,17,5.0,2586.6
43,30,18,3.0,1896.0
43,30,22,3.0,1412.3
43,31,0,1.0,1117.0
43,31,1,1.0,1609.0
43,31,3,2.0,982.5
43,31,4,8.0,1530.2
43,31,5,6.0,1192.2
43,31,6,6.0,1660.8
43,31,7,18.0,1808.1
43,31,8,8.0,1503.0
43,31,9,5.0,1480.8
43,31,10,9.0,1367.3
43,31,11,3.0,994.0
43,31,12,2.0,1483.0
43,31,13,12.0,1531.0
43,31,14,8.0,1536.2
43,31,15,5.0,1641.6
43,31,16,6.0,1453.7
43,31,17,14.0,1769.1
43,31,18,5.0,1506.6
43,31,19,8.0,1355.5
43,31,20,2.0,1431.5
43,31,21,12.0,1445.6
43,31,22,2.0,1109.0
43,31,23,3.0,1401.3
43,32,0,7.0,1208.4
43,32,1,26.0,1288.9
43,32,2,10.0,1245.4
43,32,3,13.0,1119.4
43,32,4,35.0,1228.2
43,32,5,70.0,1315.2
43,32,6,129.0,1539.8
43,32,7,158.0,2012.3
43,32,8,201.0,2204.1
43,32,9,176.0,1685.3
43,32,10,106.0,1564.0
43,32,11,109.0,1489.6
43,32,12,58.0,1504.9
43,32,13,60.0,1628.8
43,32,14,73.0,1559.0
43,32,15,43.0,1476.9
43,32,16,47.0,1668.8
43,32,17,43.0,1830.0
43,32,18,19.0,1563.5
43,32,19,23.0,1390.3
43,32,20,19.0,1303.6
43,32,21,24.0,1532.6
43,32,22,41.0,1287.2
43,32,23,21.0,1342.5
43,33,0,2.0,930.0
43,33,1,1.0,888.0
43,33,2,2.0,1224.5
43,33,4,11.0,848.5
43,33,5,9.0,1240.9
43,33,6,27.0,1137.7
43,33,7,19.0,1159.2
43,33,8,21.0,1675.0
43,33,9,16.0,1235.3
43,33,10,23.0,1066.4
43,33,11,14.0,979.6
43,33,12,19.0,1315.9
43,33,13,20.0,1109.8
43,33,14,17.0,1113.6
43,33,15,14.0,1234.5
43,33,16,12.0,1318.6
43,33,17,7.0,980.3
43,33,18,12.0,1078.4
43,33,19,15.0,1201.6
43,33,20,10.0,1146.4
43,33,21,8.0,1033.0
43,33,22,5.0,1340.8
43,33,23,5.0,1164.2
43,34,0,1.0,897.0
43,34,2,1.0,1460.0
43,34,6,5.0,1100.6
43,34,7,1.0,1526.0
43,34,8,1.0,2072.0
43,34,9,5.0,1178.2
43,34,10,9.0,904.4
43,34,11,4.0,939.5
43,34,12,3.0,784.7
43,34,13,7.0,1297.3
43,34,14,2.0,1257.5
43,34,15,3.0,830.7
43,34,16,3.0,1001.3
43,34,17,1.0,993.0
43,34,18,3.0,1476.3
43,34,19,4.0,1062.2
43,34,20,1.0,862.0
43,34,21,3.0,1088.3
43,34,22,5.0,1350.2
43,34,23,3.0,910.7
43,35,1,2.0,1236.5
43,35,2,2.0,958.0
43,35,3,1.0,715.0
43,35,4,4.0,979.0
43,36,0,1.0,706.0
43,36,1,1.0,492.0
43,36,6,2.0,710.5
43,36,7,8.0,1198.6
43,36,8,4.0,1292.0
43,36,9,2.0,783.0
43,36,10,9.0,820.7
43,36,11,6.0,885.0
43,36,12,6.0,804.0
43,36,13,9.0,957.9
43,36,14,3.0,919.3
43,36,15,6.0,904.5
43,36,16,1.0,1223.0
43,36,17,1.0,1254.0
43,36,18,8.0,949.4
43,36,19,2.0,1079.0
43,36,20,4.0,908.2
43,36,21,3.0,843.3
43,36,22,4.0,869.8
43,36,23,6.0,943.7
43,37,1,1.0,1081.0
43,37,2,2.0,732.5
43,37,3,5.0,882.0
43,37,4,1.0,834.0
43,38,1,5.0,972.6
43,38,2,2.0,960.5
43,38,3,6.0,950.0
43,38,4,2.0,948.0
43,39,0,4.0,664.0
43,39,1,5.0,732.8
43,39,2,4.0,776.0
43,39,3,1.0,483.0
43,39,4,2.0,803.5
43,39,5,1.0,447.0
43,39,6,7.0,933.0
43,39,7,11.0,1034.2
43,39,9,12.0,783.2
43,39,10,9.0,1022.7
43,39,11,13.0,924.6
43,39,12,13.0,796.5
43,39,13,10.0,969.4
43,39,14,8.0,864.4
43,39,15,8.0,875.1
43,39,16,2.0,657.0
43,39,17,4.0,935.8
43,39,18,8.0,829.6
43,39,19,14.0,809.8
43,39,20,11.0,813.7
43,39,21,11.0,879.7
43,39,22,6.0,688.3
43,39,23,11.0,825.3
43,40,0,5.0,796.4
43,40,1,7.0,1002.0
43,40,2,1.0,523.0
43,40,3,7.0,758.4
43,40,4,2.0,719.0
43,40,5,1.0,1099.0
43,40,6,4.0,896.5
43,40,7,13.0,1087.2
43,40,8,28.0,1102.9
43,40,9,20.0,920.5
43,40,10,14.0,1110.9
43,40,11,7.0,1141.4
43,40,12,7.0,1092.3
43,40,13,9.0,916.4
43,40,14,11.0,882.1
43,40,15,20.0,1059.4
43,40,16,10.0,1081.7
43,40,17,15.0,991.9
43,40,18,18.0,1151.9
43,40,19,15.0,927.2
43,40,20,10.0,915.2
43,40,21,14.0,970.4
43,40,22,9.0,899.4
43,40,23,8.0,986.6
43,41,1,5.0,927.2
43,41,2,6.0,656.5
43,41,3,3.0,949.7
43,41,4,4.0,709.5
43,42,0,22.0,538.5
43,42,1,17.0,519.9
43,42,2,7.0,523.6
43,42,3,8.0,511.5
43,42,4,8.0,476.5
43,42,5,14.0,383.6
43,42,6,32.0,593.8
43,42,7,45.0,639.9
43,42,8,104.0,830.8
43,42,9,63.0,571.8
43,42,10,43.0,575.6
43,42,11,53.0,523.2
43,42,12,34.0,541.5
43,42,13,44.0,638.7
43,42,14,45.0,517.1
43,42,15,54.0,584.1
43,42,16,48.0,614.9
43,42,17,61.0,628.5
43,42,18,64.0,687.9
43,42,19,41.0,567.1
43,42,20,39.0,531.3
43,42,21,47.0,584.4
43,42,22,41.0,523.0
43,42,23,28.0,567.2
43,43,0,90.0,497.5
43,43,1,73.0,366.7
43,43,2,36.0,369.9
43,43,3,25.0,365.4
43,43,4,32.0,402.7
43,43,5,48.0,399.8
43,43,6,62.0,359.0
43,43,7,114.0,471.0
43,43,8,231.0,612.9
43,43,9,199.0,468.4
43,43,10,157.0,396.4
43,43,11,157.0,400.3
43,43,12,158.0,418.5
43,43,13,169.0,358.8
43,43,14,176.0,455.6
43,43,15,220.0,562.3
43,43,16,178.0,550.3
43,43,17,153.0,568.1
43,43,18,152.0,576.3
43,43,19,161.0,402.4
43,43,20,153.0,405.5
43,43,21,148.0,475.6
43,43,22,153.0,444.2
43,43,23,156.0,390.1
43,44,0,21.0,706.5
43,44,1,14.0,697.6
43,44,2,10.0,658.7
43,44,3,4.0,900.2
43,44,4,12.0,570.1
43,44,5,27.0,694.7
43,44,6,31.0,791.6
43,44,7,88.0,992.4
43,44,8,48.0,970.0
43,44,9,45.0,817.1
43,44,10,33.0,910.5
43,44,11,43.0,958.8
43,44,12,45.0,873.1
43,44,13,50.0,932.8
43,44,14,38.0,963.7
43,44,15,39.0,881.8
43,44,16,55.0,1005.7
43,44,17,54.0,1007.2
43,44,18,57.0,991.5
43,44,19,48.0,893.9
43,44,20,34.0,811.3
43,44,21,28.0,828.7
43,44,22,31.0,746.5
43,44,23,32.0,729.3
43,45,0,4.0,629.2
43,45,1,4.0,455.2
43,45,2,4.0,803.5
43,45,3,6.0,305.2
43,45,4,11.0,643.9
43,45,5,4.0,469.5
43,45,6,9.0,420.7
43,45,7,9.0,623.6
43,45,8,30.0,514.4
43,45,9,28.0,515.6
43,45,10,22.0,505.9
43,45,11,18.0,562.8
43,45,12,22.0,529.1
43,45,13,19.0,497.6
43,45,14,15.0,544.5
43,45,15,25.0,551.7
43,45,16,18.0,635.7
43,45,17,20.0,553.6
43,45,18,18.0,509.6
43,45,19,19.0,517.2
43,45,20,10.0,543.0
43,45,21,10.0,521.9
43,45,22,13.0,484.9
43,45,23,7.0,563.0
43,46,0,23.0,513.5
43,46,1,22.0,422.6
43,46,2,14.0,420.6
43,46,3,5.0,461.2
43,46,4,8.0,471.5
43,46,5,13.0,570.5
43,46,6,31.0,419.7
43,46,7,87.0,495.8
43,46,8,46.0,536.6
43,46,9,32.0,499.8
43,46,10,29.0,439.7
43,46,11,37.0,477.9
43,46,12,27.0,453.6
43,46,13,25.0,502.4
43,46,14,50.0,531.3
43,46,15,50.0,484.3
43,46,16,27.0,533.3
43,46,17,30.0,561.7
43,46,18,42.0,511.9
43,46,19,37.0,447.5
43,46,20,28.0,550.4
43,46,21,31.0,451.7
43,46,22,28.0,483.6
43,46,23,31.0,506.4
43,47,0,3.0,1091.0
43,47,2,1.0,610.0
43,47,3,1.0,848.0
43,47,4,1.0,1686.0
43,47,5,18.0,759.3
43,47,6,1.0,558.0
43,47,7,6.0,601.5
43,47,8,6.0,873.2
43,47,9,3.0,788.7
43,47,10,4.0,860.5
43,47,11,6.0,743.8
43,47,12,10.0,715.3
43,47,13,4.0,706.8
43,47,14,2.0,1265.0
43,47,15,3.0,1023.0
43,47,18,6.0,841.8
43,47,19,1.0,1778.0
43,47,20,1.0,475.0
43,47,21,1.0,660.0
43,47,23,2.0,766.5
43,48,0,4.0,722.8
43,48,1,6.0,532.0
43,48,2,3.0,501.3
43,48,3,1.0,620.0
43,48,4,6.0,662.3
43,48,5,5.0,562.0
43,48,6,2.0,669.5
43,48,23,5.0,614.6
43,49,0,11.0,1083.1
43,49,1,5.0,1063.4
43,49,2,15.0,978.9
43,49,3,2.0,1311.0
43,49,4,3.0,708.0
43,49,5,6.0,1100.2
43,49,6,7.0,1029.7
43,49,7,22.0,1436.2
43,49,8,24.0,1216.4
43,49,9,18.0,1226.1
43,49,10,21.0,1300.3
43,49,11,16.0,1276.6
43,49,12,32.0,1260.1
43,49,13,15.0,1330.0
43,49,14,18.0,1384.7
43,49,15,20.0,1432.1
43,49,16,17.0,1407.8
43,49,17,25.0,1507.3
43,49,18,17.0,1334.6
43,49,19,15.0,1533.4
43,49,20,14.0,1172.4
43,49,21,16.0,1063.8
43,49,22,7.0,1280.1
43,49,23,10.0,1034.4
43,50,0,3.0,969.0
43,50,2,1.0,798.0
43,50,3,1.0,1005.0
43,50,4,1.0,955.0
43,50,5,2.0,1073.0
43,50,6,8.0,798.6
43,50,7,5.0,1042.0
43,50,8,15.0,860.5
43,50,9,19.0,1060.8
43,50,10,7.0,967.0
43,50,11,12.0,908.2
43,50,12,13.0,1116.2
43,50,13,20.0,1229.8
43,50,14,9.0,1296.7
43,50,15,9.0,1421.8
43,50,16,11.0,1502.5
43,50,17,13.0,1628.6
43,50,18,7.0,1146.7
43,50,19,10.0,1157.9
43,50,20,2.0,1003.5
43,50,21,3.0,1030.3
43,50,22,6.0,987.7
43,50,23,3.0,1036.7
43,51,0,9.0,798.3
43,51,1,1.0,900.0
43,51,2,3.0,759.7
43,51,4,3.0,722.0
43,51,5,11.0,1195.9
43,51,6,2.0,572.0
43,51,7,9.0,1147.2
43,51,8,12.0,834.8
43,51,9,11.0,835.8
43,51,10,16.0,847.4
43,51,11,11.0,751.5
43,51,12,6.0,801.5
43,51,13,10.0,961.3
43,51,14,18.0,1071.1
43,51,15,10.0,1102.8
43,51,16,14.0,1102.3
43,51,17,17.0,1254.2
43,51,18,10.0,926.8
43,51,19,13.0,876.1
43,51,20,11.0,853.2
43,51,21,5.0,766.4
43,51,22,4.0,829.5
43,51,23,12.0,902.6
43,52,4,1.0,1433.0
43,52,7,2.0,1365.0
43,52,8,2.0,1052.5
43,52,9,1.0,865.0
43,52,11,1.0,1209.0
43,52,12,2.0,1132.5
43,52,13,2.0,1063.5
43,52,14,1.0,977.0
43,52,15,1.0,813.0
43,52,16,4.0,1245.2
43,52,17,3.0,1295.3
43,52,18,2.0,1034.5
43,52,19,1.0,850.0
43,52,22,2.0,1212.0
43,53,0,1.0,961.0
43,53,1,2.0,1837.0
43,53,2,6.0,1405.3
43,53,3,2.0,1177.0
43,53,4,3.0,1098.3
43,53,5,4.0,1053.8
43,53,7,5.0,1385.4
43,53,8,9.0,1415.0
43,53,9,10.0,1186.7
43,53,10,4.0,1727.2
43,53,11,5.0,1642.4
43,53,12,9.0,1591.4
43,53,13,10.0,1526.5
43,53,14,6.0,1755.3
43,53,15,8.0,2084.2
43,53,16,4.0,1833.8
43,53,17,10.0,1878.3
43,53,18,10.0,1758.2
43,53,19,5.0,1514.6
43,53,20,10.0,1908.7
43,53,21,8.0,1639.8
43,53,22,6.0,1587.5
43,53,23,10.0,1387.1
43,54,0,3.0,1193.7
43,54,1,1.0,1988.0
43,54,2,1.0,1124.0
43,54,3,1.0,1786.0
43,54,4,1.0,681.0
43,54,6,4.0,1086.2
43,54,7,3.0,1229.3
43,54,9,4.0,1387.2
43,54,11,2.0,1480.0
43,54,12,2.0,1353.5
43,54,16,2.0,1580.0
43,54,17,3.0,1743.3
43,54,18,6.0,1752.2
43,54,19,4.0,1455.5
43,54,20,4.0,1284.8
43,54,21,2.0,1256.0
43,54,22,3.0,1559.3
43,54,23,1.0,1749.0
43,55,0,1.0,1123.0
43,55,2,1.0,1564.0
43,55,4,3.0,1272.3
43,55,5,10.0,1335.9
43,55,6,2.0,1216.0
43,55,10,1.0,1536.0
43,55,12,1.0,1570.0
43,55,15,1.0,1377.0
43,55,16,1.0,2797.0
43,55,17,3.0,1468.7
43,55,18,1.0,1459.0
43,55,19,3.0,1608.7
43,56,1,2.0,2205.0
43,56,2,4.0,1319.0
43,56,3,8.0,1506.4
43,56,4,16.0,1777.4
43,56,5,20.0,1650.3
43,56,6,10.0,1998.6
43,56,7,6.0,2247.7
43,56,8,5.0,2436.0
43,56,9,5.0,1841.4
43,56,10,5.0,2318.8
43,56,11,5.0,2111.8
43,56,12,7.0,1852.4
43,56,13,3.0,2125.7
43,56,14,7.0,2634.3
43,56,15,3.0,3115.0
43,56,16,7.0,2747.4
43,56,17,6.0,2943.7
43,56,18,1.0,2126.0
43,56,19,3.0,2276.7
43,56,20,6.0,2283.2
43,56,21,1.0,1813.0
43,56,22,1.0,1498.0
43,57,2,1.0,1277.0
43,57,3,1.0,1477.0
43,58,2,1.0,1394.0
43,58,4,1.0,1510.0
43,59,4,5.0,1451.4
43,59,5,4.0,1250.8
43,59,7,3.0,1589.0
43,59,8,3.0,1344.0
43,59,9,4.0,1318.2
43,59,12,2.0,1255.0
43,59,14,2.0,1480.5
43,59,15,3.0,1440.0
43,59,16,2.0,1802.5
43,59,19,2.0,2173.0
43,59,22,1.0,1161.0
43,60,0,2.0,1015.5
43,60,1,1.0,974.0
43,60,2,1.0,1201.0
43,60,3,7.0,1286.1
43,60,4,4.0,1281.0
43,60,5,5.0,1012.4
43,60,6,3.0,1500.3
43,61,0,3.0,1600.3
43,61,1,2.0,1016.0
43,61,3,1.0,1328.0
43,61,4,1.0,1107.0
43,61,5,4.0,1134.5
43,62,10,1.0,1617.0
43,62,11,1.0,2667.0
43,62,14,1.0,2390.0
43,62,18,1.0,2600.0
43,62,20,1.0,2002.0
43,62,21,1.0,2010.0
43,63,0,1.0,1019.0
43,63,3,1.0,1381.0
43,63,5,1.0,1247.0
43,64,4,1.0,2042.0
43,64,5,1.0,1801.0
43,64,12,1.0,1609.0
43,65,5,6.0,2159.2
43,65,6,3.0,1982.3
43,66,0,10.0,1471.2
43,66,1,8.0,1482.5
43,66,2,4.0,1457.8
43,66,4,3.0,1287.0
43,67,0,5.0,1115.4
43,67,1,1.0,893.0
43,67,2,9.0,976.2
43,67,3,1.0,945.0
43,67,4,3.0,1115.0
43,67,5,9.0,995.2
43,67,6,20.0,1255.6
43,67,7,27.0,1411.2
43,67,8,13.0,1508.2
43,67,9,14.0,1352.2
43,67,10,8.0,1229.5
43,67,11,8.0,1516.5
43,67,12,3.0,1137.0
43,67,13,13.0,1611.2
43,67,14,10.0,1487.4
43,67,15,10.0,1493.9
43,67,16,19.0,1529.2
43,67,17,13.0,1560.5
43,67,18,10.0,1221.7
43,67,19,11.0,1326.5
43,67,20,6.0,1432.7
43,67,21,10.0,1342.7
43,67,22,21.0,1261.3
43,67,23,13.0,1211.9
43,68,0,15.0,957.6
43,68,1,6.0,811.3
43,68,2,1.0,718.0
43,68,3,3.0,819.3
43,68,4,3.0,811.3
43,68,5,25.0,869.0
43,68,6,21.0,912.9
43,68,7,52.0,1031.4
43,68,8,34.0,1123.2
43,68,9,35.0,1082.9
43,68,10,14.0,1095.7
43,68,11,21.0,1048.7
43,68,12,26.0,1057.1
43,68,13,23.0,1186.3
43,68,14,24.0,1086.4
43,68,15,32.0,1121.5
43,68,16,36.0,1134.3
43,68,17,23.0,1183.0
43,68,18,17.0,1121.9
43,68,19,25.0,1143.9
43,68,20,15.0,1111.0
43,68,21,9.0,963.4
43,68,22,17.0,980.5
43,68,23,25.0,1012.7
43,69,0,20.0,640.7
43,69,1,15.0,858.5
43,69,2,15.0,638.8
43,69,3,18.0,603.8
43,69,4,19.0,650.6
43,69,5,11.0,677.9
43,69,6,30.0,576.4
43,69,23,15.0,474.9
43,70,1,3.0,1435.3
43,70,2,2.0,1377.5
43,70,3,2.0,2062.5
43,70,4,2.0,1366.5
43,70,5,1.0,1775.0
43,70,6,4.0,1505.5
43,70,7,6.0,1759.5
43,70,8,5.0,1696.6
43,70,9,6.0,1768.8
43,70,10,3.0,1647.7
43,70,11,9.0,1809.7
43,70,12,5.0,1623.6
43,70,13,3.0,1747.3
43,70,14,6.0,1860.0
43,70,15,5.0,2209.0
43,70,16,2.0,2381.0
43,70,17,4.0,1736.5
43,70,18,6.0,2220.2
43,70,19,6.0,2038.8
43,70,20,9.0,1637.4
43,70,21,7.0,1746.1
43,70,22,2.0,2036.0
43,70,23,4.0,1608.0
43,71,0,15.0,1127.6
43,71,1,7.0,1027.6
43,71,2,4.0,986.5
43,71,3,3.0,1379.7
43,71,4,5.0,1074.0
43,71,5,16.0,1236.4
43,71,6,10.0,1116.6
43,71,7,28.0,1256.1
43,71,8,26.0,1336.5
43,71,9,26.0,1205.7
43,71,10,31.0,1232.7
43,71,11,19.0,1372.7
43,71,12,19.0,1175.5
43,71,13,21.0,1318.2
43,71,14,23.0,1366.6
43,71,15,25.0,1373.6
43,71,16,14.0,1583.3
43,71,17,24.0,1426.7
43,71,18,21.0,1466.8
43,71,19,26.0,1319.5
43,71,20,25.0,1226.9
43,71,21,26.0,1322.7
43,71,22,26.0,1231.7
43,71,23,10.0,1028.8
43,72,2,1.0,905.0
43,72,4,1.0,1386.0
43,72,5,1.0,1227.0
43,72,6,2.0,1345.5
43,72,7,2.0,1882.0
43,72,8,7.0,1628.9
43,72,9,2.0,2013.0
43,72,10,8.0,1563.8
43,72,11,2.0,1738.5
43,72,12,3.0,1388.0
43,72,13,3.0,1607.3
43,72,14,2.0,1769.0
43,72,15,2.0,1870.0
43,72,16,1.0,1352.0
43,72,17,4.0,2193.2
43,72,18,2.0,1846.5
43,72,20,2.0,1183.5
43,72,21,1.0,1358.0
43,73,0,7.0,938.4
43,73,1,5.0,1165.8
43,73,3,3.0,1147.7
43,73,4,3.0,1178.0
43,73,5,4.0,1250.0
43,73,6,10.0,1411.1
43,73,7,14.0,1353.4
43,73,8,8.0,1401.5
43,73,9,5.0,1412.2
43,73,10,7.0,1400.9
43,73,11,9.0,1379.2
43,73,12,7.0,1268.1
43,73,13,11.0,1356.0
43,73,14,9.0,1583.4
43,73,15,7.0,1513.9
43,73,16,11.0,1827.7
43,73,17,10.0,1858.9
43,73,18,10.0,1557.9
43,73,19,10.0,1304.9
43,73,20,6.0,1347.5
43,73,21,12.0,1214.8
43,73,22,6.0,1181.0
43,73,23,12.0,1260.0
43,74,7,2.0,1688.0
43,74,10,2.0,1646.0
43,74,11,3.0,1533.3
43,74,12,1.0,1672.0
43,74,13,1.0,2077.0
43,74,15,1.0,2447.0
43,74,18,1.0,3353.0
43,74,20,1.0,1693.0
43,74,21,1.0,1467.0
43,75,1,2.0,1164.5
43,75,2,1.0,1418.0
43,75,4,1.0,1108.0
43,75,7,2.0,1542.5
43,75,8,9.0,1590.9
43,75,9,5.0,1526.4
43,75,10,6.0,1489.7
43,75,11,2.0,1873.5
43,75,12,5.0,1648.4
43,75,13,13.0,1581.4
43,75,14,3.0,1740.0
43,75,15,4.0,1594.2
43,75,16,7.0,2206.7
43,75,17,1.0,1537.0
43,75,18,4.0,1821.0
43,75,19,3.0,1710.0
43,75,20,4.0,1596.8
43,75,21,2.0,1613.0
43,75,22,5.0,1278.6
43,75,23,1.0,1134.0
43,76,1,3.0,2391.0
43,76,2,7.0,2147.9
43,76,3,11.0,2251.6
43,76,4,12.0,2329.0
43,76,5,18.0,3215.3
43,76,6,15.0,3840.7
43,76,7,8.0,4671.9
43,76,8,5.0,4204.6
43,76,9,6.0,2993.2
43,76,10,10.0,3324.2
43,76,11,15.0,3240.1
43,76,12,3.0,4494.7
43,76,13,7.0,4186.7
43,76,15,1.0,3773.0
43,76,16,5.0,4859.0
43,76,17,6.0,4722.3
43,76,18,4.0,3820.0
43,76,19,1.0,2558.0
43,76,20,2.0,2772.5
43,76,21,2.0,2591.0
43,76,22,3.0,2345.7
43,77,4,1.0,1261.0
44,1,6,1.0,2480.0
44,1,19,1.0,2219.0
44,1,22,1.0,1981.0
44,2,8,1.0,3585.0
44,2,9,2.0,3906.5
44,2,11,1.0,2539.0
44,2,12,2.0,3114.5
44,2,15,1.0,2697.0
44,2,17,1.0,2885.0
44,2,18,1.0,3844.0
44,2,19,1.0,2266.0
44,2,22,2.0,2017.5
44,3,0,1.0,2717.0
44,3,3,1.0,1605.0
44,3,6,2.0,2394.5
44,3,7,1.0,2968.0
44,3,9,2.0,1961.0
44,3,11,1.0,1737.0
44,3,13,2.0,2249.5
44,3,14,2.0,1778.0
44,3,15,2.0,2273.0
44,3,16,1.0,3160.0
44,3,17,1.0,3242.0
44,3,20,1.0,2223.0
44,3,23,2.0,1708.0
44,4,15,1.0,3542.0
44,4,18,1.0,2253.0
44,5,5,1.0,1722.0
44,5,6,8.0,2315.5
44,5,7,1.0,1639.0
44,5,10,2.0,2699.0
44,5,12,2.0,2685.5
44,5,13,2.0,1904.0
44,7,0,1.0,1506.0
44,7,5,1.0,1919.0
44,7,6,9.0,2218.1
44,7,7,3.0,2440.7
44,7,8,3.0,2330.0
44,7,10,5.0,1873.2
44,7,11,1.0,1297.0
44,7,12,2.0,2345.0
44,7,13,4.0,2007.0
44,7,15,1.0,1340.0
44,7,16,1.0,2470.0
44,7,21,2.0,1374.0
44,7,23,2.0,1455.0
44,8,0,1.0,1717.0
44,8,1,7.0,1205.7
44,8,3,1.0,1097.0
44,8,4,6.0,1199.8
44,8,5,28.0,1724.4
44,8,6,24.0,1849.6
44,8,7,28.0,2314.2
44,8,8,23.0,2779.4
44,8,9,21.0,2226.0
44,8,10,13.0,1892.8
44,8,11,15.0,1744.3
44,8,12,15.0,1604.6
44,8,13,8.0,2273.1
44,8,14,10.0,1693.3
44,8,15,25.0,1901.2
44,8,16,15.0,1942.2
44,8,17,8.0,2412.0
44,8,18,9.0,1796.6
44,8,19,12.0,1938.8
44,8,20,10.0,1372.0
44,8,21,8.0,1523.8
44,8,22,8.0,1526.4
44,8,23,5.0,1210.0
44,10,12,1.0,2092.0
44,11,3,1.0,1297.0
44,11,5,1.0,2224.0
44,12,7,1.0,3902.0
44,12,8,3.0,3471.7
44,12,9,1.0,1722.0
44,12,15,1.0,2146.0
44,15,10,1.0,2138.0
44,15,12,1.0,2551.0
44,15,19,1.0,2228.0
44,15,21,1.0,1410.0
44,15,22,1.0,2509.0
44,15,23,1.0,1602.0
44,16,6,3.0,3052.0
44,16,13,1.0,2613.0
44,16,21,1.0,1990.0
44,17,8,1.0,3746.0
44,18,8,1.0,4517.0
44,20,23,1.0,1988.0
44,22,1,1.0,1471.0
44,22,4,1.0,2370.0
44,22,7,4.0,2110.5
44,22,8,1.0,2855.0
44,22,9,2.0,1782.5
44,22,10,1.0,2471.0
44,22,11,2.0,2584.5
44,22,12,2.0,2003.0
44,22,14,4.0,2130.5
44,22,17,1.0,1741.0
44,22,19,1.0,3338.0
44,22,20,2.0,1748.5
44,22,22,1.0,1555.0
44,23,0,2.0,1505.0
44,23,1,1.0,1324.0
44,23,2,1.0,1450.0
44,23,4,1.0,1231.0
44,23,5,1.0,2404.0
44,23,6,2.0,2209.0
44,23,11,1.0,2025.0
44,23,23,2.0,1587.0
44,24,3,1.0,1829.0
44,24,4,1.0,2008.0
44,24,6,1.0,1670.0
44,25,0,4.0,1792.0
44,25,1,2.0,1222.0
44,25,3,1.0,1039.0
44,25,6,1.0,2638.0
44,25,9,6.0,2153.5
44,25,10,2.0,1942.0
44,25,11,3.0,1803.7
44,25,12,1.0,1680.0
44,25,13,3.0,2177.0
44,25,14,4.0,2588.2
44,25,15,1.0,1861.0
44,25,19,5.0,1716.0
44,25,20,2.0,2288.5
44,25,21,2.0,2169.5
44,25,22,3.0,1371.7
44,25,23,1.0,1972.0
44,27,2,1.0,1000.0
44,27,3,1.0,1020.0
44,28,0,5.0,998.6
44,28,1,1.0,954.0
44,28,3,2.0,1559.0
44,28,4,8.0,1021.5
44,28,5,15.0,1430.1
44,28,6,1.0,1184.0
44,29,2,1.0,1757.0
44,30,3,1.0,942.0
44,31,2,2.0,833.5
44,31,4,8.0,1400.8
44,31,5,6.0,1299.5
44,32,0,3.0,1066.0
44,32,2,1.0,1200.0
44,32,3,6.0,1054.2
44,32,4,12.0,1227.2
44,32,5,12.0,1421.2
44,33,0,2.0,1036.5
44,33,5,2.0,1021.0
44,33,6,10.0,1077.0
44,33,7,11.0,1430.1
44,33,8,8.0,1789.1
44,33,9,5.0,1578.2
44,33,10,12.0,1010.9
44,33,11,10.0,995.2
44,33,12,10.0,1106.7
44,33,13,4.0,1022.2
44,33,14,10.0,1237.0
44,33,15,10.0,1150.2
44,33,16,9.0,1023.2
44,33,17,6.0,1251.5
44,33,18,2.0,912.5
44,33,19,4.0,936.2
44,33,20,2.0,809.0
44,33,21,3.0,933.0
44,33,22,3.0,750.3
44,33,23,3.0,761.0
44,34,4,1.0,589.0
44,34,5,2.0,934.5
44,34,6,3.0,1007.0
44,34,7,1.0,1267.0
44,34,8,2.0,1520.0
44,34,9,4.0,1076.0
44,34,10,4.0,756.0
44,34,11,2.0,804.0
44,34,13,1.0,756.0
44,34,14,5.0,818.6
44,34,15,6.0,936.3
44,34,16,2.0,1114.5
44,34,17,1.0,558.0
44,34,18,1.0,1139.0
44,34,19,1.0,1031.0
44,34,20,2.0,919.5
44,34,21,1.0,1046.0
44,34,23,1.0,624.0
44,35,0,3.0,935.7
44,35,1,3.0,1290.3
44,35,2,4.0,763.8
44,35,3,1.0,860.0
44,35,5,2.0,1373.0
44,35,6,1.0,1053.0
44,35,7,9.0,1362.1
44,35,8,20.0,1647.0
44,35,9,9.0,1234.0
44,35,10,16.0,911.4
44,35,11,7.0,994.6
44,35,12,12.0,985.2
44,35,13,11.0,1049.6
44,35,14,13.0,919.4
44,35,15,19.0,1167.3
44,35,16,7.0,1076.9
44,35,17,7.0,1209.9
44,35,18,3.0,751.7
44,35,19,8.0,874.8
44,35,20,12.0,1167.5
44,35,21,8.0,925.9
44,35,22,10.0,868.9
44,35,23,6.0,791.3
44,36,1,1.0,1258.0
44,36,2,1.0,674.0
44,37,0,2.0,604.5
44,37,4,1.0,400.0
44,37,5,1.0,767.0
44,37,6,2.0,807.0
44,37,7,4.0,1289.0
44,37,8,1.0,832.0
44,37,9,1.0,704.0
44,37,11,3.0,636.0
44,37,12,2.0,733.0
44,37,13,2.0,591.0
44,37,16,2.0,936.5
44,37,17,2.0,652.0
44,37,18,3.0,773.3
44,37,19,1.0,603.0
44,37,20,2.0,618.0
44,37,21,2.0,727.5
44,37,22,2.0,636.5
44,37,23,1.0,594.0
44,38,0,6.0,917.3
44,38,1,6.0,809.3
44,38,2,4.0,1209.2
44,38,3,2.0,518.5
44,38,4,1.0,740.0
44,39,0,4.0,1282.8
44,39,1,3.0,910.7
44,39,4,1.0,1998.0
44,39,5,1.0,636.0
44,39,6,11.0,1207.9
44,39,7,14.0,1465.5
44,39,8,22.0,1369.7
44,39,9,10.0,1319.6
44,39,10,8.0,1062.9
44,39,11,4.0,1292.5
44,39,12,8.0,1155.4
44,39,13,5.0,1057.2
44,39,14,7.0,1163.1
44,39,15,3.0,1483.7
44,39,16,6.0,1401.3
44,39,17,5.0,1291.2
44,39,18,12.0,1259.0
44,39,19,15.0,1179.5
44,39,20,6.0,1327.8
44,39,21,8.0,1256.5
44,39,22,8.0,1372.0
44,39,23,6.0,1015.5
44,40,0,4.0,712.0
44,40,1,2.0,696.5
44,40,2,4.0,712.2
44,40,3,1.0,496.0
44,40,4,1.0,779.0
44,40,5,2.0,666.5
44,40,7,10.0,1262.7
44,40,8,13.0,1009.8
44,40,9,2.0,837.0
44,40,10,11.0,912.3
44,40,11,11.0,890.5
44,40,12,6.0,716.2
44,40,13,11.0,837.5
44,40,14,14.0,805.6
44,40,15,23.0,949.3
44,40,16,21.0,777.0
44,40,17,18.0,924.4
44,40,18,18.0,812.2
44,40,19,15.0,736.8
44,40,20,5.0,685.0
44,40,21,11.0,734.9
44,40,22,16.0,655.4
44,40,23,9.0,685.2
44,41,1,2.0,773.5
44,41,2,2.0,699.5
44,41,3,1.0,985.0
44,41,5,6.0,933.0
44,42,0,8.0,729.9
44,42,1,5.0,556.6
44,42,2,7.0,742.3
44,42,3,2.0,757.0
44,42,4,5.0,650.8
44,42,5,6.0,694.8
44,42,6,17.0,665.6
44,42,7,31.0,934.2
44,42,8,16.0,872.6
44,42,9,34.0,777.0
44,42,10,24.0,847.5
44,42,11,21.0,678.2
44,42,12,25.0,934.7
44,42,13,19.0,943.9
44,42,14,16.0,860.8
44,42,15,47.0,925.6
44,42,16,31.0,929.5
44,42,17,25.0,770.4
44,42,18,27.0,928.5
44,42,19,32.0,957.0
44,42,20,20.0,730.5
44,42,21,31.0,715.5
44,42,22,35.0,766.6
44,42,23,13.0,714.8
44,43,0,47.0,810.8
44,43,1,22.0,862.1
44,43,2,24.0,818.2
44,43,3,13.0,712.1
44,43,4,4.0,600.8
44,43,5,14.0,621.2
44,43,6,21.0,623.8
44,43,7,39.0,884.6
44,43,8,33.0,871.9
44,43,9,32.0,681.8
44,43,10,33.0,846.0
44,43,11,33.0,816.8
44,43,12,41.0,879.4
44,43,13,34.0,965.4
44,43,14,58.0,942.1
44,43,15,82.0,1096.7
44,43,16,64.0,956.4
44,43,17,53.0,1127.6
44,43,18,54.0,1010.7
44,43,19,56.0,994.3
44,43,20,59.0,912.3
44,43,21,61.0,843.4
44,43,22,57.0,767.8
44,43,23,52.0,781.6
44,44,0,39.0,383.0
44,44,1,41.0,408.2
44,44,2,24.0,428.4
44,44,3,29.0,314.1
44,44,4,29.0,356.8
44,44,5,63.0,346.7
44,45,0,11.0,568.6
44,45,1,9.0,503.3
44,45,2,7.0,400.7
44,45,3,2.0,465.0
44,45,4,2.0,406.0
44,45,5,2.0,546.5
44,45,6,1.0,804.0
44,45,7,18.0,693.0
44,45,8,10.0,620.8
44,45,9,18.0,706.6
44,45,10,4.0,678.2
44,45,11,12.0,408.0
44,45,12,12.0,560.3
44,45,13,9.0,627.9
44,45,14,12.0,835.8
44,45,15,16.0,551.4
44,45,16,23.0,661.5
44,45,17,30.0,708.5
44,45,18,36.0,636.1
44,45,19,18.0,602.4
44,45,20,14.0,637.2
44,45,21,12.0,555.2
44,45,22,12.0,491.2
44,45,23,12.0,457.2
44,46,0,22.0,872.5
44,46,1,11.0,798.5
44,46,2,7.0,821.6
44,46,3,5.0,879.2
44,46,4,3.0,921.0
44,46,5,9.0,631.1
44,46,6,9.0,640.3
44,46,7,9.0,761.9
44,46,8,19.0,931.3
44,46,9,13.0,829.0
44,46,10,19.0,837.6
44,46,11,15.0,844.3
44,46,12,20.0,866.5
44,46,13,19.0,999.2
44,46,14,10.0,870.8
44,46,15,45.0,1097.5
44,46,16,20.0,1184.0
44,46,17,22.0,1045.1
44,46,18,44.0,1009.0
44,46,19,42.0,1182.0
44,46,20,30.0,919.2
44,46,21,21.0,888.6
44,46,22,13.0,705.0
44,46,23,27.0,870.4
44,47,0,4.0,345.5
44,47,1,3.0,521.7
44,47,2,3.0,409.3
44,47,3,2.0,482.5
44,47,4,1.0,331.0
44,47,5,4.0,244.2
44,48,0,9.0,653.4
44,48,1,2.0,898.5
44,48,2,10.0,669.5
44,48,3,1.0,523.0
44,48,4,1.0,476.0
44,48,5,12.0,555.0
44,48,6,10.0,653.3
44,48,7,9.0,887.1
44,48,8,18.0,756.8
44,48,9,21.0,648.3
44,48,10,20.0,574.2
44,48,11,18.0,663.9
44,48,12,7.0,703.3
44,48,13,20.0,739.5
44,48,14,16.0,767.2
44,48,15,17.0,821.8
44,48,16,19.0,766.2
44,48,17,20.0,659.2
44,48,18,26.0,736.7
44,48,19,17.0,755.5
44,48,20,20.0,723.0
44,48,21,14.0,593.7
44,48,22,9.0,782.8
44,48,23,14.0,583.3
44,49,0,14.0,557.1
44,49,1,15.0,612.2
44,49,2,14.0,548.1
44,49,3,5.0,533.6
44,49,4,4.0,444.5
44,49,5,17.0,433.9
44,49,6,22.0,625.5
44,49,7,66.0,529.9
44,49,8,43.0,614.0
44,49,9,32.0,658.5
44,49,10,32.0,603.9
44,49,11,30.0,487.2
44,49,12,36.0,539.9
44,49,13,51.0,574.7
44,49,14,36.0,665.6
44,49,15,47.0,838.7
44,49,16,49.0,633.8
44,49,17,52.0,654.2
44,49,18,68.0,639.6
44,49,19,43.0,583.5
44,49,20,41.0,587.4
44,49,21,23.0,492.1
44,49,22,28.0,651.6
44,49,23,37.0,618.9
44,50,1,4.0,690.5
44,50,2,1.0,413.0
44,50,4,4.0,670.0
44,51,0,13.0,686.5
44,51,1,6.0,756.5
44,51,2,4.0,768.8
44,51,4,1.0,884.0
44,51,5,13.0,1051.0
44,51,23,4.0,748.2
44,52,0,2.0,1132.5
44,52,1,1.0,1756.0
44,52,2,3.0,782.0
44,52,5,1.0,1852.0
44,52,8,1.0,1510.0
44,52,11,2.0,1303.0
44,52,12,1.0,973.0
44,52,13,1.0,1906.0
44,52,14,4.0,1290.8
44,52,19,1.0,1232.0
44,52,20,1.0,1236.0
44,52,21,2.0,1356.5
44,52,22,2.0,998.5
44,52,23,1.0,739.0
44,53,0,4.0,1600.8
44,53,1,5.0,1173.0
44,53,3,2.0,952.0
44,53,4,3.0,1061.7
44,53,5,2.0,894.5
44,53,6,4.0,875.8
44,53,7,4.0,1046.0
44,53,8,1.0,1155.0
44,53,9,5.0,1015.8
44,53,10,5.0,1083.8
44,53,11,8.0,1143.6
44,53,12,15.0,1055.9
44,53,13,13.0,941.6
44,53,14,25.0,1040.0
44,53,15,16.0,1096.9
44,53,16,12.0,1083.8
44,53,17,11.0,1244.3
44,53,18,11.0,1220.5
44,53,19,10.0,1187.0
44,53,20,8.0,1033.5
44,53,21,14.0,931.6
44,53,22,13.0,1234.2
44,53,23,16.0,911.1
44,54,0,4.0,864.2
44,54,1,1.0,676.0
44,54,4,1.0,620.0
44,54,7,1.0,812.0
44,54,8,5.0,1149.6
44,54,9,4.0,1048.8
44,54,10,1.0,549.0
44,54,11,5.0,1246.8
44,54,12,1.0,1094.0
44,54,13,4.0,1092.8
44,54,14,2.0,1140.5
44,54,15,5.0,1430.0
44,54,16,4.0,1459.2
44,54,17,4.0,1521.5
44,54,18,2.0,1576.0
44,54,19,4.0,1109.5
44,54,20,2.0,1968.5
44,54,21,4.0,962.8
44,54,22,1.0,895.0
44,54,23,6.0,735.2
44,55,3,1.0,966.0
44,55,4,1.0,1290.0
44,55,5,2.0,1284.5
44,55,7,2.0,1644.5
44,55,9,1.0,1062.0
44,55,12,2.0,740.5
44,55,14,1.0,965.0
44,55,15,1.0,3524.0
44,55,17,2.0,1496.5
44,55,18,4.0,2017.5
44,55,19,2.0,1404.0
44,55,22,1.0,1027.0
44,56,0,1.0,1922.0
44,56,3,4.0,1565.5
44,56,4,5.0,1675.8
44,56,5,5.0,1920.0
44,56,6,1.0,1594.0
44,57,6,1.0,1105.0
44,58,4,1.0,1173.0
44,58,6,3.0,1207.0
44,59,0,2.0,1116.5
44,59,5,1.0,1695.0
44,59,7,1.0,1695.0
44,59,10,3.0,1312.3
44,59,11,1.0,1004.0
44,59,14,2.0,1114.0
44,59,15,1.0,1478.0
44,59,16,1.0,985.0
44,59,17,1.0,1140.0
44,59,18,1.0,1213.0
44,59,23,5.0,1030.4
44,60,0,1.0,862.0
44,60,8,1.0,1725.0
44,60,9,1.0,1350.0
44,60,11,3.0,1355.7
44,60,13,1.0,857.0
44,60,14,3.0,902.3
44,60,17,1.0,1107.0
44,60,18,1.0,2620.0
44,60,19,3.0,1339.0
44,60,21,3.0,1107.0
44,60,23,3.0,1101.3
44,61,0,3.0,1097.0
44,61,1,1.0,818.0
44,61,2,1.0,649.0
44,61,3,3.0,864.3
44,61,4,3.0,1053.0
44,61,5,2.0,622.5
44,61,6,3.0,968.3
44,61,7,12.0,1528.9
44,61,8,18.0,1349.3
44,61,9,6.0,1292.5
44,61,10,7.0,1137.3
44,61,11,2.0,1163.5
44,61,12,4.0,1042.0
44,61,13,10.0,946.3
44,61,14,12.0,1038.1
44,61,15,3.0,1054.7
44,61,16,6.0,1142.3
44,61,17,2.0,1773.0
44,61,18,2.0,1461.0
44,61,19,7.0,1193.9
44,61,20,2.0,1090.0
44,61,21,7.0,896.3
44,61,22,9.0,761.9
44,61,23,3.0,778.7
44,62,17,1.0,1603.0
44,62,18,1.0,1856.0
44,62,21,1.0,1224.0
44,62,23,2.0,1243.0
44,63,0,1.0,1327.0
44,63,5,1.0,1301.0
44,63,7,2.0,1590.5
44,63,10,1.0,1297.0
44,63,11,3.0,1652.0
44,63,12,1.0,1159.0
44,63,13,3.0,1304.3
44,63,14,1.0,1614.0
44,63,16,1.0,1212.0
44,63,17,1.0,1454.0
44,63,19,1.0,1433.0
44,63,20,1.0,1328.0
44,63,21,2.0,1092.0
44,63,22,1.0,1351.0
44,63,23,2.0,1621.0
44,65,0,1.0,1216.0
44,65,6,1.0,1389.0
44,65,7,1.0,2384.0
44,65,9,5.0,1695.6
44,65,10,3.0,1622.0
44,65,11,1.0,2347.0
44,65,12,2.0,1712.0
44,65,13,13.0,1416.0
44,65,20,1.0,1776.0
44,65,22,1.0,1379.0
44,65,23,1.0,1364.0
44,66,0,7.0,1224.3
44,66,2,1.0,881.0
44,66,3,2.0,1145.5
44,66,4,2.0,919.5
44,66,5,2.0,980.5
44,66,6,15.0,1636.5
44,66,7,8.0,1460.5
44,66,8,19.0,1483.5
44,66,9,11.0,1485.2
44,66,10,7.0,1207.7
44,66,11,5.0,1246.4
44,66,12,5.0,1321.6
44,66,13,6.0,1483.2
44,66,14,9.0,1527.6
44,66,15,9.0,1455.9
44,66,16,16.0,1430.6
44,66,17,24.0,1513.7
44,66,18,16.0,1280.1
44,66,19,9.0,1134.0
44,66,20,12.0,1426.6
44,66,21,18.0,1338.3
44,66,22,7.0,1136.7
44,66,23,13.0,1160.7
44,67,0,3.0,685.0
44,67,1,13.0,704.7
44,67,2,2.0,1259.0
44,67,3,3.0,780.0
44,67,4,3.0,970.7
44,67,5,8.0,924.4
44,68,0,9.0,827.8
44,68,1,7.0,568.3
44,68,2,12.0,546.9
44,68,3,2.0,589.5
44,68,4,3.0,1035.3
44,68,5,8.0,574.9
44,68,6,4.0,564.5
44,68,7,26.0,909.2
44,68,8,24.0,954.4
44,68,9,26.0,768.5
44,68,10,20.0,785.0
44,68,11,16.0,742.6
44,68,12,28.0,735.9
44,68,13,31.0,796.2
44,68,14,25.0,746.8
44,68,15,34.0,937.6
44,68,16,39.0,794.3
44,68,17,30.0,877.8
44,68,18,39.0,720.2
44,68,19,29.0,885.2
44,68,20,29.0,648.7
44,68,21,28.0,665.3
44,68,22,25.0,596.2
44,68,23,29.0,604.5
44,69,0,40.0,406.6
44,69,1,22.0,393.2
44,69,2,9.0,447.6
44,69,3,12.0,342.0
44,69,4,10.0,324.9
44,69,5,26.0,293.5
44,69,6,63.0,391.5
44,69,7,111.0,552.0
44,69,8,91.0,495.1
44,69,9,68.0,465.9
44,69,10,40.0,514.5
44,69,11,55.0,495.1
44,69,12,51.0,455.7
44,69,13,61.0,471.8
44,69,14,78.0,463.7
44,69,15,72.0,500.0
44,69,16,94.0,572.9
44,69,17,72.0,518.0
44,69,18,81.0,513.9
44,69,19,94.0,528.9
44,69,20,83.0,468.2
44,69,21,50.0,480.5
44,69,22,63.0,471.4
44,69,23,41.0,419.2
44,70,0,10.0,982.4
44,70,1,7.0,1018.0
44,70,2,2.0,731.5
44,70,3,1.0,946.0
44,70,5,3.0,794.3
44,70,6,6.0,1408.8
44,70,7,9.0,1350.1
44,70,8,11.0,1203.6
44,70,9,2.0,1056.5
44,70,10,5.0,1271.6
44,70,11,5.0,1021.2
44,70,12,2.0,1202.5
44,70,13,21.0,1133.2
44,70,14,9.0,1193.1
44,70,15,19.0,1154.9
44,70,16,16.0,1412.5
44,70,17,21.0,1247.8
44,70,18,20.0,1110.4
44,70,19,17.0,1058.4
44,70,20,10.0,1191.9
44,70,21,9.0,1267.6
44,70,22,8.0,944.6
44,70,23,12.0,1017.0
44,71,1,13.0,489.7
44,71,2,12.0,401.0
44,71,3,18.0,484.1
44,71,4,7.0,561.7
44,72,0,4.0,837.2
44,72,1,2.0,882.5
44,72,4,2.0,661.0
44,72,5,2.0,741.0
44,72,7,1.0,1070.0
44,72,8,6.0,1360.2
44,72,9,4.0,1464.8
44,72,10,3.0,1226.3
44,72,11,4.0,912.8
44,72,12,5.0,932.8
44,72,13,6.0,974.2
44,72,14,5.0,808.6
44,72,15,2.0,1042.0
44,72,16,13.0,1127.1
44,72,17,4.0,1268.5
44,72,18,7.0,1113.7
44,72,19,1.0,927.0
44,72,20,1.0,506.0
44,72,22,2.0,819.0
44,72,23,1.0,652.0
44,73,1,10.0,593.4
44,73,2,3.0,427.7
44,73,3,2.0,429.0
44,73,4,5.0,468.2
44,73,5,4.0,522.5
44,74,3,1.0,966.0
44,75,0,2.0,815.5
44,75,1,3.0,907.3
44,75,2,1.0,922.0
44,75,3,4.0,638.8
44,75,4,2.0,608.0
44,75,5,1.0,703.0
44,76,2,3.0,2421.3
44,76,3,3.0,2307.3
44,76,4,9.0,2270.9
44,76,5,8.0,2613.8
44,76,6,7.0,4041.9
44,76,7,3.0,4684.0
44,76,8,1.0,3920.0
44,76,9,3.0,2498.3
44,76,10,4.0,2573.5
44,76,11,2.0,2720.0
44,76,13,1.0,4060.0
44,76,14,1.0,3909.0
44,76,15,1.0,5352.0
44,76,16,4.0,3843.5
44,76,18,1.0,2690.0
44,76,19,2.0,2373.0
44,76,20,2.0,2488.5
44,76,21,1.0,2134.0
44,77,2,1.0,3179.0
44,77,6,2.0,2983.0
44,77,8,2.0,3717.0
44,77,10,1.0,2955.0
44,77,12,1.0,1799.0
44,77,13,2.0,1841.0
44,77,14,1.0,1760.0
44,77,15,1.0,2293.0
44,77,20,1.0,2692.0
45,6,10,2.0,2329.0
45,6,20,2.0,1908.5
45,7,0,1.0,1459.0
45,8,0,1.0,2115.0
45,8,5,4.0,1899.0
45,8,6,6.0,2252.0
45,8,7,7.0,3458.9
45,8,8,8.0,2463.8
45,8,9,4.0,2506.5
45,8,10,9.0,1970.0
45,8,11,8.0,2358.2
45,8,12,14.0,2288.4
45,8,13,6.0,2041.0
45,8,14,3.0,2348.7
45,8,15,6.0,2583.7
45,8,16,3.0,2790.7
45,8,17,4.0,2568.5
45,8,18,4.0,1788.0
45,8,19,5.0,1891.4
45,8,20,3.0,1934.3
45,8,22,4.0,2102.8
45,8,23,4.0,2002.0
45,14,0,1.0,2034.0
45,14,17,3.0,3722.7
45,14,18,2.0,2852.0
45,14,19,2.0,2210.5
45,14,21,1.0,2021.0
45,14,23,1.0,2999.0
45,21,8,1.0,3487.0
45,21,18,1.0,2748.0
45,21,20,1.0,2945.0
45,22,6,1.0,2038.0
45,22,13,1.0,1876.0
45,22,15,1.0,2035.0
45,22,20,1.0,1421.0
45,23,0,1.0,2746.0
45,23,13,1.0,2258.0
45,25,2,1.0,1741.0
45,25,9,1.0,2098.0
45,25,15,1.0,2339.0
45,25,17,1.0,4401.0
45,25,19,1.0,2671.0
45,25,20,1.0,3086.0
45,25,21,1.0,2623.0
45,26,6,1.0,2149.0
45,26,8,1.0,2678.0
45,26,15,1.0,3327.0
45,27,13,1.0,1764.0
45,27,14,1.0,1626.0
45,27,15,1.0,2091.0
45,28,1,1.0,1115.0
45,28,2,1.0,1147.0
45,28,3,1.0,1312.0
45,28,4,3.0,1610.7
45,28,5,10.0,1505.8
45,29,2,1.0,1502.0
45,29,5,3.0,1937.3
45,29,6,2.0,1947.5
45,29,8,1.0,2226.0
45,29,9,1.0,1942.0
45,29,10,1.0,2037.0
45,29,13,1.0,2512.0
45,29,15,2.0,3030.0
45,29,16,2.0,3320.5
45,29,17,1.0,3022.0
45,30,6,1.0,1942.0
45,30,8,1.0,2046.0
45,31,0,1.0,1128.0
45,31,3,1.0,1273.0
45,31,5,1.0,1234.0
45,31,6,9.0,1443.0
45,31,7,1.0,1441.0
45,31,9,1.0,1796.0
45,31,12,1.0,1706.0
45,31,13,2.0,1371.5
45,31,14,1.0,2465.0
45,31,15,3.0,1615.7
45,31,20,1.0,1652.0
45,31,21,3.0,2038.7
45,31,22,1.0,1189.0
45,32,4,4.0,1470.8
45,32,5,5.0,1331.2
45,32,6,20.0,2139.0
45,32,7,2.0,1779.5
45,32,8,1.0,2986.0
45,32,9,4.0,1895.5
45,32,10,6.0,1835.8
45,32,11,4.0,1494.8
45,32,12,4.0,1622.5
45,32,13,7.0,1674.9
45,32,14,3.0,2094.7
45,32,22,2.0,1719.5
45,32,23,1.0,1624.0
45,33,1,1.0,1305.0
45,33,2,1.0,1344.0
45,33,5,1.0,1101.0
45,33,7,3.0,1655.7
45,33,8,2.0,1575.0
45,33,10,5.0,1237.2
45,33,11,1.0,1753.0
45,33,13,1.0,1324.0
45,33,15,5.0,1681.0
45,33,18,2.0,1310.0
45,33,20,2.0,1221.0
45,33,21,2.0,1143.0
45,33,22,3.0,1473.3
45,33,23,4.0,1390.0
45,34,0,1.0,1078.0
45,34,7,1.0,1606.0
45,34,17,1.0,1317.0
45,34,23,3.0,1131.0
45,35,2,1.0,1382.0
45,35,3,1.0,1094.0
45,35,4,1.0,1475.0
45,35,8,3.0,2215.7
45,35,9,1.0,2023.0
45,35,10,1.0,1155.0
45,35,12,2.0,1340.0
45,35,13,3.0,1121.0
45,35,14,11.0,1132.7
45,35,16,2.0,1559.5
45,35,18,2.0,1340.0
45,35,19,5.0,1315.0
45,35,20,1.0,1540.0
45,35,21,2.0,1009.5
45,36,3,2.0,1050.0
45,36,7,1.0,1115.0
45,36,8,1.0,1234.0
45,36,9,1.0,1001.0
45,36,11,1.0,1324.0
45,36,13,1.0,1364.0
45,36,14,2.0,1058.5
45,36,15,1.0,981.0
45,36,16,1.0,1047.0
45,36,18,1.0,1822.0
45,36,21,2.0,1215.5
45,38,0,1.0,873.0
45,38,2,1.0,908.0
45,38,6,5.0,1270.0
45,38,7,4.0,1601.2
45,38,8,3.0,1180.3
45,38,9,3.0,1242.7
45,38,10,1.0,1173.0
45,38,11,2.0,1678.0
45,38,12,7.0,2508.9
45,38,13,2.0,1348.5
45,38,14,3.0,997.3
45,38,15,4.0,1423.8
45,38,16,1.0,1228.0
45,38,17,2.0,1392.0
45,38,18,4.0,1202.8
45,38,19,6.0,1160.7
45,38,20,3.0,1440.3
45,38,21,2.0,878.5
45,38,22,4.0,960.2
45,38,23,7.0,1105.3
45,39,0,1.0,1058.0
45,39,1,1.0,829.0
45,39,2,1.0,1020.0
45,39,7,7.0,1312.0
45,39,8,11.0,1304.5
45,39,9,2.0,1415.0
45,39,10,2.0,1105.0
45,39,11,2.0,1143.5
45,39,12,2.0,925.5
45,39,14,2.0,1087.5
45,39,15,2.0,1012.0
45,39,16,3.0,1608.7
45,39,17,4.0,1053.5
45,39,18,2.0,1303.0
45,39,19,4.0,1075.5
45,39,20,2.0,1048.0
45,39,21,3.0,954.0
45,39,22,2.0,1007.0
45,39,23,1.0,759.0
45,40,0,1.0,877.0
45,41,0,3.0,983.3
45,41,2,1.0,695.0
45,41,6,5.0,870.8
45,41,7,21.0,1160.8
45,41,8,33.0,1195.7
45,41,9,16.0,999.4
45,41,10,7.0,964.3
45,41,11,2.0,1077.0
45,41,12,14.0,867.6
45,41,13,4.0,931.2
45,41,14,9.0,949.1
45,41,15,7.0,871.0
45,41,16,7.0,1019.6
45,41,17,3.0,1282.7
45,41,18,5.0,1237.4
45,41,19,3.0,929.7
45,41,21,4.0,1068.5
45,41,22,2.0,1210.0
45,41,23,4.0,761.2
45,42,0,4.0,829.8
45,42,1,2.0,550.5
45,42,2,2.0,872.5
45,42,3,1.0,494.0
45,42,4,2.0,614.5
45,42,5,1.0,805.0
45,42,6,6.0,884.5
45,42,7,3.0,997.7
45,42,8,16.0,819.1
45,42,9,11.0,635.8
45,42,10,4.0,823.5
45,42,11,2.0,643.5
45,42,12,10.0,695.1
45,42,13,5.0,756.8
45,42,14,6.0,912.7
45,42,15,6.0,906.5
45,42,16,16.0,859.2
45,42,17,9.0,905.7
45,42,18,12.0,838.8
45,42,19,8.0,746.4
45,42,20,8.0,676.0
45,42,21,3.0,700.7
45,42,22,10.0,826.3
45,42,23,6.0,684.0
45,43,0,6.0,470.3
45,43,1,7.0,437.7
45,43,2,4.0,480.8
45,43,3,1.0,485.0
45,43,4,6.0,366.7
45,43,5,1.0,293.0
45,43,6,6.0,281.3
45,43,7,11.0,545.0
45,43,8,12.0,494.4
45,43,9,11.0,434.1
45,43,10,12.0,468.2
45,43,11,15.0,640.1
45,43,12,16.0,517.9
45,43,13,10.0,459.1
45,43,14,22.0,526.5
45,43,15,19.0,543.8
45,43,16,24.0,648.7
45,43,17,25.0,615.8
45,43,18,28.0,638.8
45,43,19,18.0,628.0
45,43,20,10.0,505.1
45,43,21,12.0,1002.9
45,43,22,10.0,538.1
45,43,23,11.0,477.0
45,44,0,4.0,322.2
45,44,1,3.0,365.0
45,44,3,1.0,738.0
45,44,4,5.0,300.8
45,44,5,2.0,339.0
45,44,6,4.0,603.0
45,44,7,24.0,647.5
45,44,8,21.0,685.6
45,44,9,15.0,518.9
45,44,10,19.0,504.1
45,44,11,17.0,548.2
45,44,12,13.0,615.4
45,44,13,15.0,574.9
45,44,14,11.0,579.5
45,44,15,25.0,629.5
45,44,16,25.0,700.2
45,44,17,31.0,575.2
45,44,18,16.0,582.3
45,44,19,13.0,553.4
45,44,20,15.0,563.6
45,44,21,15.0,491.8
45,44,22,4.0,519.0
45,44,23,5.0,331.6
45,45,0,1.0,166.0
45,45,1,2.0,229.5
45,45,2,1.0,104.0
45,45,3,1.0,601.0
45,45,4,1.0,230.0
45,45,5,3.0,155.3
45,46,0,10.0,409.2
45,46,1,4.0,370.2
45,46,2,4.0,603.8
45,46,4,2.0,427.5
45,46,5,1.0,210.0
45,46,6,5.0,268.8
45,46,7,11.0,438.5
45,46,8,18.0,497.6
45,46,9,5.0,429.8
45,46,10,6.0,396.3
45,46,11,3.0,605.0
45,46,12,9.0,511.2
45,46,13,9.0,393.6
45,46,14,10.0,390.2
45,46,15,12.0,421.6
45,46,16,4.0,315.2
45,46,17,7.0,550.1
45,46,18,11.0,493.6
45,46,19,6.0,574.0
45,46,20,5.0,398.4
45,46,21,7.0,496.0
45,46,22,3.0,416.7
45,46,23,9.0,394.3
45,47,4,4.0,286.0
45,47,5,2.0,357.5
45,47,6,3.0,373.0
45,48,0,3.0,535.3
45,48,1,1.0,401.0
45,48,2,2.0,346.0
45,48,4,1.0,248.0
45,48,7,3.0,373.7
45,48,8,6.0,346.8
45,48,9,12.0,328.3
45,48,10,6.0,390.3
45,48,11,3.0,276.3
45,48,12,13.0,301.2
45,48,13,5.0,263.2
45,48,14,3.0,374.3
45,48,15,5.0,430.8
45,48,16,12.0,392.7
45,48,17,8.0,352.6
45,48,18,10.0,366.1
45,48,19,13.0,345.6
45,48,20,3.0,431.3
45,48,21,3.0,499.3
45,48,22,8.0,391.0
45,48,23,6.0,253.3
45,49,3,1.0,1139.0
45,50,6,7.0,406.6
45,50,7,1.0,705.0
45,50,8,9.0,515.2
45,50,9,8.0,749.5
45,50,10,5.0,705.6
45,50,11,6.0,716.0
45,50,12,3.0,568.0
45,50,14,2.0,743.0
45,50,15,11.0,964.3
45,50,16,2.0,1213.0
45,50,17,4.0,751.0
45,50,18,5.0,1230.4
45,50,19,4.0,1000.0
45,50,20,1.0,557.0
45,50,21,1.0,475.0
45,51,0,2.0,908.5
45,51,1,5.0,698.6
45,51,3,3.0,640.0
45,51,4,2.0,575.5
45,51,5,5.0,973.8
45,51,9,5.0,433.0
45,51,10,3.0,1365.3
45,51,11,1.0,646.0
45,51,12,1.0,461.0
45,51,13,4.0,547.8
45,51,14,1.0,1078.0
45,51,15,5.0,852.8
45,51,16,3.0,727.0
45,51,17,1.0,919.0
45,51,18,3.0,516.7
45,51,19,5.0,755.8
45,51,20,4.0,765.8
45,51,21,4.0,593.2
45,51,22,2.0,692.5
45,51,23,7.0,769.6
45,52,7,1.0,1213.0
45,52,12,1.0,620.0
45,52,13,1.0,621.0
45,52,14,1.0,854.0
45,52,17,2.0,979.5
45,52,19,1.0,1130.0
45,52,22,1.0,865.0
45,53,0,2.0,1044.5
45,53,1,2.0,1561.5
45,53,2,1.0,1999.0
45,53,3,1.0,891.0
45,54,0,1.0,577.0
45,55,3,1.0,992.0
45,55,5,2.0,982.5
45,55,17,1.0,1985.0
45,56,3,4.0,1847.2
45,56,4,1.0,1911.0
45,57,8,1.0,2725.0
45,58,13,1.0,1841.0
45,59,5,1.0,1364.0
45,60,11,1.0,1522.0
45,60,16,1.0,2440.0
45,61,6,3.0,1244.7
45,61,11,1.0,1162.0
45,61,13,2.0,1331.5
45,61,14,4.0,2097.0
45,61,15,2.0,1677.0
45,61,16,1.0,1324.0
45,61,17,1.0,1148.0
45,61,22,1.0,832.0
45,61,23,1.0,1937.0
45,62,10,1.0,1749.0
45,62,13,2.0,2179.0
45,62,17,1.0,2183.0
45,63,13,1.0,1964.0
45,63,15,1.0,1853.0
45,63,23,1.0,1834.0
45,64,6,2.0,2110.0
45,65,9,1.0,2760.0
45,65,11,1.0,1767.0
45,65,17,1.0,2265.0
45,65,18,3.0,2389.0
45,66,5,1.0,1690.0
45,68,0,2.0,982.0
45,68,4,2.0,754.0
45,68,7,2.0,1587.0
45,68,8,6.0,1285.8
45,68,9,3.0,878.3
45,68,10,9.0,1033.9
45,68,11,3.0,1052.7
45,68,12,7.0,929.1
45,68,13,3.0,795.3
45,68,14,1.0,1321.0
45,68,15,3.0,1072.0
45,68,16,3.0,1093.0
45,68,17,3.0,934.7
45,68,18,1.0,996.0
45,68,19,2.0,1046.0
45,68,20,3.0,1210.7
45,68,21,1.0,1139.0
45,68,22,2.0,981.5
45,68,23,2.0,926.0
45,69,0,3.0,606.7
45,69,2,3.0,387.7
45,69,3,1.0,634.0
45,69,4,1.0,287.0
45,69,5,4.0,416.5
45,69,6,7.0,516.0
45,69,7,4.0,571.2
45,69,9,19.0,524.2
45,69,10,9.0,586.6
45,69,11,4.0,392.0
45,69,12,11.0,515.8
45,69,13,5.0,541.2
45,69,14,7.0,460.0
45,69,15,4.0,654.2
45,69,17,1.0,648.0
45,69,18,6.0,689.0
45,69,19,2.0,499.0
45,69,20,5.0,589.2
45,69,21,12.0,564.8
45,69,22,9.0,521.1
45,69,23,10.0,430.2
45,70,8,1.0,1709.0
45,70,10,1.0,1736.0
45,70,15,1.0,1321.0
45,70,16,1.0,2272.0
45,70,18,1.0,1375.0
45,70,21,1.0,1861.0
45,71,1,1.0,1472.0
45,71,2,2.0,709.5
45,72,7,5.0,1572.0
45,72,8,3.0,1230.0
45,72,9,7.0,1126.3
45,72,10,1.0,1396.0
45,72,11,2.0,1258.5
45,72,13,3.0,1236.3
45,72,14,1.0,1112.0
45,72,20,1.0,1023.0
45,72,21,1.0,864.0
45,72,23,3.0,875.3
45,73,1,1.0,1022.0
45,73,4,1.0,904.0
45,75,9,1.0,1170.0
45,75,10,1.0,918.0
45,75,13,2.0,962.5
45,75,14,1.0,1192.0
45,75,15,2.0,1511.5
45,75,16,1.0,1063.0
45,75,17,2.0,1974.5
45,75,18,1.0,1321.0
45,75,19,1.0,1030.0
45,75,21,2.0,817.5
45,75,22,1.0,981.0
45,76,0,1.0,2331.0
45,76,3,3.0,2643.7
45,76,4,3.0,2235.0
45,76,5,2.0,2604.0
45,76,6,2.0,4142.0
45,76,9,1.0,3562.0
45,76,15,1.0,4645.0
45,76,16,1.0,4545.0
46,1,4,1.0,1852.0
46,1,7,1.0,3268.0
46,1,8,4.0,3471.2
46,1,11,3.0,2901.0
46,1,12,1.0,2146.0
46,1,18,2.0,2728.5
46,1,22,1.0,3275.0
46,3,2,2.0,2294.0
46,3,3,2.0,2002.5
46,3,5,1.0,2948.0
46,3,6,1.0,2210.0
46,3,7,2.0,2359.5
46,3,9,5.0,2550.8
46,3,10,1.0,2439.0
46,3,14,2.0,2800.5
46,3,18,1.0,1791.0
46,3,20,1.0,3461.0
46,3,22,1.0,1961.0
46,5,6,6.0,2481.8
46,5,9,1.0,2281.0
46,5,10,2.0,2647.0
46,6,3,1.0,1683.0
46,6,4,1.0,2305.0
46,6,5,3.0,2819.7
46,6,6,4.0,2407.0
46,6,7,2.0,2938.0
46,6,8,3.0,2435.0
46,6,9,2.0,2109.5
46,6,10,3.0,1751.7
46,6,11,1.0,2320.0
46,6,13,2.0,2360.0
46,6,14,2.0,2334.5
46,6,15,1.0,3273.0
46,6,16,1.0,2569.0
46,6,17,1.0,3533.0
46,6,18,1.0,2986.0
46,6,21,1.0,1757.0
46,6,23,1.0,1622.0
46,7,5,3.0,1992.7
46,7,6,3.0,1919.0
46,7,7,1.0,2169.0
46,7,9,1.0,2133.0
46,7,10,10.0,2211.0
46,7,11,1.0,2300.0
46,7,13,1.0,2138.0
46,7,14,2.0,2089.5
46,7,18,1.0,1922.0
46,7,21,1.0,2539.0
46,7,22,1.0,1498.0
46,8,1,1.0,1339.0
46,8,3,1.0,1701.0
46,8,4,2.0,1199.0
46,8,5,8.0,1906.4
46,10,23,1.0,2368.0
46,13,6,1.0,4422.0
46,13,7,2.0,4226.0
46,13,8,1.0,2893.0
46,14,14,1.0,4114.0
46,14,19,1.0,2671.0
46,15,3,1.0,1810.0
46,16,20,1.0,2169.0
46,17,18,1.0,5339.0
46,17,21,1.0,2929.0
46,20,4,1.0,1918.0
46,20,7,1.0,3195.0
46,20,12,1.0,3828.0
46,21,0,1.0,1378.0
46,21,9,1.0,2048.0
46,22,4,3.0,1299.7
46,23,0,8.0,1763.1
46,23,2,2.0,2317.0
46,23,6,1.0,3811.0
46,23,13,1.0,2039.0
46,23,14,1.0,2126.0
46,23,23,1.0,1857.0
46,24,0,4.0,1828.5
46,24,8,4.0,3036.0
46,24,9,2.0,2328.5
46,24,11,1.0,1857.0
46,24,12,4.0,2169.5
46,24,13,4.0,2304.0
46,24,14,2.0,1975.5
46,24,15,1.0,1995.0
46,24,16,2.0,2817.5
46,24,17,3.0,3061.7
46,24,18,1.0,3259.0
46,24,19,1.0,1786.0
46,24,21,2.0,1380.0
46,24,22,1.0,1560.0
46,25,3,1.0,1603.0
46,25,4,1.0,1475.0
46,26,9,2.0,2332.5
46,26,11,2.0,1964.5
46,26,12,1.0,1601.0
46,26,13,1.0,1857.0
46,26,14,2.0,2657.0
46,26,18,1.0,2191.0
46,26,19,1.0,2457.0
46,26,22,1.0,2304.0
46,26,23,1.0,1815.0
46,27,4,1.0,1567.0
46,27,21,1.0,1456.0
46,27,23,1.0,2539.0
46,28,0,1.0,2295.0
46,28,1,4.0,1681.8
46,28,2,2.0,1893.5
46,28,3,5.0,1392.2
46,28,4,9.0,1508.2
46,28,5,20.0,1636.0
46,30,4,3.0,1399.0
46,30,6,2.0,1533.5
46,30,8,2.0,2287.5
46,30,9,1.0,3048.0
46,30,12,2.0,2138.0
46,30,13,2.0,2035.0
46,30,14,1.0,3053.0
46,30,16,1.0,2639.0
46,30,17,1.0,2311.0
46,30,18,1.0,2181.0
46,30,19,1.0,1977.0
46,30,20,2.0,2134.0
46,30,22,1.0,1497.0
46,30,23,1.0,1621.0
46,31,0,1.0,2361.0
46,31,5,2.0,2014.5
46,31,6,2.0,1424.5
46,31,9,1.0,1444.0
46,31,11,1.0,1549.0
46,31,12,2.0,1180.0
46,31,13,2.0,2129.0
46,31,19,1.0,1328.0
46,32,1,1.0,1436.0
46,32,2,8.0,1521.0
46,32,3,3.0,1211.3
46,32,4,26.0,1734.8
46,32,5,22.0,1601.3
46,32,6,19.0,2070.9
46,32,23,1.0,1340.0
46,34,6,1.0,1697.0
46,34,9,1.0,1418.0
46,34,10,1.0,2170.0
46,34,11,1.0,1444.0
46,34,12,1.0,1641.0
46,34,13,1.0,974.0
46,34,15,9.0,1506.6
46,34,16,3.0,1478.3
46,34,18,1.0,1378.0
46,34,19,1.0,1192.0
46,34,21,1.0,1618.0
46,34,22,1.0,1594.0
46,35,0,2.0,1106.0
46,35,4,1.0,931.0
46,35,6,7.0,1293.3
46,35,7,6.0,1602.5
46,35,8,4.0,1389.8
46,35,9,4.0,1381.0
46,35,10,2.0,1997.0
46,35,11,5.0,1247.2
46,35,12,2.0,1372.0
46,35,13,5.0,1139.6
46,35,14,5.0,1699.2
46,35,15,3.0,1192.3
46,35,16,3.0,1533.7
46,35,17,4.0,1331.8
46,35,18,5.0,1352.2
46,35,19,6.0,1253.5
46,35,20,2.0,1197.5
46,35,21,3.0,1220.0
46,35,22,2.0,1131.5
46,36,5,5.0,810.4
46,36,6,1.0,937.0
46,36,8,2.0,2034.5
46,36,9,2.0,1745.0
46,36,10,2.0,1225.5
46,36,11,2.0,981.5
46,36,13,2.0,2174.5
46,36,14,1.0,997.0
46,36,15,1.0,1884.0
46,36,16,1.0,1440.0
46,36,18,1.0,968.0
46,36,19,1.0,1135.0
46,36,21,1.0,989.0
46,36,22,1.0,930.0
46,37,1,1.0,1027.0
46,38,0,3.0,1499.0
46,38,1,1.0,1238.0
46,38,2,1.0,1038.0
46,38,3,5.0,1153.2
46,38,4,1.0,1348.0
46,38,6,6.0,1422.8
46,38,7,9.0,1377.2
46,38,8,9.0,1476.1
46,38,9,10.0,1287.6
46,38,10,3.0,1306.3
46,38,11,4.0,1323.0
46,38,12,3.0,1069.0
46,38,13,4.0,1375.0
46,38,14,11.0,1261.5
46,38,15,3.0,1272.0
46,38,16,7.0,1428.4
46,38,17,5.0,1594.0
46,38,18,10.0,1521.8
46,38,19,4.0,1499.2
46,38,20,3.0,1363.3
46,38,22,3.0,1373.3
46,38,23,1.0,1400.0
46,39,0,1.0,1873.0
46,39,2,1.0,1074.0
46,39,6,1.0,1094.0
46,39,7,15.0,1570.7
46,39,8,10.0,1608.2
46,39,9,7.0,1019.3
46,39,10,2.0,921.5
46,39,11,1.0,1081.0
46,39,12,3.0,1255.7
46,39,13,2.0,946.5
46,39,14,4.0,1386.5
46,39,15,2.0,1028.5
46,39,16,8.0,1440.1
46,39,17,4.0,1361.0
46,39,18,1.0,1051.0
46,39,19,3.0,1287.3
46,39,20,1.0,1463.0
46,39,21,3.0,1275.3
46,39,22,2.0,803.0
46,39,23,1.0,885.0
46,40,1,2.0,810.0
46,40,3,1.0,1756.0
46,41,0,1.0,790.0
46,41,2,3.0,906.3
46,41,4,1.0,619.0
46,41,5,8.0,886.0
46,41,6,8.0,1097.9
46,41,7,10.0,1289.6
46,41,8,17.0,1118.5
46,41,9,13.0,1018.0
46,41,10,18.0,1159.6
46,41,11,9.0,967.0
46,41,12,16.0,1066.5
46,41,13,7.0,1053.9
46,41,14,13.0,1292.8
46,41,15,13.0,1216.8
46,41,16,14.0,1082.7
46,41,17,11.0,1221.5
46,41,18,10.0,1298.4
46,41,19,7.0,1098.4
46,41,20,6.0,1023.7
46,41,21,7.0,1109.6
46,41,22,6.0,1086.0
46,41,23,4.0,1053.2
46,42,0,4.0,761.0
46,42,1,1.0,938.0
46,42,2,2.0,800.5
46,42,3,1.0,1587.0
46,42,5,2.0,743.0
46,42,6,1.0,679.0
46,42,7,20.0,993.4
46,42,8,8.0,1030.5
46,42,9,7.0,970.4
46,42,10,9.0,879.8
46,42,11,4.0,741.2
46,42,12,7.0,923.0
46,42,13,5.0,891.8
46,42,14,8.0,670.8
46,42,15,7.0,930.9
46,42,16,10.0,938.4
46,42,17,5.0,1095.4
46,42,18,4.0,762.2
46,42,19,8.0,767.2
46,42,20,5.0,730.0
46,42,21,10.0,900.4
46,42,22,6.0,756.3
46,42,23,1.0,1166.0
46,43,0,22.0,465.4
46,43,1,18.0,468.5
46,43,2,10.0,360.2
46,43,3,8.0,429.8
46,43,4,5.0,504.8
46,43,5,2.0,361.0
46,43,6,23.0,378.0
46,43,7,49.0,477.8
46,43,8,63.0,552.9
46,43,9,40.0,451.2
46,43,10,46.0,389.6
46,43,11,20.0,483.9
46,43,12,49.0,441.0
46,43,13,34.0,510.5
46,43,14,37.0,528.1
46,43,15,57.0,571.4
46,43,16,63.0,552.3
46,43,17,45.0,543.2
46,43,18,51.0,574.1
46,43,19,44.0,549.6
46,43,20,39.0,529.4
46,43,21,38.0,435.7
46,43,22,30.0,522.7
46,43,23,25.0,489.6
46,44,1,3.0,744.0
46,44,2,5.0,659.0
46,44,3,7.0,802.9
46,44,4,8.0,682.9
46,45,0,6.0,259.3
46,45,1,3.0,360.7
46,45,2,4.0,402.0
46,45,3,1.0,348.0
46,45,4,1.0,439.0
46,45,5,1.0,387.0
46,46,1,8.0,272.6
46,46,2,9.0,315.3
46,46,3,1.0,576.0
46,46,4,4.0,465.0
46,47,3,1.0,378.0
46,47,4,1.0,686.0
46,47,5,8.0,586.6
46,47,6,4.0,523.2
46,47,7,2.0,698.5
46,47,8,11.0,644.2
46,47,9,2.0,776.0
46,47,10,1.0,962.0
46,47,12,1.0,745.0
46,47,13,2.0,595.0
46,47,15,3.0,968.3
46,47,17,4.0,646.8
46,47,18,2.0,880.0
46,47,20,1.0,815.0
46,48,0,5.0,513.6
46,48,1,2.0,488.0
46,48,2,1.0,457.0
46,48,3,2.0,347.5
46,48,4,2.0,395.5
46,48,6,8.0,410.6
46,48,7,10.0,422.9
46,48,8,15.0,460.2
46,48,9,10.0,497.6
46,48,10,17.0,488.8
46,48,11,10.0,522.1
46,48,12,7.0,465.4
46,48,13,16.0,456.8
46,48,14,18.0,467.9
46,48,15,17.0,507.3
46,48,16,13.0,435.6
46,48,17,15.0,446.0
46,48,18,12.0,755.8
46,48,19,13.0,387.8
46,48,20,7.0,446.3
46,48,21,10.0,317.7
46,48,23,6.0,444.8
46,49,0,5.0,1109.8
46,49,1,1.0,1126.0
46,49,2,3.0,1091.0
46,49,3,1.0,984.0
46,49,5,4.0,988.0
46,49,6,2.0,1047.0
46,49,11,1.0,1200.0
46,49,20,1.0,1078.0
46,49,22,2.0,1145.5
46,49,23,2.0,1074.5
46,51,0,5.0,657.4
46,51,1,4.0,545.2
46,51,2,3.0,487.7
46,51,4,1.0,316.0
46,51,5,9.0,933.6
46,52,1,9.0,596.9
46,53,0,3.0,1463.0
46,53,1,1.0,899.0
46,53,2,1.0,1512.0
46,53,6,2.0,1489.5
46,53,7,1.0,1369.0
46,53,8,3.0,1503.0
46,53,9,2.0,1454.5
46,53,10,2.0,1381.0
46,53,11,1.0,1614.0
46,53,13,3.0,1354.7
46,53,15,2.0,1557.5
46,53,16,4.0,1880.5
46,53,17,5.0,1596.6
46,53,18,4.0,1597.8
46,53,19,1.0,1499.0
46,53,20,3.0,1691.0
46,53,21,2.0,1438.5
46,53,22,4.0,1320.2
46,53,23,5.0,1300.0
46,54,5,2.0,1116.5
46,55,5,1.0,996.0
46,55,6,1.0,1273.0
46,55,9,1.0,1456.0
46,55,12,6.0,1118.8
46,55,13,3.0,1155.7
46,55,14,2.0,1254.5
46,55,15,4.0,1770.0
46,55,16,1.0,1144.0
46,55,17,3.0,1522.7
46,55,18,2.0,1266.0
46,55,19,2.0,1114.5
46,55,22,1.0,1097.0
46,55,23,1.0,1030.0
46,56,3,2.0,2144.0
46,56,4,4.0,1894.0
46,57,6,1.0,2906.0
46,57,10,1.0,1531.0
46,57,11,1.0,1860.0
46,57,13,2.0,1719.5
46,57,20,1.0,1599.0
46,58,3,1.0,1292.0
46,58,4,1.0,1510.0
46,58,7,1.0,2721.0
46,58,9,2.0,1878.0
46,58,11,1.0,1748.0
46,58,12,1.0,1393.0
46,58,14,1.0,1888.0
46,58,15,1.0,2060.0
46,58,16,1.0,3430.0
46,58,18,1.0,2667.0
46,58,23,1.0,2015.0
46,59,5,9.0,1431.8
46,60,2,1.0,1456.0
46,63,4,1.0,1564.0
46,63,13,1.0,1977.0
46,63,14,2.0,2633.0
46,63,15,1.0,2694.0
46,63,18,1.0,2520.0
46,64,4,1.0,2530.0
46,66,1,4.0,1555.2
46,66,2,1.0,1282.0
46,66,3,1.0,1752.0
46,66,4,1.0,2057.0
46,66,6,1.0,1622.0
46,66,9,3.0,1763.0
46,66,10,3.0,1791.7
46,66,11,2.0,1630.5
46,66,12,3.0,1856.3
46,66,13,3.0,1636.7
46,66,14,2.0,1905.0
46,66,15,1.0,1923.0
46,66,16,6.0,2288.3
46,66,17,1.0,1568.0
46,66,18,4.0,2028.0
46,66,19,2.0,1707.0
46,66,20,1.0,1996.0
46,66,21,1.0,2341.0
46,66,22,2.0,1419.5
46,66,23,1.0,1678.0
46,67,0,1.0,1139.0
46,67,2,1.0,1147.0
46,67,7,3.0,1978.0
46,67,8,3.0,1202.0
46,67,9,3.0,1386.7
46,67,10,3.0,1408.0
46,67,11,2.0,1715.5
46,67,12,4.0,1643.8
46,67,13,5.0,1778.2
46,67,14,4.0,1526.0
46,67,15,4.0,1619.0
46,67,16,3.0,1642.0
46,67,17,2.0,1698.5
46,67,18,3.0,1804.3
46,67,19,1.0,1450.0
46,67,20,1.0,1240.0
46,67,21,3.0,1384.7
46,67,22,1.0,1135.0
46,67,23,3.0,1265.0
46,68,0,1.0,1244.0
46,68,1,3.0,1072.7
46,68,2,2.0,1061.5
46,68,4,1.0,997.0
46,68,5,1.0,943.0
46,68,7,1.0,2115.0
46,68,10,4.0,1257.5
46,68,12,2.0,1659.5
46,68,14,1.0,1316.0
46,68,21,2.0,1056.0
46,68,22,2.0,862.0
46,68,23,3.0,1254.0
46,69,0,4.0,691.2
46,69,1,5.0,699.4
46,69,2,2.0,753.0
46,69,3,4.0,726.2
46,69,4,1.0,752.0
46,69,5,3.0,554.3
46,69,6,13.0,819.2
46,69,7,25.0,918.5
46,69,8,28.0,961.6
46,69,9,18.0,835.8
46,69,10,19.0,836.0
46,69,11,24.0,891.4
46,69,12,15.0,915.7
46,69,13,17.0,771.7
46,69,14,15.0,930.1
46,69,15,15.0,1096.1
46,69,16,15.0,1031.9
46,69,17,15.0,918.5
46,69,18,19.0,1008.7
46,69,19,16.0,932.8
46,69,20,13.0,838.8
46,69,21,11.0,762.2
46,69,22,14.0,692.1
46,69,23,6.0,601.8
46,70,2,1.0,1949.0
46,70,5,2.0,1775.5
46,71,0,9.0,1442.9
46,71,1,2.0,1082.5
46,71,2,2.0,1001.0
46,71,3,3.0,1128.7
46,71,4,3.0,1130.7
46,71,6,1.0,1294.0
46,71,23,1.0,1286.0
46,72,0,1.0,1340.0
46,72,3,2.0,1194.5
46,73,0,3.0,1230.3
46,73,1,1.0,673.0
46,73,2,1.0,580.0
46,73,4,3.0,1188.0
46,73,5,1.0,1097.0
46,73,6,4.0,1254.8
46,73,7,4.0,1463.0
46,73,8,5.0,1546.2
46,73,9,4.0,1770.2
46,73,10,3.0,1426.0
46,73,11,8.0,1220.1
46,73,12,2.0,1375.5
46,73,13,1.0,1301.0
46,73,14,3.0,1675.0
46,73,15,6.0,1396.8
46,73,16,2.0,1543.5
46,73,17,9.0,1698.6
46,73,18,6.0,1350.0
46,73,19,5.0,1573.8
46,73,20,2.0,1012.5
46,73,21,3.0,1691.3
46,73,22,7.0,1320.1
46,73,23,3.0,1373.0
46,74,3,1.0,1283.0
46,74,5,1.0,1333.0
46,75,6,3.0,1242.0
46,75,7,2.0,1119.0
46,75,8,2.0,1424.5
46,75,9,2.0,1201.5
46,75,10,2.0,1778.0
46,75,11,1.0,1213.0
46,75,12,4.0,1085.5
46,75,13,1.0,1580.0
46,75,14,1.0,2165.0
46,75,15,2.0,1158.0
46,75,16,7.0,1910.6
46,75,17,2.0,1204.5
46,75,18,3.0,1592.0
46,75,19,4.0,1562.2
46,75,21,4.0,1337.5
46,75,22,3.0,1363.3
46,75,23,1.0,1201.0
46,76,2,2.0,2761.5
46,76,3,1.0,3203.0
46,76,4,3.0,2132.3
46,76,5,2.0,3496.0
46,76,6,3.0,3962.0
46,76,7,3.0,4326.3
46,76,8,1.0,4695.0
46,76,10,1.0,2922.0
46,76,11,3.0,3411.7
46,76,12,1.0,4576.0
46,76,13,1.0,4040.0
46,76,14,1.0,5243.0
46,76,15,1.0,5281.0
46,76,16,2.0,5654.5
46,76,17,1.0,3596.0
46,76,20,1.0,2477.0
46,76,22,1.0,2986.0
47,1,16,2.0,3875.0
47,2,12,1.0,3928.0
47,8,5,2.0,2134.5
47,16,21,1.0,2250.0
47,19,19,1.0,2165.0
47,19,22,1.0,2066.0
47,22,1,1.0,2026.0
47,23,0,1.0,2328.0
47,25,6,3.0,2329.7
47,25,8,2.0,2701.5
47,25,9,1.0,2521.0
47,25,11,1.0,2068.0
47,25,22,1.0,1742.0
47,27,8,1.0,2316.0
47,27,12,1.0,1359.0
47,27,13,1.0,1949.0
47,28,2,1.0,1556.0
47,28,5,1.0,1418.0
47,28,6,2.0,1654.0
47,28,9,1.0,2111.0
47,29,0,1.0,1933.0
47,30,0,1.0,2112.0
47,30,12,1.0,2218.0
47,30,14,2.0,2919.0
47,30,15,2.0,2668.0
47,30,20,1.0,1182.0
47,31,1,1.0,943.0
47,31,10,1.0,1668.0
47,31,13,3.0,1846.3
47,31,15,2.0,1622.5
47,31,21,1.0,1169.0
47,32,4,10.0,1332.7
47,32,6,1.0,1639.0
47,32,8,4.0,2454.0
47,32,9,3.0,2581.7
47,32,10,2.0,2348.0
47,32,12,2.0,1512.0
47,32,14,1.0,1525.0
47,32,15,1.0,2147.0
47,32,16,1.0,1398.0
47,32,18,1.0,1401.0
47,32,22,1.0,1336.0
47,33,6,1.0,1070.0
47,33,8,1.0,1929.0
47,33,9,2.0,2143.0
47,33,11,1.0,1180.0
47,33,12,1.0,1065.0
47,33,14,2.0,1512.0
47,33,17,1.0,2249.0
47,33,21,1.0,1575.0
47,33,22,1.0,2004.0
47,35,2,1.0,988.0
47,35,3,1.0,1065.0
47,35,6,1.0,1294.0
47,35,7,8.0,1603.4
47,35,8,1.0,1417.0
47,35,9,1.0,1397.0
47,35,10,1.0,1024.0
47,35,11,1.0,1011.0
47,35,17,2.0,1693.5
47,35,19,1.0,2480.0
47,35,20,1.0,1143.0
47,38,7,3.0,1527.7
47,38,10,1.0,1030.0
47,38,11,2.0,1149.5
47,38,17,1.0,1346.0
47,38,18,1.0,1238.0
47,38,19,1.0,1344.0
47,39,3,1.0,972.0
47,39,6,1.0,1367.0
47,41,5,2.0,926.0
47,41,6,3.0,1137.7
47,41,8,2.0,1516.5
47,41,9,2.0,1130.0
47,41,10,1.0,1363.0
47,41,11,1.0,1713.0
47,41,12,2.0,1594.5
47,41,14,3.0,1377.3
47,41,15,3.0,1568.0
47,41,16,3.0,1729.3
47,41,17,2.0,1043.0
47,41,18,3.0,1247.0
47,41,19,1.0,1039.0
47,41,21,1.0,1262.0
47,41,22,1.0,908.0
47,42,0,1.0,786.0
47,42,5,1.0,589.0
47,42,6,3.0,785.3
47,42,10,1.0,1062.0
47,42,12,2.0,861.0
47,42,13,1.0,781.0
47,42,16,2.0,1101.0
47,42,17,1.0,813.0
47,42,19,1.0,702.0
47,42,20,1.0,829.0
47,42,21,2.0,797.5
47,42,22,5.0,764.2
47,43,2,2.0,629.0
47,43,5,1.0,788.0
47,43,6,1.0,621.0
47,43,7,2.0,1183.5
47,43,8,1.0,1053.0
47,43,9,1.0,955.0
47,43,10,4.0,700.5
47,43,11,3.0,668.7
47,43,13,3.0,954.3
47,43,14,9.0,1740.9
47,43,15,6.0,709.0
47,43,16,5.0,829.6
47,43,17,7.0,835.6
47,43,18,5.0,1152.0
47,43,19,3.0,821.7
47,43,20,5.0,1054.6
47,43,21,3.0,764.0
47,43,22,4.0,822.0
47,43,23,6.0,754.0
47,44,0,4.0,443.5
47,44,1,2.0,466.0
47,44,4,1.0,597.0
47,44,5,2.0,1334.0
47,44,6,8.0,1013.8
47,44,7,4.0,582.8
47,44,8,7.0,644.3
47,44,9,10.0,438.9
47,44,10,9.0,406.2
47,44,11,7.0,395.7
47,44,12,7.0,404.1
47,44,13,7.0,627.4
47,44,14,12.0,509.2
47,44,15,6.0,414.8
47,44,16,11.0,829.6
47,44,17,4.0,541.8
47,44,18,3.0,333.7
47,44,19,5.0,535.2
47,44,20,4.0,557.0
47,44,21,3.0,604.7
47,44,22,2.0,525.0
47,44,23,4.0,426.0
47,45,23,1.0,456.0
47,46,0,1.0,828.0
47,46,5,1.0,1167.0
47,46,6,1.0,976.0
47,46,8,1.0,583.0
47,46,9,1.0,495.0
47,46,10,2.0,643.0
47,46,12,1.0,699.0
47,46,13,4.0,649.5
47,46,14,3.0,588.0
47,46,15,8.0,641.9
47,46,16,4.0,712.2
47,46,17,2.0,658.5
47,46,18,1.0,438.0
47,46,19,1.0,639.0
47,46,21,2.0,514.5
47,46,23,1.0,684.0
47,47,0,1.0,1217.0
47,47,5,1.0,1389.0
47,47,7,2.0,1407.0
47,47,10,2.0,630.0
47,47,11,3.0,1062.7
47,47,12,1.0,241.0
47,47,14,2.0,1254.5
47,47,16,1.0,97.0
47,47,18,1.0,824.0
47,47,19,1.0,1786.0
47,47,20,2.0,584.5
47,47,21,1.0,1030.0
47,47,22,2.0,382.5
47,47,23,1.0,1910.0
47,48,0,4.0,277.0
47,48,7,2.0,428.0
47,48,8,2.0,613.5
47,48,9,2.0,937.0
47,48,10,6.0,214.7
47,48,11,2.0,358.5
47,48,13,3.0,339.7
47,48,14,2.0,290.5
47,48,15,1.0,457.0
47,48,16,1.0,305.0
47,48,17,1.0,434.0
47,48,18,2.0,709.0
47,48,19,1.0,546.0
47,48,20,6.0,474.0
47,48,21,1.0,899.0
47,48,22,2.0,477.5
47,48,23,1.0,331.0
47,49,0,3.0,649.7
47,49,1,4.0,746.0
47,49,2,3.0,740.7
47,49,3,1.0,757.0
47,49,4,2.0,952.5
47,49,5,8.0,336.5
47,49,6,3.0,430.0
47,49,7,11.0,484.8
47,49,8,12.0,430.1
47,49,9,2.0,903.0
47,49,10,7.0,620.0
47,49,11,3.0,413.7
47,49,12,5.0,564.0
47,49,13,2.0,508.5
47,49,14,2.0,480.5
47,49,15,8.0,554.0
47,49,16,11.0,642.2
47,49,17,8.0,813.0
47,49,18,4.0,548.8
47,49,19,1.0,258.0
47,49,20,2.0,538.5
47,49,21,3.0,599.3
47,49,22,4.0,796.5
47,49,23,1.0,651.0
47,50,1,1.0,904.0
47,51,0,1.0,526.0
47,51,5,3.0,1039.7
47,51,7,1.0,675.0
47,51,8,2.0,522.5
47,51,9,2.0,496.5
47,51,11,1.0,782.0
47,51,12,4.0,616.5
47,51,13,3.0,425.0
47,51,14,2.0,568.0
47,51,15,1.0,533.0
47,51,16,2.0,624.5
47,51,18,2.0,492.5
47,51,19,6.0,488.5
47,51,20,1.0,529.0
47,51,21,1.0,332.0
47,51,22,2.0,482.5
47,52,22,1.0,656.0
47,55,5,8.0,1169.2
47,56,5,1.0,2019.0
47,56,23,1.0,1369.0
47,57,3,1.0,1294.0
47,58,10,1.0,1671.0
47,58,14,3.0,1681.0
47,58,15,1.0,2127.0
47,61,5,1.0,1660.0
47,66,0,1.0,1305.0
47,66,9,1.0,1795.0
47,66,10,1.0,2033.0
47,66,11,1.0,1715.0
47,66,12,1.0,1786.0
47,66,14,2.0,2064.5
47,66,16,1.0,2042.0
47,66,18,3.0,2510.0
47,66,19,5.0,1877.6
47,66,23,1.0,1594.0
47,67,1,7.0,998.9
47,68,0,1.0,1231.0
47,68,8,3.0,1106.0
47,68,9,7.0,1100.7
47,68,11,1.0,997.0
47,68,12,1.0,1406.0
47,68,13,1.0,942.0
47,68,14,4.0,937.2
47,68,17,5.0,1030.0
47,68,18,2.0,1293.5
47,68,19,2.0,1112.5
47,68,20,1.0,738.0
47,68,21,2.0,839.0
47,68,22,1.0,997.0
47,69,1,1.0,653.0
47,69,2,1.0,661.0
47,69,5,1.0,590.0
47,69,7,2.0,570.0
47,69,8,2.0,847.0
47,69,9,2.0,820.5
47,69,10,1.0,1100.0
47,69,11,5.0,884.0
47,69,12,2.0,860.0
47,69,13,1.0,869.0
47,69,14,7.0,597.0
47,69,15,8.0,658.6
47,69,16,10.0,695.0
47,69,17,11.0,795.7
47,69,18,5.0,845.8
47,69,19,5.0,959.2
47,69,20,4.0,976.0
47,69,21,3.0,753.0
47,69,22,3.0,766.7
47,69,23,3.0,751.7
47,71,0,3.0,970.7
47,71,1,2.0,979.0
47,71,6,4.0,1036.8
47,71,7,1.0,1363.0
47,71,8,2.0,1348.0
47,71,9,2.0,784.5
47,71,10,2.0,810.5
47,71,11,2.0,1033.5
47,71,13,3.0,1168.7
47,71,14,2.0,1024.0
47,71,15,2.0,1156.0
47,71,16,4.0,1008.2
47,71,17,2.0,1039.5
47,71,18,5.0,1094.8
47,71,19,6.0,1002.7
47,71,20,2.0,759.0
47,71,21,1.0,848.0
47,71,22,2.0,904.0
47,71,23,5.0,782.2
47,73,8,3.0,673.3
47,73,9,1.0,556.0
47,73,11,1.0,1053.0
47,73,12,2.0,658.0
47,73,13,1.0,1092.0
47,73,14,2.0,585.5
47,73,16,1.0,1872.0
47,73,17,4.0,940.2
47,73,18,1.0,835.0
47,73,19,3.0,1268.3
47,73,20,3.0,939.7
47,73,21,1.0,1135.0
47,75,4,1.0,727.0
47,75,12,1.0,1165.0
47,76,4,1.0,2137.0
47,76,5,1.0,4001.0
47,76,15,1.0,5616.0
47,76,16,1.0,4885.0
47,76,18,1.0,2805.0
47,77,13,1.0,2547.0
47,77,20,1.0,3303.0
47,77,22,2.0,2425.0
48,2,12,1.0,2721.0
48,3,0,1.0,2455.0
48,3,10,1.0,2816.0
48,3,11,1.0,2141.0
48,3,12,1.0,2185.0
48,3,13,1.0,1788.0
48,3,21,1.0,1957.0
48,3,23,1.0,2871.0
48,4,21,2.0,2256.0
48,5,5,1.0,3160.0
48,5,6,1.0,2589.0
48,6,7,1.0,3527.0
48,6,8,1.0,2698.0
48,6,9,2.0,2131.0
48,6,10,3.0,2891.3
48,6,13,4.0,2430.8
48,6,14,2.0,2220.0
48,6,19,2.0,2693.5
48,6,20,2.0,2658.5
48,6,22,1.0,1953.0
48,6,23,1.0,1688.0
48,8,3,1.0,1463.0
48,8,4,1.0,1591.0
48,8,5,4.0,1772.0
48,16,4,5.0,1783.8
48,16,5,2.0,1889.5
48,16,7,1.0,3835.0
48,16,11,1.0,2585.0
48,16,19,1.0,2555.0
48,19,14,1.0,2439.0
48,22,7,3.0,2603.0
48,22,8,1.0,2759.0
48,22,9,2.0,2074.0
48,22,10,1.0,3570.0
48,22,22,1.0,1722.0
48,23,10,5.0,2337.8
48,23,11,2.0,2352.5
48,23,12,3.0,1961.0
48,23,13,1.0,2212.0
48,23,17,1.0,2311.0
48,23,18,1.0,2349.0
48,23,22,1.0,1987.0
48,23,23,1.0,1697.0
48,24,2,1.0,1429.0
48,24,5,2.0,1804.0
48,25,6,1.0,2417.0
48,25,9,1.0,2956.0
48,25,10,1.0,3099.0
48,25,11,1.0,2458.0
48,25,13,1.0,3853.0
48,25,19,1.0,2615.0
48,26,14,1.0,2181.0
48,27,6,1.0,2470.0
48,28,0,3.0,1111.7
48,28,1,2.0,1032.5
48,28,2,1.0,1247.0
48,28,4,1.0,1398.0
48,28,5,7.0,2083.6
48,28,6,14.0,2430.5
48,28,7,19.0,2345.5
48,28,8,15.0,2546.6
48,28,9,10.0,2032.9
48,28,10,4.0,2061.8
48,28,11,8.0,1805.6
48,28,12,4.0,1967.5
48,28,13,5.0,1760.0
48,28,14,10.0,1888.1
48,28,15,6.0,1925.0
48,28,16,4.0,2191.0
48,28,17,4.0,1734.2
48,28,18,2.0,1673.5
48,28,19,2.0,1572.0
48,28,20,2.0,2039.5
48,28,21,2.0,1549.5
48,28,22,2.0,1430.5
48,28,23,1.0,1583.0
48,29,4,1.0,1409.0
48,29,7,1.0,3576.0
48,29,8,1.0,2885.0
48,29,9,1.0,1814.0
48,29,14,1.0,2223.0
48,29,16,1.0,4191.0
48,29,18,1.0,2330.0
48,29,19,1.0,2910.0
48,29,21,1.0,1481.0
48,29,23,1.0,1440.0
48,30,5,1.0,1722.0
48,30,6,1.0,1440.0
48,32,0,1.0,1486.0
48,32,1,1.0,1207.0
48,32,3,1.0,1656.0
48,32,4,6.0,1476.3
48,32,5,1.0,2079.0
48,32,6,8.0,2228.2
48,32,7,46.0,2276.8
48,32,8,14.0,2480.3
48,32,9,16.0,1924.7
48,32,10,11.0,1927.2
48,32,11,9.0,2122.4
48,32,12,1.0,2181.0
48,32,13,6.0,2030.5
48,32,14,4.0,1742.8
48,32,15,4.0,1981.0
48,32,16,5.0,2662.2
48,32,17,6.0,1941.5
48,32,18,3.0,2339.7
48,32,19,2.0,1353.0
48,32,20,6.0,1784.0
48,32,21,1.0,1624.0
48,32,22,1.0,1373.0
48,32,23,7.0,1593.9
48,33,7,1.0,1778.0
48,33,8,1.0,1470.0
48,33,9,3.0,1480.0
48,33,10,1.0,1212.0
48,33,11,4.0,1322.8
48,33,12,1.0,1612.0
48,33,13,4.0,1404.8
48,33,14,1.0,1498.0
48,33,15,3.0,1522.0
48,33,16,1.0,1282.0
48,33,17,1.0,1236.0
48,33,19,1.0,1126.0
48,33,20,2.0,1457.5
48,33,23,1.0,969.0
48,34,0,1.0,1579.0
48,34,7,1.0,1174.0
48,34,13,3.0,1201.7
48,34,15,1.0,1055.0
48,34,17,1.0,1736.0
48,34,18,1.0,3585.0
48,35,1,1.0,896.0
48,35,2,1.0,849.0
48,36,0,1.0,1702.0
48,36,1,1.0,1009.0
48,36,7,1.0,1454.0
48,36,10,1.0,1058.0
48,36,11,1.0,1636.0
48,36,13,1.0,1675.0
48,36,20,2.0,1154.5
48,36,22,1.0,1054.0
48,36,23,1.0,966.0
48,38,0,3.0,1262.3
48,38,2,1.0,1074.0
48,38,7,1.0,1815.0
48,38,8,3.0,1456.3
48,38,9,2.0,1466.5
48,38,10,3.0,1073.7
48,38,11,2.0,1064.5
48,38,12,2.0,1425.0
48,38,15,1.0,1636.0
48,38,16,3.0,1613.7
48,38,17,2.0,910.5
48,38,18,3.0,1602.7
48,38,19,2.0,1149.5
48,38,20,3.0,1308.7
48,38,21,2.0,1331.0
48,38,22,1.0,1086.0
48,38,23,4.0,1254.8
48,39,1,2.0,971.0
48,40,0,1.0,1046.0
48,40,1,2.0,1376.0
48,40,2,1.0,1410.0
48,41,0,1.0,880.0
48,41,1,2.0,1011.0
48,41,6,4.0,1203.0
48,41,7,11.0,1430.6
48,41,8,22.0,1248.8
48,41,9,10.0,1137.8
48,41,10,6.0,1202.0
48,41,11,11.0,1291.1
48,41,12,6.0,1141.3
48,41,13,5.0,1038.6
48,41,14,9.0,1197.0
48,41,15,13.0,1204.1
48,41,16,10.0,1243.3
48,41,17,13.0,1431.6
48,41,18,7.0,1264.9
48,41,19,4.0,1216.2
48,41,20,1.0,818.0
48,41,22,4.0,1307.2
48,42,0,6.0,846.5
48,42,3,2.0,774.0
48,43,0,8.0,647.1
48,43,1,5.0,534.6
48,43,2,3.0,577.7
48,43,3,2.0,716.5
48,43,4,4.0,788.2
48,43,5,3.0,544.7
48,43,6,2.0,683.0
48,43,7,8.0,674.5
48,43,8,27.0,670.3
48,43,9,4.0,679.5
48,43,10,13.0,675.5
48,43,11,13.0,617.6
48,43,12,10.0,596.3
48,43,13,16.0,741.8
48,43,14,13.0,599.1
48,43,15,20.0,812.0
48,43,16,10.0,636.5
48,43,17,14.0,670.5
48,43,18,22.0,622.2
48,43,19,23.0,671.9
48,43,20,21.0,673.7
48,43,21,12.0,625.2
48,43,22,9.0,643.3
48,43,23,11.0,625.1
48,44,1,5.0,481.2
48,44,2,3.0,318.0
48,44,3,7.0,590.7
48,44,4,7.0,626.4
48,44,5,2.0,382.0
48,45,0,2.0,754.5
48,45,1,3.0,371.7
48,45,2,1.0,310.0
48,45,5,1.0,400.0
48,45,7,8.0,245.5
48,45,8,8.0,211.0
48,45,9,1.0,426.0
48,45,10,2.0,412.0
48,45,11,8.0,559.1
48,45,12,5.0,287.6
48,45,13,5.0,301.8
48,45,14,2.0,608.0
48,45,15,3.0,563.0
48,45,16,3.0,471.0
48,45,17,8.0,279.2
48,45,18,5.0,409.4
48,45,19,3.0,279.3
48,45,20,6.0,306.8
48,45,21,3.0,308.7
48,45,22,2.0,378.0
48,45,23,7.0,280.6
48,46,0,4.0,482.2
48,46,1,2.0,349.5
48,46,2,2.0,855.5
48,46,3,3.0,521.0
48,46,4,2.0,239.5
48,46,5,1.0,175.0
48,46,6,4.0,376.5
48,46,7,11.0,245.7
48,46,8,5.0,556.4
48,46,9,7.0,452.1
48,46,10,6.0,341.8
48,46,11,4.0,514.5
48,46,12,10.0,534.2
48,46,13,6.0,377.5
48,46,14,3.0,653.3
48,46,15,17.0,383.8
48,46,16,17.0,476.2
48,46,17,20.0,710.9
48,46,18,17.0,352.2
48,46,19,8.0,411.1
48,46,20,8.0,520.2
48,46,21,11.0,344.8
48,46,22,7.0,629.3
48,46,23,8.0,505.2
48,48,0,2.0,107.0
48,48,1,2.0,217.5
48,48,2,2.0,1278.5
48,48,3,1.0,357.0
48,48,4,1.0,94.0
48,48,5,4.0,269.2
48,49,0,7.0,929.9
48,49,1,4.0,836.2
48,49,2,2.0,688.5
48,49,3,1.0,696.0
48,49,4,3.0,640.0
48,49,5,2.0,638.0
48,49,6,2.0,687.0
48,49,7,20.0,760.5
48,49,8,28.0,664.9
48,49,9,9.0,683.2
48,49,10,9.0,623.9
48,49,11,7.0,812.9
48,49,12,4.0,737.0
48,49,13,2.0,745.0
48,49,14,12.0,782.3
48,49,15,9.0,949.0
48,49,16,13.0,1251.9
48,49,17,12.0,987.1
48,49,18,9.0,838.1
48,49,19,8.0,875.6
48,49,20,11.0,826.7
48,49,21,4.0,646.8
48,49,22,6.0,796.5
48,49,23,2.0,637.5
48,50,2,1.0,287.0
48,50,3,1.0,575.0
48,50,4,1.0,589.0
48,51,0,9.0,429.7
48,51,1,1.0,402.0
48,51,4,1.0,333.0
48,51,5,3.0,527.3
48,52,5,1.0,501.0
48,53,1,1.0,1498.0
48,53,2,1.0,667.0
48,53,3,1.0,893.0
48,53,4,1.0,1679.0
48,54,1,1.0,820.0
48,54,5,1.0,961.0
48,55,5,7.0,906.6
48,55,6,8.0,933.6
48,55,7,1.0,1417.0
48,55,14,3.0,1067.7
48,55,16,3.0,1164.3
48,55,17,7.0,1318.1
48,55,18,2.0,1046.0
48,55,19,1.0,1313.0
48,56,1,1.0,2087.0
48,56,3,2.0,2275.5
48,56,4,5.0,2092.4
48,57,6,1.0,1926.0
48,57,7,2.0,3079.5
48,57,16,1.0,3295.0
48,58,19,1.0,1825.0
48,59,5,3.0,1646.7
48,59,6,3.0,1750.3
48,59,7,1.0,2226.0
48,59,14,1.0,2705.0
48,59,15,3.0,1877.7
48,60,1,1.0,1270.0
48,60,9,1.0,1845.0
48,61,0,1.0,901.0
48,61,4,3.0,1464.3
48,61,6,2.0,1914.0
48,61,7,4.0,2190.5
48,61,13,1.0,1875.0
48,61,14,2.0,2096.0
48,61,18,1.0,1552.0
48,61,21,2.0,1252.0
48,64,4,1.0,1941.0
48,66,0,4.0,1542.5
48,66,5,1.0,1652.0
48,66,9,3.0,1642.3
48,66,10,1.0,1899.0
48,66,11,1.0,1795.0
48,66,13,2.0,1339.0
48,66,14,1.0,1234.0
48,66,15,1.0,1454.0
48,66,17,2.0,1528.5
48,66,18,1.0,1377.0
48,66,19,1.0,1389.0
48,66,20,1.0,1602.0
48,66,21,1.0,1621.0
48,66,22,4.0,1412.8
48,67,0,1.0,1180.0
48,67,2,1.0,930.0
48,67,4,1.0,878.0
48,67,5,2.0,1552.0
48,68,1,1.0,873.0
48,68,4,1.0,1081.0
48,68,5,2.0,739.5
48,68,7,4.0,1162.0
48,68,8,3.0,1197.0
48,68,9,2.0,1541.5
48,68,10,1.0,1099.0
48,68,11,2.0,1276.0
48,68,12,1.0,799.0
48,68,13,5.0,1308.6
48,68,14,4.0,1036.8
48,68,15,3.0,1373.7
48,68,16,3.0,2072.7
48,68,17,3.0,1325.7
48,68,18,4.0,1077.0
48,68,19,2.0,1422.5
48,68,20,1.0,1238.0
48,68,21,3.0,1049.7
48,68,22,1.0,907.0
48,68,23,3.0,976.0
48,69,0,1.0,932.0
48,69,1,3.0,1099.7
48,69,3,1.0,620.0
48,69,4,2.0,751.0
48,69,5,2.0,748.5
48,69,6,1.0,1499.0
48,69,7,8.0,890.0
48,69,8,12.0,949.0
48,69,9,8.0,802.0
48,69,10,4.0,736.8
48,69,11,6.0,691.0
48,69,12,2.0,656.0
48,69,13,2.0,673.5
48,69,14,12.0,765.4
48,69,15,6.0,821.0
48,69,16,10.0,835.3
48,69,17,9.0,1004.9
48,69,18,6.0,1065.8
48,69,19,7.0,845.6
48,69,20,5.0,726.4
48,69,21,7.0,746.3
48,69,22,4.0,900.2
48,69,23,4.0,736.0
48,70,0,1.0,3291.0
48,70,1,1.0,976.0
48,70,4,1.0,1483.0
48,70,7,3.0,1749.3
48,70,8,1.0,1479.0
48,70,9,1.0,1976.0
48,70,10,5.0,1448.0
48,70,11,1.0,1225.0
48,70,12,2.0,1887.5
48,70,13,3.0,1957.0
48,70,14,1.0,1867.0
48,70,19,1.0,2257.0
48,70,20,2.0,1378.5
48,70,21,2.0,1399.0
48,71,0,2.0,909.0
48,71,1,2.0,1318.5
48,71,2,2.0,838.5
48,71,4,7.0,905.1
48,71,5,2.0,838.0
48,71,6,4.0,1064.0
48,71,7,7.0,1375.7
48,71,8,1.0,778.0
48,71,10,3.0,1202.0
48,71,11,4.0,1150.5
48,71,12,6.0,1016.5
48,71,13,8.0,1158.5
48,71,14,4.0,1781.2
48,71,15,6.0,1432.8
48,71,16,1.0,1490.0
48,71,17,5.0,1225.2
48,71,18,3.0,1335.7
48,71,19,3.0,1235.3
48,71,20,2.0,1337.5
48,71,21,4.0,1146.2
48,71,22,7.0,1150.9
48,71,23,1.0,654.0
48,72,8,7.0,1452.7
48,72,10,2.0,983.0
48,72,12,1.0,1078.0
48,72,13,2.0,1257.0
48,72,15,1.0,1219.0
48,72,18,3.0,1301.7
48,72,20,1.0,1891.0
48,73,2,1.0,1073.0
48,74,7,1.0,2814.0
48,74,8,1.0,1440.0
48,74,10,1.0,1320.0
48,74,20,1.0,1293.0
48,75,2,1.0,943.0
48,75,7,5.0,1015.8
48,75,8,10.0,832.0
48,75,9,4.0,987.2
48,75,10,1.0,584.0
48,75,12,4.0,997.0
48,75,14,1.0,859.0
48,75,15,2.0,1649.0
48,75,16,2.0,1214.0
48,75,17,2.0,1652.0
48,75,18,5.0,1268.2
48,75,19,1.0,1047.0
48,75,22,1.0,773.0
48,75,23,3.0,896.0
48,76,2,1.0,3319.0
48,76,3,1.0,2183.0
48,76,4,3.0,2207.7
49,1,0,1.0,2297.0
49,1,3,1.0,2170.0
49,1,4,1.0,2007.0
49,1,7,1.0,3924.0
49,1,17,1.0,2852.0
49,1,18,1.0,4048.0
49,1,19,1.0,2840.0
49,1,20,2.0,2156.5
49,1,21,2.0,2095.0
49,3,4,2.0,1486.0
49,3,5,4.0,1592.0
49,4,5,1.0,3785.0
49,4,9,1.0,1961.0
49,4,11,1.0,1861.0
49,5,6,2.0,3240.5
49,5,7,2.0,2951.5
49,5,8,7.0,3079.4
49,5,9,3.0,2845.0
49,5,10,3.0,2284.7
49,5,11,5.0,2927.4
49,5,12,2.0,2858.0
49,5,16,2.0,2566.5
49,6,1,1.0,1679.0
49,6,4,2.0,1607.5
49,6,5,2.0,1541.5
49,6,6,6.0,2135.2
49,6,7,2.0,3067.0
49,6,8,1.0,2608.0
49,6,9,2.0,2472.5
49,6,10,1.0,2764.0
49,6,11,3.0,1933.0
49,6,13,1.0,2682.0
49,6,14,1.0,4426.0
49,6,15,1.0,1757.0
49,6,18,2.0,3721.5
49,6,19,1.0,1656.0
49,7,6,1.0,1899.0
49,7,12,2.0,1862.0
49,7,13,1.0,1462.0
49,7,14,1.0,1958.0
49,7,15,2.0,2435.5
49,7,16,4.0,2535.0
49,7,17,3.0,2715.7
49,7,18,2.0,2748.5
49,7,19,1.0,1521.0
49,7,20,2.0,1586.5
49,7,21,3.0,1564.3
49,8,0,1.0,1350.0
49,8,4,2.0,1275.0
49,8,5,3.0,1618.7
49,8,6,10.0,2019.5
49,8,7,1.0,1752.0
49,8,8,3.0,1557.3
49,8,9,6.0,2244.0
49,8,10,4.0,2050.2
49,8,11,11.0,1839.1
49,8,12,6.0,1679.3
49,8,13,8.0,1574.4
49,8,14,4.0,1821.8
49,8,15,1.0,2635.0
49,8,20,2.0,1527.0
49,8,21,1.0,1263.0
49,8,22,7.0,1324.1
49,8,23,2.0,1461.5
49,11,13,1.0,3259.0
49,15,12,2.0,1981.0
49,16,9,1.0,2284.0
49,16,18,1.0,3383.0
49,16,20,1.0,2615.0
49,16,23,1.0,1585.0
49,17,12,1.0,2463.0
49,17,15,1.0,4479.0
49,19,2,2.0,2189.0
49,19,8,1.0,4301.0
49,19,14,1.0,3173.0
49,20,15,1.0,3415.0
49,20,23,1.0,1660.0
49,22,7,1.0,1717.0
49,22,9,1.0,2489.0
49,22,11,1.0,1494.0
49,22,13,1.0,2011.0
49,22,18,1.0,3342.0
49,22,19,1.0,1883.0
49,22,20,1.0,1936.0
49,22,21,2.0,2132.5
49,22,23,2.0,1561.0
49,23,2,2.0,6250.0
49,23,5,1.0,1518.0
49,24,3,8.0,1417.0
49,25,6,1.0,2011.0
49,25,7,2.0,3515.0
49,25,8,5.0,2717.6
49,25,9,1.0,3306.0
49,25,11,4.0,2340.8
49,25,12,3.0,1487.7
49,25,13,1.0,1795.0
49,25,14,2.0,2736.0
49,25,15,1.0,2088.0
49,25,16,1.0,3518.0
49,25,17,1.0,2813.0
49,25,18,1.0,2374.0
49,25,19,2.0,2135.5
49,25,23,2.0,1472.0
49,26,6,1.0,1556.0
49,26,11,2.0,2335.0
49,26,12,1.0,1379.0
49,26,15,1.0,3314.0
49,26,16,1.0,2199.0
49,26,18,1.0,2218.0
49,26,20,1.0,1387.0
49,26,21,1.0,1494.0
49,26,23,1.0,1134.0
49,27,0,3.0,1745.7
49,27,4,1.0,1151.0
49,28,0,1.0,988.0
49,28,1,3.0,1370.7
49,28,2,1.0,905.0
49,28,4,3.0,1144.0
49,28,5,29.0,1574.5
49,28,6,28.0,2165.6
49,28,7,43.0,2450.4
49,28,8,17.0,2548.3
49,28,9,19.0,1780.7
49,28,10,28.0,1576.5
49,28,11,25.0,1705.0
49,28,12,23.0,1538.0
49,28,13,16.0,1608.9
49,28,14,14.0,1700.0
49,28,15,16.0,1496.1
49,28,16,4.0,1583.0
49,28,17,6.0,1889.8
49,28,18,9.0,1492.1
49,28,19,7.0,1759.3
49,28,20,4.0,1259.2
49,28,21,7.0,1137.4
49,28,22,11.0,1156.6
49,28,23,4.0,1156.0
49,29,0,2.0,1672.0
49,29,2,1.0,1490.0
49,29,5,1.0,1737.0
49,29,6,7.0,2229.0
49,29,7,13.0,2758.2
49,29,8,3.0,2329.0
49,29,9,5.0,2182.8
49,29,10,3.0,2690.7
49,29,11,5.0,1877.2
49,29,12,3.0,2086.3
49,29,13,5.0,1949.2
49,29,14,1.0,2805.0
49,29,15,2.0,1878.0
49,29,16,3.0,2773.3
49,29,17,1.0,2686.0
49,29,18,3.0,1745.3
49,29,19,2.0,1627.0
49,29,20,1.0,2288.0
49,29,21,1.0,2963.0
49,29,23,3.0,1588.0
49,30,4,1.0,2207.0
49,30,6,1.0,3701.0
49,30,7,7.0,2762.1
49,30,8,4.0,2601.0
49,30,9,2.0,2248.0
49,30,10,2.0,1889.0
49,30,11,4.0,1508.8
49,30,12,2.0,2734.0
49,30,17,1.0,2748.0
49,30,18,1.0,2361.0
49,30,19,1.0,1873.0
49,30,20,1.0,2089.0
49,30,23,1.0,1996.0
49,31,4,6.0,1439.5
49,31,5,4.0,1695.2
49,31,6,2.0,1523.0
49,31,7,2.0,1355.5
49,31,8,8.0,2350.4
49,31,9,2.0,1442.0
49,31,10,1.0,1911.0
49,31,12,2.0,1010.5
49,31,13,2.0,1404.0
49,31,15,1.0,1715.0
49,31,16,3.0,1367.3
49,31,17,2.0,1092.0
49,31,19,1.0,2084.0
49,31,20,2.0,1494.5
49,32,2,1.0,1200.0
49,32,3,1.0,1026.0
49,32,4,3.0,1151.0
49,33,0,1.0,1321.0
49,33,4,2.0,1062.0
49,33,5,4.0,988.2
49,33,6,3.0,1340.3
49,33,7,4.0,1936.2
49,33,8,4.0,2074.2
49,33,9,1.0,2018.0
49,33,10,5.0,865.8
49,33,11,6.0,1066.0
49,33,12,3.0,922.0
49,33,13,4.0,1177.5
49,33,14,4.0,1241.5
49,33,15,2.0,1092.5
49,33,16,2.0,2310.0
49,33,17,7.0,1412.0
49,33,18,1.0,4002.0
49,33,19,4.0,963.0
49,33,21,1.0,1444.0
49,33,22,2.0,1174.0
49,33,23,1.0,1094.0
49,34,2,1.0,915.0
49,34,4,4.0,793.2
49,34,6,1.0,1042.0
49,34,9,2.0,1452.0
49,34,10,2.0,892.0
49,34,11,2.0,953.5
49,34,12,1.0,780.0
49,34,14,2.0,2122.5
49,34,15,3.0,1909.3
49,34,16,1.0,841.0
49,34,17,4.0,1211.2
49,34,18,2.0,1007.5
49,34,20,1.0,1112.0
49,34,21,2.0,940.0
49,34,22,1.0,927.0
49,35,0,2.0,880.0
49,35,1,1.0,777.0
49,35,2,1.0,1082.0
49,35,3,1.0,1131.0
49,35,6,8.0,1364.8
49,35,7,10.0,1841.7
49,35,8,10.0,1882.3
49,35,9,10.0,1338.1
49,35,10,7.0,1096.7
49,35,11,4.0,1160.2
49,35,12,11.0,1098.5
49,35,13,11.0,1032.4
49,35,14,5.0,1456.2
49,35,15,6.0,983.7
49,35,16,3.0,1163.0
49,35,17,9.0,1170.3
49,35,18,3.0,1395.3
49,35,19,3.0,1380.0
49,35,20,7.0,1142.7
49,35,21,2.0,1168.5
49,35,22,3.0,1078.7
49,35,23,6.0,1002.2
49,36,1,1.0,1050.0
49,36,10,2.0,1392.5
49,36,11,2.0,1148.5
49,36,12,1.0,1498.0
49,36,13,2.0,1239.5
49,36,14,1.0,1333.0
49,36,16,1.0,1043.0
49,36,19,1.0,1247.0
49,36,20,2.0,1322.0
49,36,21,2.0,1135.5
49,36,22,2.0,1593.5
49,37,0,1.0,1325.0
49,37,5,3.0,616.7
49,38,1,1.0,900.0
49,38,2,4.0,858.8
49,38,4,3.0,726.3
49,39,1,2.0,1342.5
49,39,5,2.0,1494.5
49,40,0,1.0,1108.0
49,40,1,2.0,917.5
49,40,3,2.0,1037.5
49,40,6,1.0,1702.0
49,40,7,6.0,1425.2
49,40,8,16.0,1310.9
49,40,9,2.0,697.5
49,40,10,4.0,875.2
49,40,11,5.0,980.4
49,40,12,4.0,966.8
49,40,13,5.0,1012.6
49,40,14,2.0,886.0
49,40,15,5.0,1091.0
49,40,16,7.0,1367.4
49,40,17,19.0,1002.5
49,40,18,8.0,1443.8
49,40,19,5.0,732.8
49,40,20,4.0,893.5
49,40,21,4.0,800.5
49,40,22,2.0,1053.0
49,40,23,5.0,738.2
49,41,0,1.0,923.0
49,41,1,2.0,1122.0
49,41,3,1.0,778.0
49,41,5,4.0,1106.5
49,42,0,1.0,1394.0
49,42,1,2.0,917.0
49,42,3,2.0,1377.5
49,42,4,2.0,825.5
49,43,0,15.0,1061.4
49,43,1,7.0,1125.7
49,43,2,3.0,1151.7
49,43,3,1.0,792.0
49,43,4,2.0,1275.5
49,43,5,2.0,1025.0
49,43,6,9.0,997.0
49,43,7,21.0,1321.0
49,43,8,13.0,1348.2
49,43,9,8.0,1302.0
49,43,10,17.0,1238.5
49,43,11,13.0,1138.7
49,43,12,13.0,1139.2
49,43,13,17.0,1221.1
49,43,14,19.0,1213.1
49,43,15,27.0,1298.5
49,43,16,42.0,1305.4
49,43,17,27.0,1140.4
49,43,18,26.0,1430.7
49,43,19,29.0,1245.4
49,43,20,22.0,1097.3
49,43,21,16.0,1145.4
49,43,22,25.0,1315.4
49,43,23,23.0,1191.1
49,44,0,1.0,546.0
49,44,1,13.0,317.5
49,44,2,5.0,623.4
49,44,3,10.0,601.0
49,44,4,17.0,639.8
49,44,5,3.0,545.3
49,45,0,1.0,696.0
49,45,2,1.0,791.0
49,45,3,1.0,591.0
49,45,4,1.0,670.0
49,45,5,2.0,942.0
49,45,6,1.0,758.0
49,45,7,2.0,954.5
49,45,8,2.0,1105.5
49,45,9,2.0,875.5
49,45,10,4.0,1131.2
49,45,11,3.0,978.7
49,45,12,5.0,872.4
49,45,13,7.0,1035.6
49,45,14,4.0,780.0
49,45,15,4.0,771.5
49,45,16,9.0,810.9
49,45,17,6.0,1067.3
49,45,18,3.0,798.0
49,45,19,6.0,916.5
49,45,20,3.0,756.0
49,45,21,9.0,839.4
49,45,22,5.0,756.6
49,45,23,4.0,745.5
49,46,0,4.0,1243.5
49,46,1,15.0,1009.1
49,46,2,3.0,863.3
49,46,3,1.0,849.0
49,46,4,1.0,825.0
49,46,5,3.0,976.7
49,46,6,7.0,1163.1
49,46,7,14.0,1063.3
49,46,8,10.0,1053.1
49,46,9,7.0,995.9
49,46,10,11.0,1114.6
49,46,11,8.0,1020.5
49,46,12,10.0,1099.2
49,46,13,9.0,1104.3
49,46,14,5.0,1224.0
49,46,15,12.0,1576.2
49,46,16,11.0,1351.2
49,46,17,14.0,1160.4
49,46,18,9.0,1202.1
49,46,19,10.0,1136.6
49,46,20,10.0,962.1
49,46,21,9.0,997.9
49,46,22,7.0,973.4
49,46,23,4.0,1050.0
49,47,0,4.0,516.5
49,47,1,1.0,348.0
49,47,2,1.0,1242.0
49,47,3,2.0,488.5
49,47,5,1.0,976.0
49,47,6,3.0,539.7
49,47,7,2.0,627.0
49,47,8,5.0,672.2
49,47,9,4.0,835.8
49,47,10,4.0,881.8
49,47,11,6.0,772.2
49,47,12,5.0,919.2
49,47,13,5.0,517.8
49,47,14,6.0,703.2
49,47,15,7.0,591.3
49,47,16,4.0,500.0
49,47,17,2.0,682.5
49,47,18,10.0,763.8
49,47,19,5.0,728.4
49,47,20,6.0,460.0
49,47,21,3.0,451.3
49,47,22,5.0,641.0
49,47,23,15.0,411.6
49,48,0,8.0,638.6
49,48,1,4.0,808.0
49,48,3,1.0,592.0
49,48,4,1.0,544.0
49,48,5,1.0,499.0
49,48,6,15.0,1388.9
49,48,7,19.0,879.6
49,48,8,10.0,810.2
49,48,9,9.0,706.8
49,48,10,7.0,864.9
49,48,11,5.0,587.0
49,48,12,3.0,941.7
49,48,13,10.0,726.9
49,48,14,7.0,748.0
49,48,15,5.0,969.8
49,48,16,11.0,766.3
49,48,17,15.0,822.1
49,48,18,7.0,963.7
49,48,19,8.0,908.0
49,48,20,13.0,835.9
49,48,21,8.0,654.4
49,48,22,8.0,821.9
49,48,23,5.0,639.6
49,49,0,76.0,477.3
49,49,1,79.0,438.4
49,49,2,46.0,349.0
49,49,3,31.0,391.6
49,49,4,31.0,341.8
49,49,5,48.0,415.2
49,49,6,102.0,377.1
49,49,7,115.0,502.6
49,49,8,120.0,413.6
49,49,9,120.0,430.8
49,49,10,94.0,425.5
49,49,11,77.0,451.9
49,49,12,71.0,453.2
49,49,13,88.0,527.8
49,49,14,95.0,460.2
49,49,15,84.0,560.2
49,49,16,35.0,479.3
49,49,17,35.0,540.9
49,49,18,61.0,463.0
49,49,19,62.0,470.0
49,49,20,67.0,516.3
49,49,21,62.0,490.1
49,49,22,77.0,558.9
49,49,23,80.0,423.5
49,50,0,18.0,440.6
49,50,1,17.0,470.1
49,50,2,5.0,337.2
49,50,3,1.0,345.0
49,50,4,7.0,437.1
49,50,5,9.0,489.9
49,51,0,9.0,654.0
49,51,1,3.0,592.3
49,51,2,6.0,984.3
49,51,3,3.0,576.7
49,51,4,3.0,526.3
49,51,5,34.0,1082.6
49,51,6,5.0,552.6
49,51,7,7.0,713.6
49,51,8,17.0,726.7
49,51,9,16.0,660.3
49,51,10,9.0,716.6
49,51,11,9.0,716.8
49,51,12,13.0,689.8
49,51,13,13.0,723.5
49,51,14,19.0,666.9
49,51,15,11.0,779.3
49,51,16,22.0,1108.1
49,51,17,32.0,1210.1
49,51,18,15.0,799.1
49,51,19,11.0,708.1
49,51,20,8.0,669.1
49,51,21,10.0,678.9
49,51,22,6.0,694.8
49,51,23,8.0,646.8
49,52,0,4.0,992.0
49,52,1,2.0,1354.0
49,52,2,1.0,843.0
49,52,3,1.0,1008.0
49,52,4,3.0,999.0
49,52,5,2.0,1203.0
49,52,11,2.0,905.5
49,52,12,1.0,713.0
49,52,20,1.0,1255.0
49,52,22,1.0,1019.0
49,52,23,1.0,932.0
49,53,0,29.0,728.4
49,53,1,23.0,663.3
49,53,2,9.0,717.7
49,53,3,9.0,559.1
49,53,4,4.0,476.8
49,53,5,4.0,488.2
49,53,6,7.0,652.9
49,53,7,24.0,559.8
49,53,8,18.0,596.8
49,53,9,39.0,580.9
49,53,10,24.0,647.4
49,53,11,20.0,607.3
49,53,12,19.0,510.1
49,53,13,23.0,621.1
49,53,14,36.0,533.8
49,53,15,62.0,559.3
49,53,16,58.0,686.1
49,53,17,50.0,695.3
49,53,18,42.0,697.2
49,53,19,50.0,796.4
49,53,20,37.0,644.2
49,53,21,32.0,738.4
49,53,22,41.0,761.6
49,53,23,41.0,701.0
49,54,0,11.0,760.1
49,54,1,3.0,998.7
49,54,2,3.0,929.0
49,54,3,6.0,701.0
49,54,5,2.0,904.5
49,54,6,6.0,698.8
49,54,7,1.0,705.0
49,54,10,4.0,738.5
49,54,11,2.0,661.0
49,54,12,2.0,880.0
49,54,13,3.0,713.3
49,54,14,1.0,435.0
49,54,19,1.0,1204.0
49,54,20,2.0,904.0
49,54,21,6.0,944.7
49,54,22,5.0,742.8
49,54,23,13.0,969.3
49,55,5,7.0,948.4
49,55,6,2.0,762.0
49,55,9,1.0,1350.0
49,55,10,1.0,945.0
49,55,12,2.0,937.0
49,55,13,1.0,842.0
49,55,14,2.0,1016.5
49,55,16,3.0,1268.0
49,55,17,19.0,1487.7
49,55,18,2.0,1561.0
49,55,19,4.0,1121.5
49,55,20,2.0,927.5
49,55,21,1.0,1266.0
49,55,22,1.0,1737.0
49,56,1,1.0,1598.0
49,56,3,5.0,1753.8
49,56,4,5.0,1916.8
49,56,5,8.0,1712.1
49,56,6,6.0,2323.2
49,56,7,5.0,2358.8
49,56,8,1.0,2632.0
49,56,9,1.0,2077.0
49,56,10,7.0,2166.1
49,56,11,5.0,2138.6
49,56,12,3.0,2212.0
49,56,13,6.0,2133.3
49,56,14,4.0,2806.0
49,56,15,3.0,2693.3
49,56,16,3.0,2397.7
49,56,17,1.0,3213.0
49,56,20,4.0,1897.2
49,56,22,1.0,1815.0
49,57,2,2.0,1102.5
49,57,5,1.0,1614.0
49,57,6,7.0,1497.7
49,57,8,1.0,1595.0
49,57,10,1.0,1892.0
49,57,15,1.0,1988.0
49,57,16,1.0,2937.0
49,58,3,1.0,1544.0
49,60,2,2.0,1218.0
49,60,5,2.0,1183.5
49,60,8,2.0,1224.5
49,60,9,2.0,1196.0
49,60,10,2.0,1027.0
49,60,11,1.0,1845.0
49,60,16,3.0,1694.3
49,60,17,1.0,1132.0
49,60,18,2.0,991.0
49,60,20,1.0,858.0
49,60,21,2.0,1061.5
49,60,22,1.0,1108.0
49,60,23,1.0,1355.0
49,61,0,2.0,909.0
49,61,3,2.0,1010.0
49,61,4,1.0,1112.0
49,61,5,2.0,1577.0
49,61,6,13.0,1193.6
49,61,7,17.0,1388.4
49,61,8,5.0,1477.8
49,61,9,3.0,1379.7
49,61,10,3.0,1161.3
49,61,11,4.0,1260.0
49,61,12,9.0,1360.8
49,61,13,5.0,1158.2
49,61,14,4.0,1332.2
49,61,15,5.0,1369.6
49,61,16,1.0,1286.0
49,61,17,3.0,1650.3
49,61,18,5.0,1480.8
49,61,19,6.0,1227.0
49,61,20,9.0,1097.1
49,61,21,5.0,977.2
49,61,22,2.0,1352.0
49,61,23,6.0,1028.5
49,62,8,1.0,1973.0
49,62,11,1.0,2701.0
49,62,12,1.0,2640.0
49,62,16,1.0,2093.0
49,63,0,1.0,1305.0
49,63,6,1.0,1097.0
49,64,8,1.0,2069.0
49,64,20,4.0,1902.2
49,65,2,1.0,2012.0
49,65,3,1.0,1587.0
49,65,4,2.0,1639.5
49,65,5,2.0,1649.0
49,65,6,8.0,1859.8
49,65,8,1.0,1913.0
49,65,11,1.0,1649.0
49,65,12,2.0,1847.0
49,65,15,4.0,2310.0
49,65,16,4.0,2334.2
49,65,17,1.0,1834.0
49,65,18,7.0,1970.7
49,65,21,3.0,1677.7
49,66,0,1.0,1659.0
49,66,1,3.0,1679.0
49,66,2,1.0,1015.0
49,66,3,1.0,932.0
49,66,4,3.0,1174.7
49,66,5,7.0,1749.6
49,66,6,5.0,1496.4
49,66,7,1.0,1147.0
49,66,9,1.0,1688.0
49,66,10,3.0,1515.3
49,66,11,3.0,1427.3
49,66,12,1.0,1575.0
49,66,13,2.0,1956.5
49,66,14,7.0,1377.3
49,66,19,1.0,1398.0
49,66,20,3.0,1359.0
49,66,21,2.0,1416.0
49,66,22,5.0,1421.4
49,66,23,3.0,1203.3
49,67,0,6.0,1154.5
49,67,1,5.0,1113.2
49,67,2,4.0,956.0
49,67,4,1.0,728.0
49,67,5,9.0,1386.2
49,67,6,5.0,1147.2
49,67,7,17.0,1480.6
49,67,8,3.0,1038.0
49,67,9,11.0,1313.8
49,67,10,10.0,1067.8
49,67,11,4.0,1181.5
49,67,12,7.0,1053.9
49,67,13,8.0,1087.2
49,67,14,6.0,1130.3
49,67,15,6.0,1099.5
49,67,16,2.0,1181.5
49,67,17,5.0,1033.4
49,67,18,7.0,1481.1
49,67,19,5.0,1350.0
49,67,20,4.0,1257.2
49,67,21,6.0,1506.8
49,67,22,8.0,1289.1
49,67,23,2.0,1077.0
49,68,1,4.0,1117.2
49,68,2,4.0,730.5
49,68,3,1.0,679.0
49,68,4,1.0,518.0
49,68,5,5.0,633.0
49,68,6,10.0,966.6
49,68,7,9.0,1249.7
49,68,8,25.0,1167.8
49,68,9,19.0,974.9
49,68,10,15.0,898.1
49,68,11,16.0,713.0
49,68,12,15.0,849.9
49,68,13,11.0,851.9
49,68,14,12.0,996.2
49,68,15,12.0,1222.1
49,68,16,20.0,1065.9
49,68,17,12.0,874.9
49,68,18,19.0,935.1
49,68,19,11.0,962.0
49,68,20,13.0,948.9
49,68,21,11.0,766.8
49,68,22,10.0,825.7
49,68,23,10.0,941.1
49,69,0,5.0,790.0
49,69,1,8.0,622.5
49,69,2,7.0,583.4
49,69,3,5.0,720.0
49,69,4,4.0,616.2
49,69,5,11.0,794.7
49,69,6,6.0,675.3
49,69,7,33.0,1100.5
49,69,8,20.0,928.4
49,69,9,14.0,777.4
49,69,10,22.0,847.3
49,69,11,26.0,644.6
49,69,12,28.0,975.7
49,69,13,11.0,809.6
49,69,14,15.0,846.9
49,69,15,20.0,961.8
49,69,16,27.0,892.6
49,69,17,16.0,855.6
49,69,18,34.0,756.3
49,69,19,23.0,718.1
49,69,20,18.0,717.6
49,69,21,21.0,703.1
49,69,22,17.0,688.8
49,69,23,18.0,627.5
49,70,0,4.0,1024.5
49,70,1,2.0,1052.0
49,70,2,1.0,1196.0
49,70,3,1.0,1131.0
49,70,4,5.0,1244.2
49,70,5,1.0,887.0
49,71,0,11.0,797.7
49,71,1,7.0,801.4
49,71,2,11.0,801.2
49,71,3,5.0,775.8
49,71,4,8.0,613.5
49,71,5,4.0,667.0
49,71,6,4.0,652.2
49,71,7,14.0,843.7
49,71,8,43.0,747.1
49,71,9,24.0,627.8
49,71,10,26.0,824.0
49,71,11,17.0,775.1
49,71,12,16.0,917.9
49,71,13,16.0,857.3
49,71,14,16.0,839.9
49,71,15,21.0,1171.1
49,71,16,14.0,1129.0
49,71,17,17.0,987.0
49,71,18,25.0,981.6
49,71,19,24.0,1015.6
49,71,20,19.0,747.6
49,71,21,15.0,852.9
49,71,22,20.0,759.2
49,71,23,16.0,811.8
49,72,0,6.0,573.5
49,72,1,3.0,493.7
49,72,2,6.0,466.5
49,72,3,2.0,759.0
49,72,4,1.0,669.0
49,72,5,1.0,1059.0
49,72,6,2.0,804.0
49,72,20,2.0,635.5
49,72,21,1.0,789.0
49,72,22,1.0,564.0
49,72,23,3.0,588.0
49,73,1,11.0,429.2
49,73,2,8.0,1516.0
49,73,3,4.0,1060.8
49,73,4,4.0,481.8
49,74,0,1.0,919.0
49,75,0,12.0,632.2
49,75,1,16.0,667.7
49,75,2,7.0,726.3
49,75,3,6.0,708.0
49,75,4,2.0,680.5
49,75,5,2.0,929.0
49,75,6,6.0,457.8
49,75,23,10.0,736.2
49,76,2,1.0,2924.0
49,76,3,2.0,2235.0
49,76,4,7.0,2577.3
49,76,5,5.0,3145.2
50,1,14,1.0,2851.0
50,4,12,1.0,3558.0
50,5,6,2.0,2646.0
50,5,7,2.0,2729.5
50,5,21,1.0,2713.0
50,6,1,1.0,2216.0
50,6,19,1.0,1695.0
50,6,20,1.0,1868.0
50,8,0,1.0,1458.0
50,8,3,1.0,1220.0
50,8,5,1.0,1634.0
50,8,6,9.0,1806.1
50,8,7,1.0,3132.0
50,8,8,1.0,3044.0
50,8,9,5.0,2668.4
50,8,10,10.0,2008.8
50,8,12,3.0,1540.0
50,8,13,2.0,2192.5
50,8,14,1.0,1535.0
50,8,15,1.0,1778.0
50,8,16,5.0,2230.4
50,8,17,1.0,2473.0
50,8,18,1.0,3195.0
50,8,20,2.0,1617.0
50,8,21,2.0,1655.0
50,8,22,2.0,1484.0
50,8,23,2.0,1407.5
50,15,12,1.0,1990.0
50,21,14,1.0,2137.0
50,22,9,1.0,2859.0
50,23,10,1.0,1609.0
50,23,21,1.0,1385.0
50,24,4,7.0,1114.7
50,24,9,2.0,2132.5
50,24,15,1.0,2712.0
50,24,16,1.0,2281.0
50,24,21,1.0,1888.0
50,24,22,1.0,2011.0
50,26,14,1.0,1857.0
50,26,20,1.0,1436.0
50,28,3,2.0,1131.5
50,28,4,2.0,1237.5
50,28,5,7.0,1584.4
50,28,6,5.0,1644.0
50,28,7,5.0,2865.8
50,28,8,10.0,2803.9
50,28,9,2.0,2600.5
50,28,10,4.0,2396.0
50,28,11,3.0,2179.7
50,28,12,2.0,1459.0
50,28,13,2.0,2065.5
50,28,14,11.0,1625.8
50,28,15,5.0,1322.0
50,28,16,6.0,2192.8
50,28,17,2.0,1928.0
50,28,18,8.0,1996.6
50,28,19,5.0,1697.0
50,28,20,1.0,2102.0
50,28,21,1.0,1324.0
50,31,3,2.0,1158.5
50,31,4,1.0,1182.0
50,31,8,1.0,1726.0
50,31,13,1.0,2133.0
50,31,14,1.0,1281.0
50,31,15,1.0,1610.0
50,31,16,1.0,1443.0
50,31,17,1.0,1344.0
50,31,21,2.0,1396.0
50,32,5,1.0,1054.0
50,32,6,9.0,2460.0
50,33,4,1.0,1926.0
50,33,6,3.0,1229.0
50,33,7,3.0,2235.7
50,33,8,1.0,2195.0
50,33,9,3.0,2310.7
50,33,10,1.0,1364.0
50,33,12,1.0,1297.0
50,33,14,3.0,1701.7
50,33,16,2.0,1112.5
50,33,17,1.0,1741.0
50,33,18,1.0,1443.0
50,33,19,1.0,1155.0
50,33,21,1.0,984.0
50,34,2,1.0,826.0
50,34,3,2.0,909.0
50,34,4,1.0,908.0
50,34,9,5.0,1122.2
50,34,11,2.0,1464.5
50,34,12,1.0,889.0
50,34,13,1.0,918.0
50,34,14,2.0,1048.5
50,34,16,2.0,928.0
50,34,22,1.0,893.0
50,35,2,1.0,853.0
50,36,9,1.0,1031.0
50,36,11,3.0,1297.7
50,36,12,1.0,1297.0
50,36,14,1.0,2989.0
50,36,16,2.0,1531.0
50,36,17,1.0,1240.0
50,36,22,1.0,1130.0
50,37,10,1.0,708.0
50,37,11,1.0,824.0
50,37,12,1.0,848.0
50,37,15,1.0,972.0
50,37,17,1.0,1055.0
50,37,20,1.0,989.0
50,38,1,1.0,1190.0
50,38,7,2.0,2046.0
50,38,8,3.0,1946.7
50,38,9,6.0,1304.8
50,38,10,5.0,1458.2
50,38,13,1.0,826.0
50,38,16,1.0,1162.0
50,38,17,1.0,1062.0
50,38,18,4.0,1766.5
50,38,19,1.0,1153.0
50,38,20,1.0,950.0
50,38,21,3.0,1270.3
50,38,22,1.0,976.0
50,38,23,1.0,1498.0
50,40,0,7.0,1149.1
50,40,1,1.0,836.0
50,40,2,1.0,881.0
50,40,7,2.0,1376.5
50,40,8,4.0,1671.0
50,40,9,5.0,1189.4
50,40,10,1.0,2177.0
50,40,11,2.0,872.0
50,40,12,1.0,953.0
50,40,13,4.0,1094.5
50,40,14,1.0,989.0
50,40,16,4.0,1418.5
50,40,17,1.0,1335.0
50,40,18,2.0,1210.0
50,40,19,1.0,764.0
50,40,20,4.0,1140.0
50,40,21,2.0,934.5
50,40,22,2.0,922.0
50,40,23,3.0,982.7
50,41,4,1.0,1043.0
50,41,6,2.0,1055.5
50,41,7,3.0,1675.0
50,41,8,2.0,1661.0
50,41,10,1.0,1252.0
50,41,11,1.0,1386.0
50,41,12,1.0,1097.0
50,41,13,3.0,1522.3
50,41,14,3.0,1178.0
50,41,15,6.0,1492.2
50,41,16,2.0,1280.5
50,41,17,1.0,2233.0
50,41,18,5.0,1385.2
50,41,19,2.0,1398.0
50,41,20,2.0,1249.0
50,41,21,1.0,1220.0
50,41,23,1.0,1140.0
50,42,0,1.0,1007.0
50,42,1,3.0,997.0
50,42,6,2.0,982.5
50,42,7,2.0,1513.0
50,42,8,2.0,1331.0
50,42,11,1.0,1742.0
50,42,12,2.0,1014.0
50,42,15,2.0,1600.0
50,42,16,4.0,1483.5
50,42,17,4.0,1087.0
50,42,18,3.0,1612.3
50,42,20,6.0,1154.5
50,42,21,2.0,1182.5
50,42,22,2.0,1185.0
50,42,23,1.0,888.0
50,43,0,1.0,1413.0
50,43,2,1.0,789.0
50,43,3,1.0,1094.0
50,43,4,1.0,859.0
50,43,6,3.0,815.7
50,43,7,6.0,1104.0
50,43,8,4.0,1169.8
50,43,9,3.0,1293.3
50,43,10,3.0,1123.7
50,43,11,9.0,1115.3
50,43,12,9.0,897.7
50,43,13,6.0,923.5
50,43,14,7.0,1164.0
50,43,15,10.0,982.2
50,43,16,14.0,1311.4
50,43,17,7.0,1337.1
50,43,18,14.0,948.1
50,43,19,9.0,1428.2
50,43,20,11.0,1007.2
50,43,21,2.0,877.5
50,43,22,21.0,1083.8
50,43,23,5.0,1131.4
50,44,0,8.0,631.0
50,44,1,4.0,528.5
50,44,2,3.0,630.3
50,44,3,3.0,482.7
50,44,4,1.0,463.0
50,44,5,5.0,402.0
50,44,7,4.0,999.0
50,44,8,8.0,686.4
50,44,9,12.0,771.9
50,44,10,9.0,593.7
50,44,11,5.0,780.6
50,44,12,11.0,633.4
50,44,13,8.0,787.8
50,44,14,15.0,839.0
50,44,15,10.0,788.0
50,44,16,22.0,868.1
50,44,17,11.0,749.3
50,44,18,9.0,970.2
50,44,19,8.0,897.0
50,44,20,14.0,751.3
50,44,21,8.0,638.8
50,44,22,7.0,728.0
50,44,23,18.0,682.5
50,45,0,1.0,407.0
50,45,1,1.0,502.0
50,45,7,1.0,1273.0
50,45,8,1.0,669.0
50,45,9,1.0,676.0
50,45,10,2.0,550.0
50,45,11,1.0,778.0
50,45,12,2.0,658.0
50,45,13,4.0,700.8
50,45,14,6.0,718.8
50,45,15,2.0,927.5
50,45,16,1.0,926.0
50,45,17,2.0,968.0
50,45,18,7.0,692.9
50,45,19,2.0,735.5
50,45,20,4.0,783.5
50,45,21,2.0,747.0
50,45,23,3.0,1111.0
50,46,1,1.0,943.0
50,46,2,1.0,857.0
50,47,1,1.0,459.0
50,47,8,1.0,829.0
50,47,9,1.0,691.0
50,47,10,1.0,643.0
50,47,12,2.0,800.0
50,47,14,1.0,333.0
50,47,15,3.0,651.7
50,47,18,1.0,589.0
50,47,21,2.0,452.0
50,48,0,1.0,540.0
50,48,3,1.0,392.0
50,48,23,1.0,314.0
50,49,1,5.0,402.6
50,49,2,6.0,446.0
50,49,3,8.0,424.9
50,49,4,9.0,508.2
50,50,1,2.0,833.0
50,50,2,1.0,1035.0
50,50,3,10.0,582.9
50,51,3,1.0,303.0
50,51,4,1.0,521.0
50,52,2,1.0,1085.0
50,53,0,1.0,473.0
50,53,5,2.0,697.5
50,54,0,3.0,402.3
50,54,1,3.0,488.7
50,54,2,2.0,349.5
50,54,3,3.0,575.3
50,56,3,1.0,1899.0
50,56,4,3.0,1980.7
50,56,5,1.0,2434.0
50,58,0,1.0,1590.0
50,58,6,1.0,1890.0
50,58,9,1.0,1778.0
50,58,16,1.0,1663.0
50,58,22,1.0,1402.0
50,59,11,1.0,1336.0
50,59,16,1.0,1590.0
50,61,10,1.0,1972.0
50,61,11,1.0,1053.0
50,61,13,1.0,1123.0
50,61,15,1.0,1084.0
50,61,23,1.0,995.0
50,62,11,1.0,1786.0
50,62,12,1.0,1880.0
50,63,3,5.0,1325.8
50,63,4,3.0,1708.3
50,63,5,1.0,1401.0
50,63,9,1.0,2493.0
50,63,12,1.0,1648.0
50,63,13,1.0,1679.0
50,63,16,7.0,2123.9
50,64,5,2.0,1739.0
50,64,19,1.0,2316.0
50,64,22,2.0,2586.0
50,65,6,1.0,1931.0
50,65,8,1.0,2227.0
50,65,16,1.0,2841.0
50,65,21,2.0,1806.5
50,66,6,3.0,2344.3
50,66,7,6.0,2222.2
50,66,8,2.0,1989.5
50,66,10,2.0,1896.0
50,66,11,2.0,1656.0
50,66,12,1.0,2038.0
50,66,13,1.0,1714.0
50,66,14,2.0,1554.0
50,66,15,2.0,2259.0
50,66,16,1.0,1574.0
50,66,17,1.0,1391.0
50,66,18,1.0,1594.0
50,66,20,2.0,1449.0
50,66,21,2.0,1897.5
50,66,22,2.0,1759.5
50,67,3,1.0,1123.0
50,68,0,1.0,591.0
50,68,2,1.0,901.0
50,68,3,1.0,754.0
50,68,7,1.0,1321.0
50,68,8,2.0,1140.0
50,68,10,3.0,1082.3
50,68,11,5.0,871.6
50,68,12,4.0,1163.5
50,68,13,4.0,1119.8
50,68,14,1.0,1078.0
50,68,15,2.0,1030.5
50,68,16,2.0,1598.0
50,68,17,4.0,1412.5
50,68,18,2.0,817.5
50,68,19,2.0,827.5
50,68,20,1.0,1151.0
50,68,21,2.0,850.5
50,68,22,3.0,1165.3
50,69,1,3.0,636.0
50,69,3,1.0,851.0
50,69,4,1.0,541.0
50,69,7,3.0,883.3
50,69,8,5.0,1252.8
50,69,9,6.0,927.8
50,69,10,7.0,1400.9
50,69,11,5.0,892.4
50,69,12,5.0,857.2
50,69,13,11.0,883.9
50,69,14,8.0,753.5
50,69,15,14.0,713.9
50,69,16,5.0,1628.4
50,69,17,6.0,817.8
50,69,18,8.0,821.0
50,69,19,6.0,1134.8
50,69,20,8.0,777.6
50,69,21,8.0,955.5
50,69,22,9.0,823.4
50,69,23,5.0,648.2
50,70,2,1.0,1305.0
50,70,5,2.0,1330.5
50,71,0,5.0,947.2
50,71,1,1.0,673.0
50,71,3,1.0,558.0
50,71,4,4.0,602.2
50,71,5,3.0,1117.0
50,71,6,3.0,1022.3
50,71,7,3.0,1430.0
50,71,8,6.0,1352.0
50,71,9,5.0,1074.0
50,71,10,4.0,1001.8
50,71,11,1.0,1328.0
50,71,12,2.0,1180.5
50,71,13,2.0,994.5
50,71,14,4.0,1197.5
50,71,15,7.0,1181.6
50,71,16,12.0,1395.8
50,71,17,15.0,1185.2
50,71,18,11.0,1230.2
50,71,19,14.0,1115.2
50,71,20,1.0,991.0
50,71,21,7.0,984.0
50,71,22,8.0,992.9
50,71,23,10.0,975.4
50,72,9,1.0,1020.0
50,72,10,1.0,1153.0
50,72,12,2.0,808.0
50,72,13,4.0,803.5
50,72,14,2.0,1411.5
50,72,18,1.0,1175.0
50,72,20,1.0,856.0
50,72,23,1.0,794.0
50,73,2,1.0,489.0
50,73,4,1.0,765.0
50,73,5,1.0,805.0
50,74,7,1.0,1633.0
50,74,8,1.0,1468.0
50,74,15,1.0,1533.0
50,74,16,1.0,1228.0
50,74,21,2.0,1412.5
50,76,3,2.0,2286.5
50,76,6,1.0,5344.0
51,1,10,1.0,2689.0
51,1,17,1.0,4356.0
51,4,5,1.0,2867.0
51,6,23,1.0,1865.0
51,8,5,11.0,2049.9
51,8,6,1.0,2581.0
51,8,23,2.0,1638.5
51,11,5,1.0,3018.0
51,13,10,1.0,2423.0
51,13,15,1.0,3894.0
51,14,20,1.0,3673.0
51,14,21,1.0,3222.0
51,15,14,1.0,2876.0
51,16,20,1.0,2420.0
51,22,13,1.0,2231.0
51,22,16,1.0,2427.0
51,22,19,1.0,2528.0
51,22,20,1.0,2743.0
51,22,23,1.0,2162.0
51,23,1,1.0,1425.0
51,23,12,1.0,1656.0
51,23,17,1.0,3435.0
51,24,14,1.0,2677.0
51,24,16,1.0,1722.0
51,24,20,1.0,1390.0
51,25,21,1.0,2052.0
51,25,22,1.0,3502.0
51,25,23,1.0,2710.0
51,26,10,2.0,1866.0
51,26,14,1.0,1911.0
51,27,3,1.0,1228.0
51,27,4,1.0,1981.0
51,27,5,2.0,1951.5
51,28,0,3.0,1597.3
51,28,2,5.0,1626.6
51,28,4,2.0,2188.0
51,28,5,2.0,1333.5
51,28,6,3.0,2712.0
51,28,7,11.0,2790.9
51,28,8,9.0,2726.0
51,28,9,7.0,2812.0
51,28,10,3.0,2101.0
51,28,11,5.0,1609.6
51,28,12,2.0,1459.0
51,28,13,4.0,2529.5
51,28,14,8.0,1587.6
51,28,15,9.0,1786.0
51,28,16,2.0,2428.0
51,28,18,2.0,2034.0
51,28,19,4.0,1821.8
51,28,20,1.0,1319.0
51,28,21,2.0,1559.5
51,28,22,4.0,1434.8
51,28,23,4.0,1966.0
51,30,2,1.0,2287.0
51,30,5,4.0,1841.0
51,30,6,1.0,2322.0
51,30,7,1.0,1788.0
51,30,9,1.0,2801.0
51,30,10,1.0,1925.0
51,30,12,4.0,1978.0
51,30,13,1.0,1776.0
51,30,18,1.0,1915.0
51,30,19,1.0,1586.0
51,30,21,1.0,2077.0
51,31,4,7.0,1309.0
51,31,7,1.0,2264.0
51,31,9,3.0,1536.3
51,31,11,1.0,1756.0
51,31,13,1.0,1458.0
51,31,16,1.0,1121.0
51,31,18,1.0,1706.0
51,31,19,1.0,1444.0
51,31,21,1.0,1123.0
51,31,23,1.0,2172.0
51,32,5,1.0,1903.0
51,32,6,3.0,1990.7
51,32,7,10.0,3229.8
51,32,8,21.0,2902.6
51,32,9,14.0,2292.7
51,32,10,7.0,2318.4
51,32,11,5.0,2102.2
51,32,12,8.0,1685.2
51,32,13,2.0,1812.5
51,32,14,10.0,1779.5
51,32,15,6.0,2097.0
51,32,16,3.0,2502.3
51,32,17,2.0,1997.5
51,32,18,7.0,1779.6
51,32,20,1.0,2228.0
51,32,21,1.0,1348.0
51,33,6,1.0,2316.0
51,33,7,1.0,2065.0
51,33,8,5.0,1970.4
51,33,9,1.0,1566.0
51,33,12,1.0,1491.0
51,33,13,1.0,1186.0
51,33,14,1.0,1602.0
51,33,15,1.0,1229.0
51,33,16,2.0,2188.5
51,33,17,6.0,1868.8
51,33,18,1.0,1248.0
51,33,23,1.0,1047.0
51,34,6,2.0,1658.5
51,34,11,1.0,1161.0
51,34,17,1.0,1050.0
51,34,19,1.0,1159.0
51,35,8,2.0,1754.0
51,35,9,4.0,1658.8
51,35,10,1.0,1047.0
51,35,11,2.0,958.0
51,35,12,2.0,1409.0
51,35,13,1.0,1265.0
51,35,15,3.0,1378.3
51,35,16,2.0,1989.0
51,35,21,2.0,1686.0
51,35,22,1.0,1610.0
51,36,9,1.0,1587.0
51,36,11,2.0,1516.5
51,36,13,2.0,1636.5
51,36,21,1.0,2255.0
51,37,1,2.0,779.0
51,37,4,1.0,807.0
51,37,6,1.0,1444.0
51,37,7,1.0,2146.0
51,37,8,1.0,1911.0
51,37,9,1.0,1647.0
51,37,10,1.0,1454.0
51,37,11,1.0,1189.0
51,37,14,1.0,2585.0
51,37,17,5.0,1581.2
51,37,18,1.0,1558.0
51,37,19,2.0,1287.5
51,37,22,1.0,1209.0
51,38,2,1.0,1331.0
51,40,5,3.0,1080.7
51,40,6,1.0,1132.0
51,40,7,2.0,1822.5
51,40,8,1.0,1718.0
51,40,9,3.0,1531.3
51,40,11,4.0,1487.2
51,40,12,3.0,1430.0
51,40,13,1.0,1070.0
51,40,14,2.0,1024.5
51,40,15,1.0,1495.0
51,40,17,8.0,1674.8
51,40,18,1.0,2072.0
51,40,20,1.0,815.0
51,40,22,1.0,846.0
51,41,5,1.0,1749.0
51,42,0,1.0,1877.0
51,42,1,2.0,845.0
51,42,2,1.0,1116.0
51,42,3,1.0,860.0
51,42,4,2.0,877.5
51,43,0,2.0,1058.5
51,43,1,2.0,719.5
51,43,2,2.0,810.5
51,43,3,1.0,709.0
51,43,4,5.0,1073.4
51,43,5,9.0,1089.0
51,44,0,3.0,669.7
51,44,1,4.0,679.8
51,44,3,1.0,600.0
51,44,4,2.0,622.0
51,44,5,20.0,1197.7
51,44,6,18.0,990.9
51,44,9,1.0,513.0
51,44,10,5.0,779.0
51,44,11,15.0,987.1
51,44,12,11.0,722.8
51,44,13,11.0,773.6
51,44,14,3.0,1070.0
51,44,16,1.0,982.0
51,44,17,1.0,436.0
51,44,19,3.0,929.0
51,44,20,5.0,859.8
51,44,21,4.0,678.2
51,45,1,1.0,545.0
51,45,3,1.0,410.0
51,45,7,2.0,972.0
51,45,8,3.0,491.3
51,45,9,8.0,492.5
51,45,10,6.0,573.7
51,45,11,4.0,592.2
51,45,12,7.0,650.9
51,45,14,4.0,553.2
51,45,15,6.0,513.3
51,45,16,10.0,805.3
51,45,17,9.0,647.0
51,45,18,2.0,739.5
51,45,19,6.0,915.8
51,45,20,4.0,732.0
51,45,21,6.0,584.7
51,45,22,4.0,614.5
51,45,23,2.0,361.5
51,46,1,8.0,618.1
51,46,2,2.0,495.5
51,46,3,2.0,911.0
51,46,5,1.0,828.0
51,47,6,1.0,729.0
51,47,8,2.0,886.5
51,47,9,5.0,539.8
51,47,10,6.0,634.2
51,47,11,5.0,418.6
51,47,12,1.0,421.0
51,47,13,7.0,476.0
51,47,14,7.0,515.4
51,47,16,1.0,740.0
51,47,17,4.0,688.5
51,47,20,2.0,393.0
51,47,23,1.0,465.0
51,48,0,2.0,271.0
51,48,1,2.0,374.0
51,48,4,2.0,415.5
51,48,5,1.0,470.0
51,48,6,2.0,339.0
51,48,7,4.0,428.2
51,48,8,9.0,354.8
51,48,9,8.0,507.4
51,48,10,6.0,410.8
51,48,11,8.0,391.9
51,48,12,13.0,385.4
51,48,13,12.0,413.3
51,48,14,8.0,412.2
51,48,15,12.0,470.6
51,48,16,13.0,615.3
51,48,17,18.0,513.1
51,48,18,22.0,405.9
51,48,19,11.0,364.2
51,48,20,9.0,339.1
51,48,21,3.0,387.3
51,48,22,8.0,368.6
51,48,23,3.0,345.7
51,49,0,4.0,708.2
51,49,1,5.0,589.6
51,49,2,5.0,667.4
51,49,4,3.0,797.3
51,49,5,10.0,1161.4
51,49,6,11.0,960.5
51,49,7,1.0,851.0
51,49,8,1.0,592.0
51,49,10,14.0,796.3
51,49,11,17.0,695.8
51,49,12,8.0,779.2
51,49,13,1.0,731.0
51,49,14,5.0,739.0
51,49,18,2.0,995.5
51,49,19,1.0,951.0
51,49,20,4.0,642.8
51,49,21,3.0,714.3
51,49,22,4.0,824.8
51,49,23,9.0,807.9
51,50,2,1.0,259.0
51,50,4,1.0,512.0
51,50,5,1.0,530.0
51,50,6,1.0,444.0
51,50,7,10.0,568.0
51,50,8,19.0,596.2
51,50,9,5.0,583.8
51,50,10,9.0,417.3
51,50,11,15.0,460.3
51,50,12,4.0,593.0
51,50,13,12.0,525.7
51,50,14,7.0,548.0
51,50,15,9.0,576.4
51,50,16,4.0,566.2
51,50,17,4.0,352.0
51,50,18,4.0,746.0
51,50,19,13.0,429.2
51,50,20,2.0,674.0
51,50,21,2.0,612.0
51,50,22,6.0,671.3
51,51,0,10.0,400.6
51,51,1,7.0,340.1
51,51,2,2.0,320.5
51,51,3,6.0,759.3
51,51,4,6.0,549.0
51,51,5,20.0,667.5
51,51,6,3.0,439.0
51,51,7,23.0,600.9
51,51,8,27.0,420.3
51,51,9,28.0,408.8
51,51,10,12.0,289.6
51,51,11,18.0,608.6
51,51,12,18.0,665.8
51,51,13,18.0,415.9
51,51,14,34.0,461.6
51,51,15,26.0,415.1
51,51,16,36.0,539.3
51,51,17,44.0,604.1
51,51,18,30.0,395.0
51,51,19,39.0,496.1
51,51,20,19.0,425.2
51,51,21,11.0,465.4
51,51,22,17.0,443.1
51,51,23,11.0,443.8
51,52,0,10.0,747.2
51,52,1,7.0,371.6
51,52,2,2.0,726.0
51,52,3,1.0,443.0
51,52,5,2.0,581.5
51,52,6,2.0,746.5
51,52,8,7.0,646.4
51,52,9,3.0,563.0
51,52,10,5.0,548.0
51,52,11,5.0,694.8
51,52,12,4.0,649.0
51,52,13,3.0,613.7
51,52,14,4.0,745.8
51,52,15,9.0,681.1
51,52,16,5.0,741.0
51,52,17,6.0,907.5
51,52,18,4.0,480.2
51,52,19,2.0,809.0
51,52,20,6.0,476.0
51,52,21,4.0,789.5
51,52,22,3.0,642.3
51,52,23,4.0,548.8
51,53,0,1.0,1128.0
51,53,1,1.0,927.0
51,53,5,11.0,1139.5
51,53,6,2.0,1108.5
51,53,8,5.0,1124.2
51,53,9,6.0,917.2
51,53,10,1.0,734.0
51,53,11,2.0,923.5
51,53,12,2.0,981.0
51,53,13,2.0,930.0
51,53,14,2.0,930.5
51,53,15,2.0,1075.0
51,53,16,3.0,903.7
51,53,17,7.0,1086.4
51,53,18,2.0,1079.5
51,53,20,2.0,1000.0
51,53,21,3.0,992.0
51,53,22,1.0,1386.0
51,53,23,2.0,839.5
51,54,3,1.0,516.0
51,54,5,6.0,854.5
51,55,2,1.0,887.0
51,55,4,1.0,483.0
51,55,5,13.0,613.5
51,55,6,3.0,710.0
51,55,8,1.0,774.0
51,55,9,2.0,940.5
51,55,11,2.0,840.0
51,55,12,1.0,1560.0
51,55,13,3.0,947.0
51,55,15,4.0,1022.0
51,55,16,6.0,881.3
51,55,17,14.0,1006.9
51,55,18,1.0,1159.0
51,55,19,1.0,1038.0
51,55,21,1.0,916.0
51,55,22,1.0,676.0
51,55,23,1.0,330.0
51,56,2,1.0,1787.0
51,56,5,1.0,1756.0
51,56,7,1.0,2998.0
51,56,8,2.0,2778.0
51,56,9,1.0,2933.0
51,56,10,2.0,2476.5
51,56,12,2.0,2710.5
51,56,13,2.0,2434.5
51,56,14,2.0,2475.0
51,56,16,1.0,2505.0
51,56,18,1.0,4426.0
51,56,19,1.0,2253.0
51,57,8,1.0,2146.0
51,57,9,1.0,2049.0
51,57,18,1.0,2427.0
51,58,4,4.0,2202.5
51,58,16,2.0,2277.5
51,58,19,1.0,1520.0
51,60,14,1.0,1178.0
51,60,19,1.0,1197.0
51,60,20,1.0,1591.0
51,60,21,2.0,1276.0
51,60,22,1.0,1514.0
51,60,23,1.0,1396.0
51,61,0,1.0,1193.0
51,61,2,1.0,881.0
51,61,7,1.0,1570.0
51,61,8,1.0,1691.0
51,61,9,2.0,1264.0
51,61,13,1.0,1599.0
51,61,14,1.0,1444.0
51,61,16,1.0,2899.0
51,61,17,4.0,1627.8
51,61,20,1.0,1458.0
51,61,21,1.0,1980.0
51,63,16,2.0,2203.0
51,65,9,1.0,2373.0
51,65,18,1.0,2291.0
51,66,0,2.0,2433.0
51,66,4,1.0,1467.0
51,66,5,2.0,1946.0
51,66,6,3.0,2438.7
51,66,11,1.0,1579.0
51,66,21,1.0,2123.0
51,66,23,1.0,1398.0
51,67,0,1.0,1126.0
51,67,4,1.0,1155.0
51,67,5,2.0,1193.0
51,67,7,1.0,2744.0
51,67,8,2.0,1713.0
51,67,9,1.0,1151.0
51,67,10,3.0,1447.3
51,67,11,2.0,1269.5
51,67,12,1.0,3114.0
51,67,13,1.0,1159.0
51,67,15,2.0,1563.0
51,67,16,1.0,1996.0
51,67,17,1.0,1409.0
51,67,18,5.0,1896.6
51,67,19,3.0,1402.0
51,67,22,4.0,1449.8
51,68,0,1.0,769.0
51,68,2,1.0,763.0
51,68,5,7.0,1789.7
51,68,7,1.0,1995.0
51,68,8,3.0,1726.7
51,68,9,2.0,1604.0
51,68,10,3.0,1056.7
51,68,11,2.0,1030.5
51,68,12,6.0,1005.5
51,68,13,2.0,1233.0
51,68,14,5.0,1261.2
51,68,15,3.0,2439.0
51,68,16,3.0,2081.0
51,68,17,4.0,1328.8
51,68,19,3.0,1091.7
51,68,20,4.0,1743.5
51,68,21,1.0,1157.0
51,68,23,3.0,1072.3
51,69,1,1.0,1018.0
51,70,0,1.0,1294.0
51,70,5,1.0,1778.0
51,70,6,2.0,1140.5
51,70,7,1.0,1455.0
51,70,9,6.0,1621.5
51,70,10,2.0,1673.5
51,70,13,1.0,1539.0
51,70,17,2.0,2237.0
51,70,18,1.0,2050.0
51,71,1,1.0,1085.0
51,71,2,1.0,1420.0
51,71,3,1.0,999.0
51,71,4,1.0,818.0
51,71,5,12.0,1178.8
51,71,6,2.0,1172.0
51,71,8,4.0,1334.0
51,71,9,3.0,1076.3
51,71,10,3.0,974.3
51,71,11,4.0,1389.5
51,71,12,3.0,1214.3
51,71,13,1.0,1128.0
51,71,14,7.0,1884.6
51,71,15,3.0,1293.0
51,71,16,5.0,1647.2
51,71,17,8.0,1448.9
51,71,18,2.0,1505.0
51,71,19,6.0,1198.7
51,71,20,4.0,1029.2
51,71,21,5.0,1343.0
51,71,22,6.0,1127.0
51,71,23,3.0,841.3
51,72,1,1.0,851.0
51,73,0,1.0,863.0
51,73,1,1.0,1259.0
51,73,2,2.0,605.5
51,73,5,7.0,1186.3
51,73,6,1.0,1537.0
51,73,7,5.0,1100.6
51,73,8,9.0,1086.9
51,73,9,2.0,677.0
51,73,10,2.0,785.0
51,73,11,4.0,802.5
51,73,12,1.0,771.0
51,73,13,3.0,993.7
51,73,14,6.0,895.3
51,73,15,10.0,1046.9
51,73,16,10.0,1199.5
51,73,17,5.0,1274.8
51,73,18,5.0,860.0
51,73,19,2.0,1213.0
51,73,20,1.0,695.0
51,73,21,4.0,811.8
51,73,22,6.0,711.2
51,74,9,2.0,1293.5
51,74,10,3.0,1188.7
51,74,11,1.0,993.0
51,74,13,2.0,1316.5
51,74,16,1.0,1632.0
51,74,17,1.0,1467.0
51,74,19,1.0,1445.0
51,74,21,1.0,1526.0
51,74,22,1.0,1277.0
51,75,2,2.0,1246.0
51,75,3,4.0,1546.0
51,76,2,1.0,2431.0
51,76,3,1.0,2293.0
51,76,4,2.0,2488.0
51,76,5,1.0,2721.0
51,76,10,1.0,3354.0
51,76,12,3.0,4583.7
51,76,14,1.0,3997.0
51,76,18,1.0,3161.0
51,76,19,2.0,3802.0
51,76,22,1.0,3238.0
52,1,15,1.0,3180.0
52,2,7,1.0,4144.0
52,3,1,1.0,1992.0
52,7,0,1.0,2003.0
52,7,8,1.0,1629.0
52,7,9,2.0,3585.5
52,7,12,2.0,2003.5
52,7,20,1.0,1956.0
52,8,0,1.0,2048.0
52,8,7,3.0,2969.3
52,8,8,3.0,3593.3
52,8,9,2.0,2832.0
52,8,11,1.0,1593.0
52,8,12,1.0,2655.0
52,8,13,5.0,2083.2
52,8,14,6.0,2099.0
52,8,15,3.0,2359.0
52,8,16,7.0,2035.6
52,8,17,1.0,1761.0
52,8,19,1.0,2004.0
52,8,20,1.0,1756.0
52,12,21,1.0,2397.0
52,13,6,2.0,3721.5
52,15,15,1.0,3959.0
52,18,12,1.0,3938.0
52,19,11,1.0,3269.0
52,20,3,1.0,2540.0
52,20,4,1.0,2751.0
52,20,7,1.0,2335.0
52,22,2,1.0,2790.0
52,24,4,1.0,1903.0
52,28,5,5.0,1908.0
52,28,6,7.0,2469.6
52,28,7,15.0,2471.5
52,28,8,10.0,3194.0
52,28,9,4.0,2271.5
52,28,10,7.0,2305.3
52,28,11,1.0,1502.0
52,28,12,2.0,1920.0
52,28,13,1.0,1778.0
52,28,15,1.0,2782.0
52,28,16,9.0,2337.8
52,28,17,2.0,2447.0
52,28,18,2.0,2547.5
52,28,19,1.0,2168.0
52,28,20,1.0,1779.0
52,28,22,1.0,1163.0
52,28,23,3.0,1552.0
52,29,9,1.0,2068.0
52,29,13,1.0,2519.0
52,30,12,3.0,1474.3
52,30,16,2.0,3048.0
52,31,0,1.0,1972.0
52,31,3,1.0,1853.0
52,32,3,1.0,1501.0
52,32,4,1.0,2316.0
52,32,6,4.0,2053.0
52,32,7,2.0,1598.0
52,32,8,11.0,2707.2
52,32,9,10.0,2103.9
52,32,10,5.0,2183.8
52,32,11,2.0,1839.5
52,32,12,1.0,1976.0
52,32,13,2.0,1704.0
52,32,14,3.0,2354.3
52,32,15,3.0,2005.0
52,32,16,3.0,2112.3
52,32,17,2.0,2062.5
52,32,18,1.0,2042.0
52,32,21,1.0,1232.0
52,33,5,1.0,1123.0
52,33,7,5.0,2505.4
52,33,8,1.0,1875.0
52,33,9,1.0,1516.0
52,33,12,1.0,2096.0
52,33,13,4.0,1355.0
52,33,15,3.0,2831.7
52,33,16,1.0,1124.0
52,33,17,1.0,2119.0
52,33,18,2.0,1762.0
52,33,20,1.0,1262.0
52,34,0,1.0,1321.0
52,34,4,1.0,1784.0
52,34,18,1.0,1980.0
52,38,6,6.0,1505.0
52,38,7,3.0,1427.3
52,38,8,1.0,1135.0
52,38,11,1.0,1193.0
52,39,15,1.0,1429.0
52,39,16,1.0,2505.0
52,41,7,2.0,1961.0
52,41,8,2.0,1667.0
52,41,9,5.0,1292.4
52,41,10,4.0,1661.8
52,41,12,1.0,2192.0
52,41,13,2.0,1458.5
52,41,14,1.0,1344.0
52,41,16,2.0,2044.5
52,41,17,1.0,1695.0
52,41,18,1.0,1165.0
52,41,19,1.0,1396.0
52,41,20,1.0,2023.0
52,41,21,1.0,1798.0
52,42,13,2.0,1496.0
52,42,15,2.0,1696.0
52,42,19,1.0,988.0
52,42,23,2.0,1108.0
52,43,3,1.0,789.0
52,44,7,1.0,1163.0
52,44,8,1.0,1389.0
52,44,10,2.0,1040.5
52,44,11,2.0,1215.5
52,44,12,2.0,1987.5
52,44,13,1.0,827.0
52,44,14,1.0,1586.0
52,44,15,1.0,883.0
52,44,19,1.0,977.0
52,44,21,1.0,1113.0
52,44,23,1.0,1364.0
52,45,8,1.0,1130.0
52,45,9,3.0,748.3
52,45,13,1.0,675.0
52,45,18,1.0,897.0
52,45,19,1.0,1022.0
52,45,22,1.0,1354.0
52,46,0,4.0,659.8
52,46,1,2.0,497.0
52,47,6,1.0,864.0
52,47,7,1.0,678.0
52,47,10,1.0,1383.0
52,47,13,3.0,922.3
52,47,14,4.0,1019.5
52,48,5,2.0,557.5
52,48,7,1.0,919.0
52,48,8,1.0,1240.0
52,48,9,1.0,703.0
52,48,10,2.0,687.5
52,48,11,3.0,950.0
52,48,12,1.0,699.0
52,48,15,3.0,830.0
52,48,16,1.0,470.0
52,48,17,4.0,1033.5
52,48,18,2.0,889.0
52,48,19,1.0,1860.0
52,49,4,1.0,899.0
52,50,3,1.0,735.0
52,50,5,6.0,1036.8
52,50,6,1.0,868.0
52,50,7,6.0,1026.5
52,50,8,4.0,1261.0
52,50,9,2.0,736.0
52,50,10,3.0,875.7
52,50,11,2.0,644.5
52,50,12,6.0,790.7
52,50,14,3.0,1425.0
52,50,15,1.0,1027.0
52,50,17,2.0,1326.5
52,50,18,2.0,816.0
52,50,19,1.0,899.0
52,51,1,1.0,497.0
52,51,3,1.0,629.0
52,51,4,1.0,733.0
52,51,5,14.0,561.8
52,51,6,19.0,602.6
52,51,23,1.0,511.0
52,52,0,10.0,244.9
52,52,1,3.0,286.0
52,52,2,2.0,989.0
52,52,3,2.0,385.0
52,52,4,2.0,229.0
52,52,6,1.0,912.0
52,52,7,10.0,381.0
52,52,8,25.0,354.0
52,52,9,8.0,228.8
52,52,10,8.0,326.6
52,52,11,4.0,425.8
52,52,12,6.0,549.2
52,52,13,10.0,429.8
52,52,14,7.0,513.3
52,52,15,21.0,404.4
52,52,16,8.0,621.1
52,52,17,11.0,439.2
52,52,18,12.0,420.1
52,52,19,20.0,379.1
52,52,20,13.0,464.5
52,52,21,7.0,438.6
52,52,22,19.0,413.2
52,52,23,6.0,277.0
52,53,4,1.0,1537.0
52,53,5,2.0,1330.0
52,54,8,1.0,991.0
52,55,0,3.0,757.3
52,55,2,1.0,336.0
52,55,4,1.0,599.0
52,55,5,3.0,580.3
52,55,6,1.0,622.0
52,55,7,1.0,654.0
52,55,8,1.0,393.0
52,55,12,4.0,415.8
52,55,13,3.0,541.0
52,55,14,3.0,485.3
52,55,15,3.0,752.3
52,55,17,1.0,416.0
52,55,19,1.0,629.0
52,55,22,3.0,927.3
52,55,23,2.0,572.0
52,56,4,1.0,2453.0
52,58,7,1.0,1973.0
52,58,8,1.0,2022.0
52,58,17,1.0,2887.0
52,58,20,1.0,2416.0
52,59,4,1.0,1151.0
52,59,5,1.0,1236.0
52,59,9,2.0,1677.5
52,61,10,1.0,2357.0
52,61,12,1.0,2408.0
52,61,14,1.0,1771.0
52,61,18,1.0,1208.0
52,61,20,1.0,1475.0
52,63,0,2.0,1779.5
52,63,2,1.0,2660.0
52,63,15,1.0,1983.0
52,63,19,1.0,1805.0
52,65,6,1.0,1749.0
52,65,7,1.0,2073.0
52,65,8,2.0,2143.5
52,65,9,1.0,1823.0
52,65,18,1.0,2921.0
52,66,11,1.0,2237.0
52,66,13,1.0,2114.0
52,66,15,1.0,1805.0
52,66,16,3.0,3405.7
52,66,17,1.0,1682.0
52,66,19,1.0,2338.0
52,66,22,1.0,1922.0
52,66,23,1.0,2092.0
52,69,4,2.0,1024.5
52,69,8,4.0,1514.0
52,69,9,2.0,1189.5
52,69,11,3.0,1288.3
52,69,12,1.0,1321.0
52,69,13,1.0,1675.0
52,69,15,1.0,1150.0
52,69,17,3.0,1522.7
52,69,18,2.0,1024.5
52,69,21,1.0,1684.0
52,70,9,1.0,2046.0
52,70,23,1.0,1637.0
52,71,10,2.0,1698.0
52,71,13,2.0,1422.5
52,71,14,1.0,1390.0
52,76,3,2.0,2807.0
52,76,4,1.0,2698.0
52,76,5,1.0,3375.0
52,76,7,1.0,4962.0
52,76,9,1.0,3943.0
52,76,13,1.0,3307.0
52,76,15,2.0,5423.0
52,76,16,1.0,4669.0
52,76,18,1.0,4201.0
52,77,2,1.0,3141.0
52,77,4,1.0,2440.0
52,77,8,1.0,3203.0
52,77,14,1.0,2235.0
53,3,5,1.0,2069.0
53,4,9,1.0,2929.0
53,4,10,1.0,4256.0
53,5,5,4.0,2648.2
53,5,6,11.0,2735.5
53,5,7,1.0,3222.0
53,5,10,1.0,2675.0
53,5,13,1.0,1799.0
53,5,21,1.0,2503.0
53,6,4,1.0,2257.0
53,6,5,1.0,1730.0
53,6,6,1.0,2569.0
53,7,8,1.0,2843.0
53,7,9,2.0,2956.0
53,7,11,1.0,2746.0
53,7,15,1.0,2366.0
53,7,20,1.0,2790.0
53,8,1,1.0,1852.0
53,8,3,2.0,1944.5
53,8,5,5.0,2207.4
53,8,6,2.0,2179.5
53,12,4,1.0,2374.0
53,12,5,1.0,3200.0
53,13,6,4.0,3679.8
53,15,17,1.0,4530.0
53,15,21,1.0,3338.0
53,16,1,1.0,2126.0
53,16,8,1.0,3128.0
53,16,17,1.0,4638.0
53,19,2,1.0,3227.0
53,19,7,1.0,4329.0
53,19,9,1.0,2804.0
53,19,10,1.0,3129.0
53,19,11,1.0,3410.0
53,21,15,1.0,3770.0
53,21,19,1.0,3631.0
53,21,20,1.0,3827.0
53,22,0,1.0,1667.0
53,22,2,1.0,1698.0
53,22,13,1.0,2369.0
53,22,23,1.0,2100.0
53,24,4,1.0,2563.0
53,24,5,1.0,2721.0
53,24,6,9.0,2615.2
53,24,7,1.0,4694.0
53,24,8,2.0,2589.5
53,24,12,2.0,2666.0
53,24,13,3.0,2331.0
53,24,15,2.0,3108.5
53,24,17,3.0,3064.3
53,24,21,2.0,1768.0
53,24,22,1.0,1574.0
53,25,2,1.0,2019.0
53,25,10,1.0,2674.0
53,25,21,1.0,1992.0
53,25,23,2.0,2077.0
53,26,0,2.0,2045.0
53,26,10,1.0,2883.0
53,26,12,1.0,2046.0
53,26,14,1.0,2173.0
53,26,17,2.0,2218.0
53,26,18,2.0,2777.5
53,27,9,1.0,1880.0
53,27,15,2.0,2128.0
53,27,17,1.0,1933.0
53,27,21,1.0,2281.0
53,28,1,1.0,1814.0
53,28,4,1.0,1520.0
53,28,5,6.0,2478.8
53,28,6,9.0,2598.6
53,28,7,13.0,3000.0
53,28,8,11.0,2854.4
53,28,9,13.0,2293.5
53,28,10,4.0,1788.8
53,28,11,3.0,1778.7
53,28,12,5.0,1749.2
53,28,13,4.0,1801.2
53,28,14,8.0,2092.5
53,28,15,7.0,3393.1
53,28,16,5.0,2215.8
53,28,17,4.0,2470.8
53,28,18,3.0,2106.0
53,28,19,3.0,1781.7
53,28,20,3.0,1809.7
53,28,21,1.0,1697.0
53,28,22,3.0,2061.7
53,28,23,2.0,2571.5
53,29,5,1.0,2211.0
53,29,6,1.0,2574.0
53,29,7,1.0,3676.0
53,29,9,1.0,3167.0
53,29,10,3.0,1836.7
53,29,11,2.0,1884.5
53,29,12,2.0,2272.0
53,29,13,1.0,2254.0
53,29,14,1.0,2030.0
53,29,15,1.0,2636.0
53,29,17,3.0,3017.0
53,29,18,6.0,2286.2
53,29,20,3.0,2464.0
53,29,22,1.0,3600.0
53,29,23,2.0,2611.5
53,30,3,1.0,1701.0
53,30,7,1.0,3381.0
53,30,8,9.0,2693.4
53,30,9,2.0,2828.5
53,30,13,1.0,2557.0
53,30,14,1.0,2428.0
53,30,19,2.0,1717.0
53,30,23,1.0,2377.0
53,31,2,1.0,1202.0
53,31,3,1.0,1508.0
53,31,4,1.0,1724.0
53,31,5,9.0,1946.1
53,31,6,6.0,2290.3
53,31,7,5.0,2697.4
53,31,8,3.0,3135.3
53,31,9,1.0,1983.0
53,31,11,1.0,1452.0
53,31,14,3.0,1451.7
53,31,17,2.0,1782.0
53,31,22,1.0,1113.0
53,32,0,1.0,1324.0
53,32,4,2.0,1418.5
53,32,5,5.0,1905.8
53,32,6,11.0,2708.4
53,32,7,3.0,3556.7
53,32,8,14.0,2878.4
53,32,9,22.0,2310.9
53,32,10,6.0,2210.8
53,32,11,9.0,1674.9
53,32,12,19.0,1745.8
53,32,13,13.0,2176.0
53,32,14,6.0,1843.8
53,32,15,5.0,1608.6
53,32,16,2.0,2535.0
53,32,17,2.0,1899.0
53,32,18,3.0,1977.7
53,32,19,1.0,2312.0
53,32,20,2.0,1820.5
53,32,21,3.0,1684.0
53,32,22,2.0,2186.5
53,32,23,1.0,1825.0
53,33,4,2.0,1781.0
53,33,5,1.0,1425.0
53,33,6,4.0,1710.0
53,33,7,2.0,2512.0
53,33,8,5.0,2499.2
53,33,11,1.0,1359.0
53,33,12,1.0,1105.0
53,33,14,1.0,1243.0
53,33,15,1.0,1213.0
53,33,16,2.0,1311.5
53,33,17,3.0,1924.7
53,33,18,3.0,1598.7
53,33,19,1.0,1229.0
53,33,20,1.0,1111.0
53,33,21,2.0,1665.5
53,34,8,1.0,1721.0
53,34,12,1.0,1166.0
53,34,13,2.0,1101.0
53,34,15,1.0,1337.0
53,34,18,1.0,1032.0
53,34,19,1.0,1185.0
53,35,1,1.0,1587.0
53,36,1,1.0,2705.0
53,36,7,1.0,2655.0
53,36,10,1.0,1629.0
53,36,14,2.0,2046.5
53,36,16,7.0,1856.0
53,36,19,2.0,1366.0
53,36,20,1.0,2065.0
53,36,21,1.0,2246.0
53,38,0,3.0,1202.0
53,38,2,2.0,1172.0
53,38,5,1.0,1398.0
53,38,6,2.0,1798.5
53,38,7,5.0,2239.6
53,38,8,2.0,1364.5
53,38,9,3.0,1639.7
53,38,10,1.0,1170.0
53,38,11,1.0,1105.0
53,38,12,3.0,1101.3
53,38,13,2.0,1723.0
53,38,14,4.0,1495.2
53,38,15,4.0,1662.5
53,38,16,6.0,1332.5
53,38,17,4.0,1388.8
53,38,18,8.0,1529.2
53,38,19,4.0,1549.5
53,38,20,8.0,1253.5
53,38,21,2.0,1147.0
53,38,22,1.0,1157.0
53,38,23,2.0,1233.5
53,39,0,2.0,1559.5
53,39,13,1.0,1737.0
53,39,23,1.0,2273.0
53,40,0,2.0,1006.5
53,40,1,1.0,1119.0
53,40,7,1.0,2692.0
53,40,8,4.0,1735.8
53,40,12,1.0,1243.0
53,40,13,3.0,1362.0
53,40,14,1.0,1518.0
53,40,15,4.0,1821.2
53,40,17,4.0,1293.5
53,40,18,2.0,1258.5
53,40,19,5.0,1268.0
53,40,20,3.0,1217.7
53,40,21,2.0,1243.5
53,40,23,1.0,1177.0
53,41,0,1.0,1159.0
53,41,2,1.0,1374.0
53,41,3,1.0,1139.0
53,41,4,2.0,1123.5
53,41,6,12.0,1878.3
53,41,7,5.0,2236.0
53,41,8,2.0,1774.0
53,41,9,6.0,1605.7
53,41,10,4.0,1369.0
53,41,11,3.0,1708.3
53,41,12,3.0,1282.7
53,41,13,3.0,1561.3
53,41,14,6.0,1607.7
53,41,16,4.0,1797.0
53,41,17,5.0,1821.6
53,41,18,3.0,1903.0
53,41,19,2.0,1518.5
53,41,20,2.0,1617.0
53,41,21,3.0,1522.0
53,42,1,1.0,1294.0
53,42,2,1.0,1094.0
53,42,3,2.0,1040.0
53,42,4,1.0,1045.0
53,43,0,4.0,1695.0
53,43,1,6.0,1514.2
53,43,2,2.0,1383.5
53,43,3,2.0,1213.5
53,43,4,2.0,1240.0
53,43,5,5.0,1151.8
53,44,1,2.0,675.5
53,44,2,1.0,1301.0
53,44,3,1.0,555.0
53,44,4,4.0,800.8
53,45,0,2.0,1375.5
53,45,1,1.0,1104.0
53,45,3,1.0,782.0
53,45,6,2.0,1290.5
53,45,8,3.0,2263.0
53,45,9,1.0,646.0
53,45,10,2.0,1303.0
53,45,11,1.0,1084.0
53,45,12,2.0,1045.0
53,45,13,2.0,921.0
53,45,14,3.0,1003.3
53,45,15,4.0,1221.5
53,45,16,2.0,2007.5
53,45,17,2.0,2083.5
53,45,18,1.0,827.0
53,45,23,1.0,1157.0
53,46,0,1.0,1155.0
53,46,1,1.0,1386.0
53,46,3,2.0,1492.5
53,46,5,1.0,1247.0
53,47,0,1.0,1099.0
53,47,8,1.0,864.0
53,47,9,1.0,1265.0
53,47,10,1.0,1182.0
53,47,11,7.0,1223.0
53,47,12,5.0,912.0
53,47,15,2.0,1185.5
53,47,18,1.0,1136.0
53,48,0,1.0,1526.0
53,48,5,5.0,1072.0
53,48,7,2.0,985.5
53,48,8,7.0,2031.7
53,48,9,3.0,1175.3
53,48,10,2.0,864.5
53,48,11,1.0,792.0
53,48,12,3.0,1003.3
53,48,13,2.0,870.0
53,48,14,1.0,1093.0
53,48,15,3.0,1355.0
53,48,16,1.0,1659.0
53,48,19,1.0,1331.0
53,48,20,1.0,1101.0
53,48,21,3.0,1049.0
53,48,22,2.0,953.5
53,48,23,2.0,1028.0
53,49,0,8.0,740.6
53,49,1,5.0,441.2
53,49,2,26.0,570.0
53,49,3,17.0,647.9
53,49,4,17.0,700.2
53,49,5,26.0,697.8
53,49,6,53.0,739.5
53,49,7,58.0,731.3
53,49,8,34.0,530.1
53,49,9,56.0,681.7
53,49,10,30.0,553.0
53,49,11,23.0,632.6
53,49,12,37.0,640.4
53,49,13,35.0,641.2
53,49,14,45.0,635.1
53,49,15,35.0,679.1
53,49,16,13.0,632.5
53,49,17,18.0,625.3
53,49,18,12.0,691.8
53,49,19,13.0,556.8
53,49,20,20.0,779.0
53,49,21,20.0,543.6
53,49,22,12.0,575.1
53,49,23,16.0,681.0
53,50,0,1.0,297.0
53,50,1,3.0,551.3
53,50,4,7.0,898.3
53,50,5,12.0,791.0
53,50,6,10.0,592.6
53,50,7,47.0,734.9
53,50,8,19.0,501.4
53,50,9,11.0,758.0
53,50,10,12.0,728.4
53,50,11,7.0,834.7
53,50,12,8.0,688.1
53,50,13,6.0,611.5
53,50,14,13.0,626.2
53,50,15,11.0,737.3
53,50,16,13.0,673.8
53,50,17,5.0,706.8
53,50,18,4.0,772.0
53,50,19,8.0,654.6
53,50,20,5.0,536.8
53,50,21,4.0,771.8
53,50,22,2.0,585.5
53,51,3,2.0,911.5
53,52,7,1.0,1238.0
53,52,11,2.0,1208.5
53,52,12,1.0,1640.0
53,52,13,1.0,937.0
53,52,14,1.0,2181.0
53,52,15,2.0,1752.5
53,52,16,1.0,1281.0
53,52,17,3.0,1770.0
53,52,18,3.0,1316.3
53,52,20,1.0,1462.0
53,53,0,27.0,613.4
53,53,1,9.0,700.0
53,53,2,5.0,649.0
53,53,3,6.0,353.0
53,53,4,16.0,347.4
53,53,5,7.0,1525.1
53,53,6,1.0,484.0
53,54,0,5.0,447.4
53,54,1,10.0,520.7
53,54,2,1.0,390.0
53,54,3,1.0,461.0
53,54,5,4.0,634.8
53,54,6,9.0,601.6
53,54,7,6.0,581.8
53,54,8,11.0,612.9
53,54,9,7.0,676.6
53,54,10,5.0,515.2
53,54,11,7.0,511.0
53,54,12,5.0,506.4
53,54,13,1.0,721.0
53,54,14,2.0,940.0
53,54,15,6.0,697.5
53,54,16,11.0,636.2
53,54,17,7.0,725.7
53,54,18,11.0,604.4
53,54,19,5.0,707.2
53,54,20,7.0,479.6
53,54,21,6.0,756.0
53,54,22,12.0,572.9
53,54,23,4.0,415.5
53,55,5,12.0,1171.6
53,56,2,2.0,1683.5
53,56,3,2.0,2132.0
53,56,4,3.0,1690.7
53,57,11,1.0,3125.0
53,57,13,1.0,2204.0
53,58,7,1.0,2270.0
53,58,16,1.0,1840.0
53,60,1,1.0,1526.0
53,61,0,1.0,1464.0
53,61,3,5.0,1185.4
53,61,4,6.0,1158.8
53,61,5,2.0,1208.5
53,61,6,3.0,1746.0
53,61,7,6.0,2064.3
53,61,8,6.0,2034.8
53,61,9,1.0,1883.0
53,61,10,2.0,1278.0
53,61,11,1.0,1479.0
53,61,12,4.0,1560.8
53,61,13,2.0,1351.0
53,61,14,3.0,1338.3
53,61,16,1.0,2538.0
53,61,17,3.0,1596.7
53,61,19,1.0,1358.0
53,61,21,1.0,1517.0
53,61,22,2.0,1812.5
53,63,4,1.0,1751.0
53,64,20,1.0,2138.0
53,65,6,1.0,1961.0
53,65,7,2.0,1926.0
53,65,10,2.0,1916.0
53,65,12,1.0,2208.0
53,65,17,2.0,1982.0
53,65,18,2.0,2612.5
53,65,20,1.0,1940.0
53,65,21,1.0,1605.0
53,66,1,2.0,1540.0
53,66,7,4.0,2074.2
53,66,8,3.0,2467.3
53,66,9,1.0,1467.0
53,66,10,4.0,1906.8
53,66,11,2.0,1908.0
53,66,12,2.0,1700.0
53,66,13,3.0,1686.7
53,66,14,2.0,1690.5
53,66,15,2.0,1656.0
53,66,16,3.0,2345.3
53,66,17,4.0,1772.2
53,66,18,4.0,1788.8
53,66,19,5.0,1682.0
53,66,20,8.0,1509.9
53,66,21,2.0,2232.0
53,66,22,4.0,1625.0
53,66,23,3.0,1609.7
53,67,0,2.0,2016.0
53,67,1,2.0,1597.0
53,67,2,3.0,1495.0
53,67,3,3.0,1166.0
53,67,5,1.0,2335.0
53,67,6,2.0,1332.5
53,67,7,9.0,1884.4
53,67,8,5.0,1641.2
53,67,9,1.0,1850.0
53,67,11,1.0,1495.0
53,67,12,1.0,1529.0
53,67,13,1.0,1201.0
53,67,14,3.0,1463.7
53,67,15,3.0,2077.0
53,67,16,7.0,1769.0
53,67,17,12.0,1671.8
53,67,18,9.0,1599.7
53,67,19,4.0,1303.0
53,67,20,3.0,1181.0
53,67,21,4.0,1399.2
53,67,22,3.0,1396.0
53,67,23,2.0,1529.0
53,68,0,2.0,824.0
53,68,1,2.0,950.5
53,68,3,1.0,977.0
53,68,4,1.0,1217.0
53,68,5,4.0,1009.2
53,68,6,5.0,1884.2
53,68,7,10.0,2308.6
53,68,8,9.0,1820.2
53,68,9,4.0,1043.5
53,68,10,2.0,1579.5
53,68,11,5.0,1255.8
53,68,12,4.0,1271.0
53,68,13,5.0,1228.6
53,68,14,6.0,1422.3
53,68,15,3.0,1251.3
53,68,16,7.0,1161.9
53,68,18,1.0,892.0
53,68,19,8.0,1269.8
53,68,20,3.0,1065.3
53,68,21,2.0,890.5
53,68,22,3.0,1301.0
53,68,23,4.0,1262.8
53,69,0,5.0,1180.0
53,69,1,3.0,965.0
53,69,2,1.0,748.0
53,69,3,1.0,858.0
53,69,6,1.0,1194.0
53,69,7,8.0,1332.4
53,69,8,8.0,1583.0
53,69,9,10.0,1218.3
53,69,10,10.0,1172.0
53,69,11,1.0,1328.0
53,69,12,6.0,1044.8
53,69,13,3.0,917.0
53,69,14,3.0,1109.7
53,69,15,8.0,1025.8
53,69,16,5.0,1060.8
53,69,17,15.0,1274.1
53,69,18,7.0,1081.0
53,69,19,6.0,967.0
53,69,20,5.0,1031.6
53,69,21,4.0,1063.5
53,69,22,12.0,1088.7
53,69,23,5.0,1415.8
53,70,1,2.0,1575.0
53,70,2,1.0,1456.0
53,70,3,1.0,1729.0
53,71,1,1.0,1540.0
53,71,2,4.0,1339.0
53,71,4,2.0,965.5
53,72,5,1.0,637.0
53,73,1,2.0,1062.0
53,73,2,2.0,1336.0
53,73,3,1.0,368.0
53,73,4,1.0,426.0
53,74,4,1.0,981.0
53,75,0,2.0,351.5
53,75,2,2.0,587.5
53,75,3,1.0,309.0
53,75,4,3.0,432.3
53,75,5,2.0,476.5
53,75,6,7.0,445.0
53,75,7,1.0,688.0
53,75,9,7.0,609.7
53,75,10,15.0,539.4
53,75,11,8.0,568.9
53,75,12,12.0,583.1
53,75,13,6.0,407.7
53,75,14,5.0,536.4
53,75,20,7.0,532.1
53,75,21,4.0,468.5
53,75,22,8.0,517.9
53,75,23,6.0,435.5
53,76,2,4.0,2657.5
53,76,3,3.0,2684.0
53,76,4,1.0,2785.0
53,76,5,5.0,3704.0
53,76,10,1.0,2451.0
53,76,13,3.0,3156.3
53,76,22,1.0,2377.0
54,1,0,1.0,2203.0
54,5,6,1.0,3175.0
54,6,6,1.0,3809.0
54,6,9,1.0,4097.0
54,6,11,1.0,1872.0
54,6,14,1.0,2019.0
54,6,21,1.0,2416.0
54,7,8,1.0,3454.0
54,8,3,1.0,1643.0
54,8,5,3.0,2987.3
54,8,6,1.0,3518.0
54,8,8,1.0,5161.0
54,8,9,1.0,2481.0
54,8,10,1.0,1864.0
54,8,12,2.0,2282.5
54,8,13,1.0,3171.0
54,8,21,1.0,1784.0
54,8,22,2.0,2337.0
54,21,5,1.0,1814.0
54,24,0,1.0,1417.0
54,24,7,1.0,2355.0
54,24,11,1.0,2640.0
54,26,11,1.0,2739.0
54,28,1,8.0,1341.9
54,28,2,3.0,1198.3
54,28,4,1.0,1404.0
54,28,5,1.0,2112.0
54,28,6,2.0,1851.0
54,28,7,11.0,3203.5
54,28,8,3.0,3037.7
54,28,9,2.0,2221.0
54,28,10,1.0,1963.0
54,28,11,10.0,1657.7
54,28,12,5.0,2076.8
54,28,13,1.0,1443.0
54,28,14,1.0,2621.0
54,28,15,1.0,1504.0
54,28,16,1.0,3443.0
54,28,18,1.0,1718.0
54,28,21,1.0,1763.0
54,28,23,2.0,1428.0
54,29,0,1.0,2474.0
54,29,5,1.0,1980.0
54,29,8,1.0,3280.0
54,29,9,1.0,3762.0
54,29,14,1.0,1633.0
54,29,20,1.0,1637.0
54,30,8,1.0,3142.0
54,30,10,1.0,2557.0
54,31,0,1.0,2031.0
54,31,5,1.0,1497.0
54,31,7,2.0,2962.0
54,31,8,2.0,2560.0
54,31,21,1.0,1633.0
54,32,5,3.0,2278.0
54,32,7,1.0,4128.0
54,32,8,4.0,2995.0
54,32,10,2.0,1924.0
54,32,11,6.0,2387.0
54,32,13,3.0,2135.3
54,32,15,1.0,2476.0
54,32,18,1.0,1915.0
54,32,19,1.0,1684.0
54,32,20,1.0,1630.0
54,34,8,1.0,2092.0
54,34,16,1.0,3291.0
54,35,1,1.0,1193.0
54,35,6,1.0,1799.0
54,35,11,2.0,1735.0
54,35,15,3.0,2093.3
54,35,16,2.0,1451.0
54,35,21,1.0,2034.0
54,35,23,3.0,1943.7
54,36,17,1.0,1506.0
54,36,20,1.0,1722.0
54,38,8,1.0,2503.0
54,38,10,2.0,1213.5
54,38,11,2.0,1440.5
54,38,13,1.0,1277.0
54,38,18,1.0,1358.0
54,38,20,1.0,1189.0
54,38,21,1.0,1556.0
54,38,22,1.0,1613.0
54,38,23,2.0,1648.5
54,39,0,1.0,1327.0
54,39,9,1.0,2412.0
54,39,12,1.0,1822.0
54,39,13,1.0,1497.0
54,39,21,1.0,1127.0
54,40,1,1.0,1159.0
54,40,8,1.0,1987.0
54,40,12,1.0,1036.0
54,40,14,1.0,1166.0
54,40,18,2.0,1754.0
54,40,23,2.0,1467.0
54,42,8,4.0,1901.5
54,42,12,1.0,1448.0
54,42,13,1.0,1448.0
54,42,14,1.0,1163.0
54,42,15,2.0,1897.5
54,42,16,2.0,1540.0
54,42,19,2.0,1590.5
54,42,20,1.0,1729.0
54,43,0,1.0,1028.0
54,43,1,3.0,1136.7
54,43,3,1.0,962.0
54,43,4,1.0,1162.0
54,43,5,1.0,1053.0
54,43,7,2.0,1593.5
54,43,8,1.0,2636.0
54,43,10,2.0,1960.0
54,43,11,1.0,1270.0
54,43,12,1.0,1126.0
54,43,13,3.0,1195.3
54,43,14,2.0,978.5
54,43,15,3.0,1251.3
54,43,16,1.0,1904.0
54,43,17,3.0,1596.7
54,43,18,2.0,1243.5
54,43,19,3.0,1367.7
54,43,20,1.0,1271.0
54,43,22,1.0,1315.0
54,43,23,3.0,1523.7
54,44,0,1.0,826.0
54,44,3,8.0,805.4
54,44,4,2.0,802.5
54,44,5,5.0,967.0
54,44,6,3.0,1419.0
54,44,7,1.0,628.0
54,44,20,2.0,1013.5
54,44,22,2.0,1018.0
54,46,0,1.0,1884.0
54,46,1,1.0,984.0
54,46,4,1.0,1420.0
54,46,5,1.0,1093.0
54,46,6,5.0,1360.0
54,46,7,1.0,1628.0
54,46,13,2.0,1156.5
54,46,16,1.0,1356.0
54,46,20,1.0,1039.0
54,46,21,4.0,922.2
54,48,7,8.0,1028.8
54,48,10,2.0,1000.0
54,48,13,1.0,804.0
54,48,16,1.0,881.0
54,49,0,2.0,629.0
54,49,1,1.0,653.0
54,49,3,1.0,535.0
54,49,4,2.0,904.5
54,49,5,4.0,770.2
54,49,6,7.0,862.4
54,49,7,16.0,956.1
54,49,8,15.0,848.7
54,49,9,10.0,967.2
54,49,10,3.0,819.7
54,49,11,4.0,698.0
54,49,12,4.0,1052.2
54,49,13,4.0,796.8
54,49,14,5.0,942.8
54,49,15,10.0,978.9
54,49,16,9.0,1088.0
54,49,17,13.0,863.1
54,49,18,6.0,988.2
54,49,19,7.0,756.6
54,49,20,6.0,904.2
54,49,21,2.0,697.0
54,49,22,3.0,859.0
54,49,23,4.0,766.8
54,50,1,1.0,665.0
54,51,0,3.0,904.7
54,51,2,1.0,716.0
54,51,4,4.0,560.5
54,51,5,11.0,963.9
54,51,6,1.0,687.0
54,51,7,4.0,392.5
54,51,9,2.0,777.0
54,51,10,4.0,959.2
54,51,13,2.0,756.5
54,51,14,2.0,672.5
54,51,15,3.0,713.3
54,51,16,2.0,739.0
54,51,17,15.0,950.5
54,51,18,3.0,658.7
54,51,19,4.0,795.0
54,51,22,1.0,687.0
54,53,0,2.0,527.5
54,53,5,1.0,482.0
54,53,7,7.0,524.3
54,53,8,14.0,555.5
54,53,9,9.0,496.2
54,53,10,11.0,498.5
54,53,11,6.0,565.7
54,53,12,3.0,489.7
54,53,13,5.0,659.4
54,53,14,6.0,752.3
54,53,15,9.0,688.1
54,53,16,10.0,695.8
54,53,17,5.0,557.6
54,53,18,8.0,669.2
54,53,19,5.0,469.4
54,53,20,2.0,477.5
54,53,21,4.0,501.0
54,53,22,5.0,595.0
54,53,23,2.0,397.0
54,54,0,6.0,947.2
54,54,1,2.0,935.5
54,54,2,2.0,2094.0
54,54,4,1.0,807.0
54,54,6,4.0,937.8
54,54,7,3.0,699.3
54,54,8,15.0,733.4
54,54,9,12.0,932.9
54,54,10,5.0,871.4
54,54,11,2.0,3377.0
54,54,12,5.0,1261.4
54,54,13,7.0,1244.0
54,54,14,2.0,1549.5
54,54,15,11.0,1292.5
54,54,16,6.0,771.7
54,54,17,1.0,264.0
54,54,18,4.0,926.2
54,54,19,4.0,1079.5
54,54,20,5.0,817.6
54,54,21,4.0,258.2
54,54,22,6.0,531.3
54,54,23,4.0,1018.8
54,55,1,1.0,546.0
54,55,5,7.0,870.3
54,55,6,1.0,491.0
54,55,7,1.0,582.0
54,55,14,1.0,632.0
54,55,17,3.0,1496.0
54,55,18,2.0,389.0
54,56,8,1.0,3462.0
54,56,12,1.0,2218.0
54,56,13,1.0,1975.0
54,56,22,1.0,2597.0
54,59,16,1.0,1487.0
54,61,2,1.0,1324.0
54,63,8,1.0,2989.0
54,64,12,1.0,2617.0
54,64,13,1.0,2197.0
54,65,4,1.0,1707.0
54,65,10,1.0,2173.0
54,65,15,1.0,3523.0
54,65,16,1.0,3449.0
54,66,0,2.0,1739.5
54,66,5,1.0,2476.0
54,66,12,1.0,2262.0
54,66,14,3.0,1864.0
54,66,20,1.0,2208.0
54,66,21,2.0,2046.5
54,67,0,2.0,1698.5
54,67,1,1.0,1587.0
54,67,2,1.0,1120.0
54,67,5,1.0,1185.0
54,67,10,1.0,1070.0
54,67,14,1.0,2270.0
54,67,17,1.0,1506.0
54,67,23,3.0,1703.3
54,68,2,1.0,981.0
54,69,4,3.0,1475.7
54,69,6,9.0,1775.9
54,69,7,1.0,1522.0
54,69,9,2.0,1573.5
54,69,11,1.0,1304.0
54,69,12,4.0,1118.8
54,69,15,2.0,1491.0
54,69,18,2.0,1155.5
54,69,19,2.0,1242.0
54,69,20,1.0,885.0
54,69,21,1.0,934.0
54,69,23,1.0,918.0
54,70,1,1.0,1652.0
54,70,4,1.0,1290.0
54,70,7,1.0,2052.0
54,70,8,1.0,2528.0
54,70,10,1.0,1560.0
54,70,12,1.0,1707.0
54,70,14,2.0,1905.5
54,70,15,1.0,2014.0
54,70,19,1.0,1468.0
54,70,20,1.0,1278.0
54,70,22,1.0,1450.0
54,71,4,1.0,896.0
54,71,5,4.0,1374.5
54,71,6,6.0,1545.8
54,71,7,4.0,1860.2
54,71,8,4.0,1880.8
54,71,9,8.0,1780.9
54,71,10,2.0,1280.5
54,71,11,1.0,1779.0
54,71,12,2.0,1885.5
54,71,13,2.0,1499.0
54,71,14,1.0,764.0
54,71,15,1.0,1310.0
54,71,16,4.0,2228.8
54,71,17,1.0,1418.0
54,71,18,2.0,1540.0
54,71,19,1.0,1829.0
54,71,20,3.0,1276.0
54,71,21,4.0,1081.2
54,71,23,1.0,1359.0
54,73,9,2.0,1215.5
54,73,10,2.0,930.0
54,73,11,3.0,1202.0
54,73,13,1.0,1031.0
54,73,14,2.0,832.5
54,73,16,2.0,992.5
54,73,17,3.0,1072.7
54,73,19,1.0,1251.0
54,73,20,2.0,1322.0
54,73,21,1.0,1763.0
54,73,22,1.0,881.0
54,75,5,7.0,889.1
54,75,9,1.0,1030.0
54,75,10,5.0,965.6
54,75,11,1.0,907.0
54,75,12,2.0,969.5
54,75,13,1.0,773.0
54,75,14,2.0,977.5
54,75,19,1.0,798.0
54,75,20,1.0,919.0
54,75,23,1.0,2075.0
54,76,3,1.0,3821.0
54,76,17,1.0,4626.0
55,1,14,1.0,3924.0
55,1,20,1.0,2964.0
55,2,11,1.0,3160.0
55,3,11,1.0,2172.0
55,3,13,1.0,2964.0
55,3,15,1.0,2301.0
55,5,5,1.0,3145.0
55,6,15,2.0,4319.0
55,6,18,1.0,2608.0
55,6,19,1.0,2944.0
55,6,21,1.0,2303.0
55,8,0,1.0,1826.0
55,8,5,3.0,2285.3
55,8,6,1.0,2791.0
55,8,21,2.0,1622.0
55,14,16,1.0,4376.0
55,14,21,1.0,1969.0
55,14,22,1.0,2277.0
55,22,20,1.0,3187.0
55,23,6,1.0,3400.0
55,24,2,1.0,1968.0
55,24,4,1.0,2393.0
55,24,6,1.0,2350.0
55,24,7,2.0,2817.5
55,24,9,1.0,3600.0
55,24,12,1.0,2222.0
55,24,20,1.0,1926.0
55,25,4,3.0,3116.0
55,28,5,2.0,2405.5
55,28,8,1.0,3172.0
55,28,9,1.0,3122.0
55,28,10,1.0,2347.0
55,28,13,3.0,2119.0
55,28,14,2.0,1496.5
55,28,16,1.0,2060.0
55,28,17,3.0,2037.0
55,28,18,3.0,2616.7
55,28,22,2.0,2212.0
55,31,4,5.0,1850.0
55,31,5,2.0,1825.0
55,31,11,1.0,1690.0
55,31,20,1.0,1398.0
55,31,23,1.0,2349.0
55,32,4,1.0,2453.0
55,32,5,4.0,2194.8
55,32,6,1.0,3929.0
55,32,7,4.0,2997.0
55,32,8,1.0,3612.0
55,32,9,3.0,2704.7
55,32,10,1.0,2122.0
55,32,11,1.0,1502.0
55,32,13,1.0,1972.0
55,32,14,2.0,1771.5
55,32,16,3.0,2134.3
55,32,17,1.0,1714.0
55,32,18,1.0,1660.0
55,32,19,1.0,2050.0
55,33,6,2.0,2560.5
55,33,10,1.0,1533.0
55,33,13,1.0,1452.0
55,33,14,1.0,1695.0
55,33,21,1.0,1383.0
55,34,14,1.0,1252.0
55,35,6,1.0,2312.0
55,35,12,2.0,1240.5
55,35,14,1.0,1436.0
55,35,16,1.0,1895.0
55,35,18,2.0,1637.0
55,38,4,1.0,1305.0
55,38,10,1.0,2399.0
55,38,11,1.0,1841.0
55,38,16,1.0,1836.0
55,40,4,1.0,1371.0
55,40,6,2.0,2105.5
55,40,7,2.0,1858.5
55,40,9,1.0,1895.0
55,40,21,1.0,1112.0
55,41,8,4.0,1785.2
55,41,10,1.0,2246.0
55,41,11,1.0,1495.0
55,41,13,3.0,2009.7
55,41,18,1.0,1771.0
55,42,4,5.0,1877.4
55,42,16,4.0,2009.0
55,42,18,1.0,1575.0
55,42,23,2.0,1716.5
55,43,4,3.0,1763.0
55,44,4,4.0,1416.0
55,44,5,2.0,983.5
55,44,6,1.0,1459.0
55,44,7,6.0,1550.3
55,44,8,4.0,1354.8
55,44,9,1.0,1795.0
55,44,10,3.0,1242.7
55,44,11,2.0,1524.5
55,44,12,3.0,1151.3
55,44,14,1.0,1327.0
55,44,15,2.0,2047.0
55,44,16,2.0,1459.5
55,44,17,2.0,1299.0
55,45,4,1.0,1490.0
55,45,10,1.0,1155.0
55,45,18,1.0,1301.0
55,45,20,1.0,6418.0
55,46,4,1.0,1869.0
55,46,7,3.0,1005.3
55,46,8,2.0,1512.5
55,46,9,5.0,1030.0
55,46,10,2.0,1062.0
55,46,12,2.0,1147.0
55,46,14,3.0,1198.0
55,46,15,2.0,1114.5
55,46,16,1.0,1220.0
55,46,17,3.0,1264.0
55,46,19,1.0,1081.0
55,46,20,2.0,1245.0
55,46,21,4.0,931.2
55,46,23,1.0,847.0
55,47,4,2.0,1059.5
55,47,11,1.0,1097.0
55,47,12,1.0,881.0
55,48,4,4.0,792.2
55,48,5,3.0,897.7
55,48,6,1.0,837.0
55,48,7,2.0,1369.0
55,48,8,2.0,1118.5
55,48,10,2.0,934.5
55,48,11,2.0,1284.0
55,48,14,2.0,803.5
55,48,15,2.0,997.5
55,48,17,4.0,893.8
55,48,18,2.0,711.0
55,49,0,1.0,977.0
55,49,1,1.0,911.0
55,49,4,2.0,1438.0
55,49,5,8.0,1087.1
55,49,6,3.0,1328.0
55,49,7,1.0,1620.0
55,49,8,3.0,1423.0
55,49,9,2.0,1239.0
55,49,10,2.0,751.0
55,49,11,1.0,1055.0
55,49,12,3.0,1207.3
55,49,13,1.0,919.0
55,49,14,6.0,1060.2
55,49,16,4.0,1619.0
55,49,21,2.0,1358.5
55,49,23,1.0,1267.0
55,50,3,1.0,516.0
55,50,8,1.0,562.0
55,50,10,1.0,1015.0
55,50,14,1.0,1282.0
55,50,15,1.0,503.0
55,50,16,4.0,866.5
55,51,1,1.0,1220.0
55,51,4,14.0,574.1
55,51,5,15.0,394.5
55,51,6,1.0,349.0
55,51,7,1.0,800.0
55,51,9,3.0,645.0
55,51,11,1.0,482.0
55,51,12,1.0,682.0
55,51,13,1.0,905.0
55,51,15,1.0,1022.0
55,51,16,11.0,829.8
55,51,17,14.0,536.6
55,51,18,3.0,855.0
55,51,20,1.0,551.0
55,51,22,1.0,792.0
55,51,23,1.0,757.0
55,52,2,1.0,278.0
55,52,4,10.0,898.7
55,53,3,1.0,896.0
55,53,4,7.0,1132.4
55,53,5,2.0,793.0
55,53,6,2.0,617.0
55,53,9,1.0,984.0
55,53,11,1.0,904.0
55,53,13,1.0,1162.0
55,54,3,1.0,507.0
55,54,4,1.0,587.0
55,54,5,1.0,416.0
55,55,1,1.0,1730.0
55,55,4,2.0,408.5
55,55,5,7.0,544.6
55,56,5,1.0,2598.0
55,58,8,1.0,3593.0
55,58,10,1.0,2866.0
55,58,18,1.0,3758.0
55,58,19,1.0,1815.0
55,59,5,1.0,2123.0
55,66,4,7.0,2205.9
55,67,4,1.0,1564.0
55,67,5,1.0,2004.0
55,67,16,5.0,2019.2
55,67,17,1.0,1876.0
55,67,18,3.0,2325.0
55,68,1,1.0,1308.0
55,68,4,4.0,1614.5
55,68,5,1.0,1348.0
55,68,12,1.0,1551.0
55,68,14,1.0,1355.0
55,68,16,2.0,1534.5
55,68,17,2.0,1583.5
55,69,2,2.0,1072.0
55,69,4,3.0,993.7
55,69,7,1.0,1364.0
55,69,8,1.0,1294.0
55,69,11,2.0,1657.5
55,69,17,2.0,1700.0
55,69,18,1.0,1301.0
55,69,20,2.0,1501.5
55,69,23,1.0,1504.0
55,70,16,1.0,2412.0
55,70,17,2.0,2242.5
55,71,4,1.0,2547.0
55,71,7,1.0,1707.0
55,71,10,2.0,1388.5
55,71,11,1.0,1354.0
55,71,13,1.0,1283.0
55,71,16,1.0,1285.0
55,71,17,3.0,1658.3
55,72,14,1.0,2069.0
55,72,18,1.0,1668.0
55,72,21,1.0,1305.0
55,73,4,3.0,1303.7
55,73,5,2.0,1713.0
55,74,5,1.0,2300.0
55,75,3,1.0,1085.0
55,76,3,3.0,2878.7
55,76,5,1.0,3043.0
56,1,1,8.0,2508.8
56,1,2,1.0,1828.0
56,2,1,7.0,2258.7
56,2,2,4.0,2083.8
56,3,0,30.0,1876.5
56,3,1,32.0,1911.3
56,3,2,4.0,2187.0
56,3,3,3.0,1612.0
56,3,5,1.0,1697.0
56,3,8,5.0,3012.4
56,3,9,7.0,2296.4
56,3,10,9.0,2506.8
56,3,11,11.0,1917.9
56,3,12,7.0,2033.0
56,3,13,12.0,2231.4
56,3,14,7.0,2205.1
56,3,15,15.0,2898.9
56,3,16,21.0,3009.4
56,3,17,16.0,3040.7
56,3,18,25.0,2605.9
56,3,19,27.0,2171.8
56,3,20,26.0,1939.1
56,3,21,35.0,1912.8
56,3,22,32.0,1983.1
56,3,23,17.0,1990.2
56,4,0,20.0,2046.9
56,4,1,14.0,1920.1
56,4,2,2.0,1872.0
56,4,7,1.0,3254.0
56,4,8,2.0,3604.0
56,4,9,5.0,2998.0
56,4,10,5.0,2884.8
56,4,11,4.0,3307.2
56,4,12,8.0,2672.4
56,4,13,4.0,2609.8
56,4,14,9.0,2654.2
56,4,15,5.0,3412.0
56,4,16,11.0,3321.5
56,4,17,3.0,2868.0
56,4,18,12.0,2903.9
56,4,19,19.0,2799.4
56,4,20,14.0,2351.7
56,4,21,22.0,2166.2
56,4,22,12.0,2211.7
56,4,23,5.0,2034.0
56,5,0,9.0,1829.2
56,5,1,16.0,1616.2
56,5,2,1.0,1540.0
56,5,3,1.0,2779.0
56,5,6,1.0,2692.0
56,5,7,6.0,3646.5
56,5,8,7.0,3099.3
56,5,9,7.0,2557.1
56,5,10,6.0,2443.0
56,5,11,9.0,2588.7
56,5,12,15.0,2260.9
56,5,13,16.0,2356.9
56,5,14,13.0,2566.8
56,5,15,20.0,3203.4
56,5,16,21.0,3451.0
56,5,17,15.0,3492.3
56,5,18,21.0,2785.2
56,5,19,21.0,2284.6
56,5,20,20.0,1989.5
56,5,21,33.0,2031.0
56,5,22,22.0,1870.3
56,5,23,9.0,1815.1
56,6,0,109.0,1687.4
56,6,1,61.0,1791.6
56,6,2,14.0,1724.3
56,6,3,5.0,1788.0
56,6,4,1.0,1610.0
56,6,5,1.0,2044.0
56,6,6,2.0,2201.5
56,6,7,29.0,3481.7
56,6,8,31.0,3263.5
56,6,9,42.0,2628.0
56,6,10,25.0,2309.6
56,6,11,33.0,2138.3
56,6,12,48.0,2131.5
56,6,13,57.0,2326.3
56,6,14,55.0,2291.2
56,6,15,68.0,2837.1
56,6,16,76.0,2974.5
56,6,17,54.0,3062.9
56,6,18,103.0,2613.1
56,6,19,110.0,2243.6
56,6,20,144.0,2020.3
56,6,21,155.0,1952.7
56,6,22,117.0,1912.2
56,6,23,67.0,1848.2
56,7,0,18.0,1489.4
56,7,1,42.0,1531.6
56,7,2,7.0,1576.4
56,7,3,1.0,1513.0
56,8,0,237.0,1366.5
56,8,1,157.0,1372.5
56,8,2,50.0,1275.9
56,8,3,18.0,1471.6
56,8,4,13.0,1338.5
56,8,5,13.0,1811.5
56,8,6,51.0,2283.2
56,8,7,178.0,3283.6
56,8,8,342.0,2968.0
56,8,9,461.0,2379.8
56,8,10,487.0,2162.0
56,8,11,470.0,1892.8
56,8,12,521.0,1894.7
56,8,13,527.0,1955.2
56,8,14,488.0,1964.4
56,8,15,619.0,2263.2
56,8,16,453.0,2305.6
56,8,17,417.0,2439.5
56,8,18,463.0,2094.0
56,8,19,569.0,1848.1
56,8,20,461.0,1609.0
56,8,21,606.0,1545.4
56,8,22,410.0,1530.2
56,8,23,214.0,1422.5
56,9,1,1.0,3022.0
56,9,8,1.0,5612.0
56,9,10,1.0,2871.0
56,9,15,2.0,3762.5
56,9,18,2.0,3166.5
56,9,22,1.0,2571.0
56,10,1,4.0,1900.8
56,10,6,1.0,4258.0
56,10,7,1.0,3736.0
56,10,8,2.0,3604.0
56,10,11,1.0,3896.0
56,10,13,3.0,2869.3
56,10,14,2.0,3298.5
56,10,15,5.0,3248.8
56,10,16,3.0,3524.0
56,10,17,1.0,4209.0
56,10,18,7.0,3098.7
56,10,19,1.0,3338.0
56,10,21,2.0,2337.0
56,10,22,3.0,2055.3
56,10,23,1.0,1765.0
56,11,0,1.0,1741.0
56,11,10,2.0,2593.5
56,11,13,1.0,3030.0
56,11,19,1.0,2104.0
56,11,20,1.0,1958.0
56,11,22,2.0,1716.0
56,12,0,2.0,1656.0
56,12,13,1.0,3974.0
56,12,15,1.0,3946.0
56,12,20,1.0,1981.0
56,12,22,3.0,2095.0
56,12,23,1.0,2854.0
56,13,0,1.0,1547.0
56,13,2,3.0,2426.0
56,14,0,4.0,2325.0
56,14,1,8.0,1764.0
56,14,2,2.0,1855.0
56,14,4,1.0,1714.0
56,14,7,3.0,3553.7
56,14,8,2.0,3542.5
56,14,9,1.0,2223.0
56,14,10,2.0,2535.5
56,14,11,1.0,2613.0
56,14,12,6.0,3097.0
56,14,13,2.0,2875.5
56,14,14,4.0,3232.5
56,14,15,1.0,4669.0
56,14,16,3.0,3683.0
56,14,17,1.0,2886.0
56,14,18,3.0,2271.0
56,14,19,4.0,2802.8
56,14,20,4.0,2380.0
56,14,21,3.0,2233.0
56,14,22,2.0,1807.0
56,14,23,1.0,2224.0
56,15,0,7.0,1741.1
56,15,1,2.0,1661.5
56,15,2,2.0,1929.5
56,15,7,4.0,3158.0
56,15,8,1.0,2489.0
56,15,9,2.0,2554.5
56,15,10,3.0,2857.7
56,15,11,2.0,2576.5
56,15,12,3.0,2675.7
56,15,13,3.0,2857.3
56,15,14,2.0,2989.5
56,15,16,3.0,3371.3
56,15,17,1.0,2908.0
56,15,18,1.0,2390.0
56,15,19,2.0,2643.5
56,15,20,5.0,2129.0
56,15,21,2.0,1876.5
56,15,22,5.0,2032.6
56,15,23,2.0,1698.5
56,16,0,6.0,2308.3
56,16,1,9.0,1747.8
56,16,2,1.0,1516.0
56,16,5,1.0,1410.0
56,16,7,5.0,3493.2
56,16,8,1.0,3558.0
56,16,9,5.0,3483.6
56,16,10,4.0,2769.8
56,16,11,1.0,2929.0
56,16,12,4.0,2555.0
56,16,13,5.0,2287.8
56,16,14,5.0,2582.8
56,16,15,1.0,3485.0
56,16,16,2.0,3678.5
56,16,17,1.0,3063.0
56,16,18,6.0,2737.0
56,16,19,5.0,2071.4
56,16,20,8.0,2121.2
56,16,21,8.0,1938.9
56,16,22,9.0,1759.3
56,16,23,3.0,1647.0
56,17,1,2.0,2459.0
56,17,5,1.0,2893.0
56,17,8,1.0,3615.0
56,17,10,1.0,3338.0
56,17,11,1.0,2636.0
56,17,13,2.0,3244.0
56,17,14,2.0,2749.0
56,17,16,2.0,3861.0
56,17,17,1.0,3599.0
56,17,18,1.0,2729.0
56,17,19,4.0,2915.8
56,17,20,3.0,2770.3
56,17,21,4.0,2333.8
56,17,22,3.0,2562.7
56,17,23,1.0,1818.0
56,19,0,1.0,1347.0
56,19,1,3.0,1748.7
56,19,2,1.0,1856.0
56,19,3,1.0,1482.0
56,19,5,3.0,1781.7
56,19,9,1.0,1984.0
56,19,13,1.0,3940.0
56,19,14,1.0,2767.0
56,19,15,1.0,2566.0
56,19,17,1.0,2696.0
56,19,18,1.0,3668.0
56,19,19,1.0,2125.0
56,19,20,2.0,2763.0
56,19,21,3.0,1769.7
56,19,22,2.0,1840.0
56,19,23,1.0,1606.0
56,20,2,1.0,1544.0
56,21,0,7.0,1423.4
56,21,1,5.0,1420.2
56,21,2,1.0,1425.0
56,21,7,3.0,3312.3
56,21,8,5.0,2724.8
56,21,9,1.0,1954.0
56,21,10,4.0,2558.5
56,21,11,5.0,1928.4
56,21,12,8.0,2470.9
56,21,13,7.0,2385.3
56,21,14,5.0,2261.6
56,21,15,6.0,3840.5
56,21,16,8.0,3309.2
56,21,17,6.0,3066.5
56,21,18,7.0,2543.4
56,21,19,2.0,2356.0
56,21,20,14.0,1995.4
56,21,21,9.0,1926.8
56,21,22,9.0,1625.1
56,21,23,5.0,1592.6
56,22,0,31.0,1468.5
56,22,1,32.0,1536.2
56,22,2,6.0,2085.5
56,22,3,1.0,1477.0
56,22,6,2.0,2695.5
56,22,7,9.0,2920.7
56,22,8,17.0,2792.9
56,22,9,22.0,2390.8
56,22,10,7.0,2440.3
56,22,11,22.0,2355.5
56,22,12,28.0,2283.1
56,22,13,30.0,2376.3
56,22,14,26.0,2319.5
56,22,15,20.0,2705.1
56,22,16,29.0,3186.8
56,22,17,20.0,3289.0
56,22,18,31.0,2500.7
56,22,19,54.0,2159.7
56,22,20,39.0,1857.4
56,22,21,49.0,1738.6
56,22,22,41.0,1709.9
56,22,23,24.0,1679.3
56,23,0,3.0,1681.3
56,23,1,10.0,1525.3
56,23,2,2.0,1129.5
56,23,3,1.0,1456.0
56,23,4,2.0,1372.5
56,23,5,8.0,1361.9
56,23,6,8.0,1779.9
56,23,7,8.0,2036.6
56,23,8,4.0,2438.2
56,23,9,5.0,1971.2
56,23,10,5.0,2024.0
56,23,11,4.0,2241.2
56,23,12,2.0,2084.0
56,23,14,2.0,2345.5
56,23,15,5.0,2202.0
56,23,16,7.0,2517.6
56,23,17,4.0,2714.2
56,23,18,3.0,2019.0
56,23,19,4.0,2237.5
56,23,20,1.0,1832.0
56,23,21,12.0,1935.9
56,23,22,6.0,2016.7
56,23,23,2.0,1780.5
56,24,1,38.0,1302.3
56,24,2,17.0,1278.7
56,24,3,1.0,1512.0
56,25,0,3.0,1095.7
56,25,1,8.0,1408.4
56,25,2,7.0,868.9
56,25,4,1.0,683.0
56,25,5,2.0,1041.0
56,25,6,8.0,1225.6
56,25,7,3.0,1289.3
56,25,8,2.0,2076.5
56,25,9,12.0,1454.1
56,25,10,2.0,998.5
56,25,11,4.0,1634.0
56,25,12,5.0,1936.2
56,25,13,6.0,1997.8
56,25,14,6.0,2130.7
56,25,15,7.0,2181.6
56,25,16,6.0,1933.8
56,25,17,5.0,2022.2
56,25,18,4.0,1743.8
56,25,19,3.0,2081.3
56,25,20,4.0,1894.8
56,25,21,7.0,1500.3
56,25,22,9.0,1464.9
56,25,23,9.0,1406.2
56,26,0,4.0,1268.2
56,26,1,1.0,885.0
56,26,3,1.0,2960.0
56,26,8,1.0,1791.0
56,26,10,1.0,1683.0
56,26,13,4.0,1486.2
56,26,15,1.0,1404.0
56,26,16,1.0,1572.0
56,26,18,1.0,1597.0
56,26,20,1.0,1267.0
56,26,21,1.0,814.0
56,26,23,3.0,1524.7
56,27,2,2.0,1245.0
56,28,0,61.0,1190.2
56,28,1,52.0,1153.1
56,28,2,18.0,1233.4
56,28,3,5.0,1076.8
56,28,4,15.0,1279.8
56,28,5,10.0,1636.9
56,28,6,27.0,2133.7
56,28,7,111.0,2716.6
56,28,8,153.0,2387.6
56,28,9,160.0,1877.8
56,28,10,134.0,1726.7
56,28,11,123.0,1505.2
56,28,12,101.0,1595.2
56,28,13,113.0,1560.8
56,28,14,97.0,1698.8
56,28,15,101.0,1975.0
56,28,16,101.0,2052.1
56,28,17,89.0,2079.5
56,28,18,123.0,1829.4
56,28,19,138.0,1602.8
56,28,20,106.0,1329.8
56,28,21,153.0,1301.3
56,28,22,88.0,1263.4
56,28,23,58.0,1152.0
56,29,1,6.0,877.0
56,29,2,1.0,1088.0
56,29,3,1.0,1065.0
56,29,4,1.0,1213.0
56,30,0,3.0,758.3
56,30,1,4.0,1053.5
56,30,2,2.0,752.5
56,30,3,3.0,796.0
56,30,4,1.0,1263.0
56,31,0,12.0,1077.2
56,31,1,9.0,1017.2
56,31,2,4.0,920.8
56,31,3,4.0,867.5
56,31,4,4.0,612.2
56,31,5,5.0,686.0
56,31,6,1.0,1591.0
56,31,7,14.0,1766.6
56,31,8,15.0,1868.7
56,31,9,17.0,1429.1
56,31,10,11.0,1221.8
56,31,11,12.0,1286.1
56,31,12,14.0,1283.9
56,31,13,16.0,1260.1
56,31,14,13.0,1299.8
56,31,15,11.0,1511.5
56,31,16,15.0,1524.9
56,31,17,12.0,1450.1
56,31,18,22.0,1334.0
56,31,19,24.0,1286.8
56,31,20,26.0,1180.3
56,31,21,23.0,1059.7
56,31,22,25.0,1060.5
56,31,23,12.0,992.0
56,32,0,118.0,1315.5
56,32,1,92.0,1302.5
56,32,2,17.0,1257.4
56,32,3,11.0,1230.4
56,32,4,7.0,1110.3
56,32,5,15.0,1487.6
56,32,6,46.0,2128.1
56,32,7,176.0,3049.4
56,32,8,329.0,2714.0
56,32,9,407.0,2092.4
56,32,10,488.0,1959.9
56,32,11,378.0,1666.2
56,32,12,384.0,1763.8
56,32,13,405.0,1775.3
56,32,14,337.0,1743.7
56,32,15,476.0,1972.3
56,32,16,350.0,2000.2
56,32,17,298.0,2010.3
56,32,18,304.0,1811.1
56,32,19,344.0,1658.2
56,32,20,298.0,1467.0
56,32,21,357.0,1455.7
56,32,22,225.0,1418.5
56,32,23,141.0,1366.8
56,33,0,37.0,1100.4
56,33,1,30.0,1072.8
56,33,2,3.0,1201.3
56,33,3,2.0,1187.5
56,33,5,1.0,1092.0
56,33,6,18.0,1620.2
56,33,7,57.0,2011.3
56,33,8,114.0,1851.6
56,33,9,142.0,1421.5
56,33,10,139.0,1376.4
56,33,11,133.0,1263.0
56,33,12,142.0,1294.9
56,33,13,123.0,1233.7
56,33,14,127.0,1346.5
56,33,15,122.0,1522.5
56,33,16,93.0,1386.1
56,33,17,96.0,1445.9
56,33,18,80.0,1373.0
56,33,19,100.0,1335.9
56,33,20,68.0,1193.0
56,33,21,97.0,1186.2
56,33,22,68.0,1160.6
56,33,23,54.0,1055.9
56,34,0,6.0,973.5
56,34,1,3.0,966.3
56,34,2,1.0,820.0
56,34,3,3.0,988.7
56,34,7,3.0,2148.3
56,34,8,6.0,2105.7
56,34,9,2.0,1362.0
56,34,10,6.0,1377.8
56,34,11,7.0,1376.1
56,34,12,6.0,1145.3
56,34,13,4.0,1231.2
56,34,14,1.0,1471.0
56,34,15,5.0,1177.0
56,34,16,4.0,1313.2
56,34,17,4.0,1203.5
56,34,18,6.0,1262.8
56,34,19,10.0,1249.5
56,34,20,5.0,960.8
56,34,21,8.0,1014.1
56,34,22,6.0,968.2
56,34,23,2.0,1017.5
56,35,0,14.0,1024.0
56,35,1,4.0,935.2
56,35,2,2.0,959.0
56,35,6,3.0,1710.3
56,35,7,10.0,1835.4
56,35,8,10.0,1721.5
56,35,9,10.0,1470.5
56,35,10,4.0,1242.0
56,35,11,14.0,1322.7
56,35,12,9.0,1158.3
56,35,13,8.0,1220.4
56,35,14,8.0,1242.1
56,35,15,5.0,1626.0
56,35,16,14.0,1403.4
56,35,17,2.0,1725.5
56,35,18,11.0,1213.4
56,35,19,8.0,1293.1
56,35,20,8.0,1258.9
56,35,21,13.0,1193.1
56,35,22,5.0,1072.0
56,35,23,9.0,1079.1
56,36,1,3.0,1560.3
56,37,22,1.0,1028.0
56,38,0,12.0,1275.8
56,38,1,8.0,1139.0
56,38,2,2.0,1150.0
56,38,4,1.0,1242.0
56,39,0,7.0,1267.1
56,39,1,7.0,1318.4
56,39,2,1.0,1192.0
56,39,3,1.0,943.0
56,39,4,1.0,1265.0
56,39,8,3.0,1474.3
56,39,9,3.0,1872.0
56,39,10,3.0,1563.0
56,39,11,9.0,1551.1
56,39,12,3.0,1549.0
56,39,13,11.0,1469.5
56,39,14,4.0,1963.8
56,39,15,3.0,1928.7
56,39,20,13.0,1246.8
56,39,21,7.0,1265.4
56,39,22,8.0,1717.9
56,39,23,6.0,1327.7
56,40,0,5.0,1127.2
56,40,2,1.0,1340.0
56,40,6,1.0,2408.0
56,40,9,2.0,1401.5
56,40,10,1.0,1463.0
56,40,13,3.0,2230.7
56,40,15,1.0,1124.0
56,40,16,2.0,1760.0
56,40,17,2.0,1893.0
56,40,18,1.0,1359.0
56,40,19,2.0,1597.0
56,40,20,1.0,1444.0
56,40,21,4.0,1512.2
56,40,22,3.0,1303.3
56,40,23,8.0,1088.2
56,41,0,29.0,1389.7
56,41,1,19.0,1329.9
56,41,2,6.0,1287.8
56,41,3,2.0,1249.0
56,41,23,14.0,1381.9
56,42,0,5.0,1400.2
56,42,1,5.0,1600.0
56,43,0,7.0,1508.9
56,43,1,4.0,1419.2
56,43,6,1.0,1710.0
56,43,7,2.0,3115.5
56,43,8,5.0,2288.0
56,43,9,1.0,2206.0
56,43,10,1.0,1549.0
56,43,11,6.0,1664.5
56,43,12,4.0,2146.2
56,43,13,2.0,2853.5
56,43,14,5.0,1923.6
56,43,15,3.0,2298.7
56,43,16,1.0,2069.0
56,43,17,7.0,2303.9
56,43,18,6.0,2074.2
56,43,19,4.0,2005.0
56,43,20,9.0,1817.1
56,43,21,12.0,1569.2
56,43,22,13.0,1759.4
56,43,23,9.0,1661.1
56,44,0,2.0,1571.5
56,44,1,3.0,1944.3
56,44,3,10.0,1286.0
56,44,7,1.0,2318.0
56,44,8,2.0,2142.0
56,44,9,2.0,2262.0
56,44,10,1.0,1887.0
56,44,11,3.0,2060.0
56,44,12,2.0,2431.0
56,44,13,4.0,1877.2
56,44,14,1.0,2512.0
56,44,15,2.0,2450.0
56,44,16,3.0,2676.0
56,44,17,2.0,2628.0
56,44,18,3.0,2415.3
56,44,19,1.0,1837.0
56,44,20,2.0,1586.5
56,44,21,3.0,1858.3
56,44,22,4.0,1776.8
56,44,23,5.0,1524.8
56,45,1,1.0,1798.0
56,46,0,1.0,1602.0
56,46,5,3.0,2272.0
56,46,6,1.0,2832.0
56,46,7,2.0,2812.0
56,46,8,2.0,2283.0
56,46,9,1.0,2150.0
56,46,10,1.0,2145.0
56,46,11,6.0,2141.5
56,46,13,2.0,1916.5
56,46,17,1.0,3607.0
56,46,18,1.0,2403.0
56,46,21,3.0,1920.0
56,46,22,1.0,1853.0
56,46,23,2.0,1872.5
56,47,1,1.0,2295.0
56,47,7,2.0,3139.5
56,47,9,1.0,2110.0
56,47,14,2.0,2730.0
56,48,0,3.0,1645.0
56,48,1,1.0,1898.0
56,48,7,1.0,2989.0
56,48,8,2.0,2487.0
56,48,10,2.0,2224.5
56,48,11,1.0,2413.0
56,48,13,2.0,2244.0
56,48,15,2.0,2998.5
56,48,16,1.0,2216.0
56,48,19,1.0,2484.0
56,48,20,1.0,1761.0
56,48,21,1.0,2301.0
56,48,22,1.0,1618.0
56,48,23,2.0,2307.0
56,49,1,2.0,1699.0
56,49,2,2.0,1490.5
56,50,8,2.0,1997.5
56,50,12,1.0,2072.0
56,50,14,2.0,2238.5
56,51,8,1.0,2656.0
56,51,9,2.0,2416.5
56,51,11,1.0,2072.0
56,51,12,4.0,2454.5
56,51,13,1.0,2169.0
56,51,22,1.0,2519.0
56,53,0,2.0,2174.5
56,53,1,6.0,2077.3
56,53,23,1.0,2031.0
56,54,0,1.0,1899.0
56,54,8,1.0,1803.0
56,54,10,1.0,2120.0
56,54,13,1.0,2188.0
56,54,14,1.0,4004.0
56,54,16,1.0,3010.0
56,54,17,1.0,3157.0
56,54,18,1.0,2585.0
56,54,20,1.0,1782.0
56,54,21,1.0,1780.0
56,55,2,1.0,2065.0
56,55,7,2.0,2667.5
56,55,8,1.0,2704.0
56,55,11,1.0,2831.0
56,55,13,1.0,2890.0
56,55,20,1.0,2544.0
56,55,22,1.0,2269.0
56,55,23,1.0,2177.0
56,56,0,17.0,424.5
56,56,1,27.0,518.5
56,56,2,5.0,291.8
56,56,3,13.0,502.3
56,56,4,15.0,471.5
56,56,5,37.0,455.1
56,56,6,40.0,520.3
56,56,7,73.0,537.3
56,56,8,70.0,494.0
56,56,9,62.0,412.1
56,56,10,59.0,389.8
56,56,11,54.0,545.0
56,56,12,58.0,442.4
56,56,13,50.0,435.1
56,56,14,63.0,558.7
56,56,15,73.0,528.7
56,56,16,69.0,515.8
56,56,17,55.0,447.3
56,56,18,54.0,465.9
56,56,19,49.0,542.0
56,56,20,41.0,603.1
56,56,21,35.0,400.0
56,56,22,27.0,347.5
56,56,23,38.0,361.6
56,57,0,5.0,281.2
56,57,1,2.0,459.0
56,57,2,4.0,354.5
56,57,3,1.0,290.0
56,57,4,3.0,390.0
56,57,5,6.0,463.0
56,57,6,22.0,439.8
56,57,7,63.0,480.7
56,57,8,55.0,528.3
56,57,9,24.0,486.2
56,57,10,32.0,478.3
56,57,11,15.0,553.7
56,57,12,19.0,588.4
56,57,13,16.0,501.8
56,57,14,20.0,575.3
56,57,15,41.0,563.5
56,57,16,21.0,532.4
56,57,17,6.0,596.2
56,57,18,8.0,400.2
56,57,19,9.0,616.4
56,57,20,9.0,426.4
56,57,21,11.0,670.9
56,57,22,10.0,477.5
56,57,23,3.0,441.3
56,58,0,3.0,821.3
56,58,1,8.0,630.5
56,58,2,5.0,718.8
56,58,3,1.0,950.0
56,58,5,2.0,923.0
56,58,6,7.0,1442.1
56,58,7,11.0,1289.2
56,58,8,16.0,1133.6
56,58,9,8.0,872.4
56,58,10,3.0,762.7
56,58,11,6.0,985.7
56,58,12,9.0,994.1
56,58,13,10.0,813.4
56,58,14,13.0,862.2
56,58,15,11.0,1145.1
56,58,16,15.0,922.5
56,58,17,7.0,1211.7
56,58,18,6.0,975.3
56,58,19,3.0,1525.0
56,58,20,7.0,1090.3
56,58,21,3.0,846.7
56,58,22,15.0,702.7
56,58,23,12.0,642.5
56,59,0,6.0,799.0
56,59,1,3.0,790.0
56,59,2,2.0,759.0
56,59,5,1.0,954.0
56,59,6,3.0,1464.7
56,59,7,1.0,1294.0
56,59,9,2.0,837.5
56,59,10,4.0,1171.5
56,59,11,3.0,972.7
56,59,12,2.0,868.5
56,59,13,2.0,854.5
56,59,14,4.0,1395.8
56,59,15,1.0,1460.0
56,59,16,1.0,881.0
56,59,17,1.0,1227.0
56,59,18,1.0,938.0
56,59,19,2.0,1189.5
56,59,20,4.0,900.2
56,59,21,1.0,845.0
56,59,22,3.0,881.7
56,59,23,2.0,731.0
56,60,0,6.0,1073.2
56,60,1,10.0,1044.6
56,60,2,2.0,1029.0
56,60,3,3.0,1087.7
56,60,5,1.0,939.0
56,60,7,2.0,1553.0
56,60,12,1.0,943.0
56,60,20,1.0,1090.0
56,60,21,1.0,1049.0
56,60,22,1.0,1054.0
56,60,23,6.0,944.8
56,61,0,6.0,1055.8
56,61,1,4.0,1012.0
56,61,2,2.0,1199.5
56,61,3,7.0,1047.1
56,61,4,3.0,1017.7
56,61,5,2.0,927.0
56,61,6,6.0,1331.0
56,61,7,3.0,1752.3
56,61,8,7.0,1438.3
56,61,9,7.0,1364.9
56,61,10,5.0,1275.8
56,61,11,2.0,1123.5
56,61,12,5.0,1180.8
56,61,13,4.0,1244.0
56,61,14,4.0,1428.2
56,61,15,5.0,1611.8
56,61,16,11.0,1490.5
56,61,17,7.0,1547.0
56,61,18,3.0,1293.3
56,61,19,4.0,1488.0
56,61,20,3.0,1640.3
56,61,21,6.0,1305.0
56,61,22,5.0,887.0
56,61,23,5.0,1140.6
56,62,0,9.0,387.9
56,62,1,6.0,444.5
56,62,2,3.0,360.7
56,62,4,9.0,531.2
56,62,5,5.0,455.0
56,63,0,5.0,833.4
56,63,1,5.0,590.6
56,63,2,2.0,846.0
56,63,3,1.0,750.0
56,63,5,9.0,891.1
56,63,6,3.0,908.0
56,63,8,1.0,692.0
56,63,9,4.0,724.0
56,63,10,5.0,984.6
56,63,11,16.0,928.6
56,63,12,9.0,892.2
56,63,13,2.0,851.5
56,63,14,5.0,1133.6
56,63,15,1.0,770.0
56,63,16,1.0,912.0
56,63,19,2.0,1132.5
56,63,20,2.0,938.5
56,63,21,4.0,679.8
56,63,22,5.0,981.0
56,63,23,4.0,760.8
56,64,0,10.0,472.0
56,64,1,20.0,393.2
56,64,2,8.0,416.0
56,64,3,3.0,355.0
56,64,4,4.0,427.5
56,64,5,23.0,445.0
56,65,0,8.0,770.6
56,65,1,7.0,928.9
56,65,2,4.0,647.0
56,65,3,2.0,877.5
56,65,4,1.0,633.0
56,65,5,1.0,673.0
56,65,6,2.0,669.0
56,65,23,3.0,501.3
56,66,0,9.0,813.9
56,66,1,5.0,857.8
56,66,2,6.0,1077.0
56,66,3,2.0,965.0
56,66,4,1.0,1073.0
56,66,5,4.0,1152.2
56,66,6,1.0,986.0
56,66,7,6.0,988.7
56,66,8,11.0,937.4
56,66,9,8.0,888.1
56,66,10,4.0,1044.8
56,66,11,8.0,1322.6
56,66,12,7.0,963.1
56,66,13,11.0,1175.8
56,66,14,18.0,1076.8
56,66,15,14.0,1400.4
56,66,16,12.0,1359.1
56,66,17,12.0,1377.2
56,66,18,10.0,1314.8
56,66,19,11.0,1085.3
56,66,20,11.0,1128.5
56,66,21,4.0,1068.5
56,66,22,9.0,904.2
56,66,23,9.0,934.1
56,67,0,7.0,1269.7
56,67,1,2.0,1053.5
56,67,2,3.0,1360.3
56,67,7,8.0,1676.1
56,67,8,3.0,1927.7
56,67,9,2.0,1074.0
56,67,10,2.0,1089.5
56,67,11,3.0,1259.3
56,67,13,2.0,1677.0
56,67,14,1.0,1725.0
56,67,15,3.0,1738.0
56,67,16,2.0,1250.0
56,67,17,5.0,1464.4
56,67,18,6.0,1395.5
56,67,19,2.0,1325.5
56,67,20,5.0,1163.4
56,67,22,4.0,1504.8
56,67,23,5.0,1207.6
56,68,0,1.0,1208.0
56,68,1,2.0,1330.5
56,68,2,1.0,889.0
56,68,5,2.0,1978.0
56,68,6,1.0,1364.0
56,68,7,3.0,2007.0
56,68,9,3.0,2127.0
56,68,10,2.0,1321.5
56,68,11,1.0,1391.0
56,68,12,1.0,1722.0
56,68,13,3.0,1666.3
56,68,14,3.0,1481.0
56,68,15,1.0,2339.0
56,68,16,1.0,2183.0
56,68,17,5.0,2533.2
56,68,18,1.0,1617.0
56,68,19,1.0,3970.0
56,68,20,3.0,1472.3
56,68,22,3.0,1472.0
56,68,23,5.0,1328.8
56,69,0,2.0,2063.0
56,69,1,6.0,1686.7
56,69,6,1.0,2018.0
56,69,10,2.0,1639.5
56,69,11,1.0,1493.0
56,69,12,1.0,1860.0
56,69,13,1.0,1873.0
56,69,21,1.0,1594.0
56,69,22,1.0,1189.0
56,69,23,3.0,1332.0
56,70,0,11.0,812.0
56,70,1,13.0,1017.8
56,70,2,3.0,743.0
56,70,3,2.0,750.0
56,70,5,1.0,783.0
56,70,6,6.0,907.5
56,70,7,4.0,1111.5
56,70,8,6.0,1119.7
56,70,9,10.0,1192.2
56,70,10,7.0,1297.3
56,70,11,7.0,1390.1
56,70,12,11.0,1156.8
56,70,13,3.0,1023.7
56,70,14,12.0,1143.1
56,70,15,20.0,1423.0
56,70,16,8.0,1371.9
56,70,17,7.0,1299.4
56,70,18,6.0,1301.0
56,70,19,10.0,1191.3
56,70,20,10.0,1264.7
56,70,21,8.0,901.4
56,70,22,15.0,1261.0
56,70,23,7.0,872.1
56,71,0,7.0,1423.4
56,71,1,5.0,1301.4
56,71,2,1.0,1309.0
56,71,5,1.0,1374.0
56,71,7,2.0,1455.5
56,71,8,4.0,1509.0
56,71,9,4.0,1646.0
56,71,10,2.0,1540.5
56,71,11,1.0,1285.0
56,71,12,3.0,1689.0
56,71,13,5.0,1617.2
56,71,14,2.0,2156.0
56,71,15,3.0,2289.3
56,71,16,5.0,2054.2
56,71,17,3.0,2167.7
56,71,18,2.0,2073.0
56,71,19,2.0,1731.5
56,71,20,2.0,1442.0
56,71,21,12.0,1883.1
56,71,22,6.0,1495.8
56,71,23,6.0,1337.2
56,72,0,10.0,1397.4
56,72,1,4.0,1369.2
56,72,2,1.0,1286.0
56,72,3,1.0,1315.0
56,72,7,7.0,1568.7
56,72,8,3.0,1800.0
56,72,9,7.0,1889.0
56,72,10,5.0,1657.8
56,72,11,2.0,1506.5
56,72,12,8.0,1755.2
56,72,13,6.0,1718.0
56,72,14,4.0,2013.2
56,72,15,2.0,2595.5
56,72,16,5.0,2079.4
56,72,17,4.0,2285.5
56,72,18,9.0,2043.7
56,72,19,7.0,1691.6
56,72,20,7.0,1641.7
56,72,21,5.0,1504.0
56,72,22,13.0,1510.8
56,72,23,5.0,1489.6
56,73,0,1.0,1575.0
56,73,1,1.0,1400.0
56,73,6,8.0,2071.8
56,73,7,2.0,1747.0
56,73,8,6.0,1766.7
56,73,9,2.0,1762.0
56,73,11,1.0,1468.0
56,73,12,5.0,2215.8
56,73,13,5.0,2312.2
56,73,15,1.0,2534.0
56,73,16,4.0,2813.0
56,73,17,3.0,2554.3
56,73,18,3.0,2224.0
56,73,19,5.0,1943.0
56,73,20,3.0,1844.0
56,73,21,4.0,1697.0
56,73,22,4.0,1784.2
56,73,23,4.0,1616.8
56,74,0,6.0,1183.3
56,74,1,5.0,1276.2
56,74,6,2.0,1450.0
56,74,8,7.0,1940.7
56,74,9,1.0,1454.0
56,74,10,5.0,1619.6
56,74,12,1.0,1621.0
56,74,13,5.0,1669.0
56,74,14,3.0,1740.7
56,74,15,2.0,1896.0
56,74,16,5.0,2037.4
56,74,17,2.0,2129.0
56,74,18,5.0,1894.6
56,74,19,5.0,1889.0
56,74,20,3.0,1414.7
56,74,21,4.0,1670.2
56,74,22,4.0,1307.0
56,74,23,4.0,1454.8
56,75,0,5.0,1502.6
56,75,1,2.0,1632.5
56,75,2,1.0,2208.0
56,75,3,1.0,2046.0
56,75,6,3.0,1990.7
56,75,7,1.0,1580.0
56,75,10,1.0,1930.0
56,75,11,1.0,2507.0
56,75,12,1.0,2385.0
56,75,13,1.0,1972.0
56,75,20,3.0,1651.7
56,75,21,2.0,1860.5
56,75,22,2.0,1640.5
56,75,23,5.0,1699.2
56,76,1,3.0,2049.3
56,76,2,4.0,2021.8
56,76,3,4.0,2224.5
56,76,4,9.0,2147.9
56,77,0,7.0,1955.6
56,77,1,16.0,1954.4
56,77,2,4.0,2058.2
57,3,7,1.0,3088.0
57,3,12,1.0,2451.0
57,3,17,2.0,2517.5
57,3,18,2.0,2603.0
57,3,19,2.0,2345.5
57,4,2,1.0,2196.0
57,5,16,1.0,2913.0
57,5,17,1.0,4201.0
57,5,23,1.0,1201.0
57,6,2,1.0,1374.0
57,6,7,5.0,3492.4
57,6,10,3.0,1981.0
57,6,11,1.0,1570.0
57,6,15,1.0,2350.0
57,6,17,4.0,3197.0
57,6,19,1.0,2053.0
57,6,20,1.0,1684.0
57,6,21,2.0,1623.0
57,6,22,3.0,1581.0
57,6,23,1.0,1297.0
57,7,8,2.0,2242.0
57,7,9,1.0,2327.0
57,7,11,7.0,1925.7
57,7,12,3.0,1798.3
57,7,14,1.0,2145.0
57,7,15,2.0,2386.0
57,7,16,5.0,2259.0
57,7,18,2.0,1989.0
57,7,19,1.0,1609.0
57,7,20,1.0,1483.0
57,7,21,2.0,1600.5
57,7,23,1.0,1540.0
57,8,0,1.0,1120.0
57,8,1,2.0,984.5
57,8,3,1.0,1247.0
57,8,4,4.0,1284.8
57,8,5,3.0,1757.3
57,10,16,2.0,3596.0
57,14,10,1.0,2847.0
57,14,12,1.0,2054.0
57,14,14,1.0,3068.0
57,14,15,1.0,3091.0
57,14,16,2.0,3748.0
57,14,18,3.0,3169.3
57,14,19,1.0,3427.0
57,14,20,1.0,2443.0
57,14,21,1.0,1703.0
57,14,22,3.0,1928.0
57,15,10,1.0,1946.0
57,15,12,1.0,2837.0
57,15,18,2.0,2809.0
57,15,19,1.0,2870.0
57,15,20,1.0,1664.0
57,15,21,3.0,1802.7
57,15,22,1.0,1846.0
57,15,23,1.0,1949.0
57,16,22,3.0,2044.3
57,19,0,1.0,2839.0
57,19,1,1.0,1312.0
57,19,2,1.0,1229.0
57,19,5,1.0,1886.0
57,19,11,2.0,2741.5
57,19,13,2.0,2707.0
57,19,20,1.0,2442.0
57,19,21,1.0,2357.0
57,19,22,1.0,2238.0
57,19,23,1.0,1792.0
57,20,4,1.0,1117.0
57,21,3,1.0,2412.0
57,22,5,1.0,1869.0
57,22,8,1.0,2131.0
57,22,9,1.0,2165.0
57,22,10,1.0,1849.0
57,22,11,4.0,1897.2
57,22,12,1.0,2018.0
57,22,13,1.0,1512.0
57,22,15,1.0,3400.0
57,22,16,9.0,2684.7
57,22,17,4.0,1938.2
57,22,18,7.0,2030.0
57,22,19,3.0,1990.3
57,22,20,3.0,1616.3
57,22,21,2.0,1650.5
57,22,23,2.0,1339.5
57,23,1,1.0,2374.0
57,23,7,2.0,1914.5
57,23,8,1.0,2608.0
57,23,9,1.0,1335.0
57,23,10,2.0,1876.5
57,23,12,2.0,2004.5
57,23,13,1.0,2211.0
57,23,14,1.0,2350.0
57,23,16,2.0,2305.0
57,23,17,1.0,1578.0
57,23,18,1.0,1904.0
57,23,21,2.0,1962.5
57,23,23,1.0,2180.0
57,24,0,1.0,973.0
57,24,6,4.0,1981.8
57,24,7,12.0,2544.1
57,24,8,4.0,2546.2
57,24,9,3.0,1877.0
57,24,10,2.0,1295.5
57,24,11,2.0,1417.0
57,24,12,1.0,1078.0
57,24,13,2.0,1733.5
57,24,15,4.0,2198.8
57,24,16,3.0,1661.7
57,24,17,2.0,2458.5
57,24,18,2.0,1265.0
57,24,19,5.0,1796.2
57,24,20,2.0,1371.0
57,24,22,2.0,1391.5
57,25,0,1.0,1327.0
57,25,5,1.0,1641.0
57,25,6,1.0,1969.0
57,25,7,9.0,2232.0
57,25,9,2.0,1216.5
57,25,10,2.0,1492.5
57,25,13,2.0,2084.5
57,25,15,4.0,2460.8
57,25,16,8.0,2240.9
57,25,17,3.0,1592.7
57,25,18,3.0,2101.7
57,25,19,1.0,1867.0
57,25,20,1.0,1925.0
57,25,22,2.0,1424.0
57,25,23,1.0,1760.0
57,26,1,1.0,826.0
57,27,0,2.0,1367.0
57,27,3,3.0,1300.3
57,27,4,7.0,1335.4
57,27,10,1.0,1232.0
57,27,13,1.0,1936.0
57,27,19,1.0,1182.0
57,27,22,1.0,1189.0
57,27,23,4.0,1351.2
57,28,4,6.0,999.7
57,28,5,6.0,1182.5
57,29,0,1.0,857.0
57,29,4,1.0,641.0
57,29,5,2.0,904.0
57,30,0,12.0,543.3
57,30,1,5.0,569.4
57,30,2,2.0,591.0
57,30,3,9.0,546.2
57,30,4,4.0,582.8
57,30,5,1.0,625.0
57,30,6,4.0,830.5
57,30,7,17.0,872.5
57,30,8,21.0,987.5
57,30,9,15.0,855.3
57,30,10,6.0,819.7
57,30,11,10.0,845.1
57,30,12,10.0,860.9
57,30,13,20.0,853.9
57,30,14,18.0,693.9
57,30,15,26.0,870.6
57,30,16,20.0,740.1
57,30,17,15.0,717.6
57,30,18,24.0,717.0
57,30,19,19.0,654.7
57,30,20,22.0,638.9
57,30,21,13.0,841.9
57,30,22,17.0,577.5
57,30,23,19.0,468.8
57,31,0,2.0,798.5
57,31,1,2.0,950.0
57,31,4,4.0,886.5
57,31,5,2.0,729.0
57,32,4,19.0,1120.8
57,32,5,15.0,1262.9
57,32,6,11.0,1569.5
57,32,7,20.0,2173.4
57,32,8,20.0,2515.2
57,32,9,19.0,1923.6
57,32,10,11.0,1432.1
57,32,11,33.0,1405.8
57,32,12,10.0,1212.8
57,32,13,10.0,1382.5
57,32,14,11.0,1376.5
57,32,15,9.0,1780.7
57,32,16,7.0,1380.4
57,32,17,3.0,1395.7
57,32,18,3.0,1234.3
57,32,19,6.0,1396.5
57,32,20,6.0,1051.0
57,32,21,2.0,848.5
57,32,22,2.0,1212.5
57,32,23,1.0,980.0
57,33,0,1.0,597.0
57,33,5,6.0,914.0
57,33,6,1.0,950.0
57,34,0,1.0,1169.0
57,34,7,4.0,1818.2
57,34,8,2.0,1590.5
57,34,9,1.0,1030.0
57,34,10,1.0,679.0
57,34,11,3.0,1086.3
57,34,12,1.0,915.0
57,34,13,1.0,1055.0
57,34,14,2.0,896.5
57,34,15,2.0,1031.5
57,34,16,1.0,1421.0
57,34,17,11.0,1090.1
57,34,18,3.0,928.7
57,34,19,3.0,868.7
57,34,20,1.0,1617.0
57,34,21,2.0,1010.5
57,35,0,3.0,929.7
57,35,1,1.0,818.0
57,35,2,1.0,1049.0
57,35,8,1.0,1479.0
57,35,9,1.0,843.0
57,35,12,1.0,891.0
57,35,13,1.0,757.0
57,35,14,2.0,1218.5
57,35,19,1.0,1004.0
57,36,17,1.0,1074.0
57,36,20,2.0,903.5
57,36,21,1.0,2343.0
57,37,4,1.0,1069.0
57,37,10,1.0,822.0
57,37,16,1.0,1375.0
57,37,17,3.0,1517.3
57,37,18,1.0,959.0
57,38,3,1.0,958.0
57,38,5,1.0,1139.0
57,38,8,1.0,1587.0
57,38,11,1.0,958.0
57,38,13,1.0,853.0
57,38,14,2.0,1070.0
57,38,15,1.0,1254.0
57,38,17,3.0,1583.7
57,38,18,3.0,895.3
57,38,19,1.0,1026.0
57,38,20,1.0,923.0
57,38,23,1.0,1657.0
57,39,14,1.0,1371.0
57,39,16,1.0,1726.0
57,39,17,3.0,1299.0
57,39,18,4.0,1719.5
57,39,20,1.0,1124.0
57,39,22,1.0,895.0
57,40,1,1.0,861.0
57,40,13,2.0,1407.0
57,40,22,1.0,926.0
57,41,3,1.0,1059.0
57,41,4,8.0,1202.4
57,42,5,1.0,1710.0
57,42,6,1.0,1477.0
57,42,7,1.0,2700.0
57,42,13,1.0,1221.0
57,42,17,3.0,2361.7
57,42,18,2.0,1884.0
57,42,22,2.0,1393.5
57,42,23,2.0,1113.5
57,43,9,1.0,2809.0
57,43,11,1.0,1740.0
57,43,18,2.0,2340.5
57,45,22,1.0,1456.0
57,49,2,1.0,2377.0
57,49,11,1.0,1837.0
57,49,13,1.0,2509.0
57,49,15,9.0,2842.2
57,49,16,1.0,3110.0
57,49,19,2.0,1751.5
57,49,21,1.0,1261.0
57,49,22,1.0,2295.0
57,52,18,1.0,2914.0
57,56,0,13.0,355.5
57,56,2,4.0,544.8
57,56,3,7.0,480.9
57,56,4,12.0,530.1
57,56,5,8.0,744.8
57,56,6,12.0,450.2
57,56,9,3.0,527.3
57,56,10,4.0,689.2
57,56,11,9.0,476.7
57,56,12,8.0,534.0
57,56,13,4.0,389.0
57,56,14,4.0,431.8
57,56,19,1.0,304.0
57,56,20,9.0,481.9
57,56,21,7.0,521.0
57,56,22,12.0,484.0
57,56,23,3.0,512.7
57,57,0,7.0,210.6
57,57,1,6.0,260.8
57,57,2,4.0,178.5
57,57,3,3.0,271.3
57,57,4,9.0,255.8
57,57,5,29.0,247.2
57,57,6,34.0,276.3
57,57,7,58.0,314.5
57,57,8,60.0,304.3
57,57,9,27.0,232.4
57,57,10,14.0,489.3
57,57,11,21.0,318.2
57,57,12,17.0,290.4
57,57,13,12.0,452.3
57,57,14,22.0,443.4
57,57,15,27.0,286.2
57,57,16,23.0,341.3
57,57,17,28.0,309.2
57,57,18,41.0,305.5
57,57,19,16.0,312.6
57,57,20,17.0,275.6
57,57,21,9.0,260.7
57,57,22,12.0,414.8
57,57,23,15.0,342.7
57,58,0,9.0,364.4
57,58,1,5.0,454.4
57,58,2,11.0,504.4
57,58,3,8.0,462.6
57,58,4,3.0,382.3
57,58,6,10.0,354.9
57,58,7,31.0,780.0
57,58,8,9.0,485.0
57,58,9,11.0,359.0
57,58,10,7.0,371.0
57,58,11,16.0,573.2
57,58,12,10.0,524.2
57,58,13,8.0,557.0
57,58,14,15.0,522.9
57,58,15,22.0,616.8
57,58,16,23.0,660.9
57,58,17,19.0,580.3
57,58,18,30.0,619.7
57,58,19,19.0,574.7
57,58,20,18.0,537.5
57,58,21,23.0,435.7
57,58,22,20.0,505.5
57,58,23,15.0,507.9
57,59,0,2.0,769.5
57,59,1,1.0,841.0
57,59,2,4.0,803.2
57,59,7,2.0,1493.5
57,59,8,4.0,982.8
57,59,9,5.0,1000.6
57,59,10,2.0,767.5
57,59,12,4.0,712.5
57,59,13,1.0,828.0
57,59,14,3.0,862.0
57,59,15,4.0,951.2
57,59,16,7.0,730.9
57,59,17,4.0,656.2
57,59,18,5.0,648.2
57,59,19,7.0,768.1
57,59,20,4.0,622.2
57,59,21,2.0,630.5
57,59,22,3.0,635.7
57,59,23,6.0,685.3
57,60,1,2.0,735.5
57,60,2,1.0,690.0
57,60,3,1.0,683.0
57,60,4,1.0,821.0
57,61,0,3.0,673.0
57,61,1,1.0,549.0
57,61,2,1.0,881.0
57,61,5,1.0,1648.0
57,61,6,10.0,1090.3
57,61,7,7.0,1217.0
57,61,8,2.0,987.0
57,61,9,6.0,978.2
57,61,12,1.0,1026.0
57,61,13,7.0,986.6
57,61,14,7.0,1332.3
57,61,15,9.0,1203.9
57,61,16,5.0,1186.2
57,61,17,5.0,1006.0
57,61,18,9.0,1022.3
57,61,19,3.0,982.7
57,61,20,7.0,881.3
57,61,21,6.0,1052.3
57,61,22,1.0,722.0
57,61,23,6.0,838.2
57,62,0,6.0,270.7
57,62,1,7.0,315.6
57,62,2,1.0,358.0
57,62,4,6.0,255.5
57,62,5,2.0,334.0
57,62,6,4.0,429.2
57,62,7,10.0,440.7
57,62,8,14.0,371.5
57,62,9,8.0,284.9
57,62,10,3.0,316.0
57,62,11,5.0,283.4
57,62,12,8.0,377.5
57,62,13,9.0,460.4
57,62,14,15.0,583.4
57,62,15,24.0,617.2
57,62,16,21.0,424.2
57,62,17,24.0,495.2
57,62,18,20.0,393.2
57,62,19,20.0,377.1
57,62,20,16.0,440.0
57,62,21,7.0,373.4
57,62,22,14.0,318.3
57,62,23,23.0,296.2
57,63,0,7.0,473.7
57,63,1,5.0,575.0
57,63,2,1.0,658.0
57,63,3,1.0,636.0
57,63,4,3.0,626.0
57,63,5,5.0,490.8
57,63,6,6.0,513.8
57,63,7,11.0,914.1
57,63,8,6.0,637.0
57,63,9,7.0,587.3
57,63,10,5.0,476.2
57,63,11,14.0,664.9
57,63,12,11.0,709.4
57,63,13,24.0,675.2
57,63,14,22.0,859.9
57,63,15,28.0,915.0
57,63,16,11.0,827.9
57,63,17,12.0,827.3
57,63,18,28.0,748.2
57,63,19,19.0,644.7
57,63,20,12.0,614.6
57,63,21,6.0,582.8
57,63,22,16.0,540.6
57,63,23,9.0,527.6
57,64,0,4.0,671.2
57,64,1,3.0,619.7
57,64,2,3.0,656.7
57,64,3,1.0,576.0
57,64,5,1.0,638.0
57,64,6,4.0,1293.0
57,64,7,4.0,955.0
57,64,8,11.0,884.4
57,64,9,2.0,808.0
57,64,10,1.0,830.0
57,64,11,4.0,656.5
57,64,12,2.0,956.0
57,64,13,4.0,942.8
57,64,14,5.0,932.6
57,64,15,3.0,984.0
57,64,16,8.0,838.1
57,64,17,4.0,1249.2
57,64,18,3.0,811.7
57,64,19,7.0,637.3
57,64,20,5.0,774.8
57,64,21,5.0,667.8
57,64,22,2.0,695.0
57,64,23,6.0,685.0
57,65,0,17.0,561.2
57,65,1,6.0,487.0
57,65,2,6.0,500.3
57,65,3,4.0,486.5
57,65,4,1.0,491.0
57,65,5,1.0,326.0
57,65,6,3.0,597.0
57,65,7,6.0,772.7
57,65,8,8.0,853.5
57,65,9,10.0,685.9
57,65,10,4.0,710.5
57,65,11,13.0,670.2
57,65,12,8.0,655.2
57,65,13,13.0,977.2
57,65,14,27.0,873.2
57,65,15,28.0,1033.9
57,65,16,37.0,866.2
57,65,17,24.0,964.4
57,65,18,36.0,786.6
57,65,19,30.0,693.1
57,65,20,34.0,689.4
57,65,21,9.0,566.8
57,65,22,22.0,533.6
57,65,23,23.0,543.8
57,66,1,9.0,599.9
57,66,2,3.0,785.7
57,66,3,3.0,789.0
57,66,4,2.0,719.0
57,68,0,1.0,883.0
57,68,12,1.0,2208.0
57,68,13,1.0,1459.0
57,68,14,1.0,2017.0
57,68,16,3.0,1869.0
57,68,17,2.0,1684.5
57,68,18,4.0,1477.2
57,68,20,1.0,2006.0
57,68,22,1.0,970.0
57,69,7,1.0,1969.0
57,69,8,1.0,1522.0
57,69,12,1.0,1261.0
57,69,13,2.0,1380.5
57,69,14,1.0,2400.0
57,69,15,2.0,1431.5
57,69,16,5.0,1857.4
57,69,17,3.0,1675.7
57,69,18,3.0,1961.0
57,69,19,1.0,1386.0
57,69,21,1.0,1904.0
57,69,22,1.0,2347.0
57,69,23,2.0,1197.0
57,70,0,8.0,840.0
57,70,1,9.0,984.0
57,70,2,3.0,1303.0
57,70,4,2.0,842.5
57,70,5,2.0,1100.5
57,71,3,1.0,1396.0
57,71,5,1.0,1274.0
57,73,11,1.0,1726.0
57,73,15,1.0,2687.0
57,73,16,1.0,1949.0
57,73,17,1.0,2894.0
57,73,20,1.0,2222.0
57,73,21,1.0,2385.0
57,74,1,1.0,1034.0
57,74,14,1.0,1540.0
57,74,17,1.0,1520.0
57,74,18,1.0,1695.0
57,74,23,1.0,1212.0
57,75,19,1.0,2258.0
57,75,21,1.0,1795.0
57,76,3,3.0,2211.0
57,76,4,2.0,1750.5
57,76,5,3.0,2785.0
57,76,6,2.0,2894.5
57,76,12,1.0,2239.0
57,76,13,1.0,4116.0
57,76,20,1.0,3056.0
58,1,0,1.0,1930.0
58,1,1,1.0,1807.0
58,1,8,1.0,2918.0
58,1,11,1.0,2085.0
58,1,18,1.0,1957.0
58,1,19,2.0,3371.5
58,1,23,1.0,2115.0
58,2,1,1.0,1687.0
58,3,0,1.0,1186.0
58,3,2,1.0,1832.0
58,3,6,3.0,2173.0
58,3,11,1.0,1427.0
58,3,12,10.0,1738.5
58,3,14,3.0,2310.7
58,3,15,1.0,2331.0
58,3,16,1.0,2106.0
58,3,17,2.0,2497.0
58,3,18,3.0,2251.3
58,3,20,1.0,1949.0
58,3,21,1.0,1687.0
58,3,22,2.0,1634.0
58,3,23,1.0,1425.0
58,4,1,1.0,1891.0
58,5,0,2.0,1340.5
58,5,1,3.0,1347.7
58,5,5,1.0,1695.0
58,5,6,1.0,2590.0
58,5,7,5.0,2729.8
58,5,9,1.0,2049.0
58,5,12,1.0,1439.0
58,6,0,1.0,1258.0
58,6,1,2.0,1905.0
58,6,4,1.0,2862.0
58,6,5,1.0,1671.0
58,6,7,2.0,2269.0
58,6,8,3.0,2563.7
58,6,9,1.0,3245.0
58,6,10,6.0,1693.8
58,6,11,2.0,1298.0
58,6,13,2.0,2487.5
58,6,15,3.0,2614.0
58,6,16,1.0,2793.0
58,6,17,2.0,2494.0
58,6,18,5.0,2261.8
58,6,19,4.0,2282.2
58,6,20,5.0,1994.4
58,6,21,3.0,1519.0
58,6,22,4.0,1674.8
58,6,23,2.0,1263.0
58,7,0,1.0,1445.0
58,7,2,1.0,1998.0
58,7,4,1.0,1499.0
58,7,5,1.0,2035.0
58,7,6,1.0,1618.0
58,7,7,7.0,2062.0
58,7,8,3.0,2043.7
58,7,9,10.0,2142.6
58,7,10,5.0,2195.0
58,7,11,2.0,1772.0
58,7,12,7.0,1859.6
58,7,13,1.0,1639.0
58,7,14,5.0,1596.8
58,7,15,7.0,2242.7
58,7,16,10.0,2329.7
58,7,17,2.0,3121.0
58,7,18,2.0,2219.5
58,7,21,1.0,970.0
58,7,22,2.0,1576.5
58,7,23,3.0,1299.7
58,8,2,8.0,1035.9
58,8,3,1.0,865.0
58,8,4,18.0,1076.1
58,10,5,1.0,1790.0
58,13,2,1.0,1444.0
58,13,4,1.0,2307.0
58,14,0,1.0,2011.0
58,14,4,1.0,1451.0
58,14,6,2.0,2497.0
58,14,7,1.0,2921.0
58,14,9,1.0,2245.0
58,14,10,1.0,3596.0
58,14,16,2.0,2796.5
58,14,17,1.0,2789.0
58,14,18,3.0,2772.3
58,14,19,2.0,2500.5
58,14,21,1.0,1965.0
58,14,22,2.0,1704.0
58,15,4,1.0,2045.0
58,15,11,1.0,1999.0
58,15,17,1.0,3677.0
58,15,18,2.0,2757.0
58,15,19,2.0,1814.5
58,15,20,2.0,1856.5
58,15,21,2.0,1817.5
58,15,23,1.0,1647.0
58,16,0,1.0,986.0
58,16,6,2.0,1756.5
58,16,7,1.0,2169.0
58,16,11,1.0,1583.0
58,16,14,1.0,2079.0
58,16,17,1.0,3099.0
58,16,21,1.0,2422.0
58,16,22,2.0,1750.5
58,17,2,2.0,2168.5
58,17,4,2.0,2330.5
58,17,5,2.0,3166.0
58,18,8,1.0,2485.0
58,19,4,2.0,1817.5
58,20,0,1.0,3169.0
58,20,1,2.0,1887.5
58,20,3,1.0,1402.0
58,20,7,1.0,2488.0
58,20,16,3.0,2982.3
58,20,18,1.0,2231.0
58,20,19,1.0,2324.0
58,20,21,1.0,1498.0
58,20,22,1.0,1563.0
58,20,23,3.0,2106.0
58,21,3,1.0,1532.0
58,21,4,1.0,1401.0
58,21,6,1.0,1736.0
58,21,7,3.0,2301.3
58,21,12,2.0,1993.5
58,21,14,4.0,1467.5
58,21,16,1.0,2878.0
58,21,19,1.0,1927.0
58,21,20,1.0,1657.0
58,21,21,1.0,1099.0
58,21,22,1.0,1440.0
58,21,23,2.0,1445.5
58,22,0,2.0,1509.5
58,22,1,1.0,1166.0
58,22,2,2.0,1877.5
58,23,0,8.0,1337.9
58,23,2,1.0,1248.0
58,23,3,1.0,1135.0
58,23,6,2.0,1310.5
58,23,7,8.0,1786.0
58,23,9,2.0,1803.5
58,23,10,2.0,1514.5
58,23,11,2.0,1699.0
58,23,12,1.0,1552.0
58,23,13,2.0,1975.5
58,23,14,7.0,2129.4
58,23,17,1.0,1899.0
58,23,18,2.0,2113.5
58,23,19,2.0,1551.0
58,23,21,1.0,1270.0
58,23,22,1.0,1613.0
58,23,23,4.0,1710.2
58,24,0,4.0,1284.5
58,24,1,1.0,1266.0
58,24,2,2.0,984.5
58,24,3,3.0,1235.0
58,24,5,9.0,1161.2
58,24,6,18.0,1424.4
58,24,7,24.0,2030.1
58,24,8,18.0,1892.9
58,24,9,14.0,1584.9
58,24,10,9.0,1367.4
58,24,11,10.0,1533.4
58,24,12,7.0,1335.7
58,24,13,7.0,1270.4
58,24,14,4.0,1699.0
58,24,15,19.0,2230.3
58,24,16,16.0,2083.2
58,24,17,5.0,2088.6
58,24,18,15.0,1827.7
58,24,19,4.0,1385.0
58,24,20,17.0,1437.9
58,24,21,5.0,1511.2
58,24,22,5.0,1363.0
58,24,23,5.0,1256.8
58,25,0,2.0,1493.5
58,25,1,1.0,1383.0
58,25,2,1.0,1432.0
58,25,6,2.0,1166.0
58,25,7,5.0,1638.8
58,25,8,1.0,1486.0
58,25,9,7.0,1614.0
58,25,11,1.0,1956.0
58,25,12,2.0,1397.5
58,25,13,2.0,2028.5
58,25,14,1.0,1737.0
58,25,16,1.0,1649.0
58,25,17,1.0,1676.0
58,25,19,2.0,1313.0
58,25,20,1.0,2831.0
58,25,21,2.0,1292.0
58,25,22,2.0,1459.0
58,26,1,1.0,1181.0
58,26,3,1.0,1420.0
58,27,0,1.0,857.0
58,27,3,7.0,601.0
58,28,0,2.0,647.0
58,28,1,2.0,756.0
58,28,2,6.0,692.2
58,28,3,8.0,682.5
58,28,4,20.0,925.8
58,28,5,55.0,1129.9
58,28,6,94.0,1311.0
58,28,7,93.0,1633.4
58,28,8,135.0,1619.4
58,28,9,98.0,1390.7
58,28,10,83.0,1198.5
58,28,11,48.0,1170.5
58,28,12,51.0,1262.3
58,28,13,37.0,1149.9
58,28,14,49.0,1212.9
58,28,15,50.0,1319.0
58,28,16,44.0,1416.2
58,28,17,29.0,1409.6
58,28,18,29.0,1298.7
58,28,19,21.0,1183.6
58,28,20,11.0,1004.3
58,28,21,3.0,675.7
58,28,22,10.0,970.0
58,28,23,11.0,870.3
58,29,0,2.0,993.0
58,29,2,2.0,912.5
58,29,3,2.0,718.5
58,29,5,8.0,902.6
58,29,6,3.0,1085.0
58,29,23,3.0,906.0
58,30,0,16.0,485.0
58,30,1,9.0,536.3
58,30,2,9.0,533.6
58,30,3,7.0,645.7
58,30,4,4.0,667.0
58,30,5,6.0,617.8
58,30,6,14.0,640.2
58,30,7,22.0,823.7
58,30,8,67.0,805.5
58,30,9,28.0,659.1
58,30,10,33.0,674.0
58,30,11,37.0,754.0
58,30,12,18.0,792.4
58,30,13,25.0,753.0
58,30,14,30.0,829.6
58,30,15,36.0,889.0
58,30,16,41.0,879.4
58,30,17,39.0,722.0
58,30,18,35.0,710.9
58,30,19,18.0,579.3
58,30,20,27.0,648.7
58,30,21,22.0,623.4
58,30,22,33.0,662.2
58,30,23,39.0,592.0
58,31,0,8.0,804.6
58,31,1,5.0,846.4
58,31,2,3.0,727.3
58,31,3,5.0,658.8
58,31,4,6.0,700.0
58,31,5,19.0,816.1
58,31,6,12.0,989.8
58,31,7,5.0,943.4
58,31,10,4.0,483.2
58,31,11,8.0,781.9
58,31,12,3.0,739.7
58,31,20,4.0,623.5
58,31,21,5.0,614.8
58,31,22,13.0,776.2
58,31,23,6.0,623.2
58,32,0,1.0,941.0
58,32,1,3.0,943.3
58,32,3,4.0,1057.5
58,32,4,36.0,1028.9
58,32,5,24.0,1147.9
58,32,6,70.0,1679.6
58,32,7,66.0,1917.7
58,32,8,94.0,1963.8
58,32,9,57.0,1626.5
58,32,10,51.0,1520.7
58,32,11,39.0,1346.6
58,32,12,37.0,1415.6
58,32,13,41.0,1390.8
58,32,14,32.0,1268.1
58,32,15,40.0,1468.4
58,32,16,21.0,1523.9
58,32,17,20.0,1628.8
58,32,18,15.0,1641.6
58,32,19,20.0,1181.1
58,32,20,14.0,1107.3
58,32,21,6.0,1054.0
58,32,22,7.0,1175.0
58,32,23,9.0,1063.1
58,33,0,1.0,959.0
58,33,1,2.0,850.0
58,33,3,1.0,765.0
58,33,4,2.0,544.0
58,33,5,10.0,678.2
58,33,6,6.0,822.7
58,33,7,36.0,1113.2
58,33,8,12.0,1076.8
58,33,9,8.0,1017.5
58,33,10,6.0,1126.8
58,33,11,5.0,774.6
58,33,12,2.0,1039.0
58,33,13,4.0,854.2
58,33,14,7.0,836.3
58,33,15,16.0,1079.5
58,33,16,7.0,877.7
58,33,17,3.0,890.7
58,33,18,4.0,684.5
58,33,19,1.0,827.0
58,33,20,2.0,647.0
58,33,21,3.0,717.3
58,33,23,1.0,957.0
58,34,1,1.0,705.0
58,34,3,1.0,778.0
58,34,4,1.0,793.0
58,35,6,3.0,1032.3
58,35,7,7.0,1168.6
58,35,8,13.0,1027.4
58,35,9,4.0,927.5
58,35,10,1.0,649.0
58,35,11,2.0,810.5
58,35,12,3.0,901.0
58,35,13,1.0,1063.0
58,35,14,3.0,693.7
58,35,16,6.0,1280.5
58,35,17,7.0,878.0
58,35,18,2.0,1252.0
58,35,20,3.0,725.3
58,35,21,1.0,522.0
58,35,22,3.0,759.3
58,35,23,2.0,1078.5
58,36,3,1.0,670.0
58,37,0,1.0,1086.0
58,37,3,1.0,666.0
58,37,4,1.0,885.0
58,37,14,1.0,1522.0
58,37,15,1.0,857.0
58,37,16,1.0,1572.0
58,37,20,1.0,1914.0
58,37,23,1.0,728.0
58,38,5,2.0,744.0
58,38,8,2.0,968.0
58,38,9,11.0,988.5
58,38,10,8.0,924.2
58,38,11,4.0,994.2
58,38,13,1.0,843.0
58,38,14,2.0,1746.5
58,38,15,1.0,937.0
58,38,17,4.0,1304.5
58,38,18,2.0,1304.0
58,38,19,4.0,1037.8
58,38,21,1.0,796.0
58,39,3,2.0,964.5
58,39,4,1.0,981.0
58,39,6,1.0,954.0
58,39,7,3.0,1060.0
58,39,9,3.0,906.0
58,39,10,1.0,1313.0
58,39,12,1.0,969.0
58,39,13,1.0,1675.0
58,39,14,2.0,1718.0
58,39,15,6.0,996.2
58,39,17,2.0,1422.0
58,39,19,1.0,965.0
58,39,20,1.0,1142.0
58,39,22,3.0,1151.3
58,39,23,1.0,954.0
58,40,0,1.0,1107.0
58,40,4,1.0,825.0
58,40,8,1.0,1541.0
58,40,9,2.0,1394.5
58,40,11,1.0,1664.0
58,40,12,2.0,924.5
58,40,13,1.0,1165.0
58,40,14,6.0,1424.7
58,40,15,4.0,1505.2
58,40,16,2.0,1343.0
58,40,18,1.0,1277.0
58,40,20,2.0,1444.5
58,40,23,2.0,1123.5
58,41,2,1.0,1196.0
58,41,4,3.0,1137.3
58,42,1,1.0,1104.0
58,42,5,1.0,1105.0
58,42,6,11.0,1399.0
58,42,10,1.0,1142.0
58,42,11,6.0,1283.8
58,42,15,3.0,2207.7
58,42,17,2.0,1592.0
58,42,18,6.0,1880.8
58,42,19,1.0,1429.0
58,42,20,1.0,1099.0
58,42,21,1.0,1425.0
58,43,0,2.0,1503.0
58,43,2,1.0,1886.0
58,43,7,1.0,2575.0
58,43,11,1.0,1929.0
58,43,12,2.0,1378.0
58,43,14,4.0,1662.5
58,43,16,2.0,2818.0
58,43,17,3.0,1768.7
58,43,18,2.0,2452.0
58,43,19,1.0,1429.0
58,43,21,2.0,1281.5
58,43,22,3.0,1343.3
58,43,23,1.0,1130.0
58,44,1,1.0,1120.0
58,44,8,1.0,1552.0
58,44,9,1.0,2129.0
58,44,10,2.0,1547.5
58,44,11,1.0,2145.0
58,44,13,2.0,1733.5
58,44,15,1.0,1825.0
58,44,17,1.0,2312.0
58,44,19,1.0,1502.0
58,44,21,1.0,1050.0
58,45,15,1.0,2049.0
58,46,4,1.0,1579.0
58,47,2,3.0,1401.7
58,47,4,1.0,1498.0
58,48,17,1.0,2246.0
58,49,9,1.0,1656.0
58,49,13,1.0,1537.0
58,49,20,1.0,2093.0
58,50,2,1.0,1499.0
58,51,1,1.0,1405.0
58,51,4,1.0,1625.0
58,51,14,1.0,2318.0
58,51,15,2.0,2996.0
58,51,19,1.0,2265.0
58,51,20,1.0,3368.0
58,52,20,1.0,1715.0
58,52,22,1.0,1936.0
58,53,10,1.0,1597.0
58,53,17,1.0,2889.0
58,53,20,1.0,2717.0
58,53,21,1.0,2122.0
58,53,22,1.0,1679.0
58,53,23,1.0,1571.0
58,56,0,8.0,816.4
58,56,1,6.0,766.8
58,56,2,3.0,1103.0
58,56,3,3.0,735.0
58,56,4,18.0,769.4
58,56,5,6.0,794.0
58,56,6,1.0,607.0
58,57,0,7.0,562.7
58,57,1,2.0,509.5
58,57,2,7.0,477.6
58,57,3,4.0,307.5
58,57,4,17.0,328.1
58,57,5,18.0,584.1
58,57,6,27.0,510.4
58,57,7,36.0,525.2
58,57,8,30.0,518.9
58,57,9,15.0,409.9
58,57,10,10.0,558.6
58,57,11,26.0,482.6
58,57,12,19.0,557.2
58,57,13,29.0,557.8
58,57,14,19.0,689.0
58,57,15,23.0,813.6
58,57,16,23.0,735.7
58,57,17,19.0,691.1
58,57,18,21.0,648.6
58,57,19,22.0,511.5
58,57,20,13.0,506.4
58,57,21,15.0,387.8
58,57,22,11.0,411.7
58,57,23,8.0,520.9
58,58,1,17.0,360.5
58,58,2,28.0,376.5
58,58,3,14.0,272.6
58,58,4,16.0,353.6
58,59,0,5.0,277.6
58,59,1,7.0,426.3
58,59,2,5.0,361.6
58,59,3,3.0,256.7
58,59,4,6.0,464.3
58,59,5,8.0,428.9
58,60,0,2.0,753.5
58,60,1,4.0,595.0
58,60,2,2.0,695.5
58,60,3,3.0,782.7
58,60,4,2.0,666.0
58,60,5,14.0,729.9
58,61,0,12.0,535.7
58,61,1,3.0,582.3
58,61,2,9.0,422.9
58,61,3,4.0,576.2
58,61,4,11.0,501.1
58,61,5,9.0,506.6
58,61,6,20.0,550.6
58,61,7,72.0,552.6
58,61,8,40.0,586.6
58,61,9,42.0,558.3
58,61,10,36.0,555.0
58,61,11,24.0,661.7
58,61,12,38.0,595.6
58,61,13,26.0,507.5
58,61,14,24.0,549.8
58,61,15,36.0,700.1
58,61,16,34.0,685.2
58,61,17,46.0,613.4
58,61,18,23.0,685.3
58,61,19,32.0,621.7
58,61,20,24.0,563.2
58,61,21,15.0,509.4
58,61,22,20.0,592.7
58,61,23,16.0,457.1
58,62,0,4.0,663.8
58,62,1,4.0,565.5
58,62,2,2.0,682.0
58,62,3,1.0,495.0
58,62,4,4.0,428.8
58,62,6,1.0,355.0
58,62,7,8.0,765.9
58,62,8,12.0,881.2
58,62,9,7.0,696.6
58,62,10,11.0,641.1
58,62,11,8.0,745.8
58,62,12,6.0,652.0
58,62,13,12.0,604.9
58,62,14,12.0,680.2
58,62,15,12.0,952.2
58,62,16,15.0,901.7
58,62,17,11.0,928.5
58,62,18,11.0,775.9
58,62,19,16.0,615.0
58,62,20,12.0,536.2
58,62,21,5.0,458.0
58,62,22,10.0,598.0
58,62,23,8.0,461.9
58,63,0,51.0,310.0
58,63,1,27.0,321.6
58,63,2,5.0,343.6
58,63,3,7.0,493.3
58,63,4,9.0,354.3
58,63,5,5.0,443.8
58,63,6,9.0,319.2
58,63,7,27.0,571.1
58,63,8,11.0,513.8
58,63,9,24.0,451.0
58,63,10,27.0,469.6
58,63,11,24.0,463.6
58,63,12,25.0,508.2
58,63,13,23.0,469.2
58,63,14,33.0,524.8
58,63,15,38.0,750.8
58,63,16,42.0,539.1
58,63,17,45.0,577.2
58,63,18,36.0,493.2
58,63,19,41.0,521.9
58,63,20,28.0,434.8
58,63,21,23.0,409.4
58,63,22,25.0,424.5
58,63,23,50.0,417.6
58,64,1,1.0,1769.0
58,64,3,1.0,653.0
58,64,4,5.0,761.8
58,64,5,2.0,788.0
58,64,6,4.0,896.2
58,64,7,5.0,1156.8
58,64,11,4.0,1175.2
58,64,12,7.0,1209.7
58,64,13,1.0,1198.0
58,64,14,3.0,1213.7
58,64,15,6.0,1931.2
58,64,16,4.0,1388.8
58,64,17,11.0,1606.8
58,64,18,4.0,1146.5
58,64,19,2.0,1129.5
58,64,20,2.0,1042.5
58,64,21,4.0,1124.5
58,64,22,3.0,921.7
58,64,23,1.0,1117.0
58,65,0,5.0,779.6
58,65,1,4.0,658.5
58,65,2,3.0,853.3
58,65,3,2.0,631.5
58,65,4,6.0,528.0
58,65,5,17.0,690.8
58,65,6,13.0,993.8
58,65,7,12.0,1189.5
58,65,8,25.0,1017.6
58,65,9,15.0,854.1
58,65,10,9.0,1050.8
58,65,11,8.0,1150.2
58,65,12,14.0,850.6
58,65,13,13.0,934.5
58,65,14,8.0,1165.9
58,65,15,7.0,1431.6
58,65,16,5.0,1428.6
58,65,17,16.0,1451.6
58,65,18,18.0,1212.7
58,65,19,17.0,1048.5
58,65,20,16.0,871.2
58,65,21,13.0,941.8
58,65,22,9.0,933.3
58,65,23,12.0,1011.2
58,66,1,14.0,551.0
58,66,2,11.0,576.5
58,66,3,3.0,492.7
58,66,4,1.0,705.0
58,67,0,2.0,417.5
58,67,1,8.0,739.1
58,67,2,2.0,677.5
58,67,3,2.0,582.5
58,67,6,2.0,602.0
58,67,8,1.0,1062.0
58,67,9,1.0,463.0
58,67,10,3.0,906.0
58,67,11,4.0,830.8
58,67,12,2.0,941.0
58,67,13,1.0,558.0
58,67,14,3.0,1207.0
58,67,15,12.0,1254.0
58,67,16,12.0,1254.8
58,67,17,7.0,1005.3
58,67,18,8.0,905.8
58,67,19,5.0,1051.6
58,67,20,4.0,838.5
58,67,21,6.0,1083.0
58,67,22,3.0,766.3
58,67,23,4.0,966.8
58,68,0,1.0,784.0
58,68,1,1.0,835.0
58,68,2,1.0,1220.0
58,68,4,1.0,873.0
58,68,6,1.0,1231.0
58,68,8,1.0,1271.0
58,68,9,3.0,1409.0
58,68,11,6.0,1134.2
58,68,12,3.0,895.7
58,68,13,4.0,1016.8
58,68,14,6.0,1189.0
58,68,15,1.0,961.0
58,68,16,6.0,1328.8
58,68,17,4.0,1008.2
58,68,18,2.0,1041.0
58,68,19,5.0,1209.2
58,68,20,5.0,962.4
58,68,22,2.0,1300.5
58,68,23,1.0,1040.0
58,69,1,2.0,1212.5
58,69,2,2.0,1327.0
58,70,0,7.0,891.3
58,70,1,6.0,1000.7
58,70,2,4.0,1075.5
58,70,6,2.0,1174.5
58,70,7,10.0,1269.1
58,70,8,8.0,1137.1
58,70,9,9.0,1233.6
58,70,10,3.0,1261.0
58,70,11,3.0,1123.7
58,70,12,8.0,1305.1
58,70,13,9.0,1248.9
58,70,14,5.0,1596.4
58,70,15,12.0,1883.6
58,70,16,8.0,1438.5
58,70,17,13.0,1399.5
58,70,18,8.0,1456.2
58,70,19,8.0,1288.5
58,70,20,5.0,1130.8
58,70,21,7.0,903.6
58,70,22,7.0,1145.0
58,70,23,10.0,1079.1
58,71,0,1.0,872.0
58,71,7,3.0,1646.7
58,71,8,1.0,1614.0
58,71,9,1.0,1300.0
58,71,10,3.0,1015.0
58,71,11,1.0,1244.0
58,71,13,1.0,1089.0
58,71,14,2.0,1356.5
58,71,15,4.0,1827.8
58,71,16,2.0,1621.0
58,71,17,1.0,1409.0
58,71,18,1.0,2382.0
58,71,19,4.0,1498.8
58,71,21,2.0,1078.5
58,71,22,2.0,991.5
58,73,11,1.0,2280.0
58,73,14,1.0,1953.0
58,73,17,1.0,2355.0
58,74,6,1.0,1774.0
58,74,13,1.0,1715.0
58,75,7,1.0,1563.0
58,76,1,2.0,1875.0
58,76,3,4.0,2202.2
58,76,4,4.0,2022.2
58,76,5,2.0,2304.0
58,76,6,1.0,5323.0
58,76,10,1.0,2381.0
58,76,11,3.0,2791.0
58,76,12,2.0,2975.0
58,76,14,1.0,2852.0
58,76,22,1.0,1918.0
58,76,23,1.0,2098.0
58,77,4,1.0,1362.0
58,77,6,1.0,1842.0
58,77,7,2.0,2574.5
58,77,8,3.0,2474.3
58,77,9,1.0,4024.0
58,77,10,1.0,1618.0
58,77,11,1.0,1755.0
58,77,14,2.0,2126.0
58,77,15,2.0,3039.5
58,77,17,1.0,2466.0
58,77,18,2.0,2100.5
58,77,19,1.0,1729.0
58,77,21,2.0,1844.5
59,1,0,1.0,1776.0
59,1,2,1.0,1855.0
59,1,3,1.0,1776.0
59,1,4,1.0,3178.0
59,1,7,1.0,4152.0
59,1,10,1.0,2195.0
59,1,14,1.0,2401.0
59,1,18,1.0,2632.0
59,1,19,1.0,2883.0
59,1,20,1.0,2840.0
59,1,21,1.0,2613.0
59,1,22,2.0,1861.0
59,1,23,1.0,1444.0
59,2,0,1.0,2536.0
59,2,1,1.0,2314.0
59,2,2,1.0,1597.0
59,2,7,1.0,2602.0
59,2,19,1.0,2214.0
59,2,22,1.0,1718.0
59,2,23,1.0,2767.0
59,3,2,2.0,1363.0
59,3,3,1.0,1171.0
59,3,10,1.0,2300.0
59,3,11,1.0,2168.0
59,3,12,1.0,1224.0
59,3,13,2.0,1906.5
59,3,14,3.0,1392.7
59,3,18,1.0,1922.0
59,3,19,1.0,2613.0
59,3,20,1.0,1525.0
59,3,21,1.0,2489.0
59,3,23,1.0,2181.0
59,4,9,1.0,1783.0
59,4,10,2.0,1856.5
59,4,13,1.0,2030.0
59,4,18,1.0,2318.0
59,4,21,1.0,1707.0
59,5,0,1.0,1112.0
59,5,2,1.0,1227.0
59,5,8,1.0,1883.0
59,5,11,1.0,1632.0
59,5,12,3.0,1916.7
59,5,14,1.0,1961.0
59,5,15,2.0,2171.0
59,5,16,2.0,3752.0
59,5,19,1.0,1934.0
59,6,2,1.0,1456.0
59,6,7,2.0,1631.0
59,6,8,5.0,1881.2
59,6,9,9.0,2123.4
59,6,10,5.0,2161.4
59,6,11,6.0,1606.2
59,6,12,2.0,1599.0
59,6,13,1.0,1329.0
59,6,15,4.0,2084.5
59,6,16,3.0,1866.7
59,6,17,3.0,2115.7
59,6,18,3.0,2828.7
59,6,19,2.0,1981.5
59,6,20,7.0,1364.0
59,6,21,7.0,1971.0
59,6,22,8.0,1512.8
59,6,23,5.0,1332.0
59,7,4,5.0,1454.0
59,7,6,4.0,1534.8
59,7,7,3.0,1587.3
59,7,8,4.0,1870.0
59,7,9,13.0,1952.1
59,7,10,1.0,2061.0
59,7,11,5.0,1443.2
59,7,12,2.0,1629.0
59,7,13,3.0,2006.7
59,7,14,2.0,1374.0
59,7,15,7.0,1688.0
59,7,16,11.0,2616.2
59,7,17,3.0,1954.7
59,7,18,4.0,2009.0
59,7,19,4.0,1812.5
59,7,20,2.0,1401.0
59,7,21,2.0,1295.5
59,7,22,1.0,2087.0
59,7,23,1.0,1271.0
59,8,0,1.0,597.0
59,8,1,1.0,1375.0
59,8,2,1.0,915.0
59,8,3,8.0,963.0
59,8,4,10.0,973.6
59,8,5,11.0,1329.4
59,8,6,18.0,1402.7
59,8,7,45.0,1691.5
59,8,8,38.0,1911.4
59,8,9,26.0,1632.6
59,8,10,41.0,1576.6
59,8,11,29.0,1419.2
59,8,12,20.0,1356.3
59,8,13,15.0,1367.6
59,8,14,12.0,1322.4
59,8,15,30.0,1445.9
59,8,16,21.0,1761.3
59,8,17,22.0,1812.8
59,8,18,31.0,1457.8
59,8,19,18.0,1325.2
59,8,20,15.0,1307.6
59,8,21,10.0,966.5
59,8,22,9.0,995.8
59,8,23,5.0,980.2
59,10,21,1.0,1506.0
59,11,6,1.0,2704.0
59,11,11,2.0,2127.0
59,11,16,1.0,2146.0
59,12,14,1.0,2724.0
59,13,6,1.0,2612.0
59,13,9,1.0,2265.0
59,15,1,1.0,1451.0
59,15,2,1.0,1262.0
59,15,4,2.0,1548.0
59,15,5,3.0,1600.0
59,15,9,1.0,2239.0
59,15,10,1.0,1987.0
59,15,11,2.0,2487.5
59,15,15,1.0,3859.0
59,15,18,1.0,2299.0
59,15,21,1.0,1398.0
59,15,22,1.0,2080.0
59,16,2,1.0,1386.0
59,16,23,1.0,1001.0
59,17,16,1.0,4279.0
59,17,17,2.0,3837.5
59,19,1,2.0,1749.0
59,19,2,1.0,1448.0
59,19,18,1.0,2979.0
59,19,19,1.0,3793.0
59,19,20,1.0,1745.0
59,19,23,1.0,2282.0
59,20,3,1.0,1379.0
59,20,8,1.0,2238.0
59,20,9,2.0,1806.0
59,20,14,1.0,2836.0
59,20,16,1.0,2906.0
59,20,17,1.0,2759.0
59,20,18,1.0,3196.0
59,20,19,1.0,1591.0
59,20,22,1.0,1830.0
59,20,23,1.0,1537.0
59,22,0,1.0,1043.0
59,22,1,3.0,1408.3
59,22,3,1.0,1057.0
59,22,5,1.0,1251.0
59,22,6,12.0,1402.7
59,22,7,11.0,1662.9
59,22,8,5.0,1953.0
59,22,9,5.0,2030.0
59,22,10,5.0,1586.2
59,22,12,1.0,2327.0
59,22,14,1.0,1078.0
59,22,15,1.0,2243.0
59,22,17,5.0,2228.8
59,22,19,7.0,1492.4
59,22,20,2.0,1411.0
59,22,21,2.0,1359.5
59,22,22,9.0,1582.8
59,22,23,6.0,1510.3
59,23,6,1.0,1289.0
59,23,7,3.0,1642.7
59,23,8,1.0,1610.0
59,23,13,1.0,2359.0
59,23,14,3.0,1919.7
59,23,15,2.0,2721.0
59,23,17,2.0,1883.5
59,23,19,2.0,1351.0
59,23,22,1.0,1085.0
59,23,23,2.0,1650.5
59,24,0,3.0,1632.7
59,24,1,1.0,642.0
59,24,2,2.0,1534.5
59,24,3,1.0,679.0
59,24,4,3.0,809.3
59,24,6,1.0,1099.0
59,24,7,5.0,1578.0
59,24,8,19.0,1578.1
59,24,9,21.0,1416.7
59,24,10,10.0,1487.8
59,24,11,8.0,1184.5
59,24,12,9.0,1308.4
59,24,13,6.0,1155.8
59,24,14,8.0,1330.6
59,24,15,11.0,1527.4
59,24,16,11.0,1619.7
59,24,17,11.0,1802.0
59,24,18,15.0,1512.5
59,24,19,13.0,1390.5
59,24,20,18.0,1014.7
59,24,21,7.0,964.3
59,24,22,13.0,1072.9
59,24,23,8.0,1001.2
59,25,3,1.0,1463.0
59,25,5,1.0,1289.0
59,25,6,1.0,1552.0
59,25,7,2.0,2377.5
59,25,8,1.0,2170.0
59,25,9,5.0,1974.8
59,25,10,2.0,1120.5
59,25,11,3.0,1353.0
59,25,12,3.0,1661.3
59,25,13,4.0,1754.2
59,25,14,8.0,2302.1
59,25,15,5.0,2534.6
59,25,16,3.0,2650.3
59,25,17,1.0,2924.0
59,25,19,2.0,1444.0
59,25,20,2.0,1515.5
59,25,21,5.0,1348.2
59,25,22,1.0,1304.0
59,25,23,2.0,1364.5
59,26,13,1.0,1240.0
59,26,20,1.0,951.0
59,26,21,1.0,1433.0
59,27,5,3.0,576.0
59,27,6,1.0,832.0
59,27,9,2.0,1041.0
59,27,13,1.0,824.0
59,27,14,1.0,858.0
59,27,20,1.0,866.0
59,27,21,1.0,808.0
59,28,0,7.0,696.3
59,28,1,2.0,570.0
59,28,2,1.0,536.0
59,28,3,1.0,586.0
59,28,4,9.0,751.7
59,28,5,36.0,831.4
59,28,6,34.0,944.7
59,28,7,61.0,1246.0
59,28,8,91.0,1339.7
59,28,9,87.0,1176.2
59,28,10,60.0,1037.8
59,28,11,44.0,874.1
59,28,12,28.0,940.7
59,28,13,30.0,872.0
59,28,14,26.0,930.4
59,28,15,29.0,918.0
59,28,16,20.0,1056.7
59,28,17,24.0,1137.3
59,28,18,47.0,1044.1
59,28,19,23.0,1033.7
59,28,20,16.0,814.7
59,28,21,11.0,748.5
59,28,22,9.0,743.6
59,28,23,6.0,733.0
59,29,1,1.0,697.0
59,29,3,1.0,685.0
59,29,4,1.0,669.0
59,29,5,1.0,701.0
59,29,6,5.0,650.0
59,29,7,10.0,1144.5
59,29,8,8.0,1130.0
59,29,9,6.0,828.5
59,29,10,2.0,834.0
59,29,11,3.0,899.7
59,29,12,2.0,927.0
59,29,13,3.0,809.0
59,29,14,1.0,756.0
59,29,15,3.0,1361.7
59,29,16,3.0,1153.7
59,29,17,5.0,1472.4
59,29,18,5.0,945.8
59,29,19,6.0,1132.2
59,29,20,1.0,1305.0
59,29,22,8.0,1303.4
59,30,0,4.0,744.8
59,30,1,8.0,613.5
59,30,2,4.0,557.0
59,30,3,3.0,577.0
59,30,4,1.0,542.0
59,30,5,3.0,615.3
59,30,6,4.0,587.5
59,30,7,21.0,786.5
59,30,8,16.0,678.6
59,30,9,10.0,799.4
59,30,10,4.0,573.0
59,30,11,13.0,661.1
59,30,12,9.0,755.7
59,30,13,7.0,614.1
59,30,14,12.0,901.4
59,30,15,5.0,958.6
59,30,16,18.0,919.4
59,30,17,15.0,1016.1
59,30,18,24.0,840.1
59,30,19,15.0,633.9
59,30,20,7.0,638.7
59,30,21,12.0,608.2
59,30,22,16.0,634.9
59,30,23,9.0,585.2
59,31,0,14.0,437.9
59,31,1,4.0,399.2
59,31,2,3.0,413.3
59,31,3,8.0,435.6
59,31,4,9.0,356.8
59,31,5,1.0,248.0
59,31,6,4.0,595.2
59,31,7,13.0,782.5
59,31,8,31.0,629.5
59,31,9,26.0,527.8
59,31,10,19.0,522.3
59,31,11,21.0,486.0
59,31,12,20.0,535.6
59,31,13,31.0,522.5
59,31,14,30.0,475.7
59,31,15,26.0,609.9
59,31,16,35.0,573.9
59,31,17,31.0,622.9
59,31,18,41.0,558.7
59,31,19,32.0,572.9
59,31,20,21.0,468.5
59,31,21,25.0,455.4
59,31,22,18.0,468.9
59,31,23,18.0,564.6
59,32,1,2.0,733.5
59,32,4,3.0,936.0
59,32,5,10.0,1058.8
59,33,3,2.0,2680.0
59,33,4,8.0,595.0
59,33,5,4.0,610.2
59,33,6,6.0,865.3
59,33,7,10.0,766.0
59,33,8,5.0,745.4
59,33,9,11.0,749.6
59,33,10,8.0,641.6
59,33,11,5.0,728.6
59,33,12,1.0,579.0
59,33,13,2.0,665.0
59,33,14,6.0,764.8
59,33,15,13.0,773.5
59,33,16,6.0,740.2
59,33,17,8.0,796.8
59,33,18,4.0,682.2
59,33,19,4.0,788.8
59,33,20,6.0,666.7
59,33,21,7.0,677.1
59,33,22,4.0,712.8
59,34,0,2.0,505.5
59,34,1,1.0,634.0
59,34,2,2.0,465.0
59,34,3,3.0,491.7
59,34,6,1.0,517.0
59,34,7,9.0,735.4
59,34,8,5.0,486.4
59,34,9,9.0,632.3
59,34,10,30.0,524.5
59,34,11,10.0,603.2
59,34,12,12.0,621.3
59,34,13,7.0,628.9
59,34,14,4.0,693.2
59,34,15,7.0,546.7
59,34,16,10.0,611.0
59,34,17,13.0,608.5
59,34,18,8.0,580.9
59,34,19,5.0,555.2
59,34,20,8.0,532.4
59,34,21,5.0,660.6
59,34,22,6.0,518.2
59,34,23,5.0,663.2
59,35,0,2.0,576.0
59,35,1,2.0,448.0
59,35,6,1.0,720.0
59,35,7,1.0,1019.0
59,35,8,1.0,526.0
59,35,9,5.0,664.6
59,35,10,3.0,648.0
59,35,11,5.0,889.2
59,35,12,2.0,646.5
59,35,13,2.0,660.5
59,35,14,1.0,571.0
59,35,15,5.0,724.6
59,35,16,1.0,677.0
59,35,17,5.0,679.0
59,35,18,9.0,674.3
59,35,19,7.0,592.7
59,35,20,5.0,738.8
59,35,21,1.0,964.0
59,35,22,3.0,882.7
59,35,23,1.0,648.0
59,38,9,3.0,843.7
59,38,11,1.0,889.0
59,38,12,2.0,844.0
59,38,13,4.0,920.8
59,38,14,1.0,823.0
59,38,16,4.0,1233.0
59,38,17,5.0,848.8
59,38,18,2.0,951.5
59,38,20,4.0,930.2
59,38,21,1.0,832.0
59,39,10,1.0,1112.0
59,39,13,2.0,1129.0
59,39,14,1.0,981.0
59,39,16,1.0,1205.0
59,39,18,3.0,870.0
59,39,20,1.0,991.0
59,39,21,1.0,1155.0
59,39,22,1.0,980.0
59,40,0,1.0,885.0
59,40,1,1.0,1733.0
59,41,1,3.0,959.0
59,41,2,1.0,887.0
59,41,3,3.0,864.3
59,41,4,2.0,1075.0
59,42,3,1.0,1263.0
59,43,0,2.0,1099.0
59,43,10,1.0,1140.0
59,43,11,1.0,1109.0
59,43,12,2.0,1170.5
59,43,13,6.0,1349.3
59,43,14,3.0,1978.3
59,43,15,1.0,2466.0
59,43,18,2.0,1438.5
59,43,19,1.0,1730.0
59,43,20,1.0,1567.0
59,43,21,5.0,1503.6
59,43,22,1.0,1254.0
59,43,23,1.0,997.0
59,44,7,4.0,1274.8
59,44,8,2.0,1522.5
59,44,13,1.0,2409.0
59,44,15,1.0,2524.0
59,44,16,1.0,3470.0
59,44,18,1.0,1327.0
59,44,19,1.0,1641.0
59,44,20,1.0,1529.0
59,44,21,1.0,1566.0
59,44,22,1.0,1165.0
59,45,22,1.0,1363.0
59,46,1,1.0,1234.0
59,46,2,4.0,1860.5
59,46,4,1.0,1346.0
59,46,8,4.0,1981.0
59,46,9,3.0,1701.7
59,46,10,1.0,1782.0
59,46,11,1.0,1251.0
59,46,13,1.0,1931.0
59,46,16,1.0,2932.0
59,46,18,1.0,1949.0
59,46,22,2.0,2263.5
59,48,12,1.0,1124.0
59,48,15,2.0,1633.0
59,48,16,1.0,2381.0
59,48,18,2.0,2569.0
59,49,0,1.0,1051.0
59,50,11,1.0,1387.0
59,56,3,2.0,909.5
59,56,4,10.0,1148.4
59,56,5,4.0,962.8
59,56,6,5.0,1284.8
59,56,9,1.0,1053.0
59,56,10,4.0,1061.0
59,56,11,3.0,1231.0
59,56,12,2.0,1170.0
59,56,13,4.0,1136.5
59,56,16,1.0,1432.0
59,56,17,1.0,1508.0
59,56,19,2.0,1887.5
59,56,20,3.0,971.3
59,56,22,1.0,613.0
59,56,23,1.0,718.0
59,57,0,1.0,672.0
59,57,1,1.0,2301.0
59,57,2,2.0,626.0
59,57,3,1.0,744.0
59,57,4,1.0,659.0
59,57,5,1.0,631.0
59,58,0,3.0,501.0
59,58,1,8.0,430.4
59,58,2,4.0,373.8
59,58,3,2.0,385.0
59,58,4,3.0,569.0
59,58,5,1.0,317.0
59,59,0,10.0,344.4
59,59,1,6.0,601.7
59,59,2,5.0,256.6
59,59,4,6.0,224.8
59,59,5,2.0,325.5
59,59,6,5.0,267.4
59,59,7,12.0,374.6
59,59,8,17.0,267.9
59,59,9,14.0,304.6
59,59,10,19.0,299.4
59,59,11,16.0,306.5
59,59,12,16.0,233.3
59,59,13,18.0,320.7
59,59,14,17.0,282.6
59,59,15,15.0,405.2
59,59,16,23.0,382.3
59,59,17,25.0,314.8
59,59,18,22.0,358.3
59,59,19,23.0,397.3
59,59,20,21.0,263.4
59,59,21,20.0,272.0
59,59,22,15.0,342.3
59,59,23,18.0,372.1
59,60,0,11.0,389.5
59,60,1,4.0,386.8
59,60,2,2.0,328.0
59,60,4,1.0,212.0
59,60,5,2.0,465.5
59,60,6,7.0,326.9
59,60,7,22.0,487.0
59,60,8,12.0,390.4
59,60,9,13.0,412.4
59,60,10,11.0,413.0
59,60,11,19.0,435.2
59,60,12,16.0,380.6
59,60,13,23.0,313.7
59,60,14,16.0,457.6
59,60,15,20.0,453.5
59,60,16,25.0,363.0
59,60,17,27.0,376.2
59,60,18,41.0,367.2
59,60,19,33.0,391.0
59,60,20,26.0,393.7
59,60,21,25.0,371.4
59,60,22,28.0,379.7
59,60,23,7.0,274.7
59,61,0,3.0,398.0
59,61,1,2.0,538.0
59,61,2,1.0,742.0
59,61,3,13.0,428.8
59,61,4,1.0,537.0
59,61,5,8.0,519.5
59,62,6,1.0,919.0
59,62,7,2.0,975.0
59,62,9,1.0,946.0
59,62,10,1.0,943.0
59,62,11,2.0,910.0
59,62,12,5.0,967.8
59,62,13,1.0,912.0
59,62,14,4.0,1172.2
59,62,15,3.0,1745.7
59,62,16,2.0,1273.0
59,62,17,2.0,1433.5
59,62,18,1.0,1967.0
59,62,19,3.0,1027.3
59,62,20,3.0,979.7
59,62,21,2.0,860.0
59,62,22,2.0,970.0
59,63,0,5.0,752.0
59,63,1,3.0,490.3
59,63,2,2.0,648.5
59,63,3,2.0,773.5
59,63,4,3.0,618.7
59,63,5,1.0,722.0
59,63,6,1.0,877.0
59,63,7,2.0,835.5
59,63,9,4.0,969.8
59,63,10,2.0,793.5
59,63,11,4.0,784.8
59,63,12,4.0,899.5
59,63,13,6.0,820.5
59,63,14,3.0,784.3
59,63,15,6.0,1382.2
59,63,16,4.0,1096.8
59,63,17,10.0,1202.2
59,63,18,4.0,851.0
59,63,19,4.0,807.0
59,63,20,6.0,748.2
59,63,21,3.0,788.3
59,63,22,9.0,598.7
59,63,23,6.0,718.8
59,64,13,1.0,1140.0
59,64,14,1.0,1290.0
59,64,15,3.0,2212.7
59,64,16,3.0,2454.3
59,64,18,3.0,1771.7
59,64,20,3.0,1426.0
59,64,22,3.0,1072.3
59,65,2,2.0,1123.5
59,65,3,1.0,1265.0
59,65,6,2.0,1173.5
59,65,8,2.0,1391.0
59,65,9,6.0,1378.7
59,65,10,3.0,1362.7
59,65,11,3.0,1473.3
59,65,12,6.0,1479.7
59,65,13,5.0,1185.0
59,65,14,1.0,1842.0
59,65,15,4.0,2285.5
59,65,16,2.0,1952.5
59,65,18,3.0,1917.7
59,65,19,1.0,1572.0
59,65,20,4.0,1064.2
59,65,21,1.0,1427.0
59,65,22,2.0,1402.5
59,65,23,2.0,1552.0
59,66,0,7.0,893.9
59,66,1,1.0,1244.0
59,66,2,6.0,739.3
59,66,3,1.0,822.0
59,66,7,1.0,1070.0
59,66,9,4.0,1088.2
59,66,10,4.0,928.8
59,66,11,7.0,1079.1
59,66,12,3.0,1176.7
59,66,13,8.0,1188.1
59,66,14,3.0,1545.3
59,66,15,2.0,2267.0
59,66,16,5.0,1710.4
59,66,17,2.0,1768.5
59,66,18,4.0,1464.2
59,66,19,8.0,1354.8
59,66,20,3.0,971.3
59,66,21,5.0,915.2
59,66,22,6.0,795.3
59,66,23,7.0,961.7
59,67,0,1.0,800.0
59,67,1,1.0,663.0
59,67,2,5.0,742.4
59,67,3,1.0,735.0
59,68,3,1.0,713.0
59,68,6,2.0,1213.5
59,68,7,2.0,1135.0
59,68,8,2.0,1080.5
59,68,9,5.0,854.2
59,68,10,2.0,986.5
59,68,11,3.0,1119.3
59,68,12,1.0,1552.0
59,68,14,3.0,1176.7
59,68,15,4.0,1032.5
59,68,16,4.0,1162.0
59,68,17,6.0,954.2
59,68,18,6.0,1143.2
59,68,19,1.0,1290.0
59,68,20,2.0,844.5
59,69,1,1.0,1134.0
59,69,5,1.0,881.0
59,69,6,1.0,881.0
59,69,8,1.0,1946.0
59,69,14,2.0,1739.5
59,69,15,1.0,1695.0
59,69,16,2.0,2182.0
59,69,18,2.0,1607.5
59,69,19,2.0,1359.0
59,69,20,2.0,992.0
59,70,2,1.0,1247.0
59,70,3,1.0,1440.0
59,71,0,1.0,1381.0
59,71,4,1.0,973.0
59,71,8,2.0,1602.5
59,71,12,1.0,1429.0
59,71,13,1.0,1375.0
59,71,14,1.0,1630.0
59,71,17,1.0,1123.0
59,71,18,1.0,1571.0
59,71,19,1.0,1212.0
59,71,22,1.0,1197.0
59,71,23,1.0,1251.0
59,74,4,1.0,1340.0
59,75,1,1.0,2172.0
59,76,3,2.0,1950.5
59,76,4,4.0,1716.8
59,76,5,4.0,3082.8
59,76,6,4.0,3582.0
59,76,7,6.0,3886.7
59,76,8,3.0,2992.7
59,76,9,1.0,2613.0
59,76,10,5.0,3026.0
59,76,11,4.0,2663.5
59,76,12,2.0,3149.5
59,76,13,3.0,3099.3
59,76,14,6.0,3276.8
59,76,15,3.0,4045.7
59,76,16,6.0,4343.5
59,76,17,2.0,4576.5
59,76,18,3.0,3971.3
59,76,19,2.0,2763.0
59,76,21,2.0,2123.5
59,77,13,1.0,1637.0
59,77,17,4.0,2935.2
59,77,18,3.0,2934.3
59,77,20,5.0,1562.8
59,77,22,1.0,2516.0
59,77,23,1.0,3515.0
60,2,1,1.0,1533.0
60,2,2,1.0,1371.0
60,2,7,2.0,2789.5
60,2,9,1.0,2501.0
60,2,11,1.0,1752.0
60,2,14,1.0,3796.0
60,2,15,2.0,2746.0
60,2,19,1.0,2717.0
60,2,20,1.0,2876.0
60,2,21,1.0,2114.0
60,2,22,2.0,2244.5
60,2,23,2.0,2470.5
60,3,0,1.0,1151.0
60,3,1,2.0,1091.0
60,3,6,2.0,1787.0
60,3,7,7.0,1724.9
60,3,8,8.0,1635.8
60,3,9,4.0,2440.8
60,3,10,1.0,1822.0
60,3,11,4.0,1632.0
60,3,13,1.0,1327.0
60,3,14,6.0,1601.0
60,3,15,2.0,2125.0
60,3,16,2.0,2794.5
60,3,17,5.0,2577.8
60,3,18,5.0,2051.2
60,3,19,2.0,2273.0
60,3,20,9.0,2038.4
60,3,21,8.0,1939.4
60,3,22,6.0,1556.2
60,3,23,3.0,1524.7
60,4,0,2.0,1491.5
60,4,1,1.0,1189.0
60,4,4,1.0,1244.0
60,4,5,1.0,1591.0
60,4,6,5.0,2735.4
60,4,7,3.0,2837.3
60,4,8,2.0,1771.5
60,4,10,7.0,2019.4
60,4,11,1.0,2010.0
60,4,12,1.0,1841.0
60,4,14,1.0,1919.0
60,4,15,1.0,2517.0
60,4,16,1.0,1967.0
60,4,18,1.0,2172.0
60,4,19,1.0,1786.0
60,4,20,2.0,1764.5
60,4,21,8.0,1818.4
60,4,22,4.0,1669.2
60,4,23,5.0,1552.0
60,5,1,3.0,1415.3
60,5,2,1.0,1034.0
60,5,3,1.0,1148.0
60,5,5,1.0,1610.0
60,5,6,9.0,1867.2
60,5,7,10.0,1955.6
60,5,8,11.0,1817.7
60,5,9,5.0,1870.4
60,5,10,1.0,2305.0
60,5,12,1.0,2173.0
60,5,14,3.0,3554.3
60,5,15,4.0,2756.0
60,5,18,3.0,2239.0
60,5,19,4.0,1969.0
60,5,20,1.0,1042.0
60,5,21,1.0,1742.0
60,5,22,2.0,1179.0
60,6,0,7.0,1392.4
60,6,1,5.0,1737.0
60,6,2,1.0,1228.0
60,6,4,4.0,1049.0
60,6,5,2.0,1808.5
60,6,6,1.0,1452.0
60,6,7,2.0,2355.0
60,6,8,6.0,1907.5
60,6,9,5.0,2137.4
60,6,10,5.0,1499.0
60,6,11,11.0,1532.0
60,6,12,3.0,1650.0
60,6,13,5.0,1531.6
60,6,14,13.0,1678.6
60,6,15,6.0,1864.2
60,6,16,3.0,1922.3
60,6,17,2.0,2293.0
60,6,18,5.0,1618.4
60,6,19,6.0,1341.8
60,6,20,12.0,1438.6
60,6,21,6.0,1602.7
60,6,22,9.0,1462.0
60,6,23,5.0,1303.4
60,7,0,5.0,1094.0
60,7,1,2.0,1011.5
60,7,2,2.0,1366.0
60,7,4,4.0,1093.0
60,7,6,12.0,1423.0
60,7,7,8.0,1741.4
60,7,8,22.0,1849.0
60,7,9,16.0,1703.7
60,7,10,11.0,1524.5
60,7,11,9.0,1387.4
60,7,12,12.0,1510.2
60,7,13,7.0,1582.0
60,7,14,11.0,1684.5
60,7,15,7.0,1768.7
60,7,16,13.0,2171.2
60,7,17,14.0,2349.0
60,7,18,13.0,2086.6
60,7,19,18.0,1671.4
60,7,20,14.0,1364.1
60,7,21,19.0,1339.3
60,7,22,10.0,1185.7
60,7,23,7.0,1272.9
60,8,0,8.0,1008.2
60,8,1,2.0,901.0
60,8,2,7.0,836.4
60,8,3,10.0,928.8
60,8,4,20.0,894.0
60,8,5,42.0,1062.7
60,8,6,63.0,1135.2
60,8,7,149.0,1527.9
60,8,8,127.0,1744.9
60,8,9,138.0,1562.0
60,8,10,110.0,1344.7
60,8,11,71.0,1256.0
60,8,12,84.0,1341.1
60,8,13,73.0,1226.5
60,8,14,84.0,1302.4
60,8,15,74.0,1370.6
60,8,16,78.0,1565.9
60,8,17,74.0,1690.2
60,8,18,82.0,1412.4
60,8,19,66.0,1223.6
60,8,20,58.0,1032.8
60,8,21,48.0,1031.3
60,8,22,54.0,994.2
60,8,23,42.0,961.0
60,10,5,1.0,1624.0
60,10,8,1.0,2548.0
60,10,9,1.0,1587.0
60,10,11,2.0,2417.5
60,10,18,1.0,2516.0
60,10,19,1.0,1348.0
60,10,20,1.0,1721.0
60,10,22,1.0,1477.0
60,11,5,4.0,1299.8
60,11,7,1.0,2793.0
60,11,8,2.0,2410.0
60,11,18,2.0,2539.5
60,11,19,2.0,1910.5
60,11,20,1.0,1668.0
60,12,22,1.0,1551.0
60,12,23,1.0,1763.0
60,15,1,2.0,1292.5
60,15,5,1.0,1375.0
60,16,2,1.0,1090.0
60,18,5,1.0,1904.0
60,18,18,1.0,3221.0
60,19,0,1.0,1464.0
60,19,1,1.0,1097.0
60,19,5,1.0,1630.0
60,20,2,2.0,1399.5
60,20,4,1.0,1261.0
60,20,6,4.0,1952.5
60,20,8,2.0,1939.5
60,20,10,1.0,1585.0
60,20,16,1.0,3079.0
60,20,19,3.0,1897.7
60,20,22,1.0,1414.0
60,21,3,1.0,811.0
60,22,0,5.0,1376.8
60,22,1,1.0,1000.0
60,22,2,4.0,1405.2
60,22,6,3.0,1692.0
60,22,7,6.0,1605.7
60,22,8,10.0,1277.0
60,22,9,10.0,1690.1
60,22,10,6.0,1687.3
60,22,11,7.0,1686.7
60,22,12,8.0,1612.8
60,22,13,2.0,1755.0
60,22,14,8.0,1735.9
60,22,15,4.0,1933.8
60,22,16,9.0,2108.6
60,22,17,5.0,2625.4
60,22,18,8.0,1678.9
60,22,19,8.0,1502.8
60,22,20,13.0,1361.2
60,22,21,17.0,1351.3
60,22,22,15.0,1267.5
60,22,23,13.0,1222.8
60,23,1,1.0,1242.0
60,23,2,1.0,949.0
60,23,5,2.0,1715.5
60,24,1,4.0,1068.0
60,24,2,4.0,1033.8
60,24,3,3.0,862.3
60,24,4,2.0,831.5
60,24,5,2.0,798.0
60,25,5,2.0,2097.5
60,25,7,1.0,1315.0
60,25,8,4.0,1833.0
60,25,10,1.0,1332.0
60,25,11,2.0,1853.5
60,25,12,1.0,1501.0
60,25,13,1.0,1495.0
60,25,16,1.0,3195.0
60,25,17,1.0,3299.0
60,25,20,3.0,1077.7
60,25,21,1.0,1035.0
60,25,22,1.0,1039.0
60,26,0,1.0,1277.0
60,26,1,2.0,1284.0
60,26,2,2.0,905.5
60,26,4,1.0,869.0
60,26,9,1.0,1116.0
60,26,10,1.0,1247.0
60,26,12,2.0,868.0
60,26,15,3.0,1399.0
60,26,16,1.0,1749.0
60,26,17,3.0,2149.0
60,26,18,3.0,1552.7
60,26,19,1.0,1255.0
60,26,22,1.0,1031.0
60,26,23,1.0,1660.0
60,27,2,1.0,685.0
60,27,7,3.0,1195.0
60,27,8,2.0,1669.0
60,27,9,3.0,1240.3
60,27,10,4.0,1075.8
60,27,11,2.0,1274.0
60,27,12,3.0,1226.3
60,27,14,8.0,1386.8
60,27,16,2.0,1552.0
60,27,17,1.0,2095.0
60,27,18,1.0,964.0
60,27,20,2.0,1165.0
60,27,21,1.0,820.0
60,27,22,1.0,1409.0
60,28,0,12.0,651.8
60,28,1,8.0,563.1
60,28,2,11.0,571.7
60,28,3,5.0,698.4
60,28,4,18.0,574.4
60,28,5,34.0,648.2
60,28,6,89.0,805.9
60,28,7,210.0,1071.4
60,28,8,261.0,1132.1
60,28,9,226.0,965.9
60,28,10,153.0,864.5
60,28,11,110.0,807.1
60,28,12,117.0,849.4
60,28,13,108.0,830.6
60,28,14,75.0,879.1
60,28,15,71.0,926.9
60,28,16,88.0,992.1
60,28,17,108.0,1035.2
60,28,18,104.0,1007.1
60,28,19,85.0,912.3
60,28,20,62.0,860.5
60,28,21,48.0,754.1
60,28,22,33.0,771.9
60,28,23,23.0,716.9
60,29,0,2.0,2010.0
60,29,2,1.0,997.0
60,29,4,1.0,892.0
60,29,5,3.0,963.3
60,29,6,3.0,1016.7
60,29,7,4.0,1336.5
60,29,8,3.0,1173.7
60,29,9,4.0,1173.2
60,29,10,2.0,1041.5
60,29,11,4.0,998.0
60,29,12,3.0,1088.3
60,29,13,2.0,1309.0
60,29,14,1.0,1225.0
60,29,15,2.0,1844.5
60,29,16,2.0,1560.0
60,29,17,6.0,1244.8
60,29,18,9.0,1496.2
60,29,19,5.0,1253.4
60,29,20,4.0,1063.8
60,29,21,4.0,1062.8
60,29,22,3.0,1119.3
60,29,23,2.0,975.0
60,30,0,9.0,837.8
60,30,2,3.0,775.3
60,30,3,1.0,522.0
60,30,4,4.0,686.8
60,30,5,3.0,933.3
60,30,6,29.0,818.4
60,30,7,24.0,1041.0
60,30,8,32.0,942.0
60,30,9,14.0,910.8
60,30,10,12.0,874.6
60,30,11,9.0,790.0
60,30,12,5.0,1115.2
60,30,13,5.0,950.0
60,30,14,13.0,1098.8
60,30,15,5.0,1315.6
60,30,16,6.0,1458.0
60,30,17,9.0,1262.2
60,30,18,17.0,1015.2
60,30,19,8.0,943.0
60,30,20,7.0,762.1
60,30,21,5.0,851.6
60,30,22,6.0,781.8
60,30,23,10.0,867.8
60,31,0,17.0,507.6
60,31,1,10.0,435.0
60,31,2,4.0,524.0
60,31,3,4.0,573.0
60,31,4,8.0,457.5
60,31,5,17.0,433.1
60,31,6,12.0,588.0
60,31,7,26.0,605.1
60,31,8,59.0,699.6
60,31,9,39.0,637.6
60,31,10,33.0,516.9
60,31,11,25.0,528.7
60,31,12,33.0,526.3
60,31,13,31.0,593.2
60,31,14,46.0,561.6
60,31,15,40.0,594.7
60,31,16,35.0,674.2
60,31,17,55.0,598.9
60,31,18,49.0,603.9
60,31,19,51.0,504.5
60,31,20,47.0,485.7
60,31,21,49.0,520.0
60,31,22,46.0,487.5
60,31,23,36.0,561.9
60,32,0,6.0,865.5
60,32,1,8.0,749.0
60,32,2,2.0,558.0
60,32,3,2.0,470.5
60,32,4,11.0,922.1
60,32,5,26.0,892.5
60,32,6,125.0,957.1
60,32,7,22.0,1155.0
60,32,11,4.0,1221.2
60,32,20,6.0,830.2
60,32,21,4.0,949.8
60,32,23,8.0,895.5
60,33,0,4.0,561.0
60,33,1,2.0,454.5
60,33,2,4.0,598.8
60,33,3,2.0,1012.0
60,33,4,3.0,642.7
60,33,5,4.0,453.5
60,33,6,2.0,427.5
60,34,0,13.0,309.3
60,34,1,13.0,396.3
60,34,2,6.0,267.0
60,34,3,1.0,178.0
60,34,4,1.0,300.0
60,34,6,8.0,277.9
60,34,7,3.0,427.7
60,34,9,6.0,399.7
60,34,10,12.0,389.6
60,34,11,21.0,385.3
60,34,12,11.0,367.6
60,34,13,9.0,436.8
60,34,14,7.0,324.4
60,34,20,10.0,401.2
60,34,21,10.0,319.5
60,34,22,11.0,308.2
60,34,23,11.0,262.5
60,35,0,6.0,480.7
60,35,1,9.0,493.2
60,35,2,2.0,384.0
60,35,3,1.0,390.0
60,35,4,1.0,301.0
60,35,5,1.0,450.0
60,35,6,7.0,527.7
60,35,7,18.0,388.9
60,35,8,67.0,407.4
60,35,9,56.0,370.1
60,35,10,27.0,412.9
60,35,11,33.0,451.9
60,35,12,28.0,392.4
60,35,13,29.0,443.2
60,35,14,18.0,449.8
60,35,15,16.0,551.0
60,35,16,17.0,556.3
60,35,17,23.0,526.7
60,35,18,19.0,524.0
60,35,19,27.0,528.8
60,35,20,16.0,466.8
60,35,21,16.0,476.8
60,35,22,10.0,417.9
60,35,23,13.0,456.8
60,36,2,1.0,608.0
60,37,1,1.0,283.0
60,37,5,1.0,553.0
60,37,6,1.0,479.0
60,37,9,1.0,443.0
60,37,14,1.0,465.0
60,37,15,1.0,608.0
60,37,17,1.0,340.0
60,37,20,1.0,895.0
60,37,21,1.0,631.0
60,37,22,3.0,621.0
60,37,23,1.0,448.0
60,38,0,2.0,553.5
60,38,1,2.0,581.0
60,38,2,1.0,457.0
60,38,6,1.0,550.0
60,38,7,1.0,644.0
60,38,8,2.0,743.0
60,38,9,1.0,1363.0
60,38,10,1.0,760.0
60,38,11,7.0,723.4
60,38,12,3.0,819.3
60,38,13,2.0,652.0
60,38,14,2.0,917.5
60,38,15,1.0,831.0
60,38,16,7.0,801.9
60,38,17,6.0,659.7
60,38,18,4.0,659.5
60,38,19,6.0,666.7
60,38,20,6.0,654.0
60,38,21,3.0,460.0
60,38,22,2.0,646.5
60,38,23,2.0,502.0
60,39,0,1.0,950.0
60,39,1,1.0,677.0
60,39,2,1.0,733.0
60,39,3,1.0,869.0
60,39,6,2.0,1078.0
60,39,7,3.0,1015.0
60,39,8,1.0,1281.0
60,39,9,1.0,932.0
60,39,10,3.0,853.0
60,39,11,1.0,682.0
60,39,12,2.0,795.5
60,39,13,2.0,902.0
60,39,14,3.0,891.0
60,39,15,1.0,847.0
60,39,16,6.0,751.0
60,39,17,4.0,817.8
60,39,18,4.0,1068.5
60,39,19,1.0,666.0
60,39,20,2.0,956.0
60,39,21,4.0,813.5
60,39,22,3.0,651.7
60,39,23,2.0,1197.0
60,40,1,1.0,624.0
60,41,0,9.0,825.3
60,41,1,3.0,752.7
60,41,3,1.0,636.0
60,41,4,4.0,688.2
60,41,5,7.0,727.3
60,41,6,14.0,882.2
60,41,7,30.0,1153.2
60,41,8,24.0,1134.4
60,41,9,22.0,931.7
60,41,10,20.0,937.6
60,41,11,13.0,1033.9
60,41,12,15.0,940.6
60,41,13,15.0,977.1
60,41,14,14.0,1009.6
60,41,15,17.0,929.1
60,41,16,21.0,1059.2
60,41,17,11.0,1010.5
60,41,18,23.0,1030.1
60,41,19,18.0,966.2
60,41,20,16.0,948.9
60,41,21,11.0,845.7
60,41,22,19.0,825.7
60,41,23,12.0,962.2
60,42,1,2.0,857.5
60,42,2,2.0,1042.5
60,42,7,10.0,993.6
60,42,8,1.0,1238.0
60,42,9,6.0,814.3
60,42,10,7.0,1196.3
60,42,11,11.0,1191.7
60,42,12,1.0,949.0
60,42,13,2.0,1074.0
60,42,14,3.0,1287.0
60,42,15,1.0,1301.0
60,42,16,1.0,903.0
60,42,17,5.0,1299.4
60,42,18,3.0,1255.3
60,42,19,5.0,1482.0
60,42,20,4.0,1037.0
60,42,21,4.0,941.8
60,42,22,5.0,1068.8
60,42,23,4.0,1026.0
60,43,1,1.0,1381.0
60,43,2,1.0,1054.0
60,43,8,1.0,1051.0
60,43,9,4.0,1165.0
60,43,11,1.0,1354.0
60,43,13,2.0,1254.5
60,43,14,4.0,1450.8
60,43,15,4.0,1885.8
60,43,17,1.0,1410.0
60,43,18,2.0,1756.0
60,43,19,3.0,1430.7
60,43,20,2.0,1170.0
60,43,21,2.0,1614.0
60,43,22,1.0,1710.0
60,43,23,3.0,1215.7
60,44,0,1.0,1042.0
60,44,4,1.0,664.0
60,44,5,1.0,822.0
60,46,1,4.0,1563.2
60,46,8,1.0,981.0
60,46,10,1.0,2003.0
60,46,14,1.0,1475.0
60,46,17,2.0,2350.5
60,46,18,3.0,1863.7
60,46,23,2.0,1576.5
60,48,1,1.0,1003.0
60,48,8,1.0,1510.0
60,48,10,1.0,1320.0
60,48,11,1.0,1532.0
60,48,14,1.0,1998.0
60,48,17,1.0,2701.0
60,48,20,1.0,2574.0
60,48,21,2.0,1275.0
60,48,23,1.0,1190.0
60,49,2,2.0,1776.0
60,49,6,3.0,921.0
60,49,8,4.0,909.5
60,49,10,1.0,1112.0
60,49,11,1.0,1414.0
60,49,12,1.0,981.0
60,49,14,1.0,1444.0
60,49,16,2.0,2000.0
60,49,20,1.0,1258.0
60,49,22,2.0,1100.0
60,50,20,1.0,1302.0
60,51,5,1.0,1069.0
60,51,11,2.0,1235.0
60,51,12,3.0,1512.3
60,51,13,4.0,1477.8
60,51,15,1.0,1331.0
60,51,20,1.0,1455.0
60,51,21,1.0,1564.0
60,51,22,1.0,1551.0
60,52,13,1.0,1822.0
60,52,19,1.0,1328.0
60,54,1,1.0,1896.0
60,56,2,1.0,1282.0
60,56,3,1.0,1096.0
60,56,4,26.0,1208.3
60,56,5,18.0,1100.9
60,56,6,2.0,1384.0
60,56,23,1.0,1278.0
60,57,0,2.0,949.5
60,57,1,2.0,1012.5
60,57,2,5.0,1274.0
60,57,3,2.0,827.0
60,57,6,1.0,1278.0
60,58,0,2.0,663.5
60,58,1,3.0,801.0
60,58,2,4.0,653.0
60,58,4,7.0,652.7
60,58,5,2.0,727.5
60,58,6,15.0,711.7
60,58,10,2.0,661.5
60,58,11,1.0,533.0
60,58,12,1.0,707.0
60,58,13,3.0,820.3
60,58,20,4.0,746.8
60,58,21,8.0,830.6
60,58,22,4.0,1114.0
60,58,23,7.0,694.1
60,59,0,11.0,373.7
60,59,1,6.0,477.3
60,59,2,3.0,318.3
60,59,3,1.0,243.0
60,59,4,7.0,352.0
60,59,5,13.0,332.5
60,59,6,15.0,348.6
60,59,7,12.0,425.5
60,59,8,22.0,414.0
60,59,9,24.0,398.3
60,59,10,14.0,422.2
60,59,11,17.0,425.4
60,59,12,16.0,379.1
60,59,13,16.0,364.5
60,59,14,19.0,750.8
60,59,15,28.0,518.7
60,59,16,24.0,461.2
60,59,17,21.0,488.2
60,59,18,18.0,403.6
60,59,19,20.0,447.6
60,59,20,19.0,389.5
60,59,21,26.0,425.8
60,59,22,10.0,406.9
60,59,23,7.0,385.3
60,60,0,41.0,297.5
60,60,1,22.0,250.1
60,60,2,13.0,270.3
60,60,3,7.0,281.9
60,60,4,2.0,281.5
60,60,5,6.0,210.5
60,60,6,27.0,261.3
60,60,7,52.0,339.9
60,60,8,41.0,343.5
60,60,9,45.0,375.6
60,60,10,40.0,304.8
60,60,11,34.0,386.0
60,60,12,39.0,323.5
60,60,13,39.0,261.7
60,60,14,33.0,327.5
60,60,15,60.0,347.8
60,60,16,47.0,326.2
60,60,17,77.0,336.9
60,60,18,52.0,403.5
60,60,19,57.0,370.3
60,60,20,59.0,300.7
60,60,21,58.0,292.3
60,60,22,51.0,332.5
60,60,23,39.0,281.0
60,61,0,6.0,434.8
60,61,1,10.0,480.9
60,61,2,4.0,408.5
60,61,3,3.0,628.7
60,61,5,1.0,354.0
60,61,6,8.0,588.4
60,61,7,25.0,654.4
60,61,8,22.0,588.0
60,61,9,10.0,599.0
60,61,10,8.0,496.9
60,61,11,18.0,584.6
60,61,12,13.0,590.3
60,61,13,10.0,531.3
60,61,14,13.0,678.1
60,61,15,30.0,608.8
60,61,16,15.0,628.6
60,61,17,19.0,737.8
60,61,18,18.0,628.4
60,61,19,10.0,483.6
60,61,20,12.0,545.9
60,61,21,25.0,507.0
60,61,22,18.0,547.2
60,61,23,14.0,568.2
60,62,1,2.0,764.0
60,62,3,1.0,1116.0
60,63,0,2.0,873.5
60,63,1,4.0,848.5
60,63,2,1.0,752.0
60,63,3,1.0,1474.0
60,63,6,2.0,1023.5
60,63,11,1.0,945.0
60,63,20,3.0,1034.7
60,63,21,1.0,1802.0
60,63,23,2.0,1058.5
60,64,2,2.0,1282.5
60,64,5,3.0,1117.7
60,64,9,1.0,1648.0
60,64,10,1.0,1637.0
60,64,16,1.0,1760.0
60,64,17,1.0,2038.0
60,64,18,2.0,1984.0
60,64,19,2.0,1760.5
60,64,20,3.0,1273.3
60,64,21,5.0,1294.0
60,64,22,2.0,1803.0
60,64,23,1.0,1305.0
60,65,0,6.0,1566.5
60,65,1,8.0,1271.0
60,65,3,1.0,1398.0
60,65,7,1.0,1510.0
60,65,8,2.0,1634.0
60,65,11,2.0,2100.5
60,65,13,3.0,1616.7
60,65,14,1.0,3835.0
60,65,15,1.0,1942.0
60,65,16,2.0,2472.0
60,65,17,4.0,2052.8
60,65,18,2.0,2270.5
60,65,19,4.0,1649.5
60,65,20,5.0,2047.2
60,65,21,2.0,2078.0
60,65,22,5.0,1513.4
60,65,23,6.0,1407.5
60,66,1,1.0,993.0
60,66,4,1.0,1477.0
60,66,5,2.0,943.0
60,67,1,1.0,977.0
60,67,2,1.0,796.0
60,67,4,1.0,655.0
60,68,1,1.0,910.0
60,68,9,1.0,731.0
60,68,13,1.0,850.0
60,68,21,2.0,1011.0
60,68,22,1.0,744.0
60,68,23,1.0,830.0
60,69,1,1.0,853.0
60,69,2,2.0,1133.5
60,70,4,1.0,1501.0
60,70,5,5.0,1415.8
60,70,6,1.0,1525.0
60,70,7,4.0,2149.8
60,70,8,5.0,2122.0
60,70,10,1.0,1726.0
60,70,12,1.0,1783.0
60,70,14,1.0,2188.0
60,70,15,1.0,2100.0
60,70,16,8.0,2698.4
60,70,17,3.0,2419.0
60,70,18,2.0,1823.0
60,70,19,1.0,1645.0
60,70,21,4.0,1936.5
60,70,23,2.0,1880.0
60,71,0,1.0,1051.0
60,71,3,2.0,882.0
60,71,7,1.0,1008.0
60,71,8,4.0,1396.2
60,71,9,3.0,1066.3
60,71,10,1.0,1162.0
60,71,13,1.0,876.0
60,71,14,1.0,1115.0
60,71,15,1.0,2191.0
60,71,16,5.0,1881.4
60,71,17,4.0,1576.0
60,71,18,1.0,1302.0
60,71,19,2.0,1455.0
60,71,20,1.0,1826.0
60,71,21,3.0,1120.0
60,71,22,6.0,921.8
60,71,23,2.0,970.0
60,72,0,1.0,1009.0
60,72,11,1.0,1343.0
60,72,14,1.0,2107.0
60,72,15,2.0,2225.0
60,72,16,2.0,2344.0
60,72,18,1.0,2123.0
60,72,20,1.0,1472.0
60,72,23,2.0,1189.0
60,74,4,1.0,1386.0
60,75,8,1.0,1170.0
60,75,11,1.0,1150.0
60,75,12,5.0,1128.2
60,75,17,1.0,2659.0
60,75,19,4.0,1887.5
60,75,21,1.0,1973.0
60,76,1,2.0,1791.5
60,76,2,1.0,1333.0
60,76,3,7.0,1548.6
60,76,4,19.0,1626.7
60,76,5,26.0,2398.9
60,76,6,21.0,3662.8
60,76,7,14.0,3727.5
60,76,8,8.0,2981.9
60,76,9,7.0,2274.4
60,76,10,10.0,2637.0
60,76,11,18.0,2620.1
60,76,12,14.0,3070.6
60,76,13,13.0,2902.2
60,76,14,8.0,4224.8
60,76,15,7.0,4236.9
60,76,16,14.0,4347.6
60,76,17,4.0,4260.8
60,76,18,2.0,3121.5
60,76,19,4.0,2273.0
60,76,20,2.0,2513.0
60,76,21,1.0,2269.0
60,76,22,2.0,1749.0
60,77,1,1.0,1451.0
61,1,0,1.0,1921.0
61,2,3,1.0,2187.0
61,3,1,1.0,1508.0
61,4,21,1.0,1918.0
61,5,5,5.0,1127.4
61,6,0,1.0,1154.0
61,6,1,1.0,1509.0
61,6,3,1.0,1193.0
61,6,4,1.0,1406.0
61,6,5,2.0,1583.5
61,6,6,1.0,1610.0
61,6,7,4.0,2321.2
61,6,8,8.0,2693.9
61,6,9,2.0,2796.5
61,6,10,4.0,1842.2
61,6,11,4.0,1733.5
61,6,12,4.0,2004.0
61,6,13,6.0,1957.3
61,6,14,7.0,1888.1
61,6,16,2.0,2012.5
61,6,18,5.0,2195.8
61,6,19,4.0,1762.2
61,6,20,10.0,2252.0
61,6,21,4.0,1703.0
61,6,22,2.0,1691.5
61,6,23,4.0,1354.2
61,7,0,1.0,1834.0
61,7,6,5.0,2388.2
61,7,7,4.0,1997.5
61,7,8,3.0,2202.0
61,7,9,2.0,1797.5
61,7,10,4.0,1912.5
61,7,11,4.0,1132.2
61,7,12,4.0,1996.8
61,7,13,1.0,1192.0
61,7,14,6.0,1859.8
61,7,15,5.0,1925.8
61,7,16,6.0,2481.5
61,7,17,1.0,2224.0
61,7,19,1.0,1301.0
61,7,21,1.0,1350.0
61,7,22,6.0,1366.8
61,7,23,5.0,1331.0
61,8,0,5.0,1394.8
61,8,1,4.0,1096.5
61,8,2,1.0,1026.0
61,8,3,2.0,1068.0
61,8,4,5.0,1207.6
61,8,5,26.0,1372.6
61,8,6,32.0,1678.1
61,8,7,40.0,2003.8
61,8,8,40.0,2296.3
61,8,9,34.0,1945.2
61,8,10,33.0,1595.4
61,8,11,18.0,1487.9
61,8,12,25.0,1721.7
61,8,13,29.0,1756.9
61,8,14,15.0,1883.6
61,8,15,32.0,1728.6
61,8,16,19.0,1910.6
61,8,17,19.0,2015.5
61,8,18,12.0,1756.0
61,8,19,10.0,1615.3
61,8,20,7.0,1334.6
61,8,21,12.0,1144.8
61,8,22,8.0,1070.0
61,8,23,3.0,1164.0
61,10,5,1.0,1956.0
61,10,8,1.0,3308.0
61,10,14,1.0,2901.0
61,13,8,2.0,3360.5
61,13,15,1.0,4401.0
61,14,9,1.0,2346.0
61,14,11,1.0,2227.0
61,14,21,2.0,1815.0
61,14,23,1.0,1722.0
61,15,2,1.0,1591.0
61,16,0,2.0,1351.0
61,16,6,1.0,1589.0
61,16,7,1.0,2061.0
61,16,8,2.0,2207.0
61,16,9,2.0,1903.5
61,16,16,1.0,3022.0
61,16,17,1.0,2015.0
61,16,18,1.0,3828.0
61,16,21,1.0,2017.0
61,16,22,2.0,1503.5
61,16,23,1.0,1645.0
61,17,14,1.0,3327.0
61,17,19,1.0,2862.0
61,18,7,1.0,4020.0
61,19,1,1.0,1884.0
61,19,3,1.0,1734.0
61,19,4,1.0,1814.0
61,20,0,1.0,1791.0
61,20,2,1.0,1513.0
61,20,7,1.0,3038.0
61,20,11,2.0,2594.0
61,20,20,2.0,2074.0
61,20,23,2.0,2284.0
61,21,5,1.0,1054.0
61,22,0,1.0,1289.0
61,22,2,1.0,1478.0
61,22,3,1.0,1671.0
61,22,6,8.0,1983.1
61,22,8,1.0,2355.0
61,22,9,1.0,2261.0
61,22,10,2.0,2026.0
61,22,11,2.0,1611.5
61,22,12,4.0,1630.8
61,22,13,4.0,1382.5
61,22,14,2.0,2134.5
61,22,15,3.0,2910.7
61,22,16,9.0,2461.4
61,22,17,4.0,2256.0
61,22,18,2.0,2555.0
61,22,19,1.0,1661.0
61,22,20,3.0,1893.3
61,22,21,6.0,1912.5
61,22,22,4.0,1812.8
61,22,23,1.0,1223.0
61,23,2,1.0,1425.0
61,23,4,3.0,1884.0
61,24,0,2.0,1220.0
61,24,1,3.0,1187.7
61,24,2,1.0,1136.0
61,24,6,2.0,1533.0
61,24,7,9.0,2133.6
61,24,8,15.0,2049.8
61,24,9,7.0,1701.9
61,24,10,5.0,1553.6
61,24,11,8.0,1535.0
61,24,12,19.0,1597.1
61,24,13,4.0,1226.8
61,24,14,9.0,1672.8
61,24,15,12.0,1995.9
61,24,16,9.0,2149.4
61,24,17,13.0,2140.1
61,24,18,13.0,1742.3
61,24,19,6.0,1495.5
61,24,20,4.0,1154.0
61,24,21,6.0,1154.5
61,24,22,4.0,1277.2
61,24,23,6.0,1295.0
61,25,1,2.0,1758.0
61,25,3,1.0,1733.0
61,26,0,1.0,1329.0
61,26,1,1.0,1251.0
61,26,5,1.0,1822.0
61,26,10,1.0,1661.0
61,26,11,1.0,1443.0
61,26,12,1.0,1004.0
61,26,13,1.0,1498.0
61,26,16,1.0,1625.0
61,26,18,1.0,1768.0
61,26,21,1.0,1351.0
61,27,0,1.0,1055.0
61,27,2,1.0,1957.0
61,27,3,1.0,1271.0
61,27,6,1.0,1471.0
61,27,23,1.0,1413.0
61,28,0,6.0,903.3
61,28,1,4.0,972.2
61,28,2,4.0,782.8
61,28,3,10.0,893.3
61,28,4,15.0,881.2
61,28,5,48.0,1121.0
61,28,6,66.0,1377.1
61,28,7,92.0,1670.0
61,28,8,75.0,1650.3
61,28,9,58.0,1331.8
61,28,10,56.0,1241.8
61,28,11,47.0,1224.7
61,28,12,49.0,1183.2
61,28,13,51.0,1244.1
61,28,14,55.0,1225.5
61,28,15,50.0,1319.8
61,28,16,56.0,1377.7
61,28,17,41.0,1470.4
61,28,18,27.0,1355.7
61,28,19,28.0,1099.3
61,28,20,16.0,1026.2
61,28,21,14.0,1084.2
61,28,22,26.0,1111.8
61,28,23,13.0,947.1
61,29,0,2.0,1093.0
61,29,1,2.0,866.0
61,29,2,1.0,1143.0
61,29,3,3.0,1267.3
61,29,4,1.0,789.0
61,29,5,3.0,847.0
61,29,6,12.0,1497.2
61,29,7,3.0,2040.7
61,29,8,1.0,1647.0
61,29,9,7.0,1647.7
61,29,10,5.0,1260.8
61,29,11,9.0,1575.4
61,29,12,7.0,1280.4
61,29,13,5.0,1487.0
61,29,14,3.0,1171.7
61,29,15,4.0,1629.8
61,29,18,2.0,1458.0
61,29,19,2.0,1332.0
61,29,20,2.0,1714.0
61,29,21,3.0,1223.7
61,29,22,3.0,1262.7
61,29,23,3.0,1473.0
61,30,0,10.0,1036.2
61,30,1,4.0,1102.2
61,30,2,5.0,913.0
61,30,3,2.0,796.5
61,30,4,3.0,935.7
61,30,5,10.0,1162.4
61,31,0,12.0,695.1
61,31,1,3.0,832.3
61,31,2,6.0,754.2
61,31,3,6.0,689.2
61,31,4,4.0,514.0
61,31,5,11.0,694.1
61,31,6,21.0,733.5
61,31,7,6.0,783.2
61,31,11,2.0,1029.5
61,31,20,3.0,787.3
61,31,21,5.0,740.4
61,31,22,2.0,740.0
61,31,23,8.0,737.8
61,32,1,2.0,1133.5
61,32,3,4.0,1106.0
61,32,4,27.0,1187.9
61,32,5,64.0,1289.4
61,32,6,68.0,1528.5
61,32,7,65.0,1773.3
61,32,8,123.0,1986.7
61,32,9,63.0,1741.1
61,32,10,51.0,1478.3
61,32,11,44.0,1337.8
61,32,12,39.0,1383.0
61,32,13,48.0,1528.5
61,32,14,25.0,1217.6
61,32,15,40.0,1331.8
61,32,16,40.0,1446.5
61,32,17,24.0,1451.2
61,32,18,13.0,1492.4
61,32,19,15.0,1094.9
61,32,20,4.0,1211.5
61,32,21,10.0,1287.1
61,32,22,25.0,1077.3
61,32,23,2.0,958.5
61,33,2,2.0,1130.0
61,33,4,1.0,1042.0
61,33,5,12.0,896.4
61,33,6,22.0,1068.2
61,33,7,23.0,1016.2
61,33,8,14.0,1400.6
61,33,9,27.0,905.6
61,33,10,12.0,849.5
61,33,11,11.0,815.1
61,33,12,17.0,797.4
61,33,13,9.0,823.3
61,33,14,7.0,696.4
61,33,15,14.0,909.9
61,33,16,6.0,1230.7
61,33,17,9.0,1167.6
61,33,18,8.0,937.1
61,33,19,2.0,1006.5
61,33,20,3.0,839.0
61,33,21,7.0,753.7
61,33,22,3.0,984.3
61,33,23,5.0,831.2
61,34,0,1.0,557.0
61,34,1,2.0,474.0
61,34,4,1.0,423.0
61,34,5,1.0,609.0
61,34,6,7.0,463.7
61,34,7,16.0,612.8
61,34,8,6.0,524.8
61,34,9,2.0,535.5
61,34,10,10.0,563.5
61,34,11,7.0,619.7
61,34,12,4.0,522.2
61,34,13,7.0,729.3
61,34,14,9.0,730.6
61,34,15,22.0,614.7
61,34,16,13.0,592.4
61,34,17,13.0,746.0
61,34,18,5.0,662.4
61,34,19,1.0,649.0
61,34,20,3.0,662.7
61,34,21,3.0,359.3
61,34,22,6.0,480.7
61,34,23,2.0,535.0
61,35,0,7.0,700.4
61,35,1,2.0,695.5
61,35,2,3.0,767.3
61,35,3,1.0,831.0
61,35,4,1.0,962.0
61,35,5,2.0,683.5
61,35,6,3.0,762.3
61,35,7,1.0,365.0
61,35,8,1.0,492.0
61,35,9,2.0,893.0
61,35,10,3.0,576.7
61,35,11,11.0,626.0
61,35,12,5.0,770.2
61,35,13,5.0,808.0
61,35,14,1.0,744.0
61,35,15,1.0,642.0
61,35,19,1.0,436.0
61,35,21,2.0,502.0
61,35,22,2.0,885.0
61,35,23,2.0,678.5
61,36,0,1.0,797.0
61,36,5,5.0,619.6
61,36,9,1.0,823.0
61,36,11,1.0,1413.0
61,36,12,2.0,915.0
61,36,13,1.0,922.0
61,36,14,1.0,939.0
61,36,15,1.0,788.0
61,36,20,1.0,763.0
61,37,0,3.0,427.3
61,37,1,7.0,455.7
61,37,3,4.0,260.2
61,37,4,3.0,331.0
61,37,5,4.0,392.2
61,37,6,3.0,805.3
61,38,0,5.0,449.4
61,38,1,3.0,435.3
61,38,2,4.0,458.2
61,38,3,3.0,537.3
61,38,4,3.0,548.3
61,38,5,2.0,520.5
61,38,6,12.0,482.8
61,38,7,4.0,1085.0
61,38,8,11.0,718.2
61,38,9,11.0,573.2
61,38,10,8.0,1121.2
61,38,11,8.0,756.2
61,38,12,7.0,746.0
61,38,13,15.0,562.1
61,38,14,10.0,759.8
61,38,15,12.0,615.9
61,38,16,17.0,709.2
61,38,17,14.0,762.1
61,38,18,15.0,645.2
61,38,19,18.0,680.8
61,38,20,19.0,664.2
61,38,21,12.0,638.1
61,38,22,11.0,651.7
61,38,23,6.0,561.8
61,39,3,1.0,805.0
61,39,4,1.0,597.0
61,39,5,1.0,713.0
61,39,6,6.0,1309.5
61,39,7,15.0,1213.8
61,39,8,7.0,986.6
61,39,9,4.0,1138.0
61,39,10,2.0,924.0
61,39,11,6.0,786.8
61,39,12,3.0,805.3
61,39,13,2.0,1110.0
61,39,14,6.0,870.7
61,39,15,6.0,992.5
61,39,16,7.0,1005.3
61,39,17,2.0,794.0
61,39,18,6.0,979.7
61,39,19,1.0,846.0
61,39,20,1.0,1013.0
61,39,21,1.0,1231.0
61,39,22,5.0,742.2
61,39,23,1.0,1278.0
61,40,1,1.0,420.0
61,40,2,2.0,687.5
61,40,3,1.0,667.0
61,40,4,2.0,305.5
61,41,1,1.0,667.0
61,41,2,1.0,515.0
61,41,4,1.0,970.0
61,41,5,1.0,673.0
61,42,0,2.0,654.0
61,42,1,5.0,815.8
61,42,2,1.0,814.0
61,42,3,1.0,647.0
61,42,5,1.0,877.0
61,43,0,5.0,1195.8
61,43,1,1.0,1567.0
61,43,2,5.0,1265.4
61,43,3,5.0,1097.2
61,43,4,3.0,1095.7
61,43,5,1.0,1312.0
61,43,6,1.0,1520.0
61,43,23,3.0,1686.3
61,44,0,5.0,1021.8
61,44,1,1.0,1159.0
61,44,2,1.0,629.0
61,44,3,1.0,608.0
61,44,5,2.0,871.5
61,44,6,1.0,580.0
61,44,23,3.0,1204.3
61,46,1,1.0,1261.0
61,46,3,1.0,2200.0
61,47,0,1.0,1472.0
61,47,6,1.0,931.0
61,47,14,1.0,1552.0
61,47,20,1.0,1140.0
61,47,22,1.0,1872.0
61,47,23,1.0,1188.0
61,49,1,3.0,810.0
61,49,3,1.0,938.0
61,49,5,1.0,1096.0
61,50,5,2.0,1505.5
61,50,6,1.0,1337.0
61,51,0,1.0,2349.0
61,51,3,1.0,843.0
61,51,13,2.0,1340.5
61,51,15,1.0,1514.0
61,51,16,1.0,1494.0
61,51,17,4.0,2175.8
61,51,18,5.0,1805.2
61,51,20,1.0,1039.0
61,51,21,2.0,1420.5
61,51,22,3.0,1264.7
61,51,23,1.0,1008.0
61,52,1,1.0,2412.0
61,52,2,1.0,1504.0
61,52,13,1.0,2261.0
61,52,19,1.0,1801.0
61,53,0,1.0,1053.0
61,53,13,2.0,1610.5
61,53,21,1.0,1740.0
61,54,11,1.0,1559.0
61,54,16,1.0,2471.0
61,54,18,1.0,3006.0
61,55,2,1.0,1626.0
61,55,5,1.0,1566.0
61,56,0,2.0,1563.0
61,56,1,1.0,1028.0
61,56,2,1.0,973.0
61,56,3,7.0,1122.1
61,56,4,7.0,1109.9
61,56,5,4.0,1254.8
61,56,6,5.0,1154.2
61,56,7,2.0,1160.0
61,56,11,6.0,1250.7
61,56,12,8.0,1444.8
61,56,13,4.0,1130.0
61,56,14,4.0,1360.0
61,56,19,1.0,1084.0
61,56,21,1.0,845.0
61,56,22,1.0,1080.0
61,56,23,1.0,1429.0
61,57,3,1.0,684.0
61,57,4,15.0,1000.1
61,58,0,14.0,501.4
61,58,1,8.0,383.5
61,58,2,6.0,548.0
61,58,3,2.0,1172.5
61,58,4,3.0,497.3
61,58,5,5.0,729.6
61,58,6,16.0,675.5
61,58,7,40.0,679.0
61,58,8,53.0,679.5
61,58,9,21.0,580.7
61,58,10,10.0,574.3
61,58,11,18.0,668.2
61,58,12,15.0,525.7
61,58,13,24.0,597.5
61,58,14,23.0,702.7
61,58,15,42.0,820.4
61,58,16,55.0,796.3
61,58,17,35.0,643.3
61,58,18,48.0,572.5
61,58,19,39.0,567.4
61,58,20,28.0,487.5
61,58,21,22.0,524.9
61,58,22,38.0,502.8
61,58,23,19.0,305.2
61,59,1,5.0,505.0
61,59,2,1.0,593.0
61,59,3,3.0,464.7
61,59,4,5.0,451.4
61,60,0,1.0,443.0
61,60,1,7.0,579.4
61,60,2,3.0,453.3
61,60,3,13.0,449.7
61,60,4,10.0,639.0
61,60,5,1.0,722.0
61,60,6,4.0,506.2
61,60,7,2.0,720.5
61,60,8,1.0,612.0
61,60,9,13.0,618.8
61,60,10,23.0,547.6
61,60,11,18.0,593.2
61,60,12,18.0,479.5
61,60,13,12.0,535.9
61,60,14,5.0,714.4
61,60,15,4.0,464.8
61,60,16,5.0,538.8
61,60,17,1.0,563.0
61,60,19,5.0,517.6
61,60,20,8.0,479.9
61,60,21,11.0,553.9
61,60,22,3.0,644.7
61,60,23,10.0,504.4
61,61,0,25.0,290.3
61,61,1,31.0,275.9
61,61,2,21.0,351.3
61,61,3,7.0,285.1
61,61,4,28.0,285.8
61,61,5,52.0,291.6
61,61,6,106.0,387.2
61,61,7,140.0,444.6
61,61,8,115.0,451.9
61,61,9,95.0,348.8
61,61,10,57.0,330.2
61,61,11,70.0,374.9
61,61,12,91.0,382.5
61,61,13,94.0,356.5
61,61,14,100.0,519.2
61,61,15,152.0,473.4
61,61,16,107.0,405.5
61,61,17,68.0,409.2
61,61,18,74.0,411.8
61,61,19,77.0,349.9
61,61,20,74.0,353.7
61,61,21,75.0,300.5
61,61,22,76.0,305.2
61,61,23,57.0,292.0
61,62,1,1.0,801.0
61,62,2,2.0,778.0
61,63,0,17.0,441.8
61,63,1,16.0,399.2
61,63,2,4.0,750.5
61,63,3,6.0,366.0
61,63,4,5.0,376.8
61,63,5,4.0,404.5
61,64,1,3.0,1190.3
61,64,3,1.0,1154.0
61,64,4,2.0,1540.5
61,65,0,3.0,1136.0
61,65,1,2.0,1054.0
61,65,2,1.0,780.0
61,65,3,1.0,1027.0
61,65,4,2.0,1172.0
61,65,5,6.0,1021.2
61,65,6,16.0,1037.6
61,65,7,5.0,1553.6
61,65,8,8.0,1340.2
61,65,9,5.0,1390.2
61,65,10,5.0,1218.4
61,65,11,7.0,1184.6
61,65,12,5.0,1189.6
61,65,13,9.0,1336.1
61,65,14,3.0,1520.0
61,65,15,7.0,1784.0
61,65,16,16.0,1895.9
61,65,17,10.0,1554.9
61,65,18,7.0,1524.7
61,65,19,10.0,1345.5
61,65,20,5.0,1111.0
61,65,21,4.0,1276.5
61,65,22,2.0,1172.0
61,65,23,8.0,1103.9
61,66,0,17.0,560.2
61,66,1,15.0,557.7
61,66,2,5.0,824.0
61,66,3,4.0,826.5
61,66,4,2.0,877.5
61,66,5,13.0,646.1
61,66,6,15.0,553.3
61,66,7,22.0,826.1
61,66,8,19.0,938.1
61,66,9,18.0,777.1
61,66,10,14.0,754.0
61,66,11,20.0,807.9
61,66,12,21.0,761.7
61,66,13,26.0,811.3
61,66,14,25.0,804.1
61,66,15,41.0,1045.3
61,66,16,38.0,995.1
61,66,17,46.0,1018.3
61,66,18,39.0,832.4
61,66,19,44.0,725.6
61,66,20,50.0,725.2
61,66,21,47.0,664.9
61,66,22,32.0,758.4
61,66,23,30.0,579.6
61,67,0,5.0,352.4
61,67,1,15.0,544.3
61,67,2,3.0,788.3
61,67,3,1.0,138.0
61,67,5,2.0,641.0
61,67,6,5.0,347.6
61,67,7,4.0,414.8
61,67,8,1.0,237.0
61,67,9,14.0,590.8
61,67,10,14.0,549.5
61,67,11,22.0,451.5
61,67,12,12.0,391.4
61,67,13,20.0,584.8
61,67,14,28.0,587.3
61,67,15,11.0,629.4
61,67,16,7.0,493.6
61,67,17,6.0,446.5
61,67,18,7.0,522.9
61,67,19,15.0,523.3
61,67,20,14.0,516.0
61,67,21,16.0,419.6
61,67,22,16.0,583.2
61,67,23,14.0,516.4
61,68,0,2.0,359.5
61,68,1,2.0,905.0
61,68,2,3.0,644.3
61,68,3,3.0,306.7
61,68,5,6.0,665.0
61,68,6,5.0,348.8
61,68,7,3.0,603.3
61,68,9,1.0,474.0
61,68,10,16.0,617.8
61,68,11,11.0,536.9
61,68,12,10.0,545.0
61,68,13,6.0,554.8
61,68,14,2.0,737.5
61,68,19,3.0,543.0
61,68,20,6.0,450.2
61,68,21,8.0,555.1
61,68,22,5.0,323.8
61,68,23,3.0,650.3
61,69,0,8.0,826.4
61,69,1,2.0,610.5
61,69,2,2.0,741.5
61,69,3,6.0,812.8
61,69,4,2.0,870.0
61,69,5,1.0,587.0
61,69,6,2.0,897.0
61,69,7,6.0,957.5
61,69,8,3.0,888.3
61,69,9,5.0,683.0
61,69,10,7.0,1041.7
61,69,11,6.0,1064.5
61,69,12,8.0,874.6
61,69,13,8.0,1110.8
61,69,14,4.0,1131.5
61,69,15,9.0,1420.7
61,69,16,23.0,1365.7
61,69,17,6.0,1293.8
61,69,18,13.0,1174.2
61,69,19,11.0,1157.5
61,69,20,8.0,939.9
61,69,21,8.0,835.4
61,69,22,24.0,1072.9
61,69,23,8.0,1060.4
61,70,0,2.0,927.5
61,70,1,2.0,979.0
61,70,2,2.0,670.5
61,70,3,1.0,817.0
61,70,5,1.0,1270.0
61,71,0,5.0,738.6
61,71,1,5.0,951.2
61,71,2,3.0,857.7
61,71,3,5.0,1105.2
61,71,4,1.0,730.0
61,71,5,3.0,705.7
61,71,6,8.0,773.8
61,71,7,3.0,1161.3
61,71,8,6.0,822.5
61,71,9,3.0,1029.3
61,71,10,8.0,861.2
61,71,11,7.0,801.3
61,71,12,10.0,994.3
61,71,13,9.0,923.0
61,71,14,7.0,1391.6
61,71,15,15.0,1156.0
61,71,16,18.0,1150.5
61,71,17,17.0,1013.5
61,71,18,13.0,1028.0
61,71,19,10.0,1108.6
61,71,20,11.0,955.2
61,71,21,12.0,968.4
61,71,22,22.0,903.7
61,71,23,12.0,982.0
61,72,0,1.0,993.0
61,73,0,1.0,758.0
61,73,1,2.0,1160.0
61,73,2,2.0,1292.0
61,73,4,3.0,792.0
61,73,5,4.0,830.5
61,73,9,3.0,1243.3
61,73,10,6.0,999.5
61,73,11,7.0,1098.4
61,73,13,3.0,968.3
61,73,14,5.0,1770.8
61,73,15,2.0,1245.0
61,73,16,5.0,1523.4
61,73,17,2.0,1727.0
61,73,18,7.0,1568.6
61,73,19,3.0,1089.0
61,73,20,1.0,812.0
61,73,21,2.0,1038.0
61,73,22,3.0,1446.3
61,73,23,1.0,924.0
61,74,7,1.0,1899.0
61,74,9,2.0,1403.0
61,74,11,1.0,1742.0
61,74,18,1.0,2397.0
61,76,3,4.0,2152.8
61,76,4,5.0,1864.2
61,76,5,5.0,2959.0
61,76,6,4.0,3330.2
61,76,7,3.0,4367.7
61,76,8,3.0,3123.7
61,76,9,1.0,3238.0
61,76,10,6.0,2995.3
61,76,11,8.0,3232.8
61,76,12,7.0,3077.3
61,76,13,3.0,3101.0
61,76,14,5.0,3670.4
61,76,15,4.0,3925.2
61,76,16,2.0,5002.0
61,76,17,1.0,4841.0
61,76,20,1.0,2748.0
61,76,21,1.0,2435.0
61,76,23,1.0,1684.0
61,77,0,1.0,1271.0
61,77,1,1.0,1533.0
61,77,3,3.0,1903.0
61,77,9,1.0,2399.0
61,77,14,2.0,2677.5
61,77,15,2.0,2838.0
61,77,16,1.0,3947.0
61,77,18,1.0,1748.0
62,1,11,1.0,3140.0
62,1,15,1.0,4433.0
62,1,16,1.0,3018.0
62,3,14,1.0,1958.0
62,4,1,1.0,3273.0
62,4,2,1.0,2473.0
62,6,0,1.0,1818.0
62,6,1,1.0,1310.0
62,6,6,1.0,2532.0
62,6,11,1.0,2099.0
62,6,13,1.0,2258.0
62,6,14,1.0,5451.0
62,6,15,1.0,2971.0
62,6,16,2.0,3228.0
62,6,19,1.0,4224.0
62,6,20,1.0,2080.0
62,6,21,1.0,1645.0
62,6,22,3.0,1998.3
62,6,23,2.0,1849.0
62,8,0,1.0,1471.0
62,8,1,2.0,1107.0
62,8,3,3.0,1516.0
62,8,4,8.0,1706.1
62,8,5,15.0,1854.9
62,8,6,2.0,2560.5
62,8,7,9.0,3033.0
62,8,8,7.0,2822.1
62,8,9,9.0,2192.6
62,8,10,15.0,2065.3
62,8,11,7.0,1791.3
62,8,12,2.0,1896.5
62,8,13,8.0,1975.5
62,8,14,13.0,2257.8
62,8,15,11.0,2127.1
62,8,16,1.0,2439.0
62,8,17,2.0,2437.5
62,8,18,3.0,2017.0
62,8,19,1.0,1879.0
62,8,20,1.0,1425.0
62,8,21,1.0,1409.0
62,8,22,6.0,1556.0
62,8,23,1.0,1562.0
62,11,4,1.0,1715.0
62,11,10,1.0,2975.0
62,11,23,1.0,2523.0
62,13,4,1.0,2937.0
62,13,13,1.0,3086.0
62,15,12,1.0,3252.0
62,15,14,1.0,3835.0
62,16,6,3.0,3253.7
62,16,15,1.0,2211.0
62,16,17,1.0,2343.0
62,16,18,1.0,2980.0
62,17,18,1.0,3632.0
62,17,22,1.0,2250.0
62,18,10,1.0,2532.0
62,18,13,1.0,2926.0
62,19,0,1.0,2029.0
62,19,1,1.0,1949.0
62,19,3,1.0,1636.0
62,19,4,2.0,2088.0
62,19,5,1.0,2230.0
62,19,6,1.0,2115.0
62,19,7,1.0,3518.0
62,19,8,1.0,2546.0
62,19,9,1.0,2897.0
62,19,15,2.0,3822.5
62,19,17,3.0,2768.0
62,19,19,2.0,4269.0
62,19,20,4.0,2187.2
62,20,12,1.0,2072.0
62,20,19,1.0,2108.0
62,21,10,1.0,2667.0
62,21,15,1.0,2620.0
62,21,20,2.0,1908.0
62,21,23,2.0,1410.0
62,22,0,1.0,1205.0
62,22,9,1.0,2203.0
62,22,10,1.0,2008.0
62,22,11,2.0,2886.5
62,22,12,1.0,2231.0
62,22,14,1.0,2307.0
62,22,15,1.0,1717.0
62,22,16,1.0,2432.0
62,22,17,1.0,3511.0
62,22,22,1.0,3550.0
62,23,20,1.0,1290.0
62,24,0,3.0,1752.7
62,24,4,4.0,1422.8
62,24,5,4.0,1662.5
62,24,23,1.0,934.0
62,25,5,1.0,2107.0
62,25,6,8.0,2435.4
62,25,7,4.0,2158.2
62,25,10,2.0,2388.5
62,25,12,1.0,1402.0
62,25,13,1.0,2129.0
62,25,14,1.0,2118.0
62,25,15,3.0,2587.0
62,25,16,2.0,2322.5
62,25,17,4.0,2269.8
62,25,18,2.0,2148.0
62,25,20,1.0,1748.0
62,25,21,1.0,1618.0
62,25,22,2.0,1360.5
62,26,3,1.0,1285.0
62,26,4,1.0,1024.0
62,27,7,8.0,2240.0
62,27,8,2.0,2607.0
62,27,9,1.0,1421.0
62,27,16,1.0,1838.0
62,27,18,1.0,1594.0
62,27,19,2.0,1367.5
62,27,22,1.0,1069.0
62,28,1,2.0,1131.0
62,28,2,1.0,1319.0
62,28,3,4.0,1011.8
62,28,4,1.0,1069.0
62,28,5,6.0,1502.2
62,28,6,27.0,1766.3
62,28,7,3.0,2429.7
62,28,8,2.0,1447.5
62,28,9,24.0,1779.5
62,28,10,7.0,1802.9
62,28,11,6.0,1778.3
62,28,12,10.0,1541.5
62,28,13,10.0,1597.2
62,28,14,6.0,1636.2
62,28,15,4.0,1935.0
62,28,16,2.0,1718.5
62,28,17,1.0,1072.0
62,28,18,2.0,1311.5
62,28,19,1.0,1201.0
62,28,21,2.0,1141.0
62,28,22,1.0,992.0
62,28,23,4.0,1150.0
62,29,0,1.0,889.0
62,29,5,12.0,1247.6
62,29,6,2.0,1171.5
62,29,7,4.0,1633.5
62,29,8,3.0,1545.7
62,29,9,2.0,1421.0
62,29,10,2.0,1423.5
62,29,11,1.0,1085.0
62,29,12,1.0,1350.0
62,29,13,2.0,1353.0
62,29,14,1.0,1969.0
62,29,15,2.0,1409.0
62,29,17,2.0,1254.0
62,29,19,1.0,1175.0
62,29,21,5.0,1058.4
62,29,22,3.0,1298.3
62,29,23,3.0,1152.0
62,30,0,2.0,660.0
62,30,1,1.0,865.0
62,30,2,3.0,969.7
62,30,3,2.0,550.5
62,30,4,3.0,1161.3
62,30,5,7.0,836.1
62,30,6,2.0,925.0
62,30,7,3.0,1683.0
62,30,8,18.0,1357.9
62,30,9,9.0,1035.1
62,30,10,4.0,934.2
62,30,11,5.0,1077.4
62,30,12,10.0,1214.9
62,30,13,6.0,1043.5
62,30,14,9.0,1034.6
62,30,15,5.0,1325.8
62,30,16,13.0,1033.1
62,30,17,20.0,979.1
62,30,18,8.0,1068.0
62,30,19,4.0,1152.2
62,30,20,6.0,917.5
62,30,21,1.0,904.0
62,30,22,4.0,842.8
62,30,23,6.0,931.5
62,31,0,5.0,992.2
62,31,2,1.0,939.0
62,31,3,1.0,730.0
62,31,5,2.0,1082.5
62,31,6,2.0,1327.0
62,31,7,2.0,1178.0
62,31,8,3.0,1219.7
62,31,9,9.0,1431.0
62,31,10,4.0,1559.2
62,31,11,1.0,1297.0
62,31,12,7.0,1428.6
62,31,13,14.0,1294.6
62,31,14,5.0,1431.4
62,31,16,2.0,1455.5
62,31,17,6.0,1181.7
62,31,18,10.0,1157.7
62,31,19,9.0,1131.7
62,31,20,4.0,1243.2
62,31,21,3.0,873.7
62,31,23,3.0,1067.0
62,32,4,3.0,1791.0
62,32,5,11.0,1602.3
62,32,6,12.0,2080.8
62,32,7,14.0,3397.1
62,32,8,36.0,2777.2
62,32,9,26.0,1992.9
62,32,10,21.0,1912.7
62,32,11,7.0,1544.6
62,32,12,5.0,1554.8
62,32,13,3.0,2357.3
62,32,14,9.0,1860.9
62,32,15,6.0,2114.5
62,32,16,3.0,1772.0
62,32,17,2.0,1925.0
62,32,20,1.0,1252.0
62,32,21,1.0,1026.0
62,32,22,6.0,1379.5
62,33,5,2.0,1538.5
62,33,6,1.0,1558.0
62,34,6,1.0,1706.0
62,34,7,8.0,2143.4
62,34,8,1.0,2069.0
62,34,9,4.0,1436.2
62,34,10,1.0,1036.0
62,34,12,1.0,1097.0
62,34,22,1.0,1124.0
62,35,5,2.0,1396.0
62,35,6,8.0,1240.6
62,35,7,2.0,1848.5
62,35,11,1.0,1378.0
62,35,17,1.0,1120.0
62,35,23,1.0,889.0
62,37,6,1.0,927.0
62,38,10,1.0,1283.0
62,38,11,1.0,1414.0
62,38,12,1.0,1467.0
62,38,14,3.0,1447.3
62,38,15,1.0,1328.0
62,38,17,2.0,1820.0
62,38,18,2.0,1883.0
62,38,19,1.0,1737.0
62,39,8,2.0,2634.0
62,39,9,1.0,1451.0
62,39,14,1.0,1620.0
62,39,19,1.0,1826.0
62,40,11,2.0,1294.0
62,40,17,1.0,1427.0
62,40,19,1.0,1254.0
62,40,21,1.0,1262.0
62,40,22,1.0,1209.0
62,43,1,1.0,1162.0
62,44,0,1.0,1674.0
62,44,12,1.0,1884.0
62,44,16,1.0,2156.0
62,44,22,1.0,2243.0
62,48,0,1.0,1602.0
62,48,14,1.0,2555.0
62,49,14,1.0,2277.0
62,49,16,1.0,2909.0
62,49,21,1.0,1796.0
62,49,23,1.0,1809.0
62,52,15,4.0,3725.0
62,52,16,2.0,2781.5
62,53,11,1.0,2022.0
62,55,10,1.0,2628.0
62,55,15,1.0,4170.0
62,55,19,1.0,2443.0
62,56,0,1.0,587.0
62,56,3,4.0,387.5
62,56,4,8.0,404.0
62,56,5,5.0,383.6
62,57,1,2.0,382.0
62,57,2,3.0,564.0
62,57,3,9.0,411.0
62,57,4,2.0,420.0
62,58,0,6.0,619.5
62,58,1,6.0,540.8
62,58,2,5.0,470.4
62,58,3,6.0,591.2
62,58,5,1.0,486.0
62,58,6,17.0,790.9
62,58,7,23.0,856.5
62,58,8,14.0,659.1
62,58,9,20.0,430.6
62,58,10,4.0,775.0
62,58,11,3.0,586.0
62,58,12,10.0,519.1
62,58,13,7.0,731.6
62,58,14,6.0,838.7
62,58,15,10.0,828.5
62,58,16,14.0,731.4
62,58,17,11.0,805.2
62,58,18,9.0,607.0
62,58,19,13.0,568.0
62,58,20,3.0,717.0
62,58,21,9.0,661.9
62,58,22,12.0,611.6
62,58,23,4.0,591.5
62,59,1,1.0,895.0
62,59,2,2.0,692.0
62,59,3,1.0,873.0
62,59,4,2.0,832.5
62,59,5,4.0,975.0
62,60,2,2.0,997.0
62,61,0,3.0,674.7
62,61,1,2.0,533.0
62,61,2,1.0,762.0
62,61,5,7.0,1029.7
62,61,6,11.0,871.5
62,61,11,1.0,755.0
62,61,20,1.0,839.0
62,61,23,1.0,919.0
62,62,0,6.0,156.7
62,62,1,4.0,318.8
62,62,2,2.0,789.5
62,62,3,3.0,214.0
62,62,4,3.0,1056.7
62,62,5,8.0,308.8
62,62,6,3.0,278.0
62,62,7,13.0,497.9
62,62,8,10.0,307.8
62,62,9,10.0,317.1
62,62,10,15.0,399.1
62,62,11,7.0,646.3
62,62,12,7.0,305.1
62,62,13,8.0,225.6
62,62,14,11.0,366.6
62,62,15,13.0,264.5
62,62,16,17.0,318.9
62,62,17,17.0,297.8
62,62,18,16.0,393.9
62,62,19,22.0,297.4
62,62,20,11.0,268.5
62,62,21,4.0,261.0
62,62,22,12.0,284.6
62,62,23,5.0,353.2
62,63,1,4.0,499.2
62,63,2,2.0,319.5
62,63,3,1.0,395.0
62,63,4,4.0,391.8
62,63,5,2.0,334.0
62,64,0,1.0,193.0
62,64,1,4.0,619.5
62,64,2,1.0,603.0
62,64,3,3.0,559.7
62,64,4,9.0,377.2
62,65,0,3.0,311.3
62,65,1,6.0,297.3
62,65,2,2.0,280.5
62,65,3,2.0,361.5
62,65,4,1.0,888.0
62,65,5,2.0,523.5
62,65,6,5.0,586.4
62,65,23,1.0,406.0
62,66,1,1.0,506.0
62,66,2,1.0,947.0
62,66,4,1.0,659.0
62,68,2,2.0,1190.5
62,69,7,1.0,2355.0
62,69,9,1.0,1544.0
62,69,11,1.0,1467.0
62,69,15,1.0,2089.0
62,69,16,1.0,1991.0
62,69,19,2.0,1960.5
62,69,22,6.0,1446.5
62,69,23,1.0,1657.0
62,70,0,3.0,807.3
62,70,1,4.0,885.8
62,70,5,3.0,787.0
62,70,6,1.0,754.0
62,70,7,3.0,1055.0
62,70,8,3.0,974.7
62,70,9,2.0,764.5
62,70,11,3.0,888.7
62,70,12,5.0,966.2
62,70,13,3.0,830.7
62,70,14,5.0,1110.6
62,70,15,11.0,1336.8
62,70,16,9.0,1068.3
62,70,17,6.0,1174.2
62,70,18,15.0,1097.7
62,70,19,7.0,1194.3
62,70,20,4.0,1039.8
62,70,21,8.0,790.8
62,70,22,3.0,652.0
62,70,23,6.0,815.8
62,71,0,1.0,1236.0
62,71,1,1.0,1328.0
62,71,8,1.0,1220.0
62,71,10,2.0,1104.5
62,71,11,1.0,1351.0
62,71,13,1.0,1740.0
62,71,15,1.0,1548.0
62,71,16,1.0,2141.0
62,71,17,1.0,1922.0
62,71,18,3.0,1497.7
62,71,19,3.0,1658.0
62,71,21,3.0,1404.7
62,71,23,5.0,1872.4
62,72,6,3.0,1442.3
62,73,0,1.0,1636.0
62,73,1,2.0,1524.5
62,74,1,4.0,1251.2
62,74,21,1.0,1475.0
62,75,6,2.0,1849.0
62,75,7,2.0,2217.5
62,75,8,3.0,2553.7
62,75,19,1.0,1842.0
62,76,4,4.0,2365.8
62,76,5,3.0,3360.7
62,76,6,2.0,3189.5
62,76,8,1.0,4421.0
62,76,9,1.0,2763.0
62,76,10,3.0,2847.0
62,76,12,2.0,3050.0
62,76,13,1.0,4550.0
62,76,16,2.0,4896.0
62,76,23,1.0,2651.0
62,77,14,1.0,2327.0
62,77,16,1.0,3554.0
62,77,19,1.0,2563.0
63,2,9,1.0,2620.0
63,2,20,1.0,3164.0
63,2,22,1.0,2281.0
63,3,1,1.0,2498.0
63,3,2,1.0,1506.0
63,3,7,1.0,3785.0
63,3,8,3.0,2426.7
63,3,9,1.0,4364.0
63,3,10,5.0,1879.0
63,3,12,1.0,2621.0
63,3,14,2.0,2365.5
63,3,17,1.0,2916.0
63,3,19,2.0,1988.0
63,3,20,2.0,1879.5
63,4,7,1.0,3221.0
63,5,5,1.0,1980.0
63,5,6,1.0,1825.0
63,5,8,6.0,2703.2
63,5,9,1.0,2123.0
63,5,10,1.0,2740.0
63,5,11,2.0,2473.0
63,5,17,1.0,3232.0
63,5,20,1.0,2080.0
63,6,5,3.0,2124.0
63,7,0,2.0,1548.0
63,7,2,1.0,1571.0
63,7,5,9.0,1837.6
63,7,6,2.0,2406.5
63,7,7,3.0,2535.0
63,7,8,3.0,2927.3
63,7,9,2.0,2116.5
63,7,10,3.0,2516.7
63,7,11,1.0,1772.0
63,7,14,1.0,1772.0
63,7,16,2.0,2176.5
63,7,19,1.0,1963.0
63,7,20,1.0,1937.0
63,7,21,4.0,2118.8
63,7,22,3.0,2048.3
63,7,23,1.0,1845.0
63,8,0,1.0,1126.0
63,8,1,1.0,1436.0
63,8,2,2.0,1049.5
63,8,3,6.0,1379.0
63,8,4,3.0,1329.3
63,8,5,15.0,1761.4
63,8,6,31.0,2175.8
63,8,7,20.0,2600.6
63,8,8,31.0,2807.5
63,8,9,28.0,2368.9
63,8,10,7.0,2045.9
63,8,11,17.0,2081.1
63,8,12,11.0,1935.4
63,8,13,13.0,2110.9
63,8,14,17.0,2078.4
63,8,15,13.0,2235.2
63,8,16,13.0,2556.2
63,8,17,7.0,2393.4
63,8,18,9.0,1929.0
63,8,19,9.0,1892.9
63,8,20,5.0,1854.2
63,8,21,1.0,2233.0
63,8,22,10.0,1891.4
63,8,23,3.0,1693.7
63,10,4,1.0,1657.0
63,10,17,1.0,4517.0
63,14,0,2.0,2134.0
63,14,1,1.0,1429.0
63,14,10,2.0,2288.5
63,14,11,2.0,3056.0
63,14,13,1.0,4078.0
63,14,14,1.0,4210.0
63,14,19,1.0,2270.0
63,14,22,2.0,1866.0
63,15,1,1.0,1552.0
63,16,5,1.0,2513.0
63,16,6,2.0,3331.5
63,16,7,1.0,4236.0
63,16,8,3.0,3109.0
63,16,11,2.0,2683.5
63,16,13,1.0,3712.0
63,16,17,1.0,3927.0
63,16,19,1.0,1713.0
63,16,21,1.0,1672.0
63,16,22,1.0,1393.0
63,17,1,1.0,1926.0
63,17,23,1.0,2246.0
63,18,23,1.0,2131.0
63,19,1,3.0,1794.7
63,19,2,2.0,1965.0
63,19,5,1.0,3025.0
63,20,13,1.0,1702.0
63,20,16,3.0,3002.0
63,22,5,1.0,2461.0
63,22,6,8.0,2519.2
63,22,7,1.0,2809.0
63,22,9,1.0,1648.0
63,22,10,3.0,1776.7
63,22,11,1.0,1891.0
63,22,16,1.0,3997.0
63,22,17,1.0,2207.0
63,22,18,4.0,2341.5
63,22,19,3.0,2143.0
63,22,20,1.0,2096.0
63,22,21,1.0,2285.0
63,22,23,2.0,1927.0
63,23,4,1.0,1620.0
63,23,6,1.0,2361.0
63,23,7,1.0,1459.0
63,23,23,2.0,1758.5
63,24,4,1.0,1760.0
63,24,5,1.0,2338.0
63,24,6,1.0,1838.0
63,25,0,2.0,2215.5
63,25,3,1.0,1444.0
63,25,7,1.0,2230.0
63,25,8,1.0,1892.0
63,25,9,2.0,1947.5
63,25,10,1.0,1629.0
63,25,11,1.0,3272.0
63,25,12,4.0,2077.8
63,25,15,2.0,2938.5
63,25,16,4.0,2726.8
63,25,17,1.0,2355.0
63,25,18,1.0,2874.0
63,25,19,3.0,2464.7
63,25,20,3.0,1801.0
63,25,21,1.0,1956.0
63,25,22,1.0,1444.0
63,26,0,1.0,1830.0
63,26,6,1.0,2794.0
63,26,9,1.0,1661.0
63,26,15,1.0,2251.0
63,26,18,1.0,2293.0
63,26,20,1.0,1612.0
63,26,21,1.0,1429.0
63,26,22,1.0,1479.0
63,27,2,1.0,1583.0
63,27,3,2.0,1156.5
63,27,4,2.0,1256.0
63,27,5,3.0,1061.3
63,28,0,1.0,1860.0
63,28,1,1.0,1352.0
63,28,2,2.0,997.0
63,28,4,3.0,1341.7
63,28,5,25.0,1408.7
63,28,6,39.0,1662.8
63,28,7,15.0,1777.9
63,28,8,7.0,1455.3
63,28,9,41.0,1752.8
63,28,10,35.0,1608.6
63,28,11,21.0,1584.7
63,28,12,17.0,1339.1
63,28,13,31.0,1394.5
63,28,14,19.0,1489.5
63,28,15,15.0,1778.2
63,28,16,4.0,1518.8
63,28,17,1.0,1452.0
63,28,18,2.0,1515.5
63,28,19,2.0,1484.5
63,28,20,1.0,1256.0
63,28,21,1.0,1151.0
63,28,22,2.0,1108.0
63,28,23,8.0,1148.8
63,29,1,1.0,924.0
63,29,2,1.0,1018.0
63,29,6,3.0,1314.3
63,29,7,16.0,1908.1
63,29,8,4.0,1736.5
63,29,9,12.0,1265.2
63,29,10,5.0,1023.6
63,29,11,3.0,1420.0
63,29,12,3.0,1553.7
63,29,13,5.0,1318.4
63,29,14,2.0,1377.5
63,29,15,1.0,1232.0
63,29,16,3.0,1514.0
63,29,17,2.0,1287.0
63,29,18,1.0,1486.0
63,29,19,5.0,1176.0
63,29,20,4.0,1119.2
63,29,22,2.0,903.5
63,30,0,12.0,790.7
63,30,1,12.0,910.8
63,30,2,10.0,819.7
63,30,3,2.0,887.5
63,30,4,6.0,1066.7
63,30,5,12.0,973.1
63,30,6,11.0,1162.5
63,30,7,14.0,1280.5
63,30,8,22.0,1279.4
63,30,9,17.0,1004.5
63,30,10,14.0,1045.8
63,30,11,9.0,914.6
63,30,12,14.0,1134.1
63,30,13,10.0,1004.4
63,30,14,14.0,1122.0
63,30,15,15.0,1381.8
63,30,16,13.0,1209.1
63,30,17,25.0,1185.2
63,30,18,18.0,1088.1
63,30,19,16.0,981.1
63,30,20,7.0,933.0
63,30,21,20.0,837.9
63,30,22,14.0,990.7
63,30,23,13.0,892.4
63,31,1,3.0,951.3
63,31,2,6.0,737.0
63,31,3,15.0,676.5
63,31,4,16.0,801.2
63,31,5,1.0,847.0
63,32,1,2.0,1048.0
63,32,2,2.0,1280.0
63,32,3,8.0,1210.8
63,32,4,23.0,1262.0
63,32,5,36.0,1433.3
63,33,3,2.0,1027.5
63,33,4,2.0,1210.5
63,34,0,1.0,885.0
63,34,6,1.0,1045.0
63,34,9,1.0,864.0
63,34,11,2.0,986.5
63,34,14,1.0,1031.0
63,34,15,4.0,1214.2
63,34,16,2.0,1219.5
63,34,17,1.0,1121.0
63,34,18,1.0,1359.0
63,34,22,1.0,1030.0
63,35,5,1.0,1101.0
63,35,6,2.0,1068.5
63,35,7,2.0,1528.5
63,35,8,1.0,1115.0
63,35,9,2.0,1092.0
63,35,10,2.0,1257.0
63,35,13,2.0,1266.0
63,35,14,3.0,1101.0
63,35,15,1.0,1406.0
63,35,16,4.0,1123.5
63,35,17,2.0,1317.0
63,35,18,3.0,1818.0
63,35,20,3.0,1141.7
63,35,22,2.0,1128.0
63,35,23,1.0,1058.0
63,36,8,1.0,1236.0
63,36,21,1.0,1139.0
63,36,22,1.0,947.0
63,37,7,2.0,842.5
63,37,8,5.0,976.8
63,37,9,1.0,1000.0
63,37,10,2.0,1006.5
63,37,11,1.0,549.0
63,37,16,1.0,766.0
63,37,17,3.0,1356.0
63,37,19,1.0,839.0
63,38,0,1.0,1477.0
63,38,2,1.0,974.0
63,38,6,1.0,869.0
63,38,7,2.0,992.5
63,38,8,3.0,1268.3
63,38,9,4.0,970.8
63,38,10,3.0,1141.0
63,38,12,1.0,1351.0
63,38,14,1.0,1254.0
63,38,15,1.0,1217.0
63,38,16,1.0,1238.0
63,38,17,3.0,1450.7
63,38,18,4.0,1189.0
63,38,19,1.0,981.0
63,38,20,2.0,903.5
63,38,21,1.0,1536.0
63,40,0,3.0,720.7
63,40,5,1.0,912.0
63,40,7,1.0,1216.0
63,40,8,1.0,880.0
63,40,10,1.0,1020.0
63,40,12,2.0,936.0
63,40,13,1.0,981.0
63,40,14,2.0,919.0
63,40,16,1.0,938.0
63,40,17,1.0,713.0
63,40,18,5.0,986.2
63,40,19,1.0,922.0
63,40,22,3.0,1098.0
63,40,23,2.0,1003.5
63,42,0,1.0,1586.0
63,42,2,1.0,1107.0
63,42,6,2.0,1289.5
63,42,7,3.0,1419.3
63,42,8,2.0,1486.5
63,42,9,1.0,868.0
63,42,10,2.0,1119.5
63,42,12,3.0,914.7
63,42,16,2.0,1187.5
63,42,17,1.0,978.0
63,42,18,1.0,1703.0
63,42,22,4.0,1534.0
63,43,0,2.0,2008.5
63,43,1,1.0,1294.0
63,43,7,1.0,1378.0
63,43,9,3.0,1412.7
63,43,11,1.0,1425.0
63,43,13,1.0,1350.0
63,43,14,2.0,2467.5
63,43,16,1.0,2072.0
63,43,18,1.0,1741.0
63,43,20,3.0,1389.0
63,43,21,2.0,1594.5
63,43,23,1.0,2022.0
63,44,1,2.0,1590.5
63,44,2,2.0,1658.0
63,44,4,6.0,1146.2
63,44,5,2.0,1145.0
63,44,6,1.0,857.0
63,44,9,2.0,1172.0
63,44,12,1.0,1714.0
63,44,13,2.0,1688.5
63,44,15,1.0,1661.0
63,44,16,3.0,2111.3
63,44,17,1.0,2007.0
63,44,18,2.0,2080.0
63,44,19,1.0,1359.0
63,44,20,2.0,1345.5
63,44,21,3.0,1678.0
63,44,22,1.0,1170.0
63,44,23,2.0,1403.5
63,45,11,1.0,1258.0
63,45,14,1.0,1518.0
63,45,15,2.0,2636.0
63,45,16,1.0,2188.0
63,45,17,1.0,2959.0
63,46,0,1.0,1624.0
63,46,14,1.0,1659.0
63,46,17,1.0,1949.0
63,48,20,1.0,2176.0
63,50,6,7.0,1432.3
63,50,7,3.0,1792.7
63,50,11,1.0,1695.0
63,50,13,1.0,2606.0
63,50,18,1.0,1995.0
63,50,19,1.0,2867.0
63,51,0,1.0,1342.0
63,52,8,2.0,2142.5
63,52,18,1.0,2044.0
63,52,21,1.0,1992.0
63,52,23,1.0,1490.0
63,53,0,1.0,1895.0
63,53,6,1.0,1544.0
63,56,0,1.0,1008.0
63,56,1,1.0,914.0
63,56,2,5.0,780.0
63,56,3,6.0,603.0
63,56,4,14.0,764.0
63,56,5,8.0,649.6
63,56,6,7.0,832.6
63,56,7,17.0,1095.1
63,56,8,6.0,760.0
63,56,9,11.0,811.2
63,56,10,11.0,823.4
63,56,11,11.0,871.7
63,56,12,11.0,817.0
63,56,13,8.0,900.6
63,56,14,10.0,863.0
63,56,15,21.0,1077.6
63,56,16,18.0,992.7
63,56,17,4.0,1490.2
63,56,18,8.0,1020.2
63,56,19,11.0,921.6
63,56,20,2.0,446.5
63,56,21,3.0,560.0
63,56,22,4.0,926.2
63,56,23,2.0,996.0
63,57,0,1.0,404.0
63,57,1,7.0,530.9
63,57,2,1.0,679.0
63,57,3,7.0,516.7
63,57,4,13.0,586.7
63,57,5,15.0,620.3
63,58,0,10.0,465.7
63,58,1,8.0,481.9
63,58,2,6.0,298.3
63,58,3,2.0,289.0
63,58,4,7.0,435.1
63,58,5,18.0,329.0
63,58,6,4.0,383.5
63,59,0,4.0,578.0
63,59,1,1.0,412.0
63,59,2,3.0,971.3
63,59,3,1.0,1207.0
63,59,4,1.0,594.0
63,59,5,1.0,758.0
63,59,6,3.0,689.3
63,59,7,7.0,1040.1
63,59,8,6.0,759.0
63,59,9,6.0,756.7
63,59,10,3.0,636.0
63,59,11,5.0,868.8
63,59,12,7.0,746.3
63,59,13,4.0,857.8
63,59,14,5.0,775.8
63,59,15,7.0,1020.7
63,59,16,1.0,644.0
63,59,17,1.0,740.0
63,59,18,3.0,737.0
63,59,19,1.0,984.0
63,59,20,3.0,782.0
63,59,21,5.0,769.8
63,59,23,2.0,484.0
63,60,0,1.0,877.0
63,60,1,3.0,789.0
63,60,2,4.0,898.2
63,60,3,5.0,968.8
63,60,6,1.0,951.0
63,60,7,6.0,1621.3
63,60,8,8.0,1350.1
63,60,9,4.0,1239.0
63,60,10,2.0,1375.5
63,60,11,3.0,1027.7
63,60,12,4.0,998.2
63,60,13,3.0,1052.0
63,60,15,6.0,1256.3
63,60,16,1.0,833.0
63,60,17,5.0,1109.2
63,60,20,4.0,998.0
63,60,21,4.0,974.5
63,60,22,6.0,1052.0
63,60,23,1.0,1576.0
63,61,0,9.0,492.9
63,61,1,5.0,483.4
63,61,2,4.0,443.5
63,61,3,4.0,572.2
63,61,4,12.0,598.4
63,61,5,30.0,580.6
63,61,6,1.0,759.0
63,61,23,3.0,362.7
63,62,1,4.0,409.2
63,62,2,3.0,577.7
63,62,3,2.0,288.5
63,62,4,2.0,404.0
63,62,5,5.0,504.4
63,63,1,16.0,277.2
63,63,2,4.0,274.2
63,63,3,2.0,194.0
63,63,4,7.0,353.4
63,64,0,1.0,776.0
63,64,1,1.0,869.0
63,64,2,1.0,881.0
63,64,3,2.0,499.5
63,64,4,8.0,723.5
63,64,5,1.0,843.0
63,64,6,5.0,820.2
63,64,7,15.0,1166.5
63,64,8,2.0,1041.0
63,64,9,5.0,716.4
63,64,10,5.0,612.0
63,64,11,1.0,904.0
63,64,12,4.0,719.8
63,64,13,5.0,754.8
63,64,14,4.0,945.5
63,64,15,7.0,1201.0
63,64,16,7.0,960.9
63,64,17,3.0,969.3
63,64,18,4.0,1056.2
63,64,19,3.0,1080.7
63,64,20,4.0,929.8
63,64,21,6.0,1028.7
63,64,22,5.0,920.8
63,64,23,1.0,1043.0
63,65,0,5.0,358.0
63,65,1,8.0,514.8
63,65,2,1.0,547.0
63,65,3,3.0,576.0
63,65,4,1.0,511.0
63,65,5,3.0,586.7
63,65,6,1.0,472.0
63,65,23,6.0,535.0
63,66,0,22.0,389.7
63,66,1,19.0,418.2
63,66,2,12.0,389.6
63,66,3,3.0,468.3
63,66,4,4.0,406.0
63,66,5,9.0,395.6
63,66,6,6.0,392.2
63,66,7,22.0,384.9
63,66,8,46.0,467.3
63,66,9,23.0,488.6
63,66,10,14.0,483.4
63,66,11,11.0,478.5
63,66,12,18.0,483.1
63,66,13,19.0,361.7
63,66,14,30.0,590.3
63,66,15,38.0,757.5
63,66,16,35.0,557.3
63,66,17,27.0,675.2
63,66,18,39.0,596.9
63,66,19,36.0,584.2
63,66,20,35.0,429.1
63,66,21,42.0,477.5
63,66,22,37.0,404.1
63,66,23,21.0,415.6
63,67,0,2.0,525.0
63,67,1,4.0,477.0
63,67,2,5.0,565.0
63,67,3,1.0,296.0
63,67,5,1.0,519.0
63,67,6,2.0,456.0
63,67,9,1.0,700.0
63,67,10,2.0,456.5
63,67,13,1.0,683.0
63,67,21,3.0,274.0
63,67,22,5.0,468.4
63,67,23,3.0,379.0
63,68,1,1.0,1026.0
63,68,4,1.0,858.0
63,68,5,1.0,758.0
63,68,6,4.0,1154.5
63,68,7,1.0,1049.0
63,68,9,5.0,744.4
63,68,10,6.0,906.2
63,68,11,2.0,938.5
63,68,12,13.0,741.6
63,68,13,5.0,768.8
63,68,14,4.0,659.2
63,68,16,2.0,1040.5
63,68,18,3.0,976.3
63,68,20,2.0,785.0
63,68,21,2.0,1190.0
63,70,1,1.0,1197.0
63,70,2,3.0,828.0
63,70,3,2.0,983.5
63,70,4,1.0,559.0
63,70,5,1.0,608.0
63,71,0,1.0,806.0
63,71,2,4.0,1066.2
63,71,4,1.0,1292.0
63,73,3,1.0,841.0
63,73,7,3.0,1345.0
63,73,8,6.0,1402.5
63,73,11,1.0,985.0
63,73,12,2.0,1438.0
63,73,13,1.0,1424.0
63,73,15,4.0,2258.8
63,73,16,2.0,2439.0
63,73,17,6.0,1902.3
63,73,18,1.0,2478.0
63,73,20,1.0,1726.0
63,73,22,1.0,1783.0
63,75,14,1.0,1718.0
63,75,17,1.0,2353.0
63,75,19,1.0,1601.0
63,76,2,1.0,2250.0
63,76,3,7.0,2279.6
63,76,4,1.0,2126.0
63,76,5,3.0,3134.7
63,77,1,1.0,1799.0
63,77,2,1.0,1583.0
63,77,3,1.0,1930.0
63,77,5,1.0,2766.0
63,77,8,1.0,3249.0
63,77,20,1.0,1972.0
63,77,23,1.0,2064.0
64,4,17,1.0,3592.0
64,4,21,1.0,2493.0
64,7,1,1.0,1687.0
64,7,7,2.0,3584.0
64,7,8,2.0,3309.0
64,7,10,2.0,2933.0
64,7,11,1.0,1877.0
64,7,14,1.0,2048.0
64,7,17,3.0,2898.0
64,7,18,1.0,2543.0
64,7,19,2.0,2049.0
64,7,20,3.0,2046.3
64,7,21,1.0,2261.0
64,7,22,1.0,3352.0
64,7,23,2.0,1999.0
64,8,1,1.0,1193.0
64,8,2,1.0,1240.0
64,8,3,1.0,1324.0
64,8,4,1.0,1589.0
64,8,5,12.0,2188.6
64,10,3,1.0,1849.0
64,19,10,1.0,2409.0
64,19,11,1.0,2543.0
64,19,12,1.0,2149.0
64,19,14,1.0,3234.0
64,19,16,1.0,3907.0
64,19,18,2.0,3400.5
64,19,19,1.0,2392.0
64,20,7,1.0,3589.0
64,20,17,3.0,2799.7
64,20,18,1.0,2671.0
64,20,21,1.0,2111.0
64,21,0,2.0,2533.0
64,21,13,1.0,2400.0
64,21,19,1.0,2335.0
64,21,21,1.0,1498.0
64,21,22,1.0,2388.0
64,21,23,1.0,1294.0
64,23,5,1.0,1857.0
64,24,1,1.0,1971.0
64,25,0,1.0,1497.0
64,25,2,1.0,916.0
64,25,5,1.0,1247.0
64,25,6,4.0,1809.5
64,25,7,3.0,1999.7
64,25,8,1.0,1965.0
64,25,10,4.0,2513.0
64,25,11,2.0,2032.0
64,25,12,2.0,1964.0
64,25,15,1.0,3118.0
64,25,19,1.0,2628.0
64,25,21,2.0,1682.0
64,25,22,1.0,1400.0
64,25,23,2.0,1553.5
64,26,1,1.0,1124.0
64,26,15,1.0,2139.0
64,28,1,3.0,1295.3
64,29,1,1.0,1061.0
64,29,3,1.0,1035.0
64,29,4,1.0,1482.0
64,29,5,1.0,1447.0
64,29,6,6.0,1474.5
64,29,7,3.0,1856.3
64,29,8,2.0,1872.5
64,29,9,3.0,1395.3
64,29,10,4.0,1543.8
64,29,11,1.0,1562.0
64,29,12,1.0,1791.0
64,29,13,1.0,1444.0
64,29,14,2.0,1628.5
64,29,22,1.0,1416.0
64,30,0,1.0,934.0
64,30,2,1.0,841.0
64,30,6,1.0,1636.0
64,30,7,4.0,2419.8
64,30,8,11.0,1917.2
64,30,9,3.0,1461.7
64,30,10,2.0,1451.5
64,30,11,2.0,1438.5
64,30,13,2.0,1789.0
64,30,14,3.0,1172.3
64,30,15,3.0,1540.7
64,30,16,4.0,1415.5
64,30,17,3.0,1386.3
64,30,18,3.0,1734.7
64,30,19,3.0,1260.0
64,30,20,10.0,1139.3
64,30,21,1.0,989.0
64,30,22,5.0,1125.2
64,30,23,3.0,1117.7
64,31,1,2.0,804.5
64,32,1,1.0,1278.0
64,32,3,4.0,1366.8
64,32,4,1.0,1213.0
64,32,5,8.0,1492.5
64,32,6,1.0,2912.0
64,32,7,19.0,3144.2
64,32,8,6.0,2789.8
64,32,9,8.0,1994.6
64,32,10,6.0,2134.5
64,32,11,6.0,1763.5
64,32,12,1.0,1472.0
64,32,13,2.0,1953.5
64,32,14,1.0,1711.0
64,32,15,4.0,1973.5
64,32,16,1.0,1848.0
64,32,17,4.0,2269.0
64,32,19,1.0,1559.0
64,32,21,2.0,1470.5
64,32,22,1.0,1406.0
64,33,1,1.0,1933.0
64,33,3,1.0,1585.0
64,33,4,1.0,922.0
64,37,1,1.0,1620.0
64,37,2,2.0,1094.5
64,37,9,2.0,1488.0
64,37,20,1.0,1371.0
64,38,6,2.0,1649.5
64,38,15,1.0,2158.0
64,38,19,1.0,1216.0
64,38,21,2.0,1420.5
64,38,23,1.0,1540.0
64,40,11,1.0,2288.0
64,40,12,1.0,1879.0
64,40,13,1.0,2042.0
64,43,1,1.0,1776.0
64,43,9,2.0,2088.0
64,43,14,1.0,2659.0
64,43,21,1.0,1586.0
64,44,16,1.0,3294.0
64,44,17,1.0,2868.0
64,44,20,1.0,2102.0
64,45,1,1.0,1601.0
64,50,8,1.0,2943.0
64,50,9,3.0,2171.7
64,50,15,1.0,3064.0
64,50,18,1.0,2494.0
64,51,8,1.0,3113.0
64,52,10,1.0,2104.0
64,52,19,1.0,2697.0
64,53,9,6.0,2691.5
64,53,10,2.0,2954.5
64,54,10,1.0,2135.0
64,56,0,5.0,515.2
64,56,1,4.0,316.2
64,56,2,2.0,431.0
64,56,3,7.0,565.7
64,56,4,21.0,403.6
64,56,5,25.0,482.7
64,56,6,19.0,541.1
64,56,7,32.0,598.7
64,56,8,22.0,522.8
64,56,9,36.0,486.3
64,56,10,38.0,419.1
64,56,11,31.0,505.5
64,56,12,24.0,429.3
64,56,13,29.0,493.2
64,56,14,31.0,519.2
64,56,15,35.0,535.6
64,56,16,29.0,505.9
64,56,17,25.0,573.7
64,56,18,26.0,541.8
64,56,19,24.0,470.8
64,56,20,23.0,447.7
64,56,21,15.0,551.4
64,56,22,6.0,787.8
64,56,23,6.0,437.2
64,57,0,4.0,643.8
64,57,5,4.0,1039.5
64,57,6,2.0,650.5
64,57,7,7.0,1031.9
64,57,8,16.0,957.7
64,57,9,3.0,532.7
64,57,10,9.0,773.7
64,57,11,4.0,759.8
64,57,12,4.0,842.5
64,57,13,2.0,772.5
64,57,14,2.0,854.5
64,57,15,3.0,1135.7
64,57,16,8.0,615.8
64,57,17,3.0,719.3
64,57,18,7.0,725.4
64,57,19,2.0,983.0
64,57,20,3.0,807.3
64,57,21,1.0,937.0
64,57,23,3.0,348.7
64,58,0,1.0,927.0
64,58,1,1.0,733.0
64,58,3,1.0,851.0
64,58,4,1.0,1005.0
64,58,5,8.0,1204.5
64,59,4,2.0,874.0
64,59,5,1.0,1155.0
64,59,6,1.0,1032.0
64,59,9,1.0,1124.0
64,59,10,1.0,1634.0
64,59,11,1.0,1219.0
64,59,13,1.0,1791.0
64,59,14,2.0,1218.0
64,59,15,2.0,1674.5
64,59,18,1.0,966.0
64,59,21,2.0,806.5
64,59,22,1.0,950.0
64,59,23,2.0,1059.0
64,60,1,1.0,1234.0
64,60,3,8.0,1233.9
64,60,4,3.0,1279.3
64,61,0,3.0,1142.7
64,61,6,2.0,1283.0
64,61,7,8.0,1932.4
64,61,8,3.0,1532.3
64,61,9,2.0,1374.0
64,61,10,1.0,1250.0
64,61,11,1.0,1355.0
64,61,12,1.0,1563.0
64,61,13,1.0,1768.0
64,61,14,4.0,1748.5
64,61,15,2.0,2236.0
64,61,16,4.0,2066.8
64,61,18,3.0,1636.7
64,61,19,2.0,1776.0
64,61,20,1.0,1404.0
64,61,21,4.0,1372.2
64,61,22,1.0,1255.0
64,61,23,1.0,1732.0
64,62,0,1.0,396.0
64,62,1,4.0,792.8
64,62,2,3.0,547.3
64,62,5,1.0,422.0
64,62,6,2.0,656.5
64,62,7,8.0,976.1
64,62,8,5.0,978.4
64,62,9,5.0,552.8
64,62,10,3.0,411.3
64,62,11,2.0,863.5
64,62,12,2.0,909.0
64,62,13,2.0,679.5
64,62,14,9.0,791.7
64,62,15,2.0,644.0
64,62,16,9.0,770.2
64,62,17,5.0,769.2
64,62,18,10.0,902.6
64,62,19,3.0,761.3
64,62,20,1.0,446.0
64,62,21,5.0,764.8
64,62,22,2.0,402.0
64,62,23,1.0,575.0
64,63,0,11.0,879.3
64,63,1,2.0,635.0
64,63,2,5.0,898.0
64,63,4,1.0,634.0
64,63,5,1.0,1001.0
64,63,7,7.0,1229.1
64,63,9,9.0,1046.7
64,63,10,2.0,899.0
64,63,11,1.0,541.0
64,63,12,3.0,1294.7
64,63,13,3.0,1360.3
64,63,14,8.0,1121.8
64,63,15,5.0,1272.2
64,63,16,6.0,1373.8
64,63,17,2.0,1174.0
64,63,18,5.0,1310.4
64,63,19,1.0,937.0
64,63,20,2.0,1348.5
64,63,21,1.0,692.0
64,63,22,6.0,797.8
64,63,23,2.0,842.5
64,64,0,11.0,334.5
64,64,1,7.0,409.6
64,64,2,4.0,352.8
64,64,3,3.0,509.0
64,64,4,8.0,421.2
64,64,5,11.0,567.2
64,64,6,15.0,478.7
64,64,7,89.0,594.8
64,64,8,66.0,512.6
64,64,9,27.0,346.1
64,64,10,35.0,420.4
64,64,11,15.0,308.3
64,64,12,17.0,398.4
64,64,13,19.0,474.7
64,64,14,18.0,392.3
64,64,15,38.0,449.3
64,64,16,26.0,520.3
64,64,17,20.0,632.5
64,64,18,18.0,416.2
64,64,19,17.0,449.2
64,64,20,10.0,474.3
64,64,21,14.0,319.9
64,64,22,15.0,399.9
64,64,23,23.0,371.2
64,65,0,5.0,414.4
64,65,1,14.0,493.3
64,65,2,7.0,581.7
64,65,3,5.0,515.4
64,65,4,3.0,624.0
64,65,5,3.0,715.7
64,65,6,5.0,557.2
64,65,7,18.0,783.4
64,65,8,10.0,727.1
64,65,9,11.0,683.0
64,65,10,11.0,429.9
64,65,11,8.0,614.0
64,65,12,9.0,560.8
64,65,13,11.0,582.5
64,65,14,8.0,682.0
64,65,15,9.0,756.9
64,65,16,18.0,797.4
64,65,17,12.0,732.4
64,65,18,15.0,702.7
64,65,19,10.0,758.0
64,65,20,12.0,721.1
64,65,21,6.0,490.8
64,65,22,11.0,484.3
64,65,23,20.0,386.9
64,66,0,5.0,801.6
64,66,1,1.0,422.0
64,66,2,1.0,723.0
64,66,3,5.0,952.0
64,66,4,2.0,572.5
64,66,5,1.0,717.0
64,68,0,2.0,1083.5
64,68,2,1.0,982.0
64,69,4,1.0,2104.0
64,69,14,1.0,2200.0
64,69,15,1.0,2486.0
64,69,19,1.0,1586.0
64,70,0,7.0,619.0
64,70,1,1.0,675.0
64,70,6,2.0,715.0
64,70,7,1.0,1258.0
64,70,8,4.0,893.5
64,70,9,7.0,999.9
64,70,10,6.0,1016.0
64,70,11,3.0,1074.7
64,70,12,1.0,872.0
64,70,13,5.0,933.2
64,70,14,3.0,1062.3
64,70,15,4.0,1084.5
64,70,16,7.0,1022.9
64,70,17,3.0,1113.0
64,70,18,3.0,1068.7
64,70,19,2.0,923.5
64,70,20,5.0,813.6
64,70,21,10.0,722.2
64,70,22,7.0,652.6
64,70,23,10.0,674.9
64,71,1,1.0,946.0
64,71,2,1.0,945.0
64,71,7,1.0,1706.0
64,71,8,1.0,2798.0
64,71,11,1.0,1123.0
64,71,14,1.0,1499.0
64,71,15,1.0,2080.0
64,71,16,1.0,2104.0
64,71,17,2.0,1869.5
64,71,18,1.0,1869.0
64,71,19,1.0,1832.0
64,71,22,1.0,1625.0
64,72,1,1.0,1332.0
64,73,7,1.0,1711.0
64,73,22,1.0,2007.0
64,74,7,1.0,2096.0
64,74,10,1.0,1421.0
64,74,11,2.0,1445.5
64,74,22,2.0,1348.0
64,75,4,1.0,1394.0
64,75,5,1.0,1536.0
64,75,16,2.0,2124.5
64,75,19,1.0,1875.0
64,76,1,1.0,2285.0
64,76,3,3.0,2191.3
64,76,4,3.0,2294.0
65,1,1,1.0,4148.0
65,1,19,2.0,2815.5
65,1,21,2.0,2560.5
65,3,0,2.0,2977.0
65,4,11,1.0,2651.0
65,6,1,1.0,2099.0
65,6,2,1.0,1606.0
65,6,5,2.0,1833.5
65,6,6,2.0,3590.5
65,6,7,1.0,3246.0
65,6,8,1.0,2253.0
65,6,10,5.0,2729.0
65,6,11,3.0,2509.7
65,6,12,2.0,2817.0
65,6,13,2.0,2935.0
65,6,14,3.0,2637.7
65,6,17,1.0,3476.0
65,6,18,2.0,2597.5
65,6,19,1.0,3792.0
65,6,20,1.0,2300.0
65,6,21,2.0,1843.0
65,6,22,5.0,1908.4
65,7,4,6.0,1887.0
65,7,5,3.0,2725.7
65,7,6,1.0,2619.0
65,7,7,3.0,3153.0
65,7,8,2.0,2731.0
65,7,10,6.0,2768.3
65,7,11,2.0,2163.5
65,7,12,4.0,2388.0
65,7,13,2.0,2440.5
65,7,14,4.0,2104.0
65,7,15,3.0,2390.3
65,7,21,2.0,1875.5
65,7,22,1.0,1720.0
65,8,0,2.0,1369.0
65,8,4,8.0,1787.9
65,8,5,4.0,2168.0
65,8,6,5.0,2255.8
65,8,23,1.0,1606.0
65,14,10,2.0,2672.5
65,14,12,1.0,2029.0
65,14,17,1.0,4395.0
65,17,1,1.0,2467.0
65,17,11,1.0,3673.0
65,17,13,1.0,2706.0
65,17,21,1.0,2687.0
65,19,10,2.0,2518.0
65,19,11,2.0,2469.5
65,19,15,3.0,3592.3
65,19,16,2.0,3668.5
65,19,17,1.0,3256.0
65,19,18,2.0,2949.5
65,19,19,5.0,2745.6
65,19,21,1.0,2245.0
65,19,23,1.0,2195.0
65,20,3,1.0,1810.0
65,21,5,1.0,2336.0
65,22,1,1.0,2077.0
65,22,6,3.0,2524.7
65,22,7,1.0,2881.0
65,22,10,2.0,2807.0
65,22,11,1.0,2331.0
65,22,12,3.0,2714.3
65,22,14,4.0,2569.0
65,22,15,2.0,2677.5
65,22,16,3.0,3250.0
65,22,17,1.0,3632.0
65,22,22,1.0,1769.0
65,22,23,2.0,2144.5
65,23,1,1.0,1637.0
65,23,6,1.0,2647.0
65,23,9,2.0,1879.5
65,23,16,1.0,3087.0
65,23,17,2.0,3043.5
65,23,18,1.0,2080.0
65,23,19,1.0,2336.0
65,23,20,2.0,1924.5
65,23,21,2.0,2229.5
65,23,22,1.0,2291.0
65,23,23,1.0,1980.0
65,24,0,1.0,1429.0
65,24,2,1.0,2123.0
65,24,3,1.0,1319.0
65,24,4,1.0,1409.0
65,24,6,2.0,2714.5
65,24,7,9.0,3703.3
65,24,8,11.0,3100.3
65,24,9,6.0,2303.3
65,24,10,4.0,2508.8
65,24,11,6.0,2281.0
65,24,12,1.0,1657.0
65,24,13,3.0,2180.3
65,24,14,3.0,2139.3
65,24,15,2.0,2842.5
65,24,16,6.0,2704.2
65,24,17,2.0,2503.0
65,24,18,4.0,2959.5
65,24,19,3.0,1949.0
65,24,23,1.0,1626.0
65,26,11,1.0,2237.0
65,26,12,1.0,1387.0
65,26,21,1.0,1362.0
65,26,22,1.0,1513.0
65,27,6,5.0,1854.0
65,27,7,7.0,2728.0
65,27,10,1.0,1857.0
65,27,12,1.0,2586.0
65,27,19,1.0,1973.0
65,27,20,2.0,1985.5
65,27,21,2.0,2368.0
65,27,22,1.0,2693.0
65,28,0,1.0,1279.0
65,28,3,3.0,1580.0
65,28,4,9.0,1754.0
65,28,5,6.0,2086.0
65,29,2,2.0,1436.5
65,29,4,8.0,1328.0
65,29,5,2.0,1452.5
65,30,0,5.0,1233.0
65,30,1,3.0,986.0
65,30,2,1.0,677.0
65,30,3,1.0,716.0
65,30,4,2.0,726.0
65,30,5,3.0,1128.7
65,30,6,10.0,1503.9
65,30,7,14.0,1849.3
65,30,8,12.0,1483.5
65,30,9,7.0,1209.3
65,30,10,10.0,1302.5
65,30,11,9.0,1423.3
65,30,12,10.0,1354.1
65,30,13,10.0,1594.3
65,30,14,11.0,1413.5
65,30,15,18.0,1569.3
65,30,16,6.0,1373.7
65,30,17,8.0,1467.6
65,30,18,7.0,1475.7
65,30,19,5.0,1426.8
65,30,20,11.0,1467.9
65,30,21,4.0,1390.2
65,30,22,10.0,1131.0
65,30,23,5.0,1153.6
65,31,3,2.0,882.0
65,31,4,4.0,988.8
65,31,5,3.0,1448.0
65,32,1,1.0,1194.0
65,32,3,1.0,1128.0
65,32,5,13.0,1913.7
65,32,6,27.0,2421.6
65,32,7,16.0,2836.5
65,32,8,3.0,2045.7
65,32,9,15.0,2469.7
65,32,10,13.0,1965.2
65,32,11,11.0,1836.6
65,32,12,3.0,1945.3
65,32,13,7.0,1898.0
65,32,14,6.0,2389.3
65,32,15,1.0,1641.0
65,32,17,1.0,1787.0
65,32,18,1.0,1444.0
65,32,20,2.0,1845.5
65,32,21,5.0,1777.0
65,32,22,1.0,1259.0
65,33,5,1.0,2111.0
65,35,9,1.0,1957.0
65,35,10,1.0,1290.0
65,35,11,1.0,1288.0
65,35,13,2.0,1677.5
65,35,14,1.0,1547.0
65,35,15,1.0,1759.0
65,35,23,1.0,1648.0
65,36,20,1.0,2928.0
65,39,12,1.0,2061.0
65,39,13,1.0,1809.0
65,39,19,2.0,1764.5
65,39,21,2.0,1819.0
65,41,5,8.0,1461.9
65,41,6,8.0,1496.1
65,41,10,3.0,2543.3
65,41,11,1.0,1799.0
65,41,12,2.0,1955.0
65,41,13,1.0,1454.0
65,41,14,1.0,2374.0
65,41,16,1.0,2191.0
65,41,17,2.0,2130.5
65,41,18,2.0,1549.5
65,41,19,2.0,2019.0
65,41,20,3.0,1572.3
65,41,21,6.0,1815.8
65,41,23,2.0,1652.0
65,42,1,1.0,1714.0
65,42,2,2.0,1584.5
65,42,3,1.0,1460.0
65,42,6,5.0,1897.8
65,42,14,2.0,1827.5
65,42,21,2.0,1802.5
65,42,23,1.0,1941.0
65,43,1,2.0,1895.0
65,43,6,2.0,1596.0
65,43,7,7.0,2581.6
65,43,8,4.0,2205.5
65,43,9,5.0,1698.4
65,43,10,4.0,1821.0
65,43,12,3.0,2200.7
65,43,13,3.0,1989.0
65,43,15,3.0,3034.3
65,43,16,2.0,2237.0
65,43,18,2.0,2260.0
65,43,19,6.0,1948.3
65,43,20,2.0,2203.0
65,43,21,5.0,2098.6
65,43,23,10.0,1923.2
65,44,8,1.0,2157.0
65,44,9,2.0,2011.0
65,44,11,1.0,2168.0
65,44,12,2.0,1900.5
65,44,13,1.0,1585.0
65,44,14,1.0,1622.0
65,44,15,1.0,2636.0
65,44,16,3.0,1993.0
65,44,17,7.0,1901.4
65,44,18,1.0,2316.0
65,44,19,2.0,1555.0
65,44,20,4.0,1841.2
65,44,21,3.0,1478.3
65,44,22,9.0,1445.4
65,46,2,1.0,2017.0
65,46,11,1.0,1819.0
65,46,14,1.0,2154.0
65,46,15,1.0,2358.0
65,46,18,1.0,1936.0
65,46,22,1.0,3017.0
65,46,23,1.0,2378.0
65,48,11,1.0,2120.0
65,49,0,1.0,1845.0
65,49,1,1.0,1624.0
65,49,7,1.0,1591.0
65,49,10,1.0,1479.0
65,49,12,1.0,1379.0
65,49,14,2.0,1883.5
65,49,17,2.0,1791.5
65,49,19,2.0,1714.0
65,49,20,2.0,1707.5
65,49,22,2.0,1631.0
65,49,23,2.0,1481.5
65,51,2,1.0,1474.0
65,51,17,1.0,2478.0
65,51,21,2.0,1687.5
65,52,12,1.0,2651.0
65,52,16,1.0,2224.0
65,52,17,2.0,2782.0
65,52,18,1.0,2794.0
65,52,19,1.0,2323.0
65,52,22,1.0,1963.0
65,52,23,1.0,2026.0
65,53,0,1.0,1460.0
65,53,8,1.0,3055.0
65,53,13,1.0,2122.0
65,53,18,3.0,2059.3
65,53,19,1.0,2385.0
65,53,21,1.0,1660.0
65,53,22,2.0,2047.0
65,53,23,3.0,1995.3
65,56,0,3.0,571.0
65,56,1,2.0,782.5
65,56,2,2.0,777.5
65,56,3,11.0,433.6
65,56,4,15.0,451.2
65,56,5,16.0,391.9
65,56,6,17.0,535.8
65,56,7,67.0,493.0
65,56,8,63.0,489.6
65,56,9,18.0,536.7
65,56,10,22.0,561.3
65,56,11,15.0,512.0
65,56,12,9.0,742.8
65,56,13,20.0,627.8
65,56,14,25.0,698.0
65,56,15,36.0,715.5
65,56,16,31.0,717.7
65,56,17,19.0,726.2
65,56,18,22.0,746.6
65,56,19,18.0,801.5
65,56,20,14.0,683.6
65,56,21,6.0,716.2
65,56,22,12.0,582.2
65,56,23,6.0,644.5
65,57,0,7.0,610.1
65,57,1,6.0,549.7
65,57,2,3.0,455.0
65,57,3,4.0,466.0
65,57,4,11.0,513.6
65,57,5,31.0,620.0
65,57,6,38.0,587.4
65,57,7,14.0,727.8
65,57,8,6.0,497.2
65,57,9,21.0,517.2
65,57,10,25.0,585.8
65,57,11,25.0,600.2
65,57,12,22.0,806.0
65,57,13,22.0,679.0
65,57,14,12.0,660.3
65,57,15,10.0,766.0
65,57,17,2.0,697.5
65,57,18,3.0,672.3
65,57,19,5.0,767.8
65,57,20,8.0,608.8
65,57,21,7.0,634.1
65,57,22,1.0,401.0
65,57,23,4.0,669.8
65,58,0,2.0,635.5
65,58,1,4.0,854.2
65,58,2,1.0,699.0
65,58,3,2.0,982.0
65,58,4,2.0,644.0
65,58,6,1.0,965.0
65,58,7,18.0,1253.3
65,58,8,12.0,929.2
65,58,9,6.0,886.3
65,58,10,9.0,983.3
65,58,11,13.0,910.8
65,58,12,15.0,895.8
65,58,13,8.0,1081.5
65,58,14,9.0,1358.7
65,58,15,12.0,1353.8
65,58,16,22.0,1011.0
65,58,17,7.0,1046.3
65,58,18,18.0,1107.7
65,58,19,13.0,880.1
65,58,20,9.0,1036.1
65,58,21,11.0,982.8
65,58,22,11.0,828.5
65,58,23,8.0,829.8
65,59,2,1.0,780.0
65,59,6,1.0,1528.0
65,59,7,2.0,1727.5
65,59,9,3.0,1418.7
65,59,10,1.0,1510.0
65,59,12,3.0,1183.3
65,59,13,4.0,1360.2
65,59,15,3.0,1607.0
65,59,16,3.0,1481.0
65,59,17,4.0,1462.0
65,59,18,3.0,1214.7
65,59,19,1.0,1273.0
65,59,20,1.0,1294.0
65,59,21,2.0,1299.0
65,59,23,2.0,1136.0
65,60,0,1.0,1070.0
65,60,1,3.0,1079.7
65,60,4,6.0,1180.0
65,60,5,4.0,1507.8
65,60,6,2.0,1444.0
65,60,8,5.0,1861.6
65,60,9,2.0,1789.5
65,60,10,9.0,1269.4
65,60,11,3.0,1400.0
65,60,12,2.0,1799.0
65,60,13,5.0,1547.0
65,60,14,3.0,1877.0
65,60,15,3.0,2030.0
65,60,16,5.0,1622.6
65,60,17,2.0,1493.5
65,60,18,5.0,1638.8
65,60,19,3.0,1514.7
65,60,20,1.0,1675.0
65,60,21,1.0,1864.0
65,60,22,6.0,1314.3
65,60,23,2.0,1194.5
65,61,0,4.0,1173.2
65,61,3,3.0,1009.7
65,61,4,4.0,1154.2
65,61,5,10.0,952.8
65,61,6,14.0,1227.0
65,61,7,19.0,1412.4
65,61,8,11.0,1437.5
65,61,9,8.0,1217.5
65,61,10,8.0,1221.0
65,61,11,7.0,1060.4
65,61,12,8.0,1160.9
65,61,13,5.0,1154.0
65,61,14,1.0,1209.0
65,61,15,9.0,1649.3
65,61,16,16.0,1309.6
65,61,17,8.0,1419.0
65,61,18,9.0,1205.4
65,61,19,14.0,1231.1
65,61,20,4.0,1183.2
65,61,21,12.0,1140.1
65,61,22,5.0,1079.2
65,61,23,2.0,1694.0
65,62,0,10.0,368.3
65,62,1,5.0,341.0
65,62,2,3.0,236.3
65,62,4,3.0,343.0
65,62,5,5.0,417.0
65,62,6,10.0,410.4
65,62,7,22.0,391.9
65,62,8,44.0,457.1
65,62,9,19.0,401.6
65,62,10,14.0,420.5
65,62,11,9.0,510.6
65,62,12,19.0,452.7
65,62,13,22.0,418.8
65,62,14,17.0,525.6
65,62,15,15.0,597.5
65,62,16,16.0,448.2
65,62,17,16.0,581.4
65,62,18,21.0,498.7
65,62,19,11.0,630.4
65,62,20,8.0,619.2
65,62,21,8.0,383.8
65,62,22,4.0,243.0
65,62,23,13.0,431.9
65,63,0,9.0,585.1
65,63,1,3.0,562.7
65,63,2,1.0,253.0
65,63,3,1.0,572.0
65,63,4,7.0,512.3
65,63,5,5.0,663.6
65,63,6,14.0,540.1
65,63,7,21.0,985.5
65,63,8,10.0,679.3
65,63,9,3.0,481.7
65,63,10,11.0,754.5
65,63,11,17.0,618.7
65,63,12,14.0,665.1
65,63,13,15.0,708.4
65,63,14,23.0,632.4
65,63,15,17.0,826.2
65,63,16,14.0,753.6
65,63,17,17.0,880.1
65,63,18,18.0,850.1
65,63,19,11.0,668.6
65,63,20,14.0,657.0
65,63,21,16.0,623.1
65,63,22,15.0,518.5
65,63,23,8.0,634.2
65,64,0,5.0,440.2
65,64,1,6.0,284.5
65,64,2,5.0,317.6
65,64,3,13.0,361.4
65,64,4,2.0,360.0
65,64,5,7.0,352.1
65,64,6,34.0,464.0
65,64,7,52.0,413.8
65,64,8,47.0,477.7
65,64,9,23.0,422.2
65,64,10,23.0,494.7
65,64,11,21.0,500.1
65,64,12,13.0,463.5
65,64,13,18.0,585.8
65,64,14,23.0,575.1
65,64,15,14.0,666.6
65,64,16,24.0,486.5
65,64,17,10.0,637.8
65,64,18,9.0,779.4
65,64,19,11.0,673.8
65,64,20,25.0,500.4
65,64,21,8.0,841.9
65,64,22,7.0,464.0
65,64,23,15.0,605.5
65,65,0,11.0,240.7
65,65,1,8.0,254.4
65,65,2,4.0,209.2
65,65,3,6.0,493.2
65,65,4,5.0,294.6
65,65,5,11.0,313.6
65,65,6,18.0,415.4
65,65,7,6.0,350.8
65,65,11,10.0,849.0
65,65,12,3.0,435.3
65,65,20,8.0,441.1
65,65,21,5.0,936.2
65,65,22,9.0,302.4
65,65,23,9.0,292.2
65,66,0,11.0,439.5
65,66,1,7.0,453.7
65,66,2,6.0,464.0
65,66,3,7.0,443.6
65,66,4,2.0,473.5
65,66,5,6.0,547.2
65,66,6,8.0,608.2
65,66,7,8.0,475.0
65,66,9,9.0,423.7
65,66,10,26.0,558.2
65,66,11,23.0,513.4
65,66,12,20.0,600.5
65,66,13,28.0,566.5
65,66,14,31.0,627.8
65,66,15,15.0,910.3
65,66,16,8.0,674.2
65,66,17,5.0,856.0
65,66,18,12.0,588.8
65,66,19,14.0,629.6
65,66,20,22.0,697.0
65,66,21,19.0,661.8
65,66,22,21.0,483.3
65,66,23,21.0,547.1
65,67,3,1.0,601.0
65,68,0,1.0,966.0
65,68,3,2.0,698.0
65,68,6,2.0,920.0
65,68,7,1.0,1309.0
65,68,8,2.0,1164.0
65,68,10,2.0,1166.5
65,68,11,3.0,1081.7
65,68,12,5.0,1353.6
65,68,13,4.0,1263.5
65,68,14,2.0,1363.0
65,68,15,3.0,1745.7
65,68,16,3.0,1602.0
65,68,17,1.0,985.0
65,68,18,1.0,1024.0
65,68,20,3.0,1670.0
65,68,21,4.0,1057.8
65,68,22,1.0,1271.0
65,68,23,2.0,954.5
65,69,0,2.0,1331.5
65,69,2,2.0,1501.5
65,69,5,1.0,1208.0
65,69,6,3.0,1164.7
65,69,7,14.0,1294.5
65,69,8,1.0,1499.0
65,69,9,1.0,1614.0
65,69,10,1.0,1238.0
65,69,12,1.0,1352.0
65,69,13,3.0,1267.0
65,69,16,4.0,1724.0
65,69,17,3.0,1559.7
65,69,18,3.0,1681.7
65,69,19,2.0,1684.5
65,69,20,1.0,1805.0
65,69,22,1.0,1698.0
65,69,23,5.0,1423.6
65,70,0,3.0,523.7
65,70,1,3.0,505.3
65,70,2,2.0,335.5
65,70,3,2.0,781.0
65,70,4,2.0,398.0
65,70,5,2.0,659.5
65,70,6,5.0,772.2
65,70,7,11.0,654.9
65,70,8,4.0,456.2
65,70,9,19.0,443.1
65,70,10,9.0,519.3
65,70,11,15.0,500.2
65,70,12,14.0,563.0
65,70,13,17.0,619.6
65,70,14,17.0,661.2
65,70,15,18.0,829.2
65,70,16,18.0,718.8
65,70,17,14.0,847.4
65,70,18,15.0,661.4
65,70,19,14.0,667.2
65,70,20,16.0,648.3
65,70,21,24.0,553.7
65,70,22,22.0,719.8
65,70,23,11.0,477.5
65,71,1,2.0,922.0
65,71,2,2.0,719.5
65,73,0,1.0,1587.0
65,73,9,1.0,1026.0
65,73,10,3.0,1620.3
65,73,11,2.0,1468.5
65,73,12,7.0,1570.1
65,73,13,3.0,994.7
65,73,14,2.0,1237.5
65,73,15,2.0,1330.5
65,73,17,2.0,1584.0
65,73,18,2.0,1534.0
65,73,20,1.0,1502.0
65,73,22,2.0,1395.5
65,74,1,1.0,1086.0
65,76,2,2.0,2783.0
65,76,3,3.0,2543.0
65,76,4,4.0,2516.0
65,77,13,1.0,3281.0
65,77,15,1.0,3639.0
65,77,21,2.0,3441.5
65,77,22,1.0,2100.0
66,1,2,1.0,2401.0
66,2,0,1.0,2457.0
66,2,9,2.0,2726.0
66,2,11,2.0,3186.0
66,2,14,1.0,2898.0
66,3,2,2.0,2211.5
66,3,5,3.0,1851.0
66,3,6,2.0,2697.0
66,3,7,1.0,2605.0
66,3,8,2.0,3170.0
66,3,10,2.0,2545.5
66,3,11,2.0,2199.5
66,3,12,1.0,2242.0
66,3,13,2.0,2275.0
66,3,16,1.0,3462.0
66,3,17,3.0,3521.3
66,3,18,1.0,3782.0
66,3,19,1.0,2866.0
66,3,20,1.0,2153.0
66,3,21,2.0,3339.5
66,3,22,1.0,1907.0
66,4,5,1.0,3137.0
66,4,20,1.0,2679.0
66,5,0,1.0,1837.0
66,5,6,2.0,2503.0
66,5,8,1.0,4009.0
66,5,9,2.0,3089.5
66,5,10,7.0,2903.1
66,5,12,2.0,3077.5
66,5,15,1.0,2654.0
66,5,16,1.0,4118.0
66,6,0,1.0,2307.0
66,6,1,1.0,1825.0
66,6,5,2.0,2352.5
66,7,3,6.0,1732.2
66,8,1,1.0,1549.0
66,8,3,7.0,1645.1
66,8,4,2.0,1220.5
66,8,5,23.0,1924.0
66,12,11,1.0,3605.0
66,13,13,2.0,3849.0
66,13,16,1.0,3399.0
66,13,17,1.0,5275.0
66,15,1,1.0,2208.0
66,15,5,1.0,2266.0
66,16,1,1.0,2154.0
66,16,4,8.0,1596.4
66,16,5,1.0,2061.0
66,18,21,1.0,2520.0
66,19,0,2.0,2352.0
66,19,2,1.0,3214.0
66,19,6,2.0,3086.5
66,19,7,7.0,4094.3
66,19,9,1.0,2478.0
66,19,13,1.0,2978.0
66,19,14,1.0,3713.0
66,19,15,2.0,3663.5
66,19,16,3.0,4244.0
66,19,17,3.0,3283.7
66,19,18,1.0,4233.0
66,19,23,2.0,2344.5
66,20,3,1.0,1887.0
66,20,4,4.0,2445.0
66,21,4,1.0,1682.0
66,21,7,2.0,3862.0
66,21,14,1.0,2276.0
66,21,15,1.0,3156.0
66,21,16,2.0,3699.5
66,21,20,1.0,2994.0
66,21,22,2.0,2136.0
66,22,0,1.0,2103.0
66,22,1,1.0,1452.0
66,22,3,1.0,1489.0
66,22,4,6.0,1663.0
66,22,5,2.0,2496.5
66,22,6,4.0,2751.2
66,22,7,1.0,3670.0
66,22,8,7.0,2522.7
66,22,9,10.0,2398.6
66,22,10,2.0,2057.0
66,22,11,2.0,2372.0
66,22,13,2.0,2614.0
66,22,14,2.0,2520.5
66,22,18,2.0,2687.5
66,22,19,2.0,2996.5
66,22,20,1.0,1622.0
66,22,21,1.0,2037.0
66,22,22,3.0,1854.7
66,22,23,1.0,2482.0
66,23,1,1.0,1666.0
66,23,4,1.0,1852.0
66,23,6,2.0,2334.0
66,23,7,1.0,3246.0
66,23,8,4.0,2773.5
66,23,9,6.0,2198.2
66,23,10,1.0,1991.0
66,23,11,3.0,2098.0
66,23,12,1.0,2443.0
66,23,14,1.0,3014.0
66,23,15,2.0,3557.0
66,23,16,2.0,2441.5
66,23,17,4.0,2365.8
66,23,19,1.0,2033.0
66,23,23,2.0,1654.5
66,24,0,1.0,1855.0
66,24,1,1.0,1979.0
66,24,2,1.0,1371.0
66,24,6,5.0,2861.2
66,24,7,8.0,2668.8
66,24,8,7.0,2502.1
66,24,9,6.0,1942.2
66,24,10,4.0,2159.8
66,24,11,9.0,2303.3
66,24,12,6.0,1849.3
66,24,13,6.0,2314.5
66,24,14,1.0,2682.0
66,24,15,8.0,2556.4
66,24,16,10.0,2753.3
66,24,18,3.0,2649.7
66,24,19,1.0,2126.0
66,24,20,3.0,2312.0
66,24,21,3.0,2227.0
66,24,22,2.0,1744.5
66,24,23,4.0,1705.5
66,25,0,3.0,1980.3
66,25,1,6.0,1761.7
66,25,2,5.0,1503.4
66,25,3,2.0,1984.0
66,25,4,2.0,1662.0
66,25,5,3.0,1867.7
66,25,6,8.0,2326.8
66,25,7,1.0,3087.0
66,25,9,2.0,2303.0
66,25,10,4.0,2397.0
66,25,11,1.0,2366.0
66,25,13,4.0,2465.0
66,25,14,7.0,2527.1
66,25,15,3.0,2762.3
66,25,16,2.0,2801.5
66,25,17,3.0,2683.3
66,25,19,1.0,1853.0
66,25,20,4.0,1897.0
66,25,21,3.0,2338.3
66,25,22,1.0,2832.0
66,25,23,5.0,2641.4
66,26,0,1.0,1551.0
66,26,1,2.0,1643.0
66,26,2,1.0,2231.0
66,27,0,1.0,1610.0
66,27,5,1.0,1283.0
66,27,6,1.0,2408.0
66,27,8,2.0,2302.0
66,27,9,2.0,1810.0
66,27,10,2.0,1811.0
66,27,11,1.0,1904.0
66,27,12,1.0,1451.0
66,27,13,5.0,1787.8
66,27,14,3.0,1569.3
66,27,15,2.0,2408.5
66,27,16,2.0,2549.5
66,27,17,4.0,2233.8
66,27,18,1.0,1412.0
66,27,19,1.0,1425.0
66,27,20,1.0,1170.0
66,27,21,6.0,1530.5
66,27,22,5.0,1390.4
66,28,0,4.0,1198.8
66,28,1,5.0,1567.4
66,28,2,8.0,1195.9
66,28,3,14.0,1422.6
66,28,4,11.0,1384.5
66,28,5,33.0,1592.4
66,28,6,41.0,1937.5
66,28,7,52.0,2680.6
66,28,8,37.0,2331.1
66,28,9,54.0,1909.4
66,28,10,37.0,1648.9
66,28,11,33.0,1767.2
66,28,12,24.0,1732.4
66,28,13,27.0,1831.4
66,28,14,30.0,1942.5
66,28,15,25.0,1932.4
66,28,16,12.0,2297.7
66,28,17,14.0,1860.5
66,28,18,8.0,1956.4
66,28,19,4.0,1605.2
66,28,20,7.0,1532.3
66,28,21,4.0,1307.2
66,28,22,10.0,1479.7
66,28,23,5.0,1289.2
66,29,0,5.0,1514.2
66,29,1,2.0,1166.5
66,29,2,1.0,2188.0
66,29,3,10.0,1002.3
66,29,4,1.0,943.0
66,29,5,2.0,1142.0
66,29,6,12.0,1802.8
66,29,7,11.0,2045.5
66,29,8,11.0,1944.5
66,29,9,10.0,1667.2
66,29,10,10.0,1503.1
66,29,11,8.0,1561.2
66,29,12,11.0,1786.5
66,29,13,7.0,1721.1
66,29,14,11.0,1784.2
66,29,15,2.0,1816.0
66,29,16,5.0,2005.6
66,29,17,4.0,2050.0
66,29,18,6.0,1820.3
66,29,19,2.0,1307.5
66,29,20,7.0,1343.1
66,29,21,5.0,1422.6
66,29,22,1.0,1477.0
66,29,23,8.0,1600.2
66,30,0,10.0,1113.5
66,30,1,4.0,1074.8
66,30,2,4.0,1158.8
66,30,3,6.0,1162.2
66,30,4,2.0,1449.5
66,30,5,5.0,1118.6
66,30,6,12.0,1727.2
66,30,7,14.0,1872.2
66,30,8,10.0,1710.0
66,30,9,22.0,1329.6
66,30,10,13.0,1303.8
66,30,11,8.0,1291.4
66,30,12,8.0,1457.5
66,30,13,11.0,1645.9
66,30,14,15.0,1478.9
66,30,15,8.0,1472.4
66,30,16,10.0,1470.4
66,30,17,19.0,1369.4
66,30,18,14.0,1293.9
66,30,19,8.0,1331.5
66,30,20,11.0,1138.2
66,30,21,8.0,1358.2
66,30,22,9.0,1173.1
66,30,23,7.0,1230.0
66,31,0,4.0,1203.8
66,31,1,1.0,1150.0
66,31,2,2.0,910.0
66,31,3,4.0,1012.2
66,31,4,7.0,923.1
66,31,5,14.0,1060.4
66,31,6,15.0,1331.9
66,31,7,21.0,1698.2
66,31,8,23.0,1630.7
66,31,9,6.0,1481.3
66,31,10,17.0,1334.8
66,31,11,7.0,1385.0
66,31,12,7.0,1390.0
66,31,13,6.0,1188.7
66,31,14,11.0,1407.1
66,31,15,3.0,1414.3
66,31,16,4.0,1556.0
66,31,17,9.0,1602.0
66,31,18,2.0,1108.0
66,31,19,8.0,1021.1
66,31,20,10.0,1065.7
66,31,21,7.0,1162.6
66,31,22,5.0,1286.6
66,31,23,7.0,1261.4
66,32,0,1.0,1464.0
66,32,2,11.0,1309.1
66,32,3,3.0,1453.3
66,32,4,15.0,1381.8
66,32,5,46.0,1872.4
66,32,6,45.0,2140.3
66,32,7,7.0,2139.6
66,32,8,6.0,2073.5
66,32,9,17.0,2053.3
66,32,10,26.0,2043.5
66,32,11,12.0,1994.7
66,32,12,6.0,1684.7
66,32,13,17.0,2078.8
66,32,14,8.0,2116.8
66,32,15,2.0,1872.5
66,32,16,5.0,1601.4
66,32,19,2.0,1568.0
66,32,20,2.0,1571.0
66,32,21,9.0,1602.2
66,32,22,2.0,1761.0
66,32,23,1.0,1327.0
66,33,0,1.0,1070.0
66,33,5,5.0,1649.6
66,33,6,5.0,1726.4
66,33,7,8.0,2267.4
66,33,8,11.0,1912.3
66,33,9,5.0,1602.6
66,33,10,14.0,1689.5
66,33,11,4.0,1678.0
66,33,12,3.0,1767.7
66,33,13,1.0,1448.0
66,33,14,3.0,1259.0
66,33,15,6.0,1576.5
66,33,16,7.0,1883.3
66,33,17,4.0,1583.0
66,33,19,1.0,1599.0
66,33,20,1.0,1375.0
66,33,21,5.0,1680.4
66,33,22,5.0,1156.0
66,34,4,1.0,1286.0
66,34,5,3.0,1434.7
66,34,6,2.0,1221.5
66,34,7,1.0,2293.0
66,34,8,1.0,2943.0
66,34,9,2.0,1624.0
66,34,10,2.0,1077.5
66,34,11,1.0,1317.0
66,34,12,2.0,1159.5
66,34,13,1.0,959.0
66,34,14,1.0,1228.0
66,34,15,1.0,1732.0
66,34,17,1.0,1606.0
66,34,19,3.0,1413.0
66,34,20,1.0,1686.0
66,34,21,1.0,1471.0
66,34,23,5.0,1464.4
66,35,1,2.0,1383.5
66,35,4,1.0,1108.0
66,36,0,2.0,1067.5
66,36,6,1.0,1813.0
66,36,8,9.0,1958.6
66,36,9,5.0,1544.6
66,36,10,1.0,1072.0
66,36,11,3.0,1390.7
66,36,12,2.0,1715.0
66,36,14,1.0,1402.0
66,36,15,1.0,1786.0
66,36,16,1.0,1983.0
66,36,17,1.0,1501.0
66,36,18,5.0,1436.6
66,36,20,2.0,1335.5
66,36,21,1.0,1610.0
66,36,23,2.0,1428.0
66,37,0,1.0,876.0
66,37,2,1.0,770.0
66,37,4,1.0,995.0
66,37,5,3.0,952.7
66,38,2,1.0,1004.0
66,38,3,2.0,1012.0
66,38,4,3.0,1135.7
66,39,0,1.0,1196.0
66,39,5,1.0,1109.0
66,39,6,1.0,1543.0
66,39,7,3.0,1888.7
66,39,8,5.0,1477.2
66,39,9,3.0,1810.0
66,39,10,1.0,1391.0
66,39,11,4.0,1313.2
66,39,12,4.0,1530.5
66,39,14,2.0,1229.0
66,39,16,7.0,1967.6
66,39,17,6.0,1476.8
66,39,18,1.0,1888.0
66,39,19,1.0,1675.0
66,39,20,1.0,1234.0
66,39,21,3.0,1638.3
66,39,22,1.0,1378.0
66,39,23,2.0,1578.5
66,40,0,2.0,776.0
66,40,1,3.0,1076.3
66,40,7,14.0,1221.7
66,40,8,5.0,1269.8
66,40,9,2.0,1519.0
66,40,10,3.0,1076.3
66,40,11,4.0,1034.2
66,40,12,1.0,834.0
66,40,13,3.0,1188.0
66,40,14,1.0,1000.0
66,40,15,6.0,1480.2
66,40,16,8.0,1644.4
66,40,17,6.0,1224.7
66,40,18,11.0,1152.8
66,40,19,6.0,1428.2
66,40,20,5.0,1065.8
66,40,21,3.0,1008.3
66,40,22,2.0,1312.5
66,40,23,6.0,1076.5
66,41,2,2.0,1656.0
66,41,3,1.0,1386.0
66,41,4,8.0,1351.4
66,42,3,2.0,930.5
66,43,0,6.0,1398.8
66,43,1,5.0,1373.2
66,43,2,1.0,1323.0
66,43,3,2.0,1343.5
66,43,4,1.0,1385.0
66,43,6,1.0,1062.0
66,43,7,7.0,1636.1
66,43,8,7.0,1585.3
66,43,9,10.0,1576.3
66,43,10,6.0,1552.3
66,43,11,5.0,1708.8
66,43,12,7.0,1644.0
66,43,13,8.0,1560.0
66,43,14,7.0,1652.0
66,43,15,13.0,2565.0
66,43,16,3.0,1410.7
66,43,17,6.0,1857.5
66,43,18,9.0,1598.7
66,43,19,6.0,1564.0
66,43,20,5.0,1738.6
66,43,21,12.0,1798.2
66,43,22,7.0,1577.9
66,43,23,9.0,1267.6
66,44,0,2.0,1130.0
66,44,1,2.0,1435.5
66,44,2,1.0,1027.0
66,44,3,1.0,930.0
66,44,4,5.0,933.0
66,44,5,13.0,1032.5
66,44,6,6.0,1450.8
66,44,8,1.0,826.0
66,44,9,4.0,1117.2
66,44,10,7.0,1403.7
66,44,11,7.0,1398.7
66,44,12,5.0,1530.6
66,44,13,16.0,1307.0
66,44,14,4.0,1212.0
66,44,15,1.0,1134.0
66,44,16,1.0,1749.0
66,44,19,2.0,1737.0
66,44,20,5.0,1179.8
66,44,21,3.0,1464.0
66,44,22,1.0,2428.0
66,44,23,3.0,962.0
66,45,0,1.0,1354.0
66,45,6,1.0,1337.0
66,46,0,4.0,1919.2
66,46,1,1.0,1738.0
66,46,2,1.0,1425.0
66,46,3,1.0,1522.0
66,46,4,1.0,1398.0
66,46,7,1.0,1891.0
66,46,8,2.0,1667.5
66,46,9,5.0,1991.4
66,46,10,3.0,1935.3
66,46,11,3.0,1861.0
66,46,12,4.0,1873.0
66,46,13,2.0,1645.5
66,46,14,2.0,1955.5
66,46,15,3.0,2296.0
66,46,17,2.0,2273.5
66,46,18,1.0,1290.0
66,46,19,2.0,1617.0
66,46,20,3.0,2009.3
66,46,21,1.0,1868.0
66,46,22,2.0,1620.0
66,46,23,2.0,1960.0
66,47,5,1.0,1591.0
66,48,1,1.0,1999.0
66,48,2,1.0,1555.0
66,48,4,2.0,1413.5
66,48,7,1.0,1547.0
66,48,8,3.0,1893.7
66,48,10,2.0,1878.5
66,48,11,1.0,1930.0
66,48,13,2.0,1797.5
66,48,14,2.0,2184.0
66,48,16,1.0,2270.0
66,48,17,2.0,2199.5
66,48,18,3.0,1921.7
66,48,19,1.0,3002.0
66,48,20,1.0,1240.0
66,48,22,2.0,1399.5
66,48,23,1.0,1552.0
66,49,0,3.0,1288.7
66,49,1,1.0,1729.0
66,49,2,1.0,857.0
66,49,5,10.0,969.4
66,50,5,1.0,1286.0
66,51,5,4.0,1387.0
66,51,8,1.0,1468.0
66,51,10,2.0,1422.5
66,51,12,1.0,1764.0
66,51,13,1.0,1871.0
66,51,14,4.0,2122.2
66,51,15,1.0,1610.0
66,51,16,6.0,2542.3
66,51,17,8.0,2496.5
66,51,18,2.0,2089.0
66,51,19,2.0,1620.5
66,51,20,1.0,1656.0
66,51,22,1.0,1350.0
66,51,23,2.0,1557.0
66,52,3,1.0,1555.0
66,52,6,9.0,2252.7
66,52,7,1.0,1759.0
66,52,16,1.0,2311.0
66,52,19,1.0,2863.0
66,52,22,1.0,2894.0
66,53,0,3.0,1473.7
66,53,1,4.0,1718.5
66,53,2,1.0,1293.0
66,53,3,1.0,1783.0
66,53,7,2.0,1472.0
66,53,8,1.0,1209.0
66,53,9,9.0,1360.6
66,53,10,2.0,1270.5
66,53,11,3.0,1850.3
66,53,12,2.0,1896.5
66,53,13,1.0,1547.0
66,53,15,2.0,2074.5
66,53,16,5.0,2560.0
66,53,17,3.0,2118.0
66,53,18,5.0,2210.0
66,53,19,1.0,1629.0
66,53,20,2.0,1915.5
66,53,21,2.0,1449.0
66,53,22,6.0,1491.7
66,53,23,1.0,1855.0
66,54,2,1.0,1475.0
66,55,2,2.0,1980.0
66,55,5,7.0,2107.7
66,55,14,6.0,2490.2
66,55,16,6.0,3241.8
66,55,17,2.0,1957.5
66,56,0,2.0,921.0
66,56,1,1.0,628.0
66,56,2,2.0,713.0
66,56,3,14.0,636.6
66,56,4,22.0,645.4
66,56,5,12.0,808.3
66,57,0,1.0,786.0
66,57,4,6.0,768.7
66,57,5,14.0,895.6
66,57,6,23.0,824.6
66,57,7,38.0,1140.0
66,57,8,24.0,1051.5
66,57,9,5.0,651.4
66,57,10,10.0,810.6
66,57,11,11.0,1057.2
66,57,12,5.0,1096.6
66,57,13,25.0,833.2
66,57,14,14.0,1164.5
66,57,15,16.0,1074.3
66,57,16,17.0,1208.3
66,57,17,17.0,1082.2
66,57,18,9.0,994.0
66,57,19,7.0,924.4
66,57,20,8.0,855.0
66,57,21,4.0,830.0
66,57,22,2.0,691.5
66,57,23,9.0,855.6
66,58,0,8.0,688.0
66,58,1,6.0,627.7
66,58,2,7.0,748.6
66,58,3,3.0,702.3
66,58,4,9.0,691.3
66,58,5,23.0,567.3
66,58,6,18.0,711.8
66,58,7,53.0,861.4
66,58,8,44.0,636.5
66,58,9,40.0,597.4
66,58,10,16.0,738.8
66,58,11,25.0,661.9
66,58,12,22.0,681.2
66,58,13,19.0,718.2
66,58,14,24.0,946.7
66,58,15,18.0,1061.8
66,58,16,15.0,875.9
66,58,17,21.0,905.2
66,58,18,18.0,834.7
66,58,19,18.0,756.6
66,58,20,19.0,803.1
66,58,21,11.0,791.4
66,58,22,13.0,759.6
66,58,23,13.0,694.3
66,59,1,2.0,1022.5
66,59,2,1.0,3209.0
66,59,5,3.0,1034.3
66,60,0,2.0,1267.0
66,60,1,3.0,1429.0
66,60,2,1.0,1428.0
66,60,3,4.0,1072.5
66,60,5,4.0,1160.5
66,60,6,3.0,1793.7
66,60,7,3.0,1429.7
66,60,8,4.0,1838.5
66,60,9,6.0,1225.3
66,60,10,3.0,1190.0
66,60,11,4.0,1349.8
66,60,12,3.0,1134.0
66,60,13,7.0,1368.9
66,60,14,5.0,1228.4
66,60,15,5.0,1347.0
66,60,16,3.0,1643.0
66,60,17,4.0,1233.5
66,60,18,6.0,1578.7
66,60,19,2.0,1295.5
66,60,20,7.0,1139.4
66,60,21,3.0,1006.3
66,61,0,3.0,672.3
66,61,1,4.0,843.5
66,61,2,3.0,673.7
66,61,3,3.0,820.3
66,61,4,30.0,622.7
66,61,5,29.0,599.2
66,62,0,5.0,472.2
66,62,1,4.0,463.8
66,62,2,3.0,435.7
66,62,3,1.0,641.0
66,62,4,11.0,451.7
66,62,5,4.0,517.8
66,62,6,7.0,497.4
66,62,7,25.0,625.7
66,62,8,19.0,613.0
66,62,9,13.0,583.3
66,62,10,8.0,600.5
66,62,11,9.0,623.0
66,62,12,4.0,611.2
66,62,13,10.0,685.4
66,62,14,17.0,502.3
66,62,15,13.0,855.5
66,62,16,21.0,956.9
66,62,17,10.0,854.1
66,62,18,10.0,738.1
66,62,19,4.0,639.0
66,62,20,6.0,559.2
66,62,21,9.0,568.8
66,62,22,12.0,552.0
66,62,23,6.0,510.0
66,63,0,4.0,313.8
66,63,1,4.0,482.5
66,63,2,8.0,350.6
66,63,3,3.0,406.3
66,63,4,6.0,169.5
66,63,5,10.0,379.2
66,63,6,18.0,508.5
66,63,7,37.0,650.3
66,63,8,35.0,485.9
66,63,9,21.0,457.7
66,63,10,33.0,439.8
66,63,11,16.0,662.2
66,63,12,31.0,430.2
66,63,13,24.0,540.8
66,63,14,34.0,583.9
66,63,15,31.0,549.1
66,63,16,42.0,579.1
66,63,17,53.0,508.9
66,63,18,44.0,527.8
66,63,19,20.0,477.6
66,63,20,25.0,517.8
66,63,21,20.0,325.9
66,63,22,18.0,343.6
66,63,23,17.0,365.6
66,64,0,2.0,775.0
66,64,3,8.0,542.4
66,64,4,10.0,693.9
66,64,5,4.0,928.5
66,64,6,10.0,787.2
66,64,7,18.0,796.1
66,64,8,9.0,924.4
66,64,9,18.0,657.1
66,64,10,11.0,667.0
66,64,11,12.0,691.2
66,64,12,5.0,718.2
66,64,13,8.0,794.6
66,64,14,4.0,880.8
66,64,15,7.0,1108.9
66,64,16,8.0,1223.6
66,64,17,5.0,898.2
66,64,18,5.0,1104.6
66,64,19,3.0,916.7
66,64,20,6.0,747.8
66,64,21,6.0,914.2
66,64,22,7.0,647.9
66,64,23,2.0,455.0
66,65,0,1.0,185.0
66,65,1,6.0,345.3
66,65,2,3.0,330.7
66,65,3,4.0,415.2
66,65,4,1.0,528.0
66,65,5,4.0,535.2
66,66,0,28.0,359.3
66,66,1,27.0,440.4
66,66,2,23.0,362.5
66,66,3,10.0,534.2
66,66,4,12.0,267.2
66,66,5,33.0,373.2
66,66,6,52.0,310.3
66,66,7,58.0,401.5
66,66,8,122.0,440.3
66,66,9,71.0,414.7
66,66,10,61.0,445.9
66,66,11,65.0,422.3
66,66,12,68.0,406.9
66,66,13,71.0,368.1
66,66,14,95.0,406.6
66,66,15,109.0,573.2
66,66,16,85.0,582.0
66,66,17,75.0,483.6
66,66,18,96.0,562.1
66,66,19,75.0,566.7
66,66,20,62.0,354.7
66,66,21,49.0,351.1
66,66,22,61.0,430.9
66,66,23,45.0,445.4
66,67,0,12.0,485.8
66,67,1,8.0,587.4
66,67,2,3.0,526.3
66,67,3,4.0,435.2
66,67,4,3.0,284.0
66,67,5,15.0,457.1
66,67,6,13.0,430.5
66,67,7,24.0,502.8
66,67,8,29.0,592.9
66,67,9,15.0,528.5
66,67,10,17.0,486.5
66,67,11,18.0,511.9
66,67,12,26.0,483.0
66,67,13,18.0,431.3
66,67,14,24.0,484.4
66,67,15,30.0,617.4
66,67,16,32.0,494.5
66,67,17,28.0,545.3
66,67,18,39.0,487.6
66,67,19,27.0,531.9
66,67,20,33.0,459.7
66,67,21,22.0,511.1
66,67,22,16.0,494.5
66,67,23,16.0,491.4
66,68,1,8.0,757.5
66,68,2,3.0,983.3
66,68,3,8.0,596.4
66,68,4,3.0,892.3
66,68,5,6.0,679.7
66,69,0,6.0,1096.3
66,69,1,5.0,1062.2
66,69,2,5.0,1031.2
66,69,3,1.0,847.0
66,69,4,3.0,742.0
66,69,5,3.0,881.7
66,69,6,5.0,1006.0
66,69,7,19.0,997.1
66,69,8,18.0,1007.2
66,69,9,3.0,863.3
66,69,10,4.0,991.2
66,69,11,10.0,940.1
66,69,12,8.0,1153.0
66,69,13,15.0,1076.7
66,69,14,10.0,1146.9
66,69,15,9.0,1217.9
66,69,16,18.0,1283.5
66,69,17,14.0,1158.2
66,69,18,17.0,1211.4
66,69,19,19.0,1227.4
66,69,20,17.0,1060.2
66,69,21,13.0,972.2
66,69,22,13.0,1036.7
66,69,23,11.0,1083.5
66,70,0,7.0,615.1
66,70,1,5.0,489.2
66,70,2,13.0,348.9
66,70,4,4.0,681.5
66,70,5,14.0,686.6
66,70,6,9.0,556.9
66,70,7,60.0,525.9
66,70,8,40.0,590.1
66,70,9,42.0,572.5
66,70,10,26.0,692.5
66,70,11,21.0,697.9
66,70,12,31.0,633.7
66,70,13,27.0,610.0
66,70,14,29.0,603.4
66,70,15,18.0,797.5
66,70,16,32.0,760.7
66,70,17,35.0,696.0
66,70,18,26.0,755.3
66,70,19,18.0,749.9
66,70,20,20.0,659.8
66,70,21,18.0,434.8
66,70,22,18.0,608.6
66,70,23,14.0,617.2
66,71,0,9.0,756.8
66,71,1,6.0,570.0
66,71,2,4.0,698.8
66,71,3,2.0,498.0
66,71,4,2.0,620.5
66,71,5,9.0,872.3
66,71,6,14.0,699.5
66,71,7,13.0,805.8
66,71,8,22.0,719.4
66,71,9,19.0,814.4
66,71,10,20.0,723.2
66,71,11,17.0,727.6
66,71,12,14.0,882.7
66,71,13,24.0,943.8
66,71,14,23.0,830.7
66,71,15,24.0,868.2
66,71,16,22.0,923.2
66,71,17,22.0,992.6
66,71,18,20.0,946.4
66,71,19,17.0,862.9
66,71,20,30.0,869.8
66,71,21,12.0,758.0
66,71,22,27.0,782.3
66,71,23,14.0,862.3
66,72,5,1.0,1228.0
66,72,6,1.0,1132.0
66,72,7,2.0,831.0
66,72,8,1.0,908.0
66,72,9,5.0,907.2
66,72,10,5.0,1177.4
66,72,11,2.0,1206.0
66,72,12,1.0,1381.0
66,72,13,1.0,982.0
66,72,14,1.0,1035.0
66,72,15,4.0,1171.5
66,72,16,2.0,1254.5
66,72,18,3.0,1577.7
66,72,19,1.0,1256.0
66,72,20,3.0,1095.0
66,72,21,2.0,802.5
66,72,22,3.0,1098.0
66,73,0,1.0,1275.0
66,73,1,2.0,1080.5
66,73,3,1.0,651.0
66,73,6,1.0,603.0
66,73,11,1.0,860.0
66,73,20,1.0,1232.0
66,73,21,2.0,1285.5
66,73,23,1.0,1143.0
66,74,4,1.0,820.0
66,74,6,1.0,1363.0
66,74,7,4.0,1172.8
66,74,8,3.0,1169.0
66,74,10,2.0,1248.5
66,74,13,2.0,1201.5
66,74,15,2.0,1271.0
66,74,16,1.0,1277.0
66,74,18,1.0,1786.0
66,74,19,2.0,1372.0
66,74,21,2.0,1137.0
66,74,22,1.0,1339.0
66,75,1,3.0,1410.0
66,75,5,1.0,1070.0
66,75,6,1.0,1344.0
66,75,7,4.0,1269.5
66,75,8,3.0,1325.0
66,75,9,3.0,1316.3
66,75,10,3.0,1214.7
66,75,11,5.0,1637.8
66,75,12,3.0,1233.3
66,75,13,6.0,1460.7
66,75,14,5.0,1759.6
66,75,15,3.0,2157.7
66,75,16,3.0,2049.3
66,75,17,1.0,1618.0
66,75,18,2.0,1405.0
66,75,19,3.0,1670.3
66,75,21,1.0,889.0
66,75,22,2.0,1339.0
66,75,23,2.0,1266.0
66,76,2,2.0,2682.0
66,76,3,5.0,2379.2
66,76,4,5.0,2372.6
66,76,5,5.0,3283.4
66,76,6,1.0,5583.0
66,76,7,2.0,4271.5
66,76,8,2.0,3659.5
66,76,9,3.0,3397.3
66,76,10,1.0,3705.0
66,76,11,1.0,5216.0
66,76,12,4.0,4029.2
66,76,13,1.0,3623.0
66,76,15,1.0,6691.0
66,76,16,2.0,4344.5
66,76,17,1.0,3912.0
66,76,18,1.0,4599.0
66,76,19,1.0,2987.0
66,76,22,1.0,2771.0
66,77,5,1.0,1996.0
66,77,7,1.0,2284.0
66,77,8,3.0,3694.7
66,77,11,1.0,2146.0
66,77,17,1.0,4262.0
66,77,18,1.0,2513.0
66,77,20,2.0,2338.0
67,1,15,1.0,3257.0
67,1,17,1.0,4618.0
67,1,19,1.0,3044.0
67,1,20,3.0,2167.7
67,1,21,1.0,1980.0
67,1,22,1.0,3392.0
67,1,23,2.0,2942.5
67,4,8,1.0,3584.0
67,4,10,1.0,2916.0
67,5,6,4.0,2073.8
67,5,7,3.0,2689.3
67,5,8,2.0,3042.0
67,5,10,2.0,2883.0
67,5,12,8.0,1996.2
67,5,13,7.0,2209.3
67,5,19,1.0,1535.0
67,5,23,1.0,1633.0
67,6,5,1.0,1663.0
67,6,7,2.0,3122.5
67,6,8,2.0,2350.0
67,6,12,2.0,1892.5
67,6,14,2.0,2431.5
67,6,15,4.0,2205.0
67,6,16,1.0,2412.0
67,6,18,1.0,1973.0
67,6,20,1.0,2713.0
67,6,21,1.0,2061.0
67,6,23,1.0,2682.0
67,7,2,1.0,1412.0
67,7,4,2.0,1759.0
67,7,5,1.0,1964.0
67,7,6,1.0,2901.0
67,7,7,1.0,2878.0
67,7,8,4.0,2777.2
67,7,10,2.0,2435.0
67,7,11,1.0,1478.0
67,7,12,2.0,2450.5
67,7,13,3.0,2150.3
67,7,14,1.0,2138.0
67,7,15,1.0,2045.0
67,7,17,5.0,2668.6
67,7,18,2.0,2983.0
67,7,23,1.0,1907.0
67,8,2,1.0,1258.0
67,8,3,1.0,1140.0
67,8,4,3.0,1213.0
67,8,5,21.0,1688.1
67,10,9,1.0,3090.0
67,15,8,1.0,2952.0
67,15,11,1.0,2462.0
67,15,12,1.0,2808.0
67,15,16,1.0,4900.0
67,15,23,3.0,1944.3
67,17,4,1.0,2567.0
67,19,3,1.0,2197.0
67,21,4,1.0,1416.0
67,21,8,1.0,2322.0
67,21,9,1.0,1610.0
67,21,12,1.0,2849.0
67,21,14,1.0,1845.0
67,21,17,1.0,3855.0
67,21,19,1.0,2312.0
67,22,1,1.0,1493.0
67,22,5,1.0,1489.0
67,22,6,3.0,3219.7
67,22,8,3.0,2890.3
67,22,9,2.0,2435.0
67,22,10,2.0,2657.0
67,22,13,2.0,2136.0
67,22,14,3.0,1971.0
67,22,15,3.0,2584.3
67,22,16,1.0,4429.0
67,22,17,2.0,2761.5
67,22,19,2.0,2068.0
67,22,21,2.0,2308.5
67,23,3,2.0,2614.0
67,23,5,3.0,1659.7
67,23,6,5.0,2513.8
67,23,8,8.0,3083.4
67,23,9,1.0,1845.0
67,23,10,1.0,1923.0
67,23,11,3.0,1592.7
67,23,12,2.0,2327.5
67,23,14,1.0,2210.0
67,23,15,3.0,2289.0
67,23,16,4.0,2905.0
67,23,18,1.0,1516.0
67,23,19,1.0,2916.0
67,23,23,2.0,1878.0
67,24,4,1.0,1693.0
67,24,5,6.0,1401.5
67,24,6,2.0,1814.5
67,24,7,5.0,2739.6
67,24,8,2.0,2386.0
67,24,9,6.0,1869.3
67,24,10,3.0,1562.3
67,24,11,4.0,1926.0
67,24,12,8.0,1858.6
67,24,13,2.0,1492.0
67,24,14,1.0,2227.0
67,24,15,1.0,1872.0
67,24,16,4.0,2894.2
67,24,17,3.0,2505.0
67,24,18,1.0,2160.0
67,24,19,1.0,1529.0
67,24,20,1.0,2694.0
67,24,21,1.0,1780.0
67,24,22,2.0,1910.5
67,25,0,3.0,1881.7
67,25,1,2.0,1635.0
67,25,3,3.0,1550.7
67,25,4,1.0,1344.0
67,25,5,1.0,1447.0
67,25,23,1.0,1601.0
67,26,10,1.0,2417.0
67,26,11,1.0,1855.0
67,26,13,1.0,2806.0
67,26,14,1.0,2512.0
67,27,1,1.0,1202.0
67,27,2,1.0,1200.0
67,27,3,2.0,1327.5
67,28,1,1.0,989.0
67,28,4,11.0,1066.5
67,29,0,3.0,1281.0
67,29,1,1.0,1073.0
67,29,4,3.0,1219.7
67,29,5,2.0,1821.0
67,29,6,1.0,1232.0
67,30,0,1.0,1413.0
67,30,4,10.0,1081.7
67,30,6,1.0,1031.0
67,31,0,3.0,1004.7
67,31,1,3.0,1053.0
67,31,2,4.0,956.0
67,31,4,11.0,748.4
67,31,5,9.0,1258.2
67,31,6,5.0,1145.2
67,31,7,11.0,1657.2
67,31,8,14.0,1418.3
67,31,9,7.0,1330.7
67,31,10,7.0,1014.6
67,31,11,2.0,1054.0
67,31,12,3.0,1399.7
67,31,13,4.0,1493.0
67,31,14,1.0,1598.0
67,31,15,5.0,1124.4
67,31,16,8.0,1407.6
67,31,17,4.0,2120.0
67,31,18,3.0,1753.7
67,31,19,8.0,1194.0
67,31,20,4.0,1005.8
67,31,21,4.0,1012.5
67,31,22,1.0,639.0
67,31,23,2.0,913.0
67,32,0,1.0,843.0
67,32,2,2.0,1302.0
67,32,4,13.0,1537.5
67,32,5,20.0,1407.4
67,33,1,1.0,1281.0
67,33,2,1.0,1047.0
67,33,4,4.0,958.0
67,33,5,4.0,1060.2
67,33,6,3.0,1272.7
67,33,7,1.0,1155.0
67,33,9,5.0,1302.4
67,33,10,1.0,1174.0
67,33,11,5.0,1304.8
67,33,12,1.0,1055.0
67,33,13,4.0,1397.2
67,33,14,3.0,1320.7
67,33,16,1.0,1099.0
67,33,18,1.0,1285.0
67,33,20,1.0,1124.0
67,33,21,2.0,860.0
67,33,23,3.0,1049.0
67,34,1,1.0,661.0
67,34,7,1.0,831.0
67,34,9,3.0,926.3
67,34,10,2.0,1415.0
67,34,11,3.0,968.0
67,34,12,2.0,1212.0
67,34,13,2.0,873.5
67,34,14,1.0,989.0
67,34,17,3.0,1183.0
67,34,19,9.0,946.4
67,34,20,3.0,1128.3
67,35,0,3.0,1082.0
67,35,2,1.0,848.0
67,35,4,1.0,572.0
67,35,6,8.0,1139.2
67,35,8,1.0,935.0
67,35,9,3.0,1261.0
67,35,10,1.0,792.0
67,35,11,3.0,1005.7
67,35,12,4.0,1074.8
67,35,13,11.0,1099.1
67,35,14,1.0,1031.0
67,35,18,2.0,1236.5
67,35,19,4.0,917.8
67,35,20,8.0,958.0
67,35,21,3.0,1008.7
67,35,22,8.0,1035.0
67,35,23,1.0,727.0
67,36,0,2.0,913.5
67,36,1,1.0,999.0
67,36,7,5.0,1348.4
67,36,9,1.0,977.0
67,36,10,1.0,1282.0
67,36,13,1.0,959.0
67,36,14,4.0,1370.8
67,36,15,2.0,1515.5
67,36,16,3.0,1265.0
67,36,17,2.0,1185.0
67,36,18,3.0,1340.3
67,36,19,2.0,1624.5
67,36,20,2.0,1457.0
67,36,21,1.0,1161.0
67,36,22,1.0,1013.0
67,36,23,1.0,1478.0
67,37,1,1.0,392.0
67,37,3,2.0,495.5
67,37,4,1.0,832.0
67,37,5,1.0,517.0
67,37,6,4.0,719.5
67,37,7,6.0,636.3
67,37,8,15.0,884.4
67,37,9,7.0,777.4
67,37,10,5.0,543.0
67,37,11,2.0,660.5
67,37,12,1.0,1020.0
67,37,13,3.0,990.7
67,37,14,1.0,464.0
67,37,16,4.0,887.5
67,37,17,2.0,886.0
67,37,18,3.0,803.7
67,37,19,5.0,647.4
67,37,20,3.0,792.7
67,37,21,2.0,995.0
67,37,22,3.0,635.3
67,37,23,2.0,1500.5
67,38,0,3.0,1012.0
67,38,1,2.0,855.0
67,38,2,4.0,892.8
67,38,3,3.0,883.7
67,38,4,2.0,751.5
67,38,6,9.0,1031.6
67,38,7,10.0,1280.8
67,38,8,17.0,1000.7
67,38,9,8.0,1066.4
67,38,10,7.0,1001.9
67,38,11,9.0,854.7
67,38,12,7.0,853.6
67,38,13,10.0,962.8
67,38,14,9.0,894.3
67,38,15,15.0,1208.7
67,38,16,10.0,1264.0
67,38,17,11.0,1125.5
67,38,18,15.0,1017.3
67,38,19,10.0,1001.1
67,38,20,9.0,886.2
67,38,21,5.0,895.0
67,38,22,7.0,933.0
67,38,23,7.0,1043.1
67,39,1,1.0,930.0
67,39,2,1.0,1166.0
67,39,3,1.0,966.0
67,39,4,2.0,749.0
67,40,0,8.0,737.0
67,40,1,2.0,640.5
67,40,2,1.0,716.0
67,40,3,1.0,907.0
67,40,6,11.0,703.8
67,40,8,1.0,752.0
67,40,9,3.0,636.3
67,40,10,5.0,666.2
67,40,11,3.0,799.0
67,40,12,8.0,771.0
67,40,13,3.0,1041.0
67,40,14,2.0,690.0
67,40,15,3.0,828.7
67,40,16,3.0,655.0
67,40,17,1.0,601.0
67,40,18,4.0,1140.8
67,40,19,4.0,998.0
67,40,20,11.0,817.3
67,40,21,7.0,659.4
67,40,22,4.0,580.0
67,40,23,4.0,522.2
67,41,0,3.0,1183.7
67,41,1,3.0,853.3
67,41,2,1.0,583.0
67,41,5,4.0,955.2
67,41,6,6.0,979.8
67,41,7,10.0,1114.6
67,41,8,10.0,1091.1
67,41,9,8.0,1094.6
67,41,10,13.0,1004.8
67,41,11,6.0,1037.0
67,41,12,11.0,1186.6
67,41,13,12.0,951.1
67,41,14,15.0,1231.4
67,41,15,13.0,1228.5
67,41,16,17.0,1440.5
67,41,17,10.0,1440.2
67,41,18,5.0,1365.4
67,41,19,7.0,1225.1
67,41,20,4.0,974.5
67,41,21,9.0,1371.8
67,41,22,13.0,964.5
67,41,23,4.0,1341.8
67,42,1,3.0,631.7
67,42,2,1.0,1074.0
67,42,3,1.0,584.0
67,42,4,4.0,1098.2
67,43,1,5.0,1105.2
67,43,2,5.0,1099.0
67,43,3,4.0,1172.2
67,43,4,2.0,1032.5
67,43,5,1.0,962.0
67,44,0,5.0,924.2
67,44,1,1.0,689.0
67,44,3,8.0,855.4
67,44,5,15.0,903.1
67,44,6,11.0,841.3
67,44,7,32.0,890.2
67,44,8,29.0,785.6
67,44,9,22.0,855.4
67,44,10,12.0,911.6
67,44,11,22.0,765.8
67,44,12,16.0,884.8
67,44,13,23.0,991.2
67,44,14,16.0,1111.6
67,44,15,21.0,1475.7
67,44,16,23.0,1521.3
67,44,17,16.0,1247.1
67,44,18,25.0,1153.2
67,44,19,22.0,1123.0
67,44,20,22.0,970.2
67,44,21,11.0,946.0
67,44,22,11.0,894.0
67,44,23,3.0,889.3
67,45,3,1.0,731.0
67,45,6,2.0,950.5
67,45,7,1.0,1566.0
67,45,8,3.0,1370.3
67,45,9,3.0,987.3
67,45,11,2.0,1112.5
67,45,12,1.0,1479.0
67,45,13,2.0,1408.0
67,45,14,2.0,1386.5
67,45,15,3.0,1369.3
67,45,16,2.0,1949.5
67,45,17,1.0,1383.0
67,45,18,3.0,1712.3
67,45,19,1.0,1791.0
67,45,20,1.0,2933.0
67,45,21,2.0,1133.5
67,45,23,1.0,1390.0
67,46,1,2.0,1226.0
67,46,2,1.0,1381.0
67,46,4,1.0,795.0
67,46,6,7.0,1184.7
67,46,7,2.0,1735.0
67,46,8,2.0,1781.5
67,46,9,2.0,1665.0
67,46,10,3.0,1780.3
67,46,11,2.0,1422.5
67,46,12,2.0,1398.0
67,46,13,5.0,1411.2
67,46,14,1.0,1139.0
67,46,15,8.0,1686.9
67,46,16,5.0,2196.0
67,46,17,2.0,2132.5
67,46,18,2.0,2236.0
67,46,19,6.0,1468.8
67,46,20,4.0,1856.0
67,46,21,7.0,1384.3
67,46,22,12.0,1565.2
67,46,23,6.0,1718.0
67,47,1,1.0,916.0
67,47,2,8.0,1088.5
67,47,3,2.0,988.5
67,47,5,8.0,1134.4
67,47,7,1.0,1105.0
67,47,9,8.0,1113.8
67,47,10,1.0,946.0
67,47,12,6.0,1170.5
67,47,20,1.0,1871.0
67,48,0,1.0,1337.0
67,48,2,1.0,1556.0
67,48,5,1.0,885.0
67,48,6,1.0,1266.0
67,48,7,5.0,1292.6
67,48,8,6.0,1439.3
67,48,9,1.0,1225.0
67,48,13,1.0,2266.0
67,48,15,1.0,2481.0
67,48,17,1.0,1772.0
67,48,18,1.0,1063.0
67,48,19,4.0,1666.2
67,48,21,2.0,1505.0
67,48,22,3.0,1325.3
67,48,23,2.0,1455.5
67,49,0,5.0,1104.2
67,49,1,3.0,819.0
67,49,2,3.0,1082.7
67,49,3,1.0,1001.0
67,49,4,3.0,1593.0
67,49,5,1.0,655.0
67,49,6,10.0,1264.6
67,49,7,4.0,1327.2
67,49,8,10.0,1374.3
67,49,9,10.0,1072.3
67,49,10,2.0,701.5
67,49,11,3.0,1201.0
67,49,12,4.0,1164.2
67,49,13,3.0,1359.7
67,49,14,9.0,1318.0
67,49,15,10.0,1751.9
67,49,16,6.0,1561.7
67,49,17,7.0,1989.6
67,49,18,18.0,1594.1
67,49,19,6.0,1695.0
67,49,20,8.0,1150.9
67,49,21,7.0,1045.0
67,49,22,7.0,1175.9
67,49,23,4.0,1230.5
67,50,0,1.0,1404.0
67,50,4,8.0,1484.5
67,51,2,1.0,997.0
67,51,3,1.0,1107.0
67,51,5,2.0,1402.5
67,52,15,1.0,1856.0
67,52,17,1.0,2998.0
67,52,19,1.0,1597.0
67,53,0,6.0,1210.3
67,53,1,1.0,1587.0
67,53,2,1.0,1401.0
67,53,3,2.0,1169.5
67,53,5,1.0,1498.0
67,53,6,3.0,1364.7
67,53,7,2.0,1332.0
67,53,8,3.0,1586.7
67,53,11,5.0,1545.0
67,53,12,2.0,1241.0
67,53,13,6.0,1892.3
67,53,14,2.0,1955.0
67,53,15,3.0,2311.3
67,53,16,2.0,2072.5
67,53,17,4.0,2055.0
67,53,18,5.0,2035.4
67,53,19,1.0,1868.0
67,53,20,2.0,1306.5
67,53,21,4.0,1331.0
67,53,22,3.0,1670.0
67,53,23,4.0,1406.0
67,54,0,3.0,1602.0
67,54,1,3.0,1100.7
67,54,2,1.0,2116.0
67,54,3,1.0,1297.0
67,54,4,1.0,1424.0
67,54,6,1.0,821.0
67,54,9,1.0,1420.0
67,54,16,3.0,2610.0
67,54,17,4.0,3110.5
67,54,18,3.0,2095.3
67,54,20,3.0,1721.7
67,54,23,1.0,1366.0
67,55,2,1.0,1541.0
67,55,6,1.0,1421.0
67,55,7,6.0,1647.7
67,56,2,2.0,1325.5
67,56,3,3.0,1035.7
67,56,4,3.0,1098.7
67,56,5,1.0,1004.0
67,56,6,11.0,1531.4
67,56,8,1.0,2069.0
67,56,9,4.0,1191.2
67,56,10,4.0,1620.8
67,56,11,7.0,1154.7
67,56,12,4.0,1370.0
67,56,13,4.0,1442.5
67,56,14,6.0,1446.5
67,56,16,1.0,1545.0
67,56,17,1.0,2249.0
67,56,18,2.0,1513.0
67,56,19,2.0,1183.0
67,56,20,1.0,1162.0
67,56,23,1.0,900.0
67,57,3,1.0,995.0
67,57,4,8.0,1007.8
67,57,7,1.0,1327.0
67,58,0,1.0,529.0
67,58,2,2.0,528.5
67,58,3,1.0,402.0
67,58,4,2.0,1702.5
67,58,5,1.0,923.0
67,58,6,5.0,1305.6
67,58,7,5.0,1181.0
67,58,8,2.0,645.0
67,58,9,8.0,987.6
67,58,10,3.0,720.7
67,58,11,3.0,881.3
67,58,12,5.0,823.2
67,58,13,10.0,853.4
67,58,14,3.0,1329.7
67,58,15,2.0,1814.5
67,58,16,2.0,764.5
67,58,17,6.0,916.2
67,58,18,7.0,902.6
67,58,19,5.0,835.8
67,58,20,2.0,706.0
67,58,21,4.0,911.2
67,58,22,2.0,729.5
67,58,23,5.0,846.6
67,60,1,1.0,641.0
67,60,3,2.0,896.0
67,60,4,1.0,673.0
67,61,0,2.0,370.0
67,61,1,2.0,578.0
67,61,4,3.0,474.3
67,61,5,8.0,672.6
67,61,6,22.0,743.2
67,61,7,44.0,629.9
67,61,8,32.0,578.5
67,61,9,19.0,474.8
67,61,10,25.0,625.3
67,61,11,22.0,517.3
67,61,12,23.0,555.9
67,61,13,29.0,585.2
67,61,14,17.0,631.6
67,61,15,21.0,658.2
67,61,16,16.0,498.8
67,61,17,28.0,427.5
67,61,18,25.0,483.6
67,61,19,16.0,443.2
67,61,20,11.0,427.5
67,61,21,3.0,357.3
67,61,22,13.0,399.4
67,61,23,9.0,587.8
67,62,2,1.0,841.0
67,63,1,1.0,322.0
67,63,2,4.0,433.0
67,63,3,1.0,416.0
67,63,4,4.0,593.0
67,64,1,1.0,813.0
67,64,2,11.0,794.7
67,64,3,4.0,767.5
67,65,2,1.0,693.0
67,65,4,3.0,584.0
67,65,5,2.0,713.0
67,66,0,9.0,550.6
67,66,1,11.0,690.4
67,66,2,5.0,479.8
67,66,3,5.0,405.2
67,66,4,8.0,430.9
67,66,5,3.0,345.7
67,66,6,12.0,377.1
67,66,7,26.0,562.5
67,66,8,21.0,564.5
67,66,9,36.0,393.5
67,66,10,18.0,425.1
67,66,11,16.0,467.1
67,66,12,18.0,458.1
67,66,13,29.0,465.5
67,66,14,33.0,487.6
67,66,15,38.0,809.9
67,66,16,36.0,622.3
67,66,17,32.0,642.7
67,66,18,23.0,745.1
67,66,19,25.0,428.1
67,66,20,18.0,370.0
67,66,21,19.0,451.6
67,66,22,30.0,429.2
67,66,23,16.0,535.6
67,67,0,23.0,555.3
67,67,1,18.0,540.3
67,67,2,11.0,370.0
67,67,3,21.0,374.8
67,67,4,4.0,323.5
67,67,5,2.0,297.5
67,67,6,19.0,262.6
67,67,7,52.0,638.3
67,67,8,70.0,461.1
67,67,9,52.0,472.2
67,67,10,46.0,441.5
67,67,11,53.0,416.0
67,67,12,46.0,361.5
67,67,13,51.0,346.5
67,67,14,55.0,408.2
67,67,15,81.0,528.4
67,67,16,79.0,521.6
67,67,17,43.0,451.6
67,67,18,58.0,567.6
67,67,19,68.0,438.0
67,67,20,50.0,586.4
67,67,21,44.0,468.6
67,67,22,33.0,414.3
67,67,23,36.0,476.0
67,68,0,12.0,503.2
67,68,1,2.0,440.0
67,68,2,9.0,439.1
67,68,3,1.0,331.0
67,68,4,4.0,578.0
67,68,5,2.0,240.5
67,68,6,9.0,384.1
67,68,7,49.0,518.0
67,68,8,60.0,473.9
67,68,9,64.0,439.7
67,68,10,43.0,462.8
67,68,11,22.0,551.9
67,68,12,30.0,458.1
67,68,13,39.0,477.4
67,68,14,34.0,524.5
67,68,15,36.0,524.8
67,68,16,53.0,515.3
67,68,17,26.0,519.5
67,68,18,38.0,474.4
67,68,19,32.0,456.2
67,68,20,24.0,482.9
67,68,21,26.0,428.2
67,68,22,29.0,350.4
67,68,23,18.0,395.7
67,69,0,14.0,896.8
67,69,1,7.0,788.9
67,69,2,8.0,735.8
67,69,3,16.0,629.9
67,69,4,11.0,395.2
67,69,5,8.0,591.5
67,69,6,12.0,498.2
67,69,7,33.0,697.5
67,69,8,21.0,710.9
67,69,9,11.0,662.6
67,69,10,16.0,696.5
67,69,11,9.0,668.6
67,69,12,16.0,732.5
67,69,13,13.0,625.3
67,69,14,13.0,874.4
67,69,15,23.0,912.2
67,69,16,31.0,986.4
67,69,17,39.0,849.6
67,69,18,34.0,814.7
67,69,19,20.0,864.5
67,69,20,24.0,701.8
67,69,21,15.0,690.5
67,69,22,25.0,798.6
67,69,23,21.0,769.5
67,70,0,1.0,718.0
67,70,1,3.0,722.3
67,70,2,2.0,871.0
67,70,4,1.0,669.0
67,70,5,9.0,775.7
67,71,0,12.0,494.1
67,71,1,21.0,523.8
67,71,2,15.0,486.2
67,71,3,2.0,333.0
67,71,4,5.0,377.8
67,71,5,5.0,519.2
67,71,6,5.0,381.0
67,71,23,14.0,438.8
67,72,5,1.0,1094.0
67,72,6,1.0,881.0
67,72,8,2.0,1014.5
67,72,10,10.0,1073.0
67,72,11,2.0,1127.5
67,72,12,6.0,706.0
67,72,13,4.0,1396.2
67,72,14,2.0,793.0
67,72,15,5.0,1557.8
67,72,16,2.0,1264.5
67,72,17,5.0,1584.2
67,72,18,1.0,884.0
67,72,20,1.0,626.0
67,72,21,1.0,758.0
67,72,22,1.0,702.0
67,73,0,6.0,745.3
67,73,1,4.0,646.8
67,73,2,5.0,593.0
67,73,5,6.0,932.0
67,73,6,8.0,1106.9
67,73,7,12.0,1028.6
67,73,8,14.0,1173.1
67,73,9,8.0,776.1
67,73,10,6.0,846.8
67,73,11,6.0,1014.0
67,73,12,7.0,830.6
67,73,13,11.0,968.0
67,73,14,4.0,841.0
67,73,15,12.0,1322.6
67,73,17,6.0,1059.7
67,73,18,5.0,1004.0
67,73,19,9.0,1138.6
67,73,20,8.0,1044.8
67,73,21,9.0,924.2
67,73,22,9.0,724.4
67,73,23,5.0,879.8
67,74,3,1.0,1089.0
67,74,4,1.0,820.0
67,74,7,6.0,1339.7
67,74,12,1.0,1294.0
67,74,14,1.0,1165.0
67,74,15,1.0,1888.0
67,74,19,1.0,1456.0
67,74,20,2.0,1239.5
67,74,22,1.0,1144.0
67,75,1,1.0,1111.0
67,75,3,1.0,962.0
67,75,4,1.0,1329.0
67,76,1,1.0,1972.0
67,76,2,1.0,3095.0
67,76,3,5.0,2349.4
67,76,4,3.0,2173.0
67,76,5,1.0,3389.0
67,77,0,1.0,2647.0
67,77,6,1.0,3044.0
67,77,9,1.0,2817.0
67,77,23,1.0,2126.0
68,1,1,1.0,1668.0
68,1,5,1.0,1640.0
68,1,12,1.0,2875.0
68,1,13,3.0,1991.7
68,1,14,3.0,2351.3
68,1,16,1.0,2323.0
68,1,23,1.0,1886.0
68,2,3,1.0,2030.0
68,2,5,3.0,2407.3
68,2,7,3.0,3883.7
68,2,10,1.0,2536.0
68,2,12,1.0,2073.0
68,2,13,1.0,2565.0
68,2,15,2.0,4051.5
68,2,16,1.0,4240.0
68,2,18,1.0,2763.0
68,2,21,2.0,2375.5
68,2,22,2.0,1889.0
68,2,23,3.0,2013.3
68,4,9,2.0,3081.0
68,4,18,1.0,2385.0
68,5,6,2.0,2049.0
68,6,5,2.0,2654.5
68,6,6,5.0,2498.8
68,6,7,3.0,2048.0
68,6,8,1.0,2034.0
68,6,9,2.0,1619.0
68,6,11,3.0,1864.3
68,6,12,5.0,2183.6
68,6,13,4.0,1628.2
68,6,14,2.0,2374.5
68,6,16,3.0,2567.7
68,6,17,6.0,2436.8
68,6,18,2.0,2915.5
68,6,21,1.0,1706.0
68,6,22,2.0,1912.5
68,6,23,3.0,1469.0
68,7,5,2.0,2239.5
68,7,6,8.0,2054.0
68,7,7,1.0,2814.0
68,7,8,2.0,1941.5
68,7,9,1.0,2165.0
68,7,10,2.0,2087.5
68,7,11,2.0,1890.0
68,7,12,4.0,2298.8
68,7,13,5.0,2086.6
68,7,14,3.0,1673.3
68,7,15,1.0,2409.0
68,7,16,3.0,2804.3
68,7,17,1.0,1676.0
68,7,18,2.0,2144.0
68,7,19,2.0,2002.5
68,7,22,2.0,1872.0
68,7,23,1.0,1363.0
68,8,1,1.0,885.0
68,8,4,15.0,1308.0
68,8,5,8.0,1470.4
68,8,6,23.0,1842.0
68,8,7,21.0,2198.0
68,8,8,11.0,2425.7
68,8,9,19.0,2069.2
68,8,10,17.0,1882.4
68,8,11,13.0,1463.7
68,8,12,17.0,1225.4
68,8,13,17.0,1662.4
68,8,14,21.0,1579.2
68,8,15,15.0,1994.5
68,8,16,16.0,2222.4
68,8,17,20.0,1997.2
68,8,18,12.0,1951.5
68,8,19,9.0,1582.8
68,8,20,5.0,1430.4
68,8,21,9.0,1208.6
68,8,22,12.0,1254.8
68,8,23,6.0,1299.5
68,10,10,1.0,2366.0
68,14,6,3.0,3013.7
68,14,11,1.0,2030.0
68,14,12,2.0,2577.5
68,14,16,1.0,3283.0
68,14,18,1.0,2169.0
68,14,23,1.0,2106.0
68,16,2,2.0,1147.0
68,17,6,1.0,2795.0
68,17,9,1.0,4020.0
68,17,12,1.0,2584.0
68,17,22,1.0,2401.0
68,18,19,1.0,2735.0
68,18,23,1.0,3033.0
68,19,0,1.0,2748.0
68,19,11,1.0,2278.0
68,21,7,1.0,2146.0
68,21,10,1.0,1448.0
68,21,13,1.0,2817.0
68,21,20,2.0,1703.5
68,22,0,1.0,1378.0
68,22,7,1.0,1814.0
68,22,8,1.0,3142.0
68,22,11,1.0,1379.0
68,22,12,2.0,2524.5
68,22,13,1.0,2843.0
68,22,14,2.0,1768.0
68,22,16,3.0,3373.0
68,22,17,1.0,2862.0
68,22,18,3.0,2244.7
68,22,19,1.0,2443.0
68,22,20,3.0,2045.3
68,23,0,1.0,2126.0
68,23,2,1.0,2172.0
68,23,3,1.0,1408.0
68,23,6,2.0,2801.5
68,23,7,2.0,3134.5
68,23,8,2.0,2884.5
68,23,10,1.0,1653.0
68,23,11,1.0,1274.0
68,23,12,2.0,1361.0
68,23,13,3.0,1819.3
68,23,14,5.0,1512.2
68,23,16,1.0,2218.0
68,23,18,2.0,1928.0
68,23,19,3.0,1696.0
68,23,20,1.0,1709.0
68,23,21,1.0,1963.0
68,23,22,3.0,1733.0
68,23,23,2.0,1275.5
68,24,1,1.0,1440.0
68,24,5,1.0,1223.0
68,24,6,3.0,1539.7
68,24,7,1.0,2305.0
68,24,8,1.0,2111.0
68,24,9,3.0,1767.3
68,24,10,1.0,2000.0
68,24,11,4.0,1827.5
68,24,13,5.0,1878.8
68,24,15,5.0,1728.6
68,24,16,8.0,1888.9
68,24,17,2.0,2240.0
68,24,18,6.0,2029.2
68,24,19,3.0,2034.7
68,24,20,2.0,1528.0
68,24,21,1.0,1201.0
68,24,22,2.0,1444.5
68,24,23,1.0,1285.0
68,25,0,4.0,1375.2
68,25,1,2.0,1283.0
68,25,5,5.0,1797.4
68,26,2,1.0,1354.0
68,26,6,1.0,2910.0
68,26,7,1.0,2482.0
68,26,8,6.0,2894.0
68,26,9,2.0,2206.0
68,26,10,1.0,2147.0
68,26,11,3.0,1233.0
68,26,12,1.0,950.0
68,26,13,1.0,3361.0
68,26,14,1.0,1489.0
68,26,15,2.0,1874.0
68,26,17,2.0,2252.0
68,26,18,2.0,2210.0
68,26,19,1.0,1741.0
68,26,20,1.0,1059.0
68,26,21,1.0,1127.0
68,26,22,1.0,2528.0
68,26,23,1.0,1567.0
68,27,3,1.0,1381.0
68,28,0,3.0,1519.0
68,28,1,2.0,976.0
68,28,2,6.0,1054.7
68,28,3,4.0,863.2
68,28,4,3.0,1197.3
68,28,5,35.0,1312.8
68,28,6,46.0,1489.7
68,28,7,42.0,1845.2
68,28,8,45.0,2010.3
68,28,9,35.0,1723.5
68,28,10,32.0,1386.3
68,28,11,18.0,1271.8
68,28,12,24.0,1381.4
68,28,13,26.0,1279.2
68,28,14,30.0,1378.8
68,28,15,24.0,1581.6
68,28,16,21.0,1572.7
68,28,17,9.0,1539.6
68,28,18,17.0,1360.6
68,28,19,11.0,1219.5
68,28,20,11.0,1086.6
68,28,21,12.0,1151.5
68,28,22,10.0,1098.4
68,28,23,13.0,1105.2
68,29,0,2.0,1117.0
68,29,3,1.0,1556.0
68,29,7,6.0,2652.2
68,29,8,9.0,2551.6
68,29,9,10.0,2265.1
68,29,10,2.0,1818.5
68,29,11,3.0,2061.3
68,29,12,2.0,1766.0
68,29,13,3.0,1816.7
68,29,14,2.0,1655.5
68,29,15,4.0,1825.8
68,29,16,4.0,2184.2
68,29,17,4.0,2427.5
68,29,18,2.0,1929.0
68,29,19,3.0,1334.0
68,29,20,2.0,1590.5
68,29,21,4.0,1450.5
68,29,22,5.0,1561.8
68,29,23,6.0,1835.0
68,30,4,2.0,1159.0
68,31,4,6.0,1023.3
68,32,0,3.0,1061.3
68,32,1,1.0,1499.0
68,32,3,10.0,1053.9
68,32,4,17.0,1121.8
68,32,5,29.0,1069.8
68,32,6,47.0,1550.0
68,32,7,9.0,1556.9
68,32,8,6.0,1204.7
68,32,9,16.0,1921.1
68,32,10,13.0,1582.3
68,32,11,13.0,1150.3
68,32,12,24.0,1336.7
68,32,13,26.0,1283.7
68,32,14,11.0,1309.8
68,32,15,7.0,1393.7
68,32,16,7.0,1290.6
68,32,18,4.0,1060.2
68,32,19,4.0,946.8
68,32,20,4.0,1174.0
68,32,21,3.0,990.0
68,32,22,4.0,1038.5
68,32,23,6.0,1101.0
68,33,0,3.0,770.3
68,33,1,1.0,817.0
68,33,2,2.0,480.5
68,33,4,3.0,747.0
68,33,5,2.0,1254.0
68,33,6,8.0,1382.8
68,33,7,4.0,1516.8
68,33,8,32.0,1355.8
68,33,9,6.0,1122.2
68,33,10,7.0,996.0
68,33,11,2.0,856.0
68,33,12,4.0,728.5
68,33,13,10.0,1078.3
68,33,14,18.0,973.3
68,33,15,4.0,800.0
68,33,16,10.0,880.7
68,33,17,5.0,998.6
68,33,18,5.0,970.6
68,33,19,8.0,1008.5
68,33,20,4.0,747.2
68,33,21,4.0,709.0
68,33,22,3.0,760.0
68,33,23,3.0,801.7
68,34,0,6.0,627.0
68,34,5,3.0,2052.0
68,34,6,1.0,664.0
68,34,7,1.0,1153.0
68,34,8,4.0,880.0
68,34,9,1.0,700.0
68,34,11,1.0,645.0
68,34,12,2.0,1390.5
68,34,13,2.0,876.0
68,34,14,4.0,525.5
68,34,15,3.0,646.7
68,34,16,1.0,1537.0
68,34,17,4.0,644.5
68,34,18,8.0,697.4
68,34,19,4.0,728.8
68,34,20,3.0,616.0
68,34,21,2.0,425.0
68,34,22,8.0,511.1
68,34,23,1.0,510.0
68,35,0,3.0,569.3
68,35,4,3.0,881.7
68,35,5,1.0,688.0
68,36,0,1.0,719.0
68,36,1,1.0,872.0
68,36,2,1.0,951.0
68,36,5,1.0,525.0
68,36,7,2.0,1179.0
68,36,8,12.0,1197.7
68,36,9,2.0,971.0
68,36,10,2.0,791.5
68,36,11,1.0,818.0
68,36,12,1.0,1323.0
68,36,13,4.0,1006.0
68,36,14,3.0,972.0
68,36,15,2.0,1133.0
68,36,16,1.0,691.0
68,36,17,2.0,760.0
68,36,18,4.0,997.8
68,36,19,3.0,994.0
68,36,20,3.0,994.7
68,36,21,1.0,942.0
68,36,23,1.0,869.0
68,37,0,2.0,680.5
68,37,1,3.0,397.3
68,37,2,1.0,326.0
68,37,4,2.0,2908.5
68,37,5,3.0,297.3
68,37,6,4.0,303.8
68,37,7,3.0,437.0
68,37,8,12.0,673.5
68,37,9,8.0,532.9
68,37,10,8.0,456.5
68,37,11,10.0,431.3
68,37,12,4.0,447.8
68,37,13,9.0,428.0
68,37,14,9.0,375.2
68,37,15,3.0,615.7
68,37,16,5.0,556.8
68,37,17,8.0,276.6
68,37,18,7.0,363.9
68,37,20,4.0,355.2
68,37,21,2.0,414.0
68,37,22,5.0,479.2
68,37,23,2.0,533.0
68,38,1,3.0,646.3
68,38,2,2.0,564.0
68,38,4,3.0,622.3
68,39,0,3.0,713.7
68,39,2,2.0,528.0
68,39,4,1.0,669.0
68,39,6,2.0,831.0
68,39,7,4.0,1130.5
68,39,8,7.0,1114.3
68,39,9,7.0,779.4
68,39,10,5.0,895.8
68,39,11,8.0,996.8
68,39,12,3.0,939.7
68,39,13,4.0,1182.5
68,39,14,4.0,778.0
68,39,15,11.0,1085.7
68,39,16,16.0,1074.9
68,39,17,20.0,1200.0
68,39,18,12.0,1106.7
68,39,19,8.0,902.0
68,39,20,3.0,1483.3
68,39,21,4.0,887.0
68,39,22,1.0,903.0
68,39,23,3.0,868.3
68,40,0,19.0,323.6
68,40,1,12.0,525.5
68,40,2,6.0,346.2
68,40,3,1.0,262.0
68,40,4,2.0,690.5
68,40,6,4.0,444.0
68,40,7,15.0,602.1
68,40,8,23.0,591.3
68,40,9,8.0,399.4
68,40,10,6.0,523.5
68,40,11,17.0,509.1
68,40,12,17.0,519.2
68,40,13,22.0,532.2
68,40,14,10.0,571.7
68,40,15,12.0,655.1
68,40,16,23.0,497.1
68,40,17,14.0,402.1
68,40,18,28.0,657.7
68,40,19,25.0,488.8
68,40,20,10.0,477.0
68,40,21,14.0,408.2
68,40,22,13.0,518.0
68,40,23,13.0,428.8
68,41,1,2.0,724.5
68,41,2,5.0,436.0
68,41,4,3.0,1186.3
68,42,0,20.0,607.0
68,42,1,11.0,659.7
68,42,2,14.0,572.6
68,42,3,3.0,499.0
68,42,4,5.0,532.6
68,42,5,7.0,495.7
68,42,6,8.0,859.1
68,42,7,9.0,899.7
68,42,8,27.0,698.3
68,42,9,16.0,766.0
68,42,10,16.0,651.0
68,42,11,21.0,690.5
68,42,12,13.0,838.2
68,42,13,21.0,620.0
68,42,14,18.0,703.4
68,42,15,25.0,772.6
68,42,16,27.0,817.2
68,42,17,38.0,746.7
68,42,18,32.0,650.5
68,42,19,13.0,751.1
68,42,20,27.0,640.8
68,42,21,16.0,599.8
68,42,22,27.0,629.2
68,42,23,27.0,537.9
68,43,0,14.0,949.7
68,43,1,15.0,846.5
68,43,2,7.0,909.6
68,43,3,5.0,1114.6
68,43,4,3.0,852.3
68,43,5,3.0,962.7
68,43,6,1.0,726.0
68,43,23,9.0,902.3
68,44,0,10.0,648.3
68,44,1,8.0,765.4
68,44,2,3.0,574.3
68,44,3,8.0,328.1
68,44,4,9.0,512.8
68,44,5,2.0,581.0
68,44,6,6.0,781.0
68,44,7,53.0,650.5
68,44,8,38.0,717.6
68,44,9,38.0,616.9
68,44,10,26.0,639.5
68,44,11,16.0,568.8
68,44,12,41.0,749.6
68,44,13,15.0,820.7
68,44,14,18.0,873.4
68,44,15,28.0,884.8
68,44,16,21.0,1065.7
68,44,17,31.0,952.5
68,44,18,34.0,920.2
68,44,19,34.0,810.5
68,44,20,25.0,662.2
68,44,21,26.0,688.8
68,44,22,18.0,662.1
68,44,23,15.0,851.9
68,45,2,1.0,803.0
68,45,4,1.0,919.0
68,45,7,1.0,1062.0
68,45,8,4.0,1048.2
68,45,9,1.0,1008.0
68,45,10,4.0,1013.8
68,45,11,4.0,968.2
68,45,12,4.0,1463.5
68,45,13,3.0,956.0
68,45,14,2.0,1005.0
68,45,15,1.0,1864.0
68,45,16,6.0,1142.2
68,45,17,4.0,1245.0
68,45,18,9.0,1149.3
68,45,19,2.0,1079.5
68,45,20,1.0,1305.0
68,45,21,2.0,1037.5
68,45,22,3.0,791.3
68,45,23,2.0,953.0
68,46,0,2.0,1225.5
68,46,1,3.0,1031.3
68,46,2,3.0,1179.0
68,46,3,2.0,1139.0
68,46,4,2.0,1310.0
68,46,6,1.0,1478.0
68,46,7,6.0,1274.0
68,46,8,13.0,1224.5
68,46,9,6.0,1254.0
68,46,10,1.0,1433.0
68,46,11,6.0,1250.0
68,46,12,14.0,1060.1
68,46,13,7.0,1163.7
68,46,14,6.0,1151.7
68,46,15,3.0,1314.3
68,46,16,1.0,2107.0
68,46,17,6.0,1389.8
68,46,18,6.0,1325.5
68,46,19,7.0,1331.6
68,46,20,6.0,1225.7
68,46,21,6.0,1613.8
68,46,22,9.0,1194.0
68,46,23,4.0,1400.0
68,47,2,8.0,848.6
68,47,4,2.0,930.0
68,47,5,8.0,803.0
68,48,0,1.0,743.0
68,48,1,1.0,736.0
68,48,5,4.0,740.8
68,49,0,11.0,703.5
68,49,2,1.0,578.0
68,49,3,3.0,1313.3
68,49,4,6.0,737.0
68,49,5,7.0,716.6
68,49,6,6.0,735.0
68,49,7,23.0,1194.4
68,49,8,13.0,1054.2
68,49,9,15.0,918.1
68,49,10,7.0,830.3
68,49,11,9.0,834.0
68,49,12,11.0,875.4
68,49,13,13.0,1037.8
68,49,14,10.0,1053.5
68,49,15,10.0,1281.4
68,49,16,14.0,1742.5
68,49,17,24.0,1542.6
68,49,18,12.0,1660.7
68,49,19,8.0,945.5
68,49,20,21.0,959.3
68,49,21,10.0,832.5
68,49,22,11.0,806.1
68,49,23,10.0,1222.1
68,50,1,1.0,1132.0
68,50,5,6.0,1351.8
68,50,7,1.0,781.0
68,50,8,9.0,1094.9
68,50,9,4.0,1018.5
68,50,10,1.0,785.0
68,50,12,2.0,1006.5
68,50,13,4.0,1303.5
68,50,14,2.0,906.0
68,50,15,2.0,1567.0
68,50,16,3.0,1994.0
68,50,17,2.0,1664.0
68,50,18,4.0,1689.8
68,50,19,4.0,1251.5
68,50,20,3.0,1096.7
68,50,22,2.0,1380.5
68,50,23,2.0,1489.5
68,51,0,1.0,1678.0
68,51,1,1.0,919.0
68,51,2,1.0,1013.0
68,51,4,2.0,959.5
68,51,5,9.0,1305.3
68,51,8,4.0,1000.5
68,51,9,3.0,1060.0
68,51,11,1.0,962.0
68,51,12,1.0,1309.0
68,51,13,1.0,1279.0
68,51,14,1.0,1200.0
68,51,15,2.0,1593.0
68,51,16,5.0,1906.8
68,51,17,6.0,1838.2
68,51,19,1.0,1695.0
68,51,20,5.0,1275.6
68,51,21,6.0,1056.8
68,51,23,1.0,1562.0
68,52,10,1.0,1212.0
68,52,11,4.0,1163.0
68,52,12,4.0,1508.2
68,52,13,1.0,1657.0
68,52,15,1.0,1273.0
68,53,1,3.0,1253.7
68,53,2,1.0,1012.0
68,53,5,1.0,1165.0
68,54,1,2.0,1073.0
68,54,3,3.0,1091.7
68,54,6,1.0,1097.0
68,54,11,1.0,1387.0
68,54,12,1.0,1537.0
68,54,13,1.0,1479.0
68,54,20,1.0,904.0
68,54,22,1.0,806.0
68,54,23,1.0,767.0
68,56,3,9.0,1144.9
68,56,4,5.0,1384.2
68,56,5,7.0,1241.6
68,56,6,2.0,1647.5
68,56,7,5.0,1703.2
68,56,8,1.0,1514.0
68,56,9,2.0,1597.5
68,56,10,2.0,1675.0
68,56,11,12.0,1312.8
68,56,12,6.0,1364.0
68,56,13,8.0,1555.9
68,56,14,9.0,1892.4
68,56,15,4.0,2207.0
68,56,16,5.0,2058.8
68,56,17,3.0,2260.0
68,56,18,1.0,1626.0
68,56,20,2.0,1368.0
68,56,21,2.0,1319.5
68,56,22,1.0,1387.0
68,57,4,3.0,1364.0
68,58,1,1.0,740.0
68,58,2,1.0,1093.0
68,58,4,4.0,1181.0
68,58,5,7.0,981.1
68,58,7,3.0,1385.7
68,58,9,4.0,1086.0
68,58,10,1.0,683.0
68,58,11,1.0,945.0
68,58,12,5.0,874.4
68,58,13,5.0,1325.0
68,58,14,2.0,1310.5
68,58,15,5.0,1682.8
68,58,16,3.0,1379.3
68,58,17,2.0,1085.5
68,58,18,1.0,1101.0
68,58,20,1.0,1159.0
68,58,21,3.0,1247.7
68,58,22,2.0,837.5
68,58,23,1.0,820.0
68,59,4,1.0,832.0
68,59,5,5.0,883.4
68,60,1,1.0,817.0
68,61,0,5.0,346.4
68,61,1,3.0,552.7
68,61,2,2.0,458.5
68,61,4,4.0,442.5
68,61,5,17.0,741.3
68,61,6,13.0,596.7
68,61,7,14.0,692.6
68,61,8,13.0,639.0
68,61,9,20.0,513.4
68,61,10,16.0,635.7
68,61,11,14.0,704.8
68,61,12,23.0,598.3
68,61,13,21.0,746.8
68,61,14,22.0,698.5
68,61,15,18.0,748.5
68,61,16,25.0,662.6
68,61,17,19.0,741.9
68,61,18,10.0,625.4
68,61,19,6.0,723.8
68,61,20,23.0,619.3
68,61,21,12.0,584.8
68,61,22,17.0,515.8
68,61,23,15.0,605.7
68,62,6,1.0,1117.0
68,62,7,11.0,1786.1
68,62,8,3.0,1369.0
68,62,10,1.0,796.0
68,62,14,2.0,2077.5
68,62,15,1.0,2003.0
68,62,16,2.0,1607.5
68,62,17,2.0,1465.5
68,62,18,1.0,1432.0
68,63,0,1.0,540.0
68,63,2,1.0,1012.0
68,63,4,2.0,590.0
68,64,3,1.0,1162.0
68,64,4,1.0,1065.0
68,64,5,1.0,1097.0
68,64,6,1.0,1267.0
68,64,7,1.0,2104.0
68,64,9,2.0,1797.0
68,64,10,3.0,1398.3
68,64,11,5.0,1392.6
68,64,12,3.0,1141.0
68,64,13,3.0,1455.3
68,64,14,1.0,1540.0
68,64,17,1.0,1448.0
68,64,22,5.0,1128.0
68,65,0,1.0,974.0
68,65,4,1.0,1055.0
68,65,5,1.0,1173.0
68,65,6,12.0,1118.6
68,65,7,3.0,1083.0
68,65,8,2.0,1146.5
68,65,9,3.0,1154.0
68,65,10,1.0,1109.0
68,65,11,2.0,1241.0
68,65,12,2.0,1542.5
68,65,13,3.0,1552.0
68,65,14,5.0,1449.0
68,65,15,1.0,2696.0
68,65,16,5.0,1661.4
68,65,17,2.0,1306.0
68,65,18,2.0,2329.5
68,65,19,1.0,991.0
68,65,21,3.0,1105.3
68,66,0,19.0,747.9
68,66,1,8.0,824.1
68,66,2,5.0,770.2
68,66,3,5.0,575.0
68,66,4,3.0,723.7
68,66,5,2.0,545.0
68,66,6,5.0,607.0
68,66,23,10.0,616.9
68,67,0,19.0,520.1
68,67,1,9.0,419.8
68,67,2,7.0,390.3
68,67,3,5.0,400.0
68,67,4,15.0,465.4
68,67,5,17.0,425.6
68,67,6,6.0,342.0
68,67,23,12.0,377.1
68,68,1,15.0,301.3
68,68,2,20.0,513.2
68,68,3,17.0,504.8
68,68,4,14.0,325.1
68,69,0,21.0,542.7
68,69,1,8.0,530.9
68,69,2,7.0,327.0
68,69,3,3.0,483.7
68,69,4,15.0,325.7
68,69,5,11.0,470.1
68,69,6,25.0,373.8
68,69,7,47.0,476.2
68,69,8,51.0,403.0
68,69,9,31.0,502.3
68,69,10,32.0,491.2
68,69,11,26.0,482.5
68,69,12,38.0,477.7
68,69,13,41.0,680.1
68,69,14,46.0,498.3
68,69,15,54.0,563.7
68,69,16,68.0,857.7
68,69,17,52.0,626.8
68,69,18,46.0,621.7
68,69,19,55.0,607.0
68,69,20,49.0,503.2
68,69,21,34.0,489.4
68,69,22,23.0,465.5
68,69,23,39.0,479.1
68,70,0,2.0,605.5
68,70,1,3.0,1147.7
68,70,2,1.0,819.0
68,70,3,11.0,553.1
68,70,6,1.0,815.0
68,70,7,8.0,1157.6
68,70,8,18.0,1040.5
68,70,9,5.0,1280.0
68,70,10,4.0,1105.8
68,70,11,12.0,1040.5
68,70,12,13.0,1103.9
68,70,13,10.0,1130.7
68,70,14,5.0,1186.2
68,70,15,10.0,1402.9
68,70,16,12.0,1374.4
68,70,17,13.0,1425.9
68,70,18,9.0,1141.6
68,70,19,9.0,1153.6
68,70,20,11.0,1073.7
68,70,21,7.0,1055.3
68,70,22,4.0,865.2
68,71,0,23.0,569.6
68,71,1,7.0,506.4
68,71,2,5.0,534.8
68,71,3,8.0,448.0
68,71,4,3.0,393.7
68,71,5,7.0,263.6
68,71,6,15.0,457.9
68,71,7,12.0,567.7
68,71,8,44.0,431.5
68,71,9,34.0,541.3
68,71,10,26.0,627.5
68,71,11,24.0,513.6
68,71,12,34.0,637.2
68,71,13,33.0,586.3
68,71,14,30.0,663.0
68,71,15,54.0,648.5
68,71,16,45.0,799.2
68,71,17,44.0,679.0
68,71,18,51.0,642.9
68,71,19,38.0,700.1
68,71,20,52.0,616.8
68,71,21,26.0,562.8
68,71,22,30.0,658.7
68,71,23,36.0,536.3
68,72,2,1.0,648.0
68,72,6,1.0,678.0
68,72,9,3.0,1343.7
68,72,10,1.0,1057.0
68,72,11,1.0,881.0
68,72,14,2.0,1011.5
68,72,16,1.0,1158.0
68,72,17,7.0,1825.3
68,72,18,1.0,1288.0
68,72,19,2.0,1704.0
68,73,0,1.0,505.0
68,73,1,1.0,756.0
68,73,2,1.0,1072.0
68,73,3,1.0,599.0
68,73,5,4.0,703.8
68,73,6,1.0,799.0
68,73,7,9.0,739.7
68,73,8,5.0,921.2
68,73,9,6.0,714.0
68,73,10,2.0,890.5
68,73,11,5.0,804.4
68,73,12,3.0,965.0
68,73,13,11.0,835.2
68,73,14,4.0,1077.0
68,73,15,10.0,965.9
68,73,16,4.0,964.5
68,73,17,3.0,1014.7
68,73,18,3.0,933.3
68,73,19,12.0,975.0
68,73,20,5.0,791.8
68,73,21,4.0,883.0
68,73,22,6.0,821.7
68,73,23,2.0,1486.0
68,75,0,1.0,748.0
68,75,3,1.0,730.0
68,75,5,1.0,809.0
68,75,6,1.0,881.0
68,75,7,1.0,783.0
68,75,8,2.0,1240.0
68,75,9,6.0,808.0
68,75,10,3.0,1105.7
68,75,11,4.0,957.8
68,75,12,7.0,1065.9
68,75,13,5.0,1070.6
68,75,14,2.0,1706.0
68,75,15,2.0,1543.0
68,75,16,6.0,1651.3
68,75,17,4.0,2469.2
68,75,18,2.0,1792.0
68,75,19,4.0,1298.0
68,75,20,2.0,924.0
68,75,21,1.0,859.0
68,75,22,2.0,975.0
68,75,23,1.0,722.0
68,76,0,1.0,1880.0
68,76,2,2.0,2291.0
68,76,4,3.0,2000.7
68,76,5,1.0,3730.0
68,76,8,1.0,3233.0
68,76,9,4.0,3090.0
68,76,10,5.0,2704.6
68,76,12,3.0,3856.7
68,76,13,3.0,3071.3
68,76,16,1.0,6457.0
68,76,18,2.0,4414.0
68,76,19,4.0,2665.0
68,76,20,2.0,2504.5
68,76,21,1.0,2642.0
68,76,22,1.0,2581.0
68,76,23,1.0,2025.0
68,77,0,2.0,1556.5
69,2,1,1.0,1674.0
69,2,6,3.0,2575.3
69,2,15,1.0,3503.0
69,2,19,2.0,2508.5
69,2,23,1.0,2706.0
69,3,5,1.0,1463.0
69,4,0,1.0,1491.0
69,4,10,1.0,2018.0
69,4,16,1.0,3497.0
69,4,17,1.0,3562.0
69,4,21,1.0,2455.0
69,4,23,1.0,1968.0
69,5,5,1.0,1663.0
69,5,6,2.0,2646.5
69,5,7,9.0,2713.4
69,5,8,10.0,2636.7
69,5,9,7.0,2228.0
69,5,10,6.0,2560.0
69,5,12,2.0,1526.0
69,5,13,1.0,2713.0
69,5,15,1.0,3515.0
69,5,17,1.0,3214.0
69,6,0,1.0,1667.0
69,6,1,4.0,1475.0
69,6,2,3.0,1141.0
69,6,3,1.0,1193.0
69,6,4,1.0,1050.0
69,6,5,1.0,1706.0
69,6,6,11.0,2299.6
69,6,7,7.0,2383.3
69,6,8,4.0,2873.0
69,6,9,3.0,1508.0
69,6,10,1.0,2682.0
69,6,11,3.0,1837.7
69,6,12,4.0,2130.5
69,6,13,5.0,1783.8
69,6,14,3.0,1786.7
69,6,15,5.0,2641.4
69,6,16,2.0,2135.5
69,6,17,1.0,2987.0
69,6,18,4.0,2245.8
69,6,19,3.0,2172.0
69,6,20,2.0,2061.5
69,6,21,1.0,1868.0
69,6,22,3.0,2228.7
69,6,23,3.0,1883.7
69,7,4,1.0,1236.0
69,7,5,1.0,1487.0
69,7,6,1.0,1988.0
69,8,0,4.0,1057.8
69,8,1,1.0,984.0
69,8,2,1.0,959.0
69,8,4,4.0,1270.5
69,8,5,17.0,1563.8
69,8,6,42.0,1790.5
69,8,7,38.0,2510.0
69,8,8,15.0,2600.7
69,8,9,27.0,1928.9
69,8,10,18.0,1750.8
69,8,11,12.0,1679.1
69,8,12,14.0,1398.8
69,8,13,6.0,1515.8
69,8,14,26.0,1733.0
69,8,15,22.0,1842.3
69,8,16,18.0,2192.9
69,8,17,11.0,2211.5
69,8,18,18.0,1958.8
69,8,19,8.0,1420.5
69,8,20,6.0,1554.3
69,8,21,21.0,1289.4
69,8,22,17.0,1309.2
69,8,23,13.0,1381.4
69,12,11,1.0,2994.0
69,12,13,1.0,3300.0
69,13,13,1.0,2114.0
69,14,21,2.0,1646.0
69,15,7,1.0,3014.0
69,15,13,1.0,3772.0
69,15,14,1.0,2181.0
69,15,15,1.0,3615.0
69,15,22,1.0,1752.0
69,16,6,1.0,2176.0
69,16,8,1.0,2621.0
69,16,9,1.0,2208.0
69,16,20,1.0,2266.0
69,19,5,3.0,1770.0
69,19,8,1.0,3206.0
69,19,9,1.0,2446.0
69,19,10,1.0,3006.0
69,19,19,1.0,1929.0
69,19,21,1.0,2122.0
69,20,18,1.0,2096.0
69,21,1,1.0,1024.0
69,22,0,1.0,1228.0
69,22,1,1.0,1595.0
69,22,2,1.0,1282.0
69,22,3,2.0,1064.0
69,22,4,1.0,1498.0
69,22,7,2.0,3327.5
69,22,9,4.0,2067.8
69,22,12,1.0,1857.0
69,22,14,2.0,2384.5
69,22,15,1.0,1622.0
69,22,16,2.0,2395.5
69,22,17,2.0,2653.0
69,22,18,1.0,1840.0
69,22,20,1.0,1350.0
69,22,21,1.0,1321.0
69,22,22,2.0,1412.5
69,22,23,1.0,1524.0
69,23,1,2.0,1276.0
69,23,2,1.0,1744.0
69,23,5,3.0,2033.7
69,23,6,4.0,1858.8
69,23,7,1.0,2705.0
69,23,8,2.0,2525.0
69,23,9,3.0,3097.0
69,23,10,1.0,1621.0
69,23,11,2.0,1843.0
69,23,15,6.0,2624.5
69,23,17,1.0,3469.0
69,23,18,3.0,1718.3
69,23,19,1.0,1371.0
69,23,20,1.0,1818.0
69,23,21,1.0,1427.0
69,23,23,2.0,1386.5
69,24,2,1.0,1270.0
69,24,4,1.0,955.0
69,24,5,2.0,1181.0
69,24,6,13.0,1711.1
69,24,7,16.0,2847.9
69,24,8,9.0,2021.9
69,24,9,9.0,2161.1
69,24,10,9.0,1764.3
69,24,11,5.0,1958.2
69,24,12,2.0,1311.0
69,24,13,4.0,2177.5
69,24,14,1.0,1292.0
69,24,15,4.0,2437.5
69,24,16,7.0,2355.9
69,24,17,3.0,2275.0
69,24,18,7.0,1847.7
69,24,19,3.0,1717.7
69,24,20,2.0,1106.5
69,24,21,2.0,1121.5
69,24,22,5.0,1357.2
69,24,23,2.0,1851.5
69,25,2,4.0,1453.5
69,25,4,2.0,1226.5
69,26,0,2.0,1035.0
69,26,1,4.0,1007.5
69,26,2,1.0,1065.0
69,26,3,2.0,1012.0
69,26,6,5.0,2024.6
69,26,7,8.0,2113.6
69,26,8,5.0,2225.4
69,26,9,2.0,1520.5
69,26,10,1.0,2142.0
69,26,11,3.0,1384.7
69,26,13,3.0,1484.7
69,26,14,1.0,1432.0
69,26,16,3.0,3043.3
69,26,17,1.0,1910.0
69,26,18,3.0,2419.0
69,26,19,2.0,1553.0
69,26,20,3.0,1182.0
69,26,21,1.0,993.0
69,26,23,1.0,980.0
69,27,0,2.0,1060.0
69,27,5,1.0,1682.0
69,27,6,2.0,2550.5
69,27,21,1.0,1121.0
69,27,22,1.0,1784.0
69,28,0,3.0,995.0
69,28,1,4.0,876.8
69,28,2,8.0,873.5
69,28,4,14.0,1217.9
69,28,5,26.0,1258.5
69,28,6,28.0,1547.6
69,28,7,4.0,1728.8
69,28,22,1.0,541.0
69,28,23,16.0,926.1
69,29,0,1.0,1231.0
69,29,1,1.0,1244.0
69,29,3,1.0,1274.0
69,29,4,2.0,1245.5
69,29,6,1.0,1795.0
69,29,7,1.0,2779.0
69,29,8,5.0,2634.4
69,29,9,5.0,2740.4
69,29,10,6.0,1881.5
69,29,11,3.0,1716.0
69,29,12,3.0,1282.3
69,29,13,5.0,1671.4
69,29,14,3.0,2749.3
69,29,15,2.0,1467.0
69,29,16,4.0,2409.8
69,29,17,4.0,2582.2
69,29,18,1.0,2895.0
69,29,19,5.0,1688.4
69,29,20,3.0,1704.0
69,29,21,3.0,1573.3
69,29,22,4.0,1340.5
69,29,23,7.0,1251.1
69,30,2,1.0,1108.0
69,30,3,1.0,1625.0
69,30,5,2.0,1145.5
69,31,0,1.0,615.0
69,31,2,1.0,942.0
69,31,3,5.0,717.2
69,31,4,4.0,1095.8
69,31,5,6.0,1174.0
69,31,6,16.0,1385.7
69,31,7,5.0,1614.2
69,31,8,6.0,1734.5
69,31,9,3.0,863.7
69,31,10,1.0,1628.0
69,31,11,3.0,1047.7
69,31,12,10.0,1090.2
69,31,14,7.0,1127.9
69,31,15,2.0,1640.0
69,31,16,6.0,1413.2
69,31,17,4.0,1604.8
69,31,18,1.0,1396.0
69,31,19,7.0,1269.9
69,31,20,1.0,690.0
69,31,21,2.0,1259.0
69,31,22,5.0,1247.0
69,31,23,2.0,1079.5
69,32,0,3.0,1083.7
69,32,1,3.0,1189.0
69,32,2,6.0,1059.0
69,32,3,9.0,966.3
69,32,4,26.0,1202.0
69,32,5,26.0,1250.3
69,32,6,50.0,1522.6
69,32,7,84.0,2078.3
69,32,8,68.0,2397.4
69,32,9,38.0,1998.1
69,32,10,54.0,1436.5
69,32,11,35.0,1291.5
69,32,12,27.0,1397.0
69,32,13,25.0,1462.5
69,32,14,28.0,1307.4
69,32,15,27.0,1465.0
69,32,16,26.0,1486.1
69,32,17,18.0,1808.5
69,32,18,15.0,1439.5
69,32,19,6.0,1345.0
69,32,20,4.0,934.5
69,32,21,16.0,1084.5
69,32,22,12.0,1078.2
69,32,23,10.0,1177.4
69,33,0,1.0,874.0
69,33,1,2.0,1402.0
69,33,3,1.0,695.0
69,33,5,1.0,1069.0
69,34,6,3.0,824.3
69,34,7,6.0,1179.2
69,34,8,10.0,1242.9
69,34,9,3.0,994.7
69,34,10,3.0,721.7
69,34,11,1.0,633.0
69,34,13,2.0,674.5
69,34,14,2.0,1262.5
69,34,15,3.0,644.7
69,34,16,2.0,783.0
69,34,17,4.0,809.2
69,34,18,2.0,485.0
69,34,19,2.0,754.0
69,34,20,5.0,941.4
69,34,21,3.0,720.3
69,34,22,3.0,559.7
69,34,23,1.0,514.0
69,35,0,1.0,865.0
69,35,1,1.0,874.0
69,35,2,5.0,780.2
69,35,3,1.0,634.0
69,35,4,2.0,618.5
69,35,5,18.0,733.0
69,36,0,1.0,816.0
69,36,3,1.0,585.0
69,36,5,1.0,752.0
69,36,6,1.0,1104.0
69,36,8,5.0,1026.4
69,36,9,3.0,983.7
69,36,10,3.0,1031.7
69,36,12,8.0,1139.8
69,36,13,5.0,1013.6
69,36,14,4.0,859.8
69,36,15,2.0,1212.5
69,36,16,3.0,885.3
69,36,18,4.0,1016.0
69,36,19,2.0,1183.0
69,36,20,4.0,1085.2
69,36,22,2.0,961.5
69,36,23,1.0,840.0
69,37,1,1.0,440.0
69,37,5,1.0,461.0
69,37,6,5.0,615.4
69,37,7,4.0,638.8
69,37,8,12.0,728.4
69,37,9,6.0,603.7
69,37,10,3.0,799.0
69,37,11,8.0,565.6
69,37,12,5.0,512.8
69,37,13,3.0,617.3
69,37,14,4.0,518.8
69,37,15,3.0,468.7
69,37,16,2.0,531.0
69,37,17,4.0,998.8
69,37,18,5.0,538.8
69,37,19,10.0,598.1
69,37,20,5.0,549.4
69,37,21,2.0,427.5
69,38,0,7.0,564.7
69,38,1,4.0,653.2
69,38,2,5.0,552.2
69,38,3,6.0,706.7
69,38,4,4.0,598.2
69,38,5,5.0,492.8
69,38,6,11.0,555.9
69,38,7,19.0,983.8
69,38,8,25.0,957.2
69,38,9,29.0,789.4
69,38,10,16.0,796.4
69,38,11,13.0,726.1
69,38,12,15.0,778.7
69,38,13,18.0,773.4
69,38,14,23.0,765.3
69,38,15,24.0,844.2
69,38,16,16.0,834.4
69,38,17,22.0,857.1
69,38,18,21.0,762.2
69,38,19,24.0,700.2
69,38,20,20.0,805.9
69,38,21,21.0,691.8
69,38,22,12.0,703.8
69,38,23,18.0,738.9
69,39,0,4.0,1063.8
69,39,1,4.0,800.2
69,39,2,1.0,744.0
69,39,3,2.0,869.5
69,39,4,9.0,683.2
69,39,5,2.0,650.0
69,39,6,3.0,827.3
69,39,9,1.0,855.0
69,39,10,11.0,1006.1
69,39,11,8.0,994.5
69,39,14,2.0,866.0
69,39,20,1.0,552.0
69,39,21,3.0,704.7
69,39,22,4.0,837.2
69,39,23,3.0,784.7
69,40,0,7.0,385.4
69,40,1,8.0,561.6
69,40,2,3.0,379.0
69,40,3,2.0,373.5
69,40,4,2.0,475.5
69,40,5,6.0,443.2
69,40,6,7.0,413.9
69,40,7,10.0,552.3
69,40,8,17.0,712.6
69,40,9,6.0,517.3
69,40,10,14.0,544.2
69,40,11,5.0,704.0
69,40,12,8.0,451.9
69,40,13,17.0,453.1
69,40,14,15.0,574.9
69,40,15,7.0,595.7
69,40,16,10.0,647.3
69,40,17,23.0,585.6
69,40,18,22.0,625.9
69,40,19,15.0,561.8
69,40,20,15.0,647.1
69,40,21,12.0,554.2
69,40,22,7.0,524.9
69,40,23,11.0,513.1
69,41,0,1.0,997.0
69,41,1,3.0,747.0
69,41,2,1.0,504.0
69,41,4,1.0,966.0
69,41,5,9.0,620.6
69,41,6,11.0,715.9
69,41,23,3.0,785.7
69,42,0,22.0,500.9
69,42,1,12.0,429.5
69,42,2,13.0,413.7
69,42,3,7.0,463.9
69,42,4,8.0,418.5
69,42,5,3.0,567.0
69,42,6,16.0,502.2
69,42,7,36.0,673.7
69,42,8,47.0,699.9
69,42,9,37.0,528.3
69,42,10,27.0,562.5
69,42,11,28.0,533.2
69,42,12,30.0,576.6
69,42,13,32.0,553.8
69,42,14,16.0,681.4
69,42,15,30.0,510.8
69,42,16,41.0,551.0
69,42,17,46.0,648.6
69,42,18,29.0,614.7
69,42,19,37.0,501.2
69,42,20,44.0,529.7
69,42,21,30.0,538.6
69,42,22,36.0,446.5
69,42,23,33.0,502.2
69,43,0,59.0,599.0
69,43,1,41.0,631.8
69,43,2,25.0,687.4
69,43,3,15.0,565.1
69,43,4,8.0,600.4
69,43,5,13.0,540.8
69,43,6,16.0,508.8
69,43,7,48.0,643.8
69,43,8,75.0,648.0
69,43,9,46.0,576.1
69,43,10,52.0,565.3
69,43,11,46.0,654.6
69,43,12,47.0,576.6
69,43,13,38.0,654.1
69,43,14,55.0,612.9
69,43,15,50.0,743.3
69,43,16,87.0,687.5
69,43,17,69.0,798.4
69,43,18,96.0,706.0
69,43,19,69.0,672.8
69,43,20,65.0,741.4
69,43,21,80.0,723.1
69,43,22,59.0,682.8
69,43,23,70.0,656.9
69,44,0,12.0,347.1
69,44,1,12.0,413.5
69,44,2,8.0,332.9
69,44,3,11.0,347.3
69,44,4,17.0,432.7
69,44,5,29.0,405.0
69,44,6,10.0,382.6
69,44,7,93.0,510.9
69,44,8,73.0,449.1
69,44,9,62.0,482.7
69,44,10,49.0,470.4
69,44,11,50.0,497.4
69,44,12,40.0,361.3
69,44,13,54.0,461.0
69,44,14,61.0,572.2
69,44,15,58.0,651.1
69,44,16,84.0,605.3
69,44,17,71.0,548.4
69,44,18,90.0,626.4
69,44,19,72.0,498.3
69,44,20,67.0,448.7
69,44,21,67.0,424.1
69,44,22,38.0,388.5
69,44,23,40.0,477.7
69,45,0,9.0,503.4
69,45,1,7.0,767.4
69,45,2,4.0,580.2
69,45,3,1.0,422.0
69,45,5,3.0,442.0
69,45,6,2.0,497.5
69,45,23,7.0,537.6
69,46,0,10.0,912.6
69,46,1,10.0,736.6
69,46,2,5.0,810.4
69,46,3,1.0,885.0
69,46,4,1.0,456.0
69,46,5,3.0,907.7
69,47,1,1.0,531.0
69,47,2,2.0,631.0
69,47,3,1.0,601.0
69,47,4,4.0,787.0
69,47,5,15.0,588.6
69,47,6,6.0,606.8
69,47,7,6.0,715.3
69,47,8,12.0,596.9
69,47,9,11.0,775.5
69,47,10,2.0,842.5
69,47,11,3.0,884.7
69,47,12,1.0,1059.0
69,47,13,1.0,824.0
69,47,14,6.0,831.2
69,47,15,4.0,763.5
69,47,16,3.0,816.7
69,47,17,2.0,1286.0
69,47,18,2.0,689.5
69,47,19,2.0,536.0
69,47,20,2.0,624.5
69,47,21,3.0,587.7
69,47,22,1.0,553.0
69,47,23,2.0,704.0
69,48,0,2.0,629.0
69,48,1,5.0,737.4
69,48,2,3.0,843.0
69,48,5,1.0,683.0
69,48,6,7.0,797.1
69,48,7,3.0,619.0
69,48,8,8.0,856.9
69,48,9,11.0,633.5
69,48,10,2.0,504.5
69,48,11,5.0,706.0
69,48,12,4.0,650.8
69,48,13,9.0,905.2
69,48,14,7.0,980.7
69,48,15,5.0,812.4
69,48,16,8.0,954.4
69,48,17,4.0,981.0
69,48,18,7.0,948.4
69,48,19,6.0,1101.2
69,48,20,8.0,754.2
69,48,21,12.0,765.8
69,48,22,7.0,860.7
69,48,23,9.0,688.7
69,49,0,12.0,679.5
69,49,1,7.0,598.3
69,49,2,14.0,609.3
69,49,3,1.0,1104.0
69,49,4,5.0,784.2
69,49,5,3.0,707.7
69,49,6,7.0,737.3
69,49,7,25.0,891.0
69,49,8,44.0,794.9
69,49,9,14.0,754.3
69,49,10,20.0,696.6
69,49,11,24.0,809.2
69,49,12,16.0,692.5
69,49,13,7.0,813.3
69,49,14,20.0,929.0
69,49,15,25.0,1010.3
69,49,16,16.0,1146.4
69,49,17,27.0,1204.9
69,49,18,30.0,1027.3
69,49,19,23.0,992.1
69,49,20,32.0,877.5
69,49,21,23.0,757.8
69,49,22,16.0,789.0
69,49,23,15.0,728.7
69,50,3,1.0,955.0
69,50,4,1.0,658.0
69,51,0,2.0,652.5
69,51,1,4.0,817.5
69,51,2,1.0,1185.0
69,51,4,1.0,690.0
69,51,5,8.0,1413.2
69,51,7,2.0,714.5
69,51,8,6.0,895.8
69,51,9,5.0,942.8
69,51,10,4.0,910.5
69,51,11,2.0,1049.5
69,51,12,2.0,1085.0
69,51,13,3.0,1344.3
69,51,14,2.0,762.5
69,51,15,4.0,1516.8
69,51,16,3.0,1311.7
69,51,17,3.0,2112.3
69,51,18,8.0,1457.9
69,51,19,9.0,1172.2
69,51,20,4.0,949.5
69,51,21,4.0,1184.5
69,51,22,7.0,932.7
69,51,23,6.0,884.0
69,53,0,2.0,1132.0
69,53,1,1.0,1607.0
69,53,2,2.0,1456.5
69,53,3,1.0,767.0
69,53,5,3.0,1020.3
69,53,6,1.0,1300.0
69,53,7,10.0,1022.5
69,53,8,5.0,875.8
69,53,9,4.0,1119.0
69,53,10,3.0,1175.7
69,53,11,5.0,1062.8
69,53,12,10.0,1138.7
69,53,13,5.0,1516.8
69,53,14,2.0,1145.0
69,53,15,4.0,2418.5
69,53,16,7.0,1890.7
69,53,17,8.0,1724.4
69,53,18,12.0,1452.8
69,53,19,4.0,1425.0
69,53,20,8.0,1144.5
69,53,21,4.0,1037.8
69,53,22,10.0,1055.0
69,53,23,1.0,1073.0
69,54,2,1.0,937.0
69,54,3,1.0,973.0
69,55,1,1.0,1163.0
69,55,5,3.0,1427.3
69,56,0,1.0,1420.0
69,56,3,6.0,1663.3
69,56,4,6.0,1775.0
69,56,5,5.0,1651.8
69,56,6,2.0,1490.0
69,56,9,1.0,3333.0
69,56,10,1.0,2285.0
69,56,11,3.0,1916.7
69,56,12,3.0,1766.3
69,56,13,5.0,1849.8
69,56,14,3.0,1995.7
69,56,15,2.0,2314.0
69,56,17,1.0,2643.0
69,56,18,1.0,2077.0
69,56,19,1.0,1718.0
69,56,20,1.0,1657.0
69,56,22,1.0,1548.0
69,57,0,1.0,1027.0
69,57,3,1.0,1085.0
69,57,4,1.0,955.0
69,57,5,2.0,1175.5
69,57,7,8.0,1905.1
69,57,9,1.0,996.0
69,57,12,1.0,1463.0
69,57,17,1.0,2119.0
69,59,6,1.0,1018.0
69,59,9,1.0,1247.0
69,59,22,1.0,995.0
69,60,0,1.0,719.0
69,60,5,5.0,977.4
69,60,6,1.0,839.0
69,60,23,1.0,756.0
69,61,1,8.0,690.0
69,61,2,1.0,644.0
69,61,3,1.0,702.0
69,61,4,4.0,893.2
69,61,5,2.0,777.0
69,62,2,1.0,1321.0
69,62,8,2.0,2453.0
69,62,13,2.0,1542.0
69,62,14,1.0,3327.0
69,62,16,1.0,1605.0
69,62,19,1.0,1344.0
69,62,21,1.0,1448.0
69,63,0,2.0,1105.0
69,63,1,1.0,970.0
69,63,3,2.0,1014.5
69,63,4,1.0,697.0
69,63,6,4.0,1095.8
69,63,7,6.0,1477.8
69,63,8,4.0,1264.5
69,63,9,2.0,1276.5
69,63,10,3.0,865.7
69,63,11,1.0,1132.0
69,63,12,2.0,1166.0
69,63,13,2.0,1813.5
69,63,14,8.0,1324.4
69,63,15,4.0,1414.8
69,63,16,1.0,934.0
69,63,17,1.0,1115.0
69,63,19,3.0,1366.0
69,63,20,1.0,1082.0
69,63,22,1.0,1004.0
69,64,3,2.0,1415.5
69,64,8,1.0,2331.0
69,64,11,1.0,1888.0
69,64,13,1.0,1918.0
69,64,15,1.0,2569.0
69,64,17,1.0,1999.0
69,65,0,4.0,1263.2
69,65,1,2.0,1668.0
69,65,6,8.0,1491.2
69,65,7,3.0,1580.0
69,65,8,4.0,1614.2
69,65,9,3.0,1832.7
69,65,10,2.0,1327.5
69,65,11,2.0,1784.5
69,65,12,1.0,1961.0
69,65,13,3.0,1884.7
69,65,14,3.0,2029.3
69,65,15,4.0,1499.0
69,65,16,3.0,1646.0
69,65,17,5.0,1859.2
69,65,18,15.0,1595.2
69,65,19,1.0,1261.0
69,65,21,2.0,1294.0
69,65,22,1.0,1385.0
69,65,23,3.0,1382.0
69,66,0,10.0,951.4
69,66,1,5.0,841.8
69,66,2,10.0,965.5
69,66,3,4.0,901.5
69,66,4,2.0,750.0
69,66,6,10.0,979.4
69,66,7,5.0,923.8
69,66,8,11.0,1042.4
69,66,9,13.0,1050.0
69,66,10,9.0,1037.6
69,66,11,10.0,1166.4
69,66,12,10.0,1029.1
69,66,13,7.0,1062.6
69,66,14,17.0,1074.9
69,66,15,15.0,1326.9
69,66,16,22.0,1254.3
69,66,17,16.0,1178.0
69,66,18,18.0,1019.6
69,66,19,12.0,1095.1
69,66,20,20.0,928.0
69,66,21,18.0,997.7
69,66,22,15.0,960.3
69,66,23,13.0,824.9
69,67,1,5.0,630.8
69,67,2,11.0,681.9
69,67,3,6.0,439.5
69,67,4,5.0,688.4
69,68,1,15.0,480.1
69,68,2,8.0,458.5
69,68,3,9.0,475.2
69,68,4,14.0,288.4
69,68,5,3.0,526.0
69,69,0,73.0,387.1
69,69,1,43.0,346.0
69,69,2,30.0,332.3
69,69,3,24.0,311.6
69,69,4,50.0,350.5
69,69,5,44.0,283.1
69,69,6,58.0,469.0
69,69,7,113.0,473.1
69,69,8,128.0,585.1
69,69,9,117.0,456.5
69,69,10,95.0,426.8
69,69,11,70.0,416.8
69,69,12,71.0,490.4
69,69,13,75.0,479.2
69,69,14,83.0,574.1
69,69,15,116.0,566.1
69,69,16,107.0,464.1
69,69,17,114.0,477.1
69,69,18,116.0,469.6
69,69,19,93.0,458.6
69,69,20,92.0,553.9
69,69,21,77.0,366.0
69,69,22,67.0,370.1
69,69,23,71.0,420.8
69,70,0,1.0,651.0
69,70,1,3.0,988.7
69,70,2,1.0,711.0
69,70,3,4.0,835.8
69,70,4,13.0,788.8
69,70,5,8.0,736.0
69,71,0,30.0,535.6
69,71,1,25.0,614.6
69,71,2,14.0,597.6
69,71,3,11.0,434.4
69,71,4,3.0,724.7
69,71,5,8.0,554.2
69,71,6,12.0,508.9
69,71,7,11.0,762.0
69,71,8,3.0,517.3
69,71,9,19.0,660.7
69,71,10,16.0,604.8
69,71,11,10.0,543.8
69,71,12,23.0,709.8
69,71,13,16.0,714.1
69,71,14,14.0,722.4
69,71,15,28.0,799.9
69,71,16,11.0,669.2
69,71,17,4.0,581.0
69,71,18,10.0,715.1
69,71,19,25.0,668.2
69,71,20,26.0,653.7
69,71,21,32.0,593.6
69,71,22,31.0,618.0
69,71,23,36.0,513.5
69,72,0,1.0,630.0
69,72,2,2.0,618.5
69,72,7,5.0,1083.8
69,72,8,1.0,1208.0
69,72,9,3.0,916.7
69,72,10,4.0,1143.0
69,72,11,4.0,1026.8
69,72,12,2.0,1045.0
69,72,13,2.0,1841.0
69,72,14,6.0,1188.8
69,72,15,2.0,1448.0
69,72,16,1.0,1420.0
69,72,17,2.0,1453.0
69,72,18,1.0,1190.0
69,72,19,4.0,1044.8
69,72,20,1.0,1092.0
69,72,23,1.0,877.0
69,73,0,10.0,670.2
69,73,1,6.0,700.3
69,73,2,2.0,991.5
69,73,3,1.0,717.0
69,73,4,8.0,562.2
69,73,5,3.0,795.3
69,73,6,4.0,613.2
69,73,7,8.0,884.9
69,73,8,9.0,683.9
69,73,9,12.0,906.3
69,73,10,16.0,1027.7
69,73,11,5.0,968.0
69,73,12,9.0,740.6
69,73,13,10.0,1106.6
69,73,14,13.0,908.2
69,73,15,14.0,1243.9
69,73,16,14.0,1164.6
69,73,17,17.0,1075.7
69,73,18,17.0,1061.6
69,73,19,11.0,919.2
69,73,20,10.0,697.8
69,73,21,8.0,695.8
69,73,22,3.0,953.3
69,73,23,9.0,719.9
69,74,0,1.0,1263.0
69,74,1,1.0,935.0
69,74,3,1.0,1934.0
69,74,4,1.0,1626.0
69,74,5,1.0,1043.0
69,74,6,11.0,1377.8
69,74,7,3.0,1507.7
69,74,10,1.0,1270.0
69,74,11,2.0,1287.5
69,74,15,2.0,1883.0
69,74,17,1.0,1439.0
69,74,18,1.0,1706.0
69,75,0,1.0,845.0
69,75,2,1.0,638.0
69,75,6,2.0,966.5
69,75,7,12.0,929.8
69,75,9,5.0,1283.8
69,75,10,5.0,828.6
69,75,11,2.0,676.5
69,75,12,3.0,907.7
69,75,13,4.0,1234.2
69,75,14,7.0,1034.7
69,75,15,4.0,1754.5
69,75,16,5.0,1590.8
69,75,17,9.0,1375.2
69,75,18,5.0,1320.4
69,75,19,3.0,1357.3
69,75,20,3.0,849.7
69,75,21,5.0,1041.6
69,75,22,2.0,1187.0
69,75,23,1.0,739.0
69,76,3,12.0,1803.6
69,76,4,12.0,2011.5
69,76,5,9.0,2722.7
69,76,7,2.0,4816.5
69,76,8,3.0,4132.7
69,76,9,3.0,3258.7
69,76,10,1.0,3290.0
69,76,11,5.0,3898.0
69,76,12,4.0,3810.2
69,76,13,2.0,4009.0
69,76,14,4.0,4306.0
69,76,15,1.0,4896.0
69,76,16,2.0,3711.0
69,76,17,1.0,4013.0
69,76,19,3.0,3874.7
69,76,20,1.0,1794.0
69,76,21,1.0,2424.0
70,2,15,1.0,3574.0
70,3,1,1.0,2492.0
70,3,6,5.0,3095.8
70,3,10,1.0,2467.0
70,3,11,1.0,2860.0
70,3,13,1.0,2654.0
70,3,14,1.0,2540.0
70,3,17,1.0,3013.0
70,3,18,2.0,3025.5
70,3,22,1.0,2397.0
70,6,1,1.0,2134.0
70,7,4,1.0,2336.0
70,7,5,1.0,2673.0
70,8,2,1.0,1502.0
70,8,3,2.0,1706.5
70,8,4,12.0,2171.4
70,10,8,1.0,4758.0
70,10,11,1.0,3502.0
70,11,5,1.0,3350.0
70,13,13,1.0,4128.0
70,13,17,1.0,4892.0
70,13,19,1.0,2505.0
70,14,7,1.0,3196.0
70,14,13,1.0,2951.0
70,14,14,1.0,3588.0
70,14,20,1.0,3853.0
70,14,23,1.0,2179.0
70,15,9,2.0,3085.0
70,15,11,1.0,2625.0
70,15,13,1.0,3871.0
70,16,3,1.0,3047.0
70,19,2,3.0,2169.7
70,19,4,2.0,1955.0
70,19,5,1.0,2200.0
70,19,6,1.0,3566.0
70,19,7,1.0,3060.0
70,19,9,1.0,3040.0
70,20,15,1.0,3500.0
70,20,16,2.0,3391.0
70,20,23,1.0,2111.0
70,21,9,1.0,2881.0
70,21,19,1.0,2966.0
70,22,2,1.0,2052.0
70,23,1,1.0,2048.0
70,24,3,4.0,1354.8
70,24,5,6.0,3026.2
70,25,5,1.0,2357.0
70,25,6,1.0,2798.0
70,25,7,1.0,2065.0
70,25,8,1.0,2783.0
70,25,9,1.0,2930.0
70,25,13,1.0,1985.0
70,25,14,1.0,2914.0
70,25,16,3.0,3262.0
70,25,17,2.0,2819.0
70,25,18,2.0,2868.5
70,25,20,2.0,2371.5
70,25,21,1.0,1900.0
70,25,22,1.0,2543.0
70,25,23,1.0,1603.0
70,26,0,1.0,1375.0
70,26,1,2.0,1570.0
70,27,3,1.0,1564.0
70,27,5,1.0,1612.0
70,28,3,1.0,1668.0
70,28,4,2.0,2306.0
70,28,5,9.0,2401.0
70,28,6,26.0,2389.3
70,28,7,40.0,2982.1
70,28,8,25.0,2835.8
70,28,9,17.0,4270.1
70,28,10,11.0,5207.8
70,28,11,14.0,2112.3
70,28,12,12.0,2024.8
70,28,13,9.0,2439.7
70,28,14,10.0,2204.7
70,28,15,4.0,2842.5
70,28,16,4.0,2397.2
70,28,17,4.0,3120.2
70,28,18,6.0,2328.7
70,28,19,3.0,2025.0
70,28,20,5.0,1910.6
70,28,21,1.0,1386.0
70,28,22,7.0,1700.6
70,28,23,3.0,1782.7
70,30,0,2.0,1529.5
70,30,1,2.0,1418.5
70,30,2,1.0,1332.0
70,30,3,2.0,1467.0
70,30,6,9.0,1862.4
70,30,7,1.0,2405.0
70,30,9,8.0,1593.0
70,30,10,4.0,1543.2
70,30,11,4.0,2152.5
70,30,12,4.0,1572.2
70,30,13,1.0,1790.0
70,30,14,4.0,1958.2
70,30,16,2.0,2060.5
70,30,18,4.0,1708.8
70,30,19,2.0,1468.0
70,30,21,1.0,2200.0
70,30,23,2.0,1274.5
70,31,2,1.0,1545.0
70,32,3,1.0,1517.0
70,32,5,14.0,2237.2
70,32,6,8.0,2458.8
70,32,7,6.0,2297.0
70,33,0,1.0,1359.0
70,33,5,11.0,1824.5
70,33,6,14.0,1759.0
70,33,7,1.0,1618.0
70,33,8,2.0,2226.5
70,33,9,8.0,1991.1
70,33,10,3.0,1883.7
70,33,12,2.0,2229.0
70,33,13,3.0,1610.7
70,33,14,10.0,1835.6
70,33,16,1.0,1976.0
70,33,17,4.0,2120.5
70,33,18,4.0,1926.0
70,33,19,1.0,2119.0
70,33,20,2.0,1680.5
70,33,21,1.0,1809.0
70,33,23,1.0,1953.0
70,34,11,1.0,2327.0
70,34,16,1.0,1398.0
70,35,2,2.0,1190.5
70,36,3,1.0,1667.0
70,36,9,1.0,1929.0
70,36,14,1.0,1875.0
70,36,18,2.0,1570.5
70,36,19,1.0,1663.0
70,36,20,2.0,1312.5
70,37,5,1.0,1101.0
70,37,7,1.0,2080.0
70,37,14,1.0,1193.0
70,37,21,1.0,1043.0
70,38,0,1.0,1472.0
70,38,2,1.0,1471.0
70,38,7,1.0,2254.0
70,38,8,2.0,1739.0
70,38,9,13.0,15267.1
70,38,10,9.0,17577.6
70,38,11,2.0,1764.0
70,38,12,3.0,1375.7
70,38,13,2.0,1914.0
70,38,14,3.0,1755.0
70,38,15,2.0,2578.0
70,38,16,11.0,1791.1
70,38,17,2.0,1348.0
70,38,18,11.0,2003.2
70,38,19,10.0,1683.9
70,38,20,1.0,1170.0
70,38,21,1.0,1444.0
70,38,22,2.0,1433.5
70,38,23,5.0,1572.2
70,39,0,1.0,1428.0
70,39,3,1.0,1439.0
70,39,6,2.0,2982.5
70,39,7,8.0,2088.9
70,39,8,8.0,2109.4
70,39,9,4.0,1735.0
70,39,11,1.0,1875.0
70,39,13,1.0,1929.0
70,39,14,2.0,2248.0
70,39,15,1.0,1705.0
70,39,17,1.0,1931.0
70,39,18,2.0,2365.5
70,39,20,1.0,1323.0
70,39,21,1.0,1517.0
70,39,22,4.0,1597.5
70,39,23,1.0,1640.0
70,40,3,1.0,1321.0
70,40,8,9.0,1629.3
70,40,9,2.0,1646.0
70,40,10,4.0,1274.0
70,40,11,4.0,1576.5
70,40,12,2.0,1901.0
70,40,13,1.0,2180.0
70,40,14,2.0,1380.0
70,40,15,3.0,1581.7
70,40,16,1.0,1541.0
70,40,17,2.0,1706.0
70,40,18,3.0,1536.7
70,40,19,2.0,1757.5
70,40,20,5.0,1667.0
70,40,21,1.0,1637.0
70,40,22,2.0,1221.0
70,40,23,3.0,1159.3
70,41,2,1.0,1489.0
70,41,5,2.0,1700.5
70,41,6,1.0,1240.0
70,41,7,10.0,1950.2
70,41,8,5.0,2095.0
70,41,9,1.0,2174.0
70,41,10,7.0,1898.0
70,41,12,1.0,1601.0
70,41,13,3.0,2439.0
70,41,14,8.0,2111.9
70,41,15,4.0,1909.5
70,41,16,2.0,2162.5
70,41,17,1.0,2080.0
70,41,18,1.0,1942.0
70,41,19,2.0,1380.0
70,41,20,1.0,1240.0
70,41,21,3.0,1633.0
70,41,22,8.0,1412.6
70,41,23,1.0,1602.0
70,42,0,2.0,1500.0
70,42,1,1.0,1023.0
70,42,8,3.0,1508.7
70,42,9,3.0,1461.7
70,42,11,2.0,1656.0
70,42,12,1.0,1594.0
70,42,13,1.0,2034.0
70,42,14,6.0,1901.2
70,42,15,2.0,1997.5
70,42,16,6.0,1617.0
70,42,17,1.0,1535.0
70,42,18,3.0,2233.3
70,42,19,5.0,1895.6
70,42,20,2.0,1453.0
70,42,21,7.0,1317.9
70,42,22,5.0,1730.0
70,42,23,3.0,1631.3
70,43,0,4.0,1637.5
70,43,1,1.0,1466.0
70,43,2,3.0,1411.0
70,43,3,1.0,1244.0
70,43,4,2.0,1288.5
70,43,7,3.0,1805.3
70,43,10,1.0,2010.0
70,43,11,4.0,1816.5
70,43,12,2.0,1592.5
70,43,13,3.0,1923.0
70,43,16,2.0,1489.5
70,43,17,1.0,2207.0
70,43,19,1.0,2544.0
70,43,20,6.0,1708.8
70,43,21,2.0,2332.0
70,43,23,1.0,1531.0
70,44,2,3.0,848.7
70,44,4,4.0,953.8
70,45,2,1.0,1370.0
70,45,3,1.0,1547.0
70,46,0,4.0,2119.2
70,46,1,2.0,1385.5
70,46,3,2.0,1748.0
70,46,5,1.0,2015.0
70,46,7,4.0,1917.5
70,46,8,3.0,1900.7
70,46,10,1.0,1304.0
70,46,11,1.0,1963.0
70,46,12,1.0,1544.0
70,46,13,5.0,1768.4
70,46,14,1.0,1802.0
70,46,15,1.0,2141.0
70,46,16,1.0,1744.0
70,46,17,2.0,2180.5
70,46,18,3.0,2303.0
70,46,19,4.0,2422.8
70,46,20,5.0,1645.8
70,46,22,1.0,1660.0
70,46,23,2.0,2504.5
70,48,9,1.0,2461.0
70,48,10,1.0,1263.0
70,48,11,2.0,2061.5
70,48,12,1.0,1181.0
70,48,13,1.0,1321.0
70,48,15,1.0,2897.0
70,48,16,1.0,2341.0
70,48,19,1.0,1576.0
70,48,22,2.0,1502.0
70,49,1,1.0,1433.0
70,49,2,3.0,866.3
70,49,4,1.0,839.0
70,49,5,7.0,1185.4
70,49,7,1.0,1529.0
70,49,8,2.0,1282.0
70,49,9,8.0,1254.5
70,49,10,7.0,1431.7
70,49,11,15.0,1385.8
70,49,12,18.0,1407.2
70,49,13,4.0,1300.8
70,49,14,2.0,2009.5
70,49,15,4.0,1888.0
70,49,17,12.0,1582.0
70,49,18,15.0,1573.2
70,49,19,7.0,1291.7
70,49,20,6.0,1395.0
70,49,21,3.0,1196.7
70,49,22,6.0,1297.8
70,49,23,6.0,1086.7
70,50,2,2.0,1268.5
70,51,4,1.0,1458.0
70,51,5,11.0,1798.7
70,52,8,1.0,1914.0
70,52,13,1.0,1927.0
70,52,22,2.0,2014.5
70,52,23,1.0,1709.0
70,53,0,2.0,1187.5
70,53,3,1.0,1080.0
70,53,7,7.0,1432.7
70,53,8,2.0,1536.0
70,53,9,7.0,1331.0
70,53,10,6.0,1659.3
70,53,11,10.0,1666.9
70,53,12,6.0,1874.2
70,53,13,2.0,1640.0
70,53,14,2.0,1636.5
70,53,15,2.0,1639.5
70,53,16,6.0,1923.2
70,53,17,4.0,1707.2
70,53,18,2.0,1498.0
70,53,19,3.0,1526.7
70,53,20,5.0,1618.8
70,53,21,8.0,1294.0
70,53,22,6.0,1494.8
70,53,23,1.0,1745.0
70,54,2,1.0,1309.0
70,54,7,3.0,1635.3
70,54,13,1.0,1675.0
70,54,19,1.0,1859.0
70,54,22,1.0,2748.0
70,55,5,5.0,1990.8
70,56,0,2.0,1540.0
70,56,1,1.0,492.0
70,56,2,1.0,1165.0
70,56,3,12.0,897.2
70,56,4,16.0,866.7
70,56,5,20.0,937.8
70,56,6,15.0,1153.7
70,56,7,14.0,1230.9
70,56,8,8.0,1064.4
70,56,9,11.0,891.3
70,56,10,12.0,1046.3
70,56,11,12.0,1120.3
70,56,12,15.0,1082.4
70,56,13,18.0,998.9
70,56,14,12.0,1281.6
70,56,15,12.0,1412.4
70,56,16,4.0,1454.0
70,56,17,10.0,1233.6
70,56,18,7.0,1262.7
70,56,19,14.0,1312.6
70,56,20,8.0,1013.1
70,56,21,7.0,854.9
70,56,22,3.0,881.7
70,56,23,5.0,896.8
70,57,1,1.0,1024.0
70,57,3,1.0,677.0
70,57,4,1.0,870.0
70,57,5,5.0,1208.2
70,58,0,2.0,948.0
70,58,1,1.0,1768.0
70,58,2,1.0,858.0
70,58,3,6.0,1006.7
70,58,4,10.0,955.6
70,58,5,4.0,809.2
70,58,6,4.0,1370.2
70,58,7,9.0,1239.2
70,58,8,13.0,1085.2
70,58,9,4.0,917.8
70,58,10,5.0,1082.2
70,58,11,3.0,1073.3
70,58,12,4.0,1201.2
70,58,13,7.0,1287.7
70,58,14,3.0,1603.0
70,58,15,11.0,1467.6
70,58,16,6.0,1420.2
70,58,17,2.0,2243.5
70,58,18,7.0,1562.0
70,58,19,6.0,1344.5
70,58,20,5.0,1372.0
70,58,21,5.0,979.6
70,58,22,3.0,1144.0
70,58,23,4.0,1384.0
70,59,5,1.0,1258.0
70,59,6,9.0,1888.9
70,59,11,1.0,1645.0
70,59,12,5.0,1363.0
70,59,13,3.0,1818.3
70,59,14,4.0,2457.0
70,59,15,1.0,1533.0
70,59,16,1.0,1555.0
70,59,17,6.0,2114.3
70,59,19,1.0,1475.0
70,59,21,2.0,1576.5
70,59,23,1.0,1251.0
70,60,0,2.0,1562.0
70,60,2,1.0,1348.0
70,60,5,3.0,1680.3
70,60,6,1.0,2233.0
70,60,8,1.0,1956.0
70,60,9,2.0,1967.0
70,60,10,2.0,2007.0
70,60,11,1.0,1876.0
70,60,12,1.0,1794.0
70,60,13,2.0,1833.5
70,60,14,1.0,1541.0
70,60,20,3.0,1642.7
70,60,21,4.0,1852.5
70,60,22,1.0,1544.0
70,60,23,2.0,1427.5
70,61,0,7.0,1016.0
70,61,1,1.0,961.0
70,61,3,1.0,1818.0
70,61,4,1.0,966.0
70,61,5,7.0,1177.9
70,61,6,10.0,1052.0
70,61,7,12.0,1385.8
70,61,8,9.0,1320.0
70,61,9,13.0,1135.4
70,61,10,6.0,1032.7
70,61,11,4.0,1302.8
70,61,12,4.0,947.0
70,61,13,6.0,1198.3
70,61,14,9.0,1363.8
70,61,15,11.0,1505.4
70,61,16,4.0,1611.0
70,61,17,12.0,1323.8
70,61,18,3.0,1396.3
70,61,19,3.0,1384.7
70,61,20,4.0,1150.2
70,61,21,2.0,1235.0
70,61,22,4.0,952.5
70,61,23,4.0,1118.0
70,62,0,1.0,588.0
70,62,1,1.0,607.0
70,62,2,1.0,683.0
70,62,6,1.0,569.0
70,62,7,4.0,920.5
70,62,8,13.0,968.0
70,62,9,3.0,626.0
70,62,10,7.0,829.6
70,62,11,5.0,828.2
70,62,12,4.0,848.0
70,62,13,4.0,747.8
70,62,14,7.0,821.0
70,62,15,5.0,1168.8
70,62,16,5.0,820.0
70,62,17,6.0,1100.7
70,62,18,5.0,1015.2
70,62,19,3.0,784.0
70,62,20,3.0,951.0
70,62,21,1.0,837.0
70,62,22,2.0,805.5
70,62,23,1.0,1140.0
70,63,0,5.0,1014.4
70,63,1,1.0,707.0
70,63,2,1.0,855.0
70,63,5,3.0,834.3
70,63,6,2.0,942.0
70,63,7,10.0,1180.5
70,63,8,4.0,1161.0
70,63,9,4.0,1021.5
70,63,10,6.0,1071.3
70,63,11,5.0,1100.4
70,63,12,4.0,1132.5
70,63,13,2.0,1152.5
70,63,14,12.0,1216.5
70,63,15,4.0,1142.8
70,63,16,3.0,1171.0
70,63,17,6.0,1519.0
70,63,18,8.0,1053.1
70,63,19,10.0,1132.0
70,63,20,7.0,899.0
70,63,21,9.0,847.4
70,63,22,9.0,881.8
70,63,23,5.0,809.6
70,64,4,2.0,668.0
70,64,5,4.0,622.0
70,64,6,19.0,787.1
70,64,7,2.0,532.5
70,64,9,2.0,596.0
70,64,10,11.0,719.5
70,64,11,15.0,851.9
70,64,12,4.0,1042.2
70,64,13,2.0,721.5
70,64,14,4.0,1012.8
70,64,19,1.0,1369.0
70,64,20,3.0,866.3
70,64,21,4.0,682.8
70,64,22,4.0,670.8
70,64,23,1.0,580.0
70,65,0,7.0,531.1
70,65,2,2.0,458.0
70,65,3,2.0,619.5
70,65,4,3.0,597.3
70,65,5,4.0,606.0
70,66,0,5.0,604.0
70,66,1,5.0,436.4
70,66,2,1.0,134.0
70,66,3,6.0,857.0
70,66,4,2.0,320.5
70,66,6,5.0,538.4
70,66,7,11.0,561.4
70,66,8,5.0,646.0
70,66,9,14.0,619.4
70,66,10,17.0,562.9
70,66,11,20.0,763.2
70,66,12,18.0,647.5
70,66,13,27.0,642.7
70,66,14,33.0,631.5
70,66,15,28.0,760.2
70,66,16,11.0,593.1
70,66,17,19.0,671.7
70,66,18,19.0,606.6
70,66,19,7.0,733.9
70,66,20,17.0,609.9
70,66,21,6.0,452.0
70,66,22,17.0,545.9
70,66,23,7.0,555.9
70,67,0,6.0,975.8
70,67,1,3.0,477.3
70,67,2,1.0,981.0
70,67,5,1.0,1138.0
70,67,6,3.0,818.0
70,67,7,23.0,1035.0
70,67,8,11.0,794.8
70,67,9,8.0,802.5
70,67,10,11.0,739.2
70,67,11,14.0,897.9
70,67,12,13.0,857.1
70,67,13,13.0,705.2
70,67,14,17.0,995.2
70,67,15,20.0,999.1
70,67,16,23.0,890.5
70,67,17,14.0,1037.9
70,67,18,8.0,772.8
70,67,19,16.0,891.4
70,67,20,5.0,824.6
70,67,21,6.0,818.5
70,67,22,5.0,913.4
70,67,23,11.0,889.4
70,68,0,1.0,2242.0
70,68,1,4.0,936.0
70,68,2,5.0,1084.4
70,68,3,1.0,1018.0
70,68,4,1.0,914.0
70,68,5,1.0,859.0
70,69,1,2.0,1277.5
70,69,2,2.0,1260.5
70,69,4,1.0,689.0
70,69,5,1.0,1229.0
70,70,0,16.0,400.6
70,70,1,8.0,377.9
70,70,2,16.0,456.8
70,70,3,5.0,523.6
70,70,4,8.0,420.1
70,70,5,7.0,247.9
70,70,6,13.0,277.4
70,70,7,47.0,473.0
70,70,8,75.0,468.4
70,70,9,58.0,476.9
70,70,10,29.0,517.4
70,70,11,46.0,620.2
70,70,12,46.0,648.9
70,70,13,50.0,504.8
70,70,14,58.0,369.8
70,70,15,54.0,396.4
70,70,16,67.0,524.9
70,70,17,61.0,448.5
70,70,18,52.0,458.7
70,70,19,37.0,413.2
70,70,20,29.0,675.8
70,70,21,30.0,469.3
70,70,22,33.0,485.1
70,70,23,23.0,318.7
70,71,1,1.0,220.0
70,71,2,2.0,569.0
70,71,3,3.0,832.0
70,72,0,1.0,547.0
70,72,5,2.0,643.0
70,72,7,1.0,649.0
70,72,8,6.0,626.3
70,72,9,8.0,643.4
70,72,10,4.0,882.8
70,72,11,6.0,716.8
70,72,12,3.0,717.0
70,72,13,7.0,816.7
70,72,14,8.0,802.5
70,72,15,11.0,894.5
70,72,16,6.0,911.5
70,72,17,5.0,803.4
70,72,18,1.0,937.0
70,72,19,3.0,718.0
70,72,20,1.0,422.0
70,72,21,1.0,342.0
70,72,22,1.0,757.0
70,72,23,4.0,704.2
70,73,1,2.0,835.5
70,73,2,2.0,738.0
70,73,4,2.0,869.5
70,73,5,1.0,807.0
70,74,0,1.0,621.0
70,74,5,1.0,742.0
70,75,3,1.0,1124.0
70,75,7,2.0,1232.0
70,75,8,4.0,1127.2
70,75,9,1.0,1297.0
70,75,10,7.0,1103.9
70,75,11,2.0,673.0
70,75,12,3.0,1166.3
70,75,13,1.0,1177.0
70,75,14,7.0,1067.7
70,75,15,6.0,1385.0
70,75,16,1.0,1305.0
70,75,17,5.0,1443.8
70,75,18,2.0,965.0
70,75,19,8.0,951.6
70,75,20,1.0,1247.0
70,75,22,1.0,1996.0
70,75,23,2.0,1062.0
70,76,2,2.0,2685.0
70,76,3,1.0,2575.0
70,76,4,6.0,2966.8
70,76,5,5.0,2959.4
70,76,6,4.0,3316.5
70,76,7,1.0,5112.0
70,76,8,4.0,3449.8
70,76,9,4.0,3016.0
70,76,10,4.0,2842.0
70,76,12,3.0,2846.3
70,76,13,1.0,3445.0
70,76,15,5.0,3321.4
70,76,16,1.0,4723.0
70,76,17,2.0,3496.0
70,76,18,1.0,4838.0
70,76,20,1.0,2319.0
70,76,21,1.0,2469.0
70,77,5,1.0,2323.0
70,77,10,1.0,3051.0
70,77,14,1.0,3411.0
70,77,20,2.0,2439.0
71,1,6,1.0,2700.0
71,1,9,2.0,3181.5
71,1,14,1.0,2471.0
71,1,23,2.0,2846.0
71,2,6,3.0,2706.0
71,2,7,4.0,3434.0
71,2,10,2.0,2951.5
71,2,11,1.0,2389.0
71,2,13,2.0,2960.0
71,2,14,1.0,2817.0
71,2,16,1.0,3890.0
71,2,20,1.0,2012.0
71,2,22,3.0,2184.3
71,3,0,1.0,2033.0
71,3,6,1.0,2600.0
71,3,7,4.0,2679.5
71,3,8,5.0,3081.2
71,3,10,2.0,2960.0
71,3,11,1.0,2342.0
71,3,13,3.0,2264.3
71,3,14,1.0,2617.0
71,3,15,1.0,2038.0
71,3,16,1.0,2338.0
71,3,18,1.0,3137.0
71,3,19,1.0,1921.0
71,3,20,2.0,1785.5
71,3,21,3.0,1659.0
71,3,22,1.0,1687.0
71,3,23,2.0,2180.0
71,4,3,1.0,1956.0
71,4,4,1.0,2220.0
71,4,7,4.0,3298.8
71,4,8,2.0,3621.5
71,4,15,2.0,2801.0
71,5,3,5.0,1685.8
71,5,6,4.0,2538.2
71,5,7,4.0,2703.0
71,5,8,3.0,3068.3
71,5,9,3.0,2378.3
71,5,10,1.0,3172.0
71,5,12,4.0,2649.2
71,5,13,1.0,3304.0
71,5,14,1.0,2613.0
71,5,19,1.0,1938.0
71,6,1,1.0,1358.0
71,6,3,2.0,1476.5
71,6,4,8.0,2143.6
71,6,5,7.0,2301.6
71,7,1,1.0,1795.0
71,7,2,2.0,1759.5
71,7,7,2.0,2264.5
71,7,8,3.0,3149.7
71,7,9,3.0,2548.0
71,7,10,2.0,2841.0
71,7,11,1.0,2971.0
71,7,12,3.0,1718.7
71,7,14,2.0,2392.5
71,7,15,2.0,2899.5
71,7,16,1.0,3468.0
71,7,17,7.0,3270.1
71,7,18,1.0,2245.0
71,7,22,1.0,2728.0
71,8,0,1.0,1468.0
71,8,1,2.0,1335.5
71,8,2,3.0,1422.7
71,8,3,5.0,1380.2
71,8,4,7.0,1422.1
71,8,5,11.0,1682.5
71,11,3,3.0,1819.3
71,11,13,1.0,2389.0
71,13,2,1.0,1938.0
71,13,6,1.0,3624.0
71,13,7,1.0,5081.0
71,13,9,1.0,4271.0
71,14,6,1.0,2474.0
71,14,21,1.0,2461.0
71,14,23,1.0,2330.0
71,16,2,1.0,1725.0
71,16,5,1.0,1934.0
71,16,8,5.0,3410.8
71,16,10,1.0,2041.0
71,16,12,1.0,2181.0
71,16,19,1.0,3205.0
71,16,21,1.0,2505.0
71,19,7,3.0,3161.7
71,19,21,1.0,3219.0
71,19,23,1.0,2223.0
71,21,0,1.0,1753.0
71,21,5,1.0,1531.0
71,21,8,3.0,3382.7
71,21,9,1.0,1904.0
71,21,12,1.0,3241.0
71,21,17,1.0,3565.0
71,21,20,1.0,1732.0
71,21,22,1.0,1725.0
71,23,0,2.0,1889.5
71,23,2,1.0,1483.0
71,23,5,3.0,1775.3
71,24,2,1.0,954.0
71,24,4,1.0,1073.0
71,24,5,3.0,1736.0
71,24,6,4.0,2247.8
71,24,7,2.0,2628.0
71,24,8,2.0,2170.5
71,24,9,2.0,2073.0
71,24,10,1.0,2881.0
71,24,11,3.0,2096.7
71,24,12,1.0,1560.0
71,24,13,3.0,3134.3
71,24,14,3.0,2376.3
71,24,15,4.0,2535.5
71,24,16,1.0,1802.0
71,24,17,1.0,2125.0
71,24,18,1.0,2123.0
71,24,20,2.0,1881.5
71,24,21,1.0,1366.0
71,25,0,3.0,2183.0
71,25,4,1.0,1324.0
71,25,5,3.0,1893.0
71,25,6,6.0,2028.7
71,25,7,3.0,4211.0
71,25,8,1.0,3449.0
71,25,9,1.0,2206.0
71,25,10,1.0,2281.0
71,25,11,4.0,2305.2
71,25,12,5.0,2319.2
71,25,13,3.0,2558.7
71,25,14,2.0,3108.5
71,25,15,1.0,2964.0
71,25,16,4.0,3748.2
71,25,17,1.0,3229.0
71,25,18,5.0,2441.8
71,25,19,3.0,2203.7
71,25,20,2.0,1922.5
71,25,21,4.0,2406.5
71,25,23,1.0,1313.0
71,26,1,1.0,2285.0
71,26,8,1.0,2990.0
71,26,9,1.0,2840.0
71,26,11,1.0,1490.0
71,26,13,1.0,2324.0
71,26,14,1.0,3037.0
71,26,16,1.0,2627.0
71,26,18,1.0,2434.0
71,26,19,1.0,1640.0
71,26,20,2.0,1812.5
71,26,21,1.0,1316.0
71,26,23,1.0,1495.0
71,27,1,1.0,1354.0
71,27,2,1.0,1454.0
71,27,4,2.0,1471.5
71,28,1,1.0,1136.0
71,28,2,3.0,1046.0
71,28,3,2.0,1749.5
71,28,4,3.0,1477.3
71,28,5,5.0,1331.6
71,29,0,2.0,1996.5
71,29,1,2.0,2147.5
71,29,3,1.0,1251.0
71,29,4,1.0,1498.0
71,29,5,1.0,2042.0
71,29,6,3.0,2085.3
71,29,23,3.0,2051.7
71,30,4,1.0,1198.0
71,30,5,6.0,1523.5
71,30,6,3.0,2089.7
71,30,7,4.0,2032.5
71,30,8,8.0,1985.0
71,30,9,7.0,1772.3
71,30,10,3.0,1745.0
71,30,11,3.0,1596.7
71,30,12,2.0,1742.0
71,30,13,1.0,1741.0
71,30,14,1.0,1988.0
71,30,15,1.0,3010.0
71,30,16,9.0,2568.0
71,30,17,1.0,2053.0
71,30,18,3.0,1773.0
71,30,19,1.0,1471.0
71,30,20,1.0,1435.0
71,30,21,6.0,1234.7
71,30,23,1.0,1606.0
71,31,1,1.0,1116.0
71,31,2,4.0,1090.2
71,31,3,2.0,1040.5
71,31,4,1.0,1059.0
71,31,5,6.0,1462.5
71,31,6,7.0,1585.7
71,31,7,10.0,2122.2
71,31,8,6.0,1835.5
71,31,9,12.0,1616.7
71,31,10,3.0,1697.3
71,31,11,3.0,1371.7
71,31,12,3.0,1404.0
71,31,13,6.0,1492.8
71,31,14,3.0,1348.0
71,31,15,2.0,2972.5
71,31,16,3.0,1617.0
71,31,17,3.0,1583.0
71,31,18,5.0,1770.6
71,31,19,7.0,1574.0
71,31,20,4.0,1415.5
71,31,21,2.0,1142.5
71,31,22,9.0,1163.6
71,32,0,4.0,1436.8
71,32,1,8.0,1324.6
71,32,2,5.0,1372.6
71,32,3,14.0,1387.0
71,32,4,11.0,1261.2
71,32,5,26.0,1429.9
71,32,6,16.0,2068.9
71,32,7,68.0,2515.6
71,32,8,59.0,2819.2
71,32,9,41.0,2165.1
71,32,10,32.0,1840.2
71,32,11,27.0,1810.0
71,32,12,31.0,1938.1
71,32,13,19.0,2026.7
71,32,14,27.0,1695.0
71,32,15,16.0,1813.5
71,32,16,18.0,1980.2
71,32,17,10.0,1579.0
71,32,18,13.0,1857.5
71,32,19,5.0,1814.8
71,32,20,11.0,1667.3
71,32,21,23.0,1705.0
71,32,22,20.0,1573.1
71,32,23,6.0,1918.5
71,33,0,3.0,1060.3
71,33,1,1.0,1080.0
71,33,4,2.0,906.0
71,33,5,13.0,1220.8
71,33,6,7.0,1563.1
71,33,7,2.0,1940.5
71,33,8,6.0,1369.3
71,33,9,5.0,1614.6
71,33,10,10.0,1495.9
71,33,11,3.0,1679.3
71,33,12,10.0,1347.9
71,33,13,6.0,1413.8
71,33,14,3.0,1222.3
71,33,15,2.0,1321.5
71,33,16,3.0,1418.0
71,33,17,4.0,1697.5
71,33,18,4.0,1303.5
71,33,19,3.0,1322.3
71,33,20,2.0,1390.0
71,33,21,8.0,1225.1
71,33,22,5.0,1018.8
71,33,23,6.0,1004.0
71,34,0,1.0,872.0
71,34,4,1.0,1706.0
71,34,6,2.0,1117.0
71,34,7,9.0,1793.8
71,34,8,7.0,1563.6
71,34,9,5.0,980.2
71,34,10,2.0,935.0
71,34,11,2.0,1219.5
71,34,12,1.0,724.0
71,34,13,1.0,1729.0
71,34,15,8.0,997.0
71,34,16,4.0,1358.0
71,34,17,4.0,1206.5
71,34,18,2.0,1203.5
71,34,19,4.0,1117.0
71,34,20,1.0,904.0
71,34,22,1.0,1171.0
71,35,0,2.0,1000.0
71,35,1,2.0,932.5
71,35,2,1.0,941.0
71,35,3,4.0,917.2
71,35,5,3.0,989.3
71,35,6,10.0,1179.6
71,35,7,12.0,1722.6
71,35,8,16.0,1665.7
71,35,9,13.0,1225.5
71,35,10,14.0,1062.2
71,35,11,12.0,1059.2
71,35,12,9.0,1303.2
71,35,13,22.0,1291.1
71,35,14,5.0,1245.2
71,35,15,8.0,1181.6
71,35,16,9.0,1345.1
71,35,17,4.0,1194.0
71,35,18,8.0,1234.6
71,35,19,4.0,1097.2
71,35,20,5.0,1237.2
71,35,21,7.0,981.7
71,35,22,2.0,1430.0
71,35,23,5.0,939.2
71,36,0,1.0,1109.0
71,36,1,1.0,733.0
71,36,8,2.0,1496.0
71,36,9,2.0,1497.0
71,36,10,3.0,1430.7
71,36,11,3.0,1321.7
71,36,12,1.0,1163.0
71,36,13,1.0,1221.0
71,36,14,4.0,1493.0
71,36,15,5.0,1275.2
71,36,16,1.0,1382.0
71,36,17,3.0,1110.7
71,36,18,1.0,2324.0
71,36,19,7.0,1611.7
71,36,20,1.0,1779.0
71,36,21,2.0,1379.0
71,36,22,3.0,970.3
71,37,0,2.0,990.5
71,37,1,1.0,954.0
71,37,2,2.0,972.0
71,37,4,2.0,802.5
71,37,6,1.0,515.0
71,37,7,6.0,1030.8
71,37,8,2.0,1129.5
71,37,9,2.0,744.0
71,37,10,1.0,847.0
71,37,11,1.0,555.0
71,37,12,3.0,691.0
71,37,13,1.0,887.0
71,37,14,1.0,678.0
71,37,15,5.0,950.0
71,37,16,2.0,802.5
71,37,17,3.0,1176.0
71,37,18,1.0,943.0
71,37,19,4.0,955.0
71,37,21,1.0,840.0
71,37,23,1.0,611.0
71,38,0,5.0,1115.8
71,38,1,3.0,1182.7
71,38,2,2.0,643.5
71,38,3,1.0,1109.0
71,38,4,11.0,1110.6
71,38,6,10.0,1093.4
71,38,7,17.0,1541.5
71,38,8,15.0,1565.8
71,38,9,13.0,1470.3
71,38,10,12.0,1249.4
71,38,11,10.0,962.3
71,38,12,14.0,1117.6
71,38,13,12.0,1148.8
71,38,14,6.0,1111.5
71,38,15,17.0,1271.5
71,38,16,18.0,1287.9
71,38,17,19.0,1146.7
71,38,18,11.0,1145.4
71,38,19,9.0,1045.8
71,38,20,10.0,1080.2
71,38,21,19.0,1074.0
71,38,22,12.0,1128.1
71,38,23,5.0,849.8
71,39,0,3.0,996.0
71,39,1,2.0,1036.5
71,39,3,1.0,977.0
71,39,4,1.0,1390.0
71,39,7,17.0,1976.7
71,39,8,15.0,1672.9
71,39,9,1.0,1441.0
71,39,11,2.0,1384.5
71,39,12,1.0,1400.0
71,39,14,6.0,1502.8
71,39,15,6.0,1821.5
71,39,16,6.0,1741.3
71,39,17,6.0,1889.2
71,39,18,7.0,1771.3
71,39,19,6.0,1461.0
71,39,20,4.0,1497.2
71,39,21,7.0,1313.6
71,39,22,3.0,1526.7
71,39,23,7.0,1046.7
71,40,0,8.0,953.8
71,40,1,2.0,1007.5
71,40,2,1.0,840.0
71,40,3,2.0,641.0
71,40,4,3.0,800.7
71,40,5,1.0,873.0
71,40,6,1.0,954.0
71,40,9,2.0,980.5
71,40,10,4.0,902.5
71,40,11,2.0,930.0
71,40,12,3.0,879.3
71,40,13,7.0,1018.4
71,40,14,1.0,841.0
71,40,15,1.0,993.0
71,40,19,4.0,964.0
71,40,20,6.0,841.8
71,40,21,3.0,819.0
71,40,22,5.0,929.4
71,40,23,15.0,1002.9
71,41,0,1.0,1229.0
71,41,1,2.0,974.0
71,41,4,5.0,972.8
71,41,5,10.0,1194.3
71,41,6,17.0,1082.5
71,41,7,26.0,1559.8
71,41,8,33.0,1644.7
71,41,9,26.0,1368.3
71,41,10,8.0,1162.2
71,41,11,10.0,1304.5
71,41,12,11.0,1320.7
71,41,13,21.0,1265.0
71,41,14,11.0,1428.3
71,41,15,7.0,1563.7
71,41,16,16.0,1533.9
71,41,17,11.0,1395.3
71,41,18,10.0,1303.1
71,41,19,4.0,1396.8
71,41,20,9.0,1288.4
71,41,21,3.0,1501.3
71,41,22,3.0,1173.3
71,41,23,6.0,1203.2
71,42,0,7.0,1086.6
71,42,1,5.0,1186.0
71,42,2,5.0,885.8
71,42,3,2.0,1080.5
71,42,5,2.0,982.0
71,42,6,2.0,891.5
71,42,7,16.0,1243.2
71,42,8,29.0,1240.3
71,42,9,13.0,1180.8
71,42,10,8.0,1371.4
71,42,11,5.0,1164.2
71,42,12,6.0,1356.3
71,42,13,10.0,1253.9
71,42,14,11.0,1229.0
71,42,15,13.0,1426.8
71,42,16,10.0,1296.8
71,42,17,7.0,1308.4
71,42,18,7.0,1636.1
71,42,19,9.0,1517.4
71,42,20,10.0,985.2
71,42,21,13.0,1110.9
71,42,22,13.0,1054.6
71,42,23,12.0,1123.1
71,43,0,8.0,1144.1
71,43,1,14.0,1111.6
71,43,2,4.0,1137.5
71,43,3,2.0,1235.0
71,43,4,4.0,979.8
71,43,5,4.0,1060.0
71,44,0,1.0,214.0
71,44,1,23.0,541.3
71,44,2,15.0,606.3
71,44,3,24.0,439.5
71,44,4,21.0,328.7
71,44,5,44.0,421.2
71,45,0,2.0,1112.5
71,45,1,3.0,873.7
71,45,2,1.0,827.0
71,45,3,1.0,780.0
71,45,5,1.0,1354.0
71,45,6,10.0,1323.9
71,45,7,3.0,1151.7
71,45,8,3.0,1279.7
71,45,9,11.0,1168.5
71,45,10,3.0,947.7
71,45,11,7.0,1210.0
71,45,12,12.0,1156.8
71,45,13,4.0,1374.8
71,45,14,4.0,2029.8
71,45,15,5.0,947.4
71,45,16,5.0,1144.6
71,45,17,5.0,1285.4
71,45,18,4.0,1079.5
71,45,19,5.0,1203.6
71,45,20,6.0,874.5
71,45,21,4.0,817.8
71,45,22,3.0,837.0
71,45,23,3.0,985.0
71,46,0,3.0,1042.0
71,46,1,4.0,1289.8
71,46,2,3.0,1299.0
71,46,4,1.0,865.0
71,46,5,7.0,1069.3
71,46,6,6.0,1371.2
71,46,7,5.0,1455.2
71,46,8,15.0,1476.3
71,46,9,4.0,1378.2
71,46,10,5.0,1815.6
71,46,12,10.0,1380.4
71,46,13,7.0,1173.9
71,46,14,16.0,1362.5
71,46,15,19.0,1648.7
71,46,16,6.0,1916.7
71,46,17,6.0,1529.0
71,46,18,4.0,1557.8
71,46,19,5.0,1619.0
71,46,20,5.0,1646.2
71,46,21,4.0,1293.5
71,46,22,7.0,1369.9
71,46,23,8.0,979.0
71,47,4,1.0,588.0
71,47,5,1.0,536.0
71,48,0,1.0,658.0
71,48,1,2.0,976.5
71,49,0,9.0,897.2
71,49,1,7.0,788.4
71,49,2,8.0,699.6
71,49,3,3.0,914.0
71,49,4,2.0,656.5
71,49,5,1.0,415.0
71,49,6,22.0,524.1
71,49,7,1.0,570.0
71,49,10,3.0,929.3
71,49,11,4.0,754.5
71,49,12,2.0,473.0
71,49,20,2.0,771.0
71,49,21,6.0,796.8
71,49,22,6.0,676.0
71,49,23,2.0,946.0
71,50,0,2.0,1355.0
71,50,1,3.0,803.3
71,50,2,1.0,1026.0
71,50,3,5.0,958.2
71,50,4,2.0,1060.5
71,50,6,11.0,1281.3
71,50,7,10.0,1114.2
71,50,8,20.0,936.0
71,50,9,17.0,1071.6
71,50,10,3.0,1006.7
71,50,11,4.0,961.8
71,50,12,3.0,1457.0
71,50,13,2.0,1085.0
71,50,14,8.0,1297.2
71,50,15,5.0,1380.6
71,50,16,9.0,1467.3
71,50,17,6.0,1468.5
71,50,18,4.0,1350.8
71,50,19,8.0,1124.9
71,50,20,2.0,912.0
71,50,21,5.0,927.0
71,50,22,5.0,1358.4
71,50,23,6.0,1101.2
71,51,2,7.0,803.4
71,51,5,21.0,1268.1
71,52,7,3.0,1618.3
71,52,12,2.0,1830.0
71,52,15,1.0,1558.0
71,53,0,2.0,1030.5
71,53,1,4.0,1143.5
71,53,2,1.0,1383.0
71,53,3,1.0,1294.0
71,53,4,1.0,943.0
71,53,5,1.0,1193.0
71,53,6,4.0,1026.2
71,53,8,14.0,1088.3
71,53,9,5.0,1021.8
71,53,10,1.0,860.0
71,53,11,7.0,1220.3
71,53,12,6.0,1348.2
71,53,13,4.0,1375.8
71,53,14,7.0,1143.7
71,53,15,14.0,1264.4
71,53,16,14.0,1592.3
71,53,17,18.0,1293.6
71,53,18,15.0,1287.8
71,53,19,7.0,1344.1
71,53,20,12.0,1003.0
71,53,21,4.0,1371.2
71,53,22,3.0,1507.3
71,53,23,2.0,959.0
71,54,0,2.0,1036.0
71,54,1,3.0,1195.7
71,54,3,2.0,1247.0
71,54,6,4.0,913.8
71,54,8,2.0,1430.5
71,54,9,1.0,1531.0
71,54,10,1.0,1163.0
71,54,11,1.0,957.0
71,54,12,1.0,951.0
71,54,13,2.0,1519.5
71,54,14,2.0,1101.0
71,54,15,5.0,1562.6
71,54,16,2.0,1354.5
71,54,17,6.0,1886.5
71,54,18,3.0,1722.0
71,54,19,2.0,1275.0
71,54,21,5.0,1084.0
71,54,22,3.0,1298.3
71,54,23,2.0,1107.0
71,55,5,21.0,1575.4
71,56,3,4.0,1382.5
71,56,4,16.0,1257.1
71,56,5,9.0,1296.9
71,56,6,9.0,1579.8
71,56,7,3.0,1651.3
71,56,10,3.0,1496.7
71,56,11,3.0,1544.7
71,56,12,1.0,1347.0
71,56,13,1.0,1891.0
71,56,14,1.0,1864.0
71,56,21,1.0,1853.0
71,56,23,1.0,1718.0
71,57,1,1.0,1336.0
71,57,4,2.0,1320.5
71,57,5,10.0,1586.9
71,57,6,14.0,1789.3
71,57,7,2.0,1739.5
71,57,8,2.0,1765.5
71,57,10,1.0,1456.0
71,57,11,2.0,1826.0
71,57,12,1.0,2601.0
71,57,13,1.0,2427.0
71,57,15,2.0,1671.5
71,57,16,1.0,2231.0
71,57,17,1.0,1809.0
71,57,20,2.0,1523.5
71,58,0,1.0,883.0
71,58,4,1.0,1232.0
71,58,5,1.0,1082.0
71,58,6,1.0,1089.0
71,58,7,3.0,1407.0
71,58,8,2.0,1886.0
71,58,9,1.0,1155.0
71,58,10,2.0,1332.5
71,58,11,1.0,1425.0
71,58,12,3.0,1447.3
71,58,13,2.0,1336.0
71,58,17,1.0,1080.0
71,58,18,1.0,1757.0
71,58,19,1.0,1186.0
71,58,20,3.0,1180.3
71,58,21,2.0,1090.5
71,58,22,1.0,1200.0
71,58,23,2.0,1142.5
71,59,6,1.0,1000.0
71,59,7,5.0,1592.8
71,59,9,2.0,1293.5
71,59,10,1.0,1294.0
71,59,12,1.0,891.0
71,59,13,3.0,1280.0
71,59,14,1.0,896.0
71,59,16,1.0,1387.0
71,59,17,1.0,1081.0
71,59,23,5.0,1272.6
71,60,1,1.0,1552.0
71,60,4,1.0,788.0
71,61,0,8.0,827.0
71,61,1,2.0,697.5
71,61,2,1.0,908.0
71,61,3,8.0,691.6
71,61,4,5.0,736.8
71,61,5,4.0,1299.8
71,61,6,7.0,1024.0
71,61,7,21.0,880.9
71,61,8,27.0,962.6
71,61,9,17.0,895.4
71,61,10,12.0,888.3
71,61,11,14.0,854.6
71,61,12,19.0,1072.6
71,61,13,12.0,1184.0
71,61,14,11.0,952.4
71,61,15,15.0,952.9
71,61,16,4.0,1013.8
71,61,17,5.0,1040.2
71,61,18,11.0,831.8
71,61,19,10.0,857.5
71,61,20,13.0,815.8
71,61,21,3.0,922.7
71,61,22,4.0,877.8
71,61,23,13.0,918.5
71,62,9,1.0,1324.0
71,62,10,3.0,1521.0
71,62,11,1.0,1545.0
71,62,12,1.0,1598.0
71,62,13,1.0,1795.0
71,62,14,1.0,1513.0
71,62,15,3.0,2064.0
71,62,17,3.0,1737.3
71,62,18,1.0,2304.0
71,62,19,1.0,1371.0
71,63,0,1.0,827.0
71,63,2,1.0,931.0
71,63,4,4.0,852.8
71,63,5,1.0,1776.0
71,63,6,1.0,1081.0
71,63,7,10.0,1100.4
71,63,8,2.0,943.0
71,63,9,1.0,935.0
71,63,10,1.0,1274.0
71,63,11,1.0,585.0
71,63,12,4.0,1341.0
71,63,13,3.0,758.0
71,63,14,4.0,1039.0
71,63,15,1.0,848.0
71,63,16,2.0,994.0
71,63,17,4.0,1244.2
71,63,18,2.0,892.5
71,63,19,1.0,1497.0
71,63,22,12.0,846.1
71,63,23,1.0,908.0
71,64,3,1.0,1082.0
71,64,4,3.0,1017.3
71,64,5,1.0,1136.0
71,66,0,10.0,677.1
71,66,1,7.0,947.0
71,66,2,5.0,676.8
71,66,4,2.0,526.5
71,66,6,16.0,683.4
71,66,8,1.0,941.0
71,66,9,3.0,662.3
71,66,10,8.0,509.1
71,66,11,14.0,698.9
71,66,12,9.0,990.3
71,66,13,18.0,851.4
71,66,14,4.0,793.2
71,66,15,2.0,657.5
71,66,19,6.0,712.5
71,66,20,11.0,776.0
71,66,21,5.0,834.0
71,66,22,7.0,755.6
71,66,23,10.0,604.5
71,67,0,12.0,511.6
71,67,1,8.0,491.8
71,67,2,7.0,567.7
71,67,3,2.0,306.5
71,67,4,4.0,624.2
71,67,5,11.0,436.9
71,67,6,7.0,534.0
71,67,7,31.0,546.7
71,67,8,59.0,666.9
71,67,9,31.0,488.7
71,67,10,23.0,502.4
71,67,11,21.0,553.6
71,67,12,30.0,578.4
71,67,13,29.0,462.8
71,67,14,35.0,544.3
71,67,15,35.0,660.5
71,67,16,39.0,572.6
71,67,17,44.0,656.2
71,67,18,21.0,717.7
71,67,19,29.0,696.0
71,67,20,27.0,541.1
71,67,21,29.0,628.3
71,67,22,25.0,449.7
71,67,23,24.0,471.3
71,68,0,15.0,476.1
71,68,1,5.0,845.0
71,68,2,3.0,568.7
71,68,3,4.0,609.8
71,68,4,4.0,953.5
71,68,5,4.0,658.0
71,69,0,12.0,576.1
71,69,1,13.0,699.6
71,69,2,13.0,541.0
71,69,3,6.0,452.5
71,69,4,14.0,465.9
71,69,5,33.0,555.5
71,69,6,22.0,721.6
71,69,7,40.0,745.5
71,69,8,42.0,669.9
71,69,9,32.0,655.6
71,69,10,24.0,682.1
71,69,11,28.0,695.8
71,69,12,21.0,603.5
71,69,13,28.0,607.3
71,69,14,24.0,780.8
71,69,15,53.0,830.8
71,69,16,41.0,800.7
71,69,17,33.0,716.0
71,69,18,37.0,725.7
71,69,19,30.0,731.0
71,69,20,32.0,703.3
71,69,21,33.0,691.9
71,69,22,27.0,689.2
71,69,23,32.0,719.9
71,70,0,3.0,676.0
71,70,1,3.0,428.0
71,70,2,5.0,673.8
71,70,3,5.0,443.2
71,70,4,4.0,603.0
71,70,5,8.0,567.5
71,70,6,15.0,508.1
71,70,7,50.0,693.6
71,70,8,56.0,640.8
71,70,9,47.0,607.5
71,70,10,21.0,640.8
71,70,11,24.0,669.0
71,70,12,19.0,617.2
71,70,13,24.0,560.5
71,70,14,27.0,685.0
71,70,15,14.0,833.9
71,70,16,24.0,791.8
71,70,17,15.0,670.9
71,70,18,19.0,599.8
71,70,19,13.0,608.2
71,70,20,16.0,650.9
71,70,21,21.0,509.6
71,70,22,12.0,577.8
71,70,23,7.0,531.0
71,71,0,6.0,476.2
71,71,1,36.0,397.4
71,71,2,13.0,468.2
71,71,3,8.0,326.8
71,71,4,12.0,441.2
71,71,5,17.0,283.2
71,72,1,1.0,661.0
71,72,4,1.0,556.0
71,73,0,13.0,430.5
71,73,1,6.0,470.2
71,73,2,6.0,423.2
71,73,3,5.0,1054.0
71,73,4,4.0,417.0
71,73,5,2.0,373.5
71,73,6,13.0,332.8
71,73,7,66.0,601.2
71,73,8,45.0,556.1
71,73,9,24.0,485.9
71,73,10,21.0,427.4
71,73,11,13.0,494.5
71,73,12,33.0,480.8
71,73,13,23.0,454.6
71,73,14,29.0,545.1
71,73,15,36.0,601.5
71,73,16,37.0,886.1
71,73,17,25.0,746.9
71,73,18,24.0,536.2
71,73,19,21.0,446.5
71,73,20,27.0,457.3
71,73,21,27.0,454.1
71,73,22,17.0,614.8
71,73,23,19.0,557.6
71,74,4,1.0,741.0
71,74,5,3.0,995.0
71,75,0,4.0,831.2
71,75,1,3.0,786.3
71,75,2,1.0,680.0
71,75,3,2.0,691.0
71,75,5,6.0,687.8
71,75,6,4.0,959.5
71,75,7,42.0,975.3
71,75,8,16.0,945.2
71,75,9,16.0,932.5
71,75,10,8.0,977.1
71,75,11,6.0,758.7
71,75,12,2.0,685.5
71,75,13,7.0,982.4
71,75,14,6.0,961.7
71,75,15,4.0,1314.8
71,75,16,8.0,1165.4
71,75,17,8.0,1159.4
71,75,18,7.0,948.6
71,75,19,2.0,1235.5
71,75,20,10.0,801.4
71,75,21,8.0,894.8
71,75,22,6.0,867.2
71,75,23,2.0,699.5
71,76,2,1.0,5740.0
71,76,3,6.0,2173.2
71,76,4,10.0,2307.0
71,76,5,8.0,2740.8
71,76,6,13.0,4563.5
71,76,7,3.0,4484.7
71,76,9,4.0,4148.0
71,76,10,1.0,4464.0
71,76,12,7.0,3668.6
71,76,13,4.0,4304.0
71,76,14,3.0,3666.3
71,76,15,1.0,3994.0
71,76,16,1.0,4251.0
71,76,17,1.0,3288.0
71,76,18,1.0,3291.0
71,76,19,4.0,3007.8
71,76,20,1.0,2342.0
71,76,22,6.0,2838.2
71,77,7,4.0,2976.2
71,77,8,1.0,4289.0
71,77,9,1.0,3473.0
71,77,10,1.0,3880.0
71,77,11,1.0,1462.0
71,77,12,2.0,2974.5
71,77,16,1.0,3265.0
71,77,21,1.0,1612.0
72,1,12,1.0,2721.0
72,1,15,1.0,3805.0
72,1,20,1.0,2354.0
72,1,23,1.0,2582.0
72,3,7,1.0,3695.0
72,3,14,1.0,2656.0
72,3,19,1.0,2640.0
72,3,20,2.0,2479.5
72,3,23,1.0,1865.0
72,4,20,1.0,2339.0
72,5,17,1.0,3105.0
72,5,21,1.0,2389.0
72,8,5,8.0,1712.1
72,8,6,8.0,2643.5
72,8,7,12.0,3249.8
72,8,8,11.0,3238.9
72,8,9,6.0,2546.5
72,8,10,6.0,2006.0
72,8,11,5.0,1865.8
72,8,12,2.0,2321.5
72,8,13,4.0,1978.2
72,8,14,2.0,1929.5
72,8,15,3.0,2270.3
72,8,16,7.0,3001.1
72,8,17,5.0,2599.6
72,8,18,4.0,2436.2
72,8,19,3.0,2234.0
72,8,20,2.0,1914.0
72,8,21,3.0,1580.0
72,8,22,2.0,1538.5
72,8,23,4.0,1821.5
72,9,7,1.0,4951.0
72,17,12,1.0,2640.0
72,22,3,1.0,1803.0
72,22,20,1.0,2319.0
72,22,22,1.0,1776.0
72,22,23,1.0,2080.0
72,23,6,1.0,3153.0
72,23,21,1.0,1722.0
72,24,0,1.0,1570.0
72,24,8,1.0,1864.0
72,24,9,1.0,2112.0
72,24,12,1.0,1672.0
72,24,13,1.0,1899.0
72,24,14,1.0,2010.0
72,24,16,1.0,3190.0
72,24,17,2.0,2937.5
72,24,18,2.0,2390.5
72,24,21,2.0,1652.5
72,25,0,1.0,1660.0
72,25,6,1.0,2528.0
72,25,16,2.0,4245.5
72,25,23,1.0,1972.0
72,26,7,5.0,2622.4
72,27,7,1.0,3722.0
72,27,8,1.0,3728.0
72,28,0,1.0,1448.0
72,28,5,5.0,1972.6
72,28,6,7.0,2163.6
72,28,7,1.0,1524.0
72,28,9,1.0,3410.0
72,28,10,2.0,1637.0
72,28,11,2.0,1440.0
72,28,12,3.0,1611.3
72,28,13,1.0,1223.0
72,28,14,1.0,1479.0
72,28,15,2.0,1830.0
72,28,19,1.0,2289.0
72,28,20,2.0,1469.5
72,28,21,1.0,1551.0
72,28,22,1.0,1371.0
72,28,23,2.0,1200.5
72,29,18,1.0,2814.0
72,29,19,1.0,2026.0
72,29,20,1.0,2200.0
72,30,2,1.0,1390.0
72,31,13,1.0,1695.0
72,31,16,2.0,2662.0
72,31,17,1.0,1769.0
72,31,22,1.0,1181.0
72,32,1,7.0,1568.9
72,32,2,1.0,1355.0
72,32,4,2.0,1453.5
72,35,4,1.0,1354.0
72,36,0,1.0,1159.0
72,36,6,1.0,1313.0
72,36,10,1.0,1174.0
72,36,12,1.0,1761.0
72,36,13,1.0,1826.0
72,36,14,2.0,1937.0
72,36,19,1.0,2424.0
72,36,20,1.0,993.0
72,36,21,1.0,1903.0
72,37,9,1.0,1367.0
72,38,1,1.0,1201.0
72,38,5,1.0,850.0
72,38,7,2.0,1706.5
72,38,8,1.0,1929.0
72,38,9,8.0,1748.1
72,38,10,5.0,1627.4
72,38,11,3.0,1521.0
72,38,12,2.0,1108.5
72,38,13,1.0,1382.0
72,38,15,1.0,2825.0
72,38,16,1.0,1590.0
72,38,20,5.0,1118.2
72,38,21,2.0,1056.0
72,39,1,1.0,1238.0
72,39,3,1.0,1336.0
72,39,6,1.0,1497.0
72,39,7,3.0,2138.0
72,39,10,1.0,1304.0
72,39,11,2.0,1967.0
72,39,12,1.0,1486.0
72,39,13,1.0,1625.0
72,39,14,1.0,1495.0
72,39,16,1.0,1579.0
72,39,18,1.0,1992.0
72,39,22,2.0,1232.5
72,40,8,2.0,2329.0
72,40,10,1.0,1194.0
72,40,11,1.0,1247.0
72,40,12,2.0,1061.5
72,40,13,1.0,893.0
72,40,14,2.0,1447.5
72,40,15,1.0,1919.0
72,40,16,1.0,760.0
72,40,17,1.0,1494.0
72,40,18,3.0,1525.7
72,40,19,2.0,1274.0
72,40,21,1.0,896.0
72,40,23,2.0,878.5
72,41,10,1.0,1467.0
72,41,11,1.0,1555.0
72,41,20,1.0,1575.0
72,42,7,4.0,2014.5
72,42,9,2.0,1397.5
72,42,11,1.0,1255.0
72,42,13,1.0,1603.0
72,42,14,1.0,1139.0
72,42,15,3.0,1681.3
72,42,16,2.0,2197.0
72,42,17,1.0,2358.0
72,42,18,1.0,1159.0
72,42,21,3.0,1640.7
72,42,22,3.0,1387.7
72,42,23,1.0,1355.0
72,43,6,1.0,1472.0
72,43,10,2.0,1590.5
72,43,12,3.0,1948.3
72,43,13,2.0,1392.5
72,43,18,1.0,1767.0
72,43,19,1.0,1602.0
72,43,20,5.0,1541.0
72,43,22,1.0,2106.0
72,43,23,4.0,1409.8
72,44,4,10.0,451.1
72,44,6,2.0,782.0
72,44,7,5.0,1035.0
72,44,8,11.0,959.0
72,44,9,8.0,978.4
72,44,10,3.0,1233.0
72,44,11,1.0,1274.0
72,44,12,2.0,894.5
72,44,13,4.0,722.2
72,44,14,2.0,1118.5
72,44,15,2.0,1429.5
72,44,16,6.0,1490.2
72,44,17,14.0,1166.0
72,44,18,4.0,1071.0
72,44,19,3.0,799.0
72,44,20,2.0,862.0
72,44,21,3.0,970.7
72,44,22,3.0,870.7
72,45,10,5.0,1071.2
72,45,11,1.0,1747.0
72,45,13,1.0,1019.0
72,45,15,5.0,1276.4
72,45,16,1.0,1549.0
72,45,17,4.0,1451.2
72,45,19,1.0,1451.0
72,45,22,1.0,1089.0
72,46,0,1.0,1610.0
72,46,9,2.0,1678.5
72,46,12,2.0,1679.5
72,46,13,1.0,1913.0
72,46,14,1.0,1409.0
72,46,18,1.0,1382.0
72,46,20,2.0,1383.0
72,46,22,1.0,1286.0
72,46,23,1.0,1409.0
72,48,0,1.0,976.0
72,49,0,2.0,674.0
72,49,1,1.0,923.0
72,49,2,1.0,444.0
72,49,5,10.0,477.6
72,49,6,10.0,654.5
72,49,7,1.0,592.0
72,51,5,3.0,1193.7
72,53,0,2.0,1147.5
72,53,1,2.0,999.0
72,53,2,1.0,834.0
72,53,7,2.0,1003.5
72,53,8,2.0,592.5
72,53,10,3.0,842.7
72,53,11,2.0,953.5
72,53,12,8.0,771.0
72,53,13,1.0,1205.0
72,53,14,2.0,834.5
72,53,15,1.0,568.0
72,53,16,4.0,1142.5
72,53,17,8.0,1054.2
72,53,18,8.0,1592.4
72,53,19,3.0,1000.3
72,53,20,3.0,981.3
72,53,21,4.0,1039.8
72,53,22,2.0,695.0
72,54,0,3.0,1045.3
72,54,8,1.0,1294.0
72,54,10,1.0,2011.0
72,54,12,1.0,1358.0
72,54,15,1.0,1166.0
72,54,18,2.0,1470.0
72,55,21,1.0,1290.0
72,56,3,4.0,1465.2
72,56,4,22.0,1261.3
72,56,5,22.0,1428.3
72,56,6,36.0,1618.4
72,56,7,18.0,1656.8
72,56,8,12.0,1814.8
72,56,9,9.0,1545.0
72,56,10,11.0,1573.9
72,56,11,21.0,1576.5
72,56,12,12.0,1720.1
72,56,13,5.0,1934.0
72,56,14,5.0,1732.8
72,56,15,6.0,1939.5
72,56,16,4.0,1896.2
72,56,17,8.0,1921.6
72,56,18,3.0,2170.3
72,56,19,3.0,1701.3
72,56,20,5.0,1831.0
72,56,21,2.0,1401.5
72,57,18,1.0,1902.0
72,58,5,6.0,1456.2
72,58,6,1.0,1676.0
72,58,11,1.0,1653.0
72,58,12,1.0,1796.0
72,58,14,1.0,1170.0
72,59,12,1.0,1957.0
72,62,13,1.0,1400.0
72,62,16,1.0,1944.0
72,64,8,1.0,2378.0
72,64,9,1.0,2453.0
72,65,6,1.0,904.0
72,65,10,1.0,985.0
72,66,0,4.0,857.5
72,66,7,4.0,1071.2
72,66,8,6.0,1054.8
72,66,9,1.0,880.0
72,66,10,3.0,1020.7
72,66,12,1.0,1116.0
72,66,13,5.0,806.2
72,66,14,5.0,1103.0
72,66,15,3.0,794.3
72,66,16,2.0,1037.5
72,66,17,1.0,1483.0
72,66,18,1.0,713.0
72,66,19,4.0,985.5
72,66,21,2.0,937.5
72,66,22,2.0,1226.0
72,66,23,1.0,765.0
72,67,0,2.0,611.5
72,67,7,3.0,1166.3
72,67,9,1.0,924.0
72,67,11,1.0,718.0
72,67,12,1.0,832.0
72,67,13,3.0,1328.7
72,67,14,1.0,2339.0
72,67,15,2.0,1400.0
72,67,16,5.0,1118.2
72,67,18,2.0,1038.5
72,67,19,3.0,810.7
72,67,22,6.0,918.2
72,67,23,3.0,752.3
72,69,1,1.0,828.0
72,69,8,1.0,1004.0
72,69,9,1.0,638.0
72,69,10,1.0,713.0
72,69,11,2.0,1001.5
72,69,13,1.0,1092.0
72,69,14,2.0,984.5
72,69,15,1.0,1000.0
72,69,17,1.0,901.0
72,69,19,1.0,1197.0
72,69,20,1.0,818.0
72,69,21,1.0,647.0
72,69,22,4.0,953.8
72,69,23,5.0,978.2
72,70,1,1.0,407.0
72,70,2,2.0,829.5
72,70,6,1.0,513.0
72,70,7,1.0,453.0
72,70,8,2.0,490.0
72,70,9,3.0,712.7
72,70,10,1.0,577.0
72,70,11,2.0,719.5
72,70,12,4.0,502.8
72,70,13,6.0,532.5
72,70,14,4.0,745.2
72,70,15,2.0,491.5
72,70,16,1.0,565.0
72,70,17,1.0,516.0
72,70,18,5.0,639.0
72,70,19,5.0,707.8
72,70,20,4.0,514.5
72,70,21,1.0,633.0
72,70,22,2.0,631.0
72,70,23,1.0,609.0
72,71,0,4.0,700.5
72,71,1,1.0,283.0
72,71,2,1.0,337.0
72,71,4,1.0,374.0
72,71,6,1.0,701.0
72,71,7,4.0,587.5
72,71,8,10.0,546.5
72,71,9,6.0,515.5
72,71,10,6.0,645.5
72,71,11,9.0,626.1
72,71,12,5.0,731.4
72,71,13,6.0,743.0
72,71,14,6.0,609.5
72,71,15,7.0,673.6
72,71,16,8.0,868.1
72,71,17,8.0,831.5
72,71,18,3.0,1029.3
72,71,19,7.0,883.4
72,71,20,8.0,601.6
72,71,21,5.0,761.6
72,71,22,13.0,632.3
72,71,23,2.0,426.0
72,72,0,11.0,581.9
72,72,1,4.0,278.8
72,72,2,7.0,374.9
72,72,3,1.0,674.0
72,72,5,4.0,423.5
72,72,6,5.0,490.2
72,72,7,8.0,368.0
72,72,8,16.0,634.6
72,72,9,11.0,660.7
72,72,10,10.0,380.4
72,72,11,14.0,499.1
72,72,12,15.0,340.7
72,72,13,10.0,613.0
72,72,14,15.0,917.9
72,72,15,16.0,430.4
72,72,16,21.0,344.8
72,72,17,13.0,318.8
72,72,18,35.0,424.1
72,72,19,23.0,305.4
72,72,20,11.0,219.9
72,72,21,14.0,485.5
72,72,22,18.0,535.4
72,72,23,9.0,390.8
72,73,0,1.0,750.0
72,73,5,1.0,472.0
72,74,0,10.0,377.2
72,74,1,20.0,369.2
72,74,2,9.0,388.2
72,74,3,2.0,369.5
72,75,1,1.0,636.0
72,75,2,2.0,213.5
72,75,3,2.0,193.5
72,75,4,3.0,325.7
72,76,2,2.0,2262.0
72,76,3,2.0,2431.5
72,76,4,4.0,2586.5
72,76,5,12.0,3049.6
72,76,6,8.0,4098.9
72,76,7,4.0,4793.2
72,76,8,2.0,4298.5
72,76,10,1.0,3673.0
72,76,11,4.0,3111.5
72,76,12,5.0,3661.8
72,76,13,5.0,3360.6
72,76,14,5.0,3323.0
72,76,15,4.0,3181.8
72,76,16,2.0,4105.5
72,76,17,1.0,2898.0
72,76,18,3.0,3546.0
72,76,21,1.0,2542.0
72,77,15,1.0,2420.0
73,2,8,2.0,2653.5
73,2,12,1.0,2617.0
73,3,5,1.0,2547.0
73,5,7,2.0,3091.5
73,5,8,8.0,2783.4
73,5,9,8.0,2516.5
73,5,10,2.0,2715.0
73,5,11,2.0,2915.0
73,5,12,1.0,1934.0
73,6,0,2.0,1710.5
73,6,6,2.0,2888.0
73,6,9,2.0,2066.5
73,6,11,1.0,2106.0
73,6,13,2.0,2325.0
73,6,19,1.0,1968.0
73,6,22,1.0,1871.0
73,6,23,1.0,2438.0
73,8,0,3.0,1374.7
73,8,1,1.0,1351.0
73,8,2,1.0,1505.0
73,8,4,3.0,1681.7
73,8,5,7.0,1590.6
73,8,6,5.0,2051.4
73,8,23,2.0,1335.0
73,14,20,1.0,1702.0
73,14,22,1.0,2107.0
73,16,1,1.0,1680.0
73,16,22,1.0,1336.0
73,20,23,1.0,1774.0
73,21,13,1.0,1582.0
73,21,22,1.0,1671.0
73,22,8,2.0,2772.0
73,22,11,1.0,1838.0
73,22,20,2.0,2708.5
73,23,8,2.0,3491.0
73,23,9,1.0,1633.0
73,23,11,3.0,1687.0
73,23,13,1.0,1694.0
73,23,15,3.0,2541.3
73,23,23,1.0,1224.0
73,24,6,1.0,3084.0
73,24,7,1.0,2665.0
73,24,9,1.0,2312.0
73,24,11,3.0,1997.0
73,24,12,2.0,1503.0
73,24,13,3.0,1901.7
73,24,14,1.0,1267.0
73,24,16,1.0,1512.0
73,24,18,1.0,3365.0
73,24,19,1.0,2100.0
73,24,20,1.0,1560.0
73,24,21,2.0,1286.0
73,25,0,1.0,1869.0
73,25,2,1.0,1255.0
73,25,5,1.0,2809.0
73,25,7,1.0,3554.0
73,25,8,6.0,2890.3
73,25,9,2.0,2440.0
73,25,10,2.0,2297.0
73,25,11,1.0,1510.0
73,25,12,2.0,2992.5
73,25,13,3.0,2227.7
73,25,15,2.0,4250.5
73,25,16,1.0,2571.0
73,25,17,1.0,3672.0
73,25,18,3.0,2345.7
73,25,19,3.0,2214.3
73,25,20,3.0,2036.0
73,25,21,4.0,2070.0
73,25,22,1.0,1807.0
73,25,23,1.0,2439.0
73,27,4,1.0,1248.0
73,27,21,1.0,1421.0
73,27,22,2.0,1374.5
73,28,0,2.0,1263.0
73,28,2,1.0,919.0
73,28,3,5.0,1007.8
73,28,4,4.0,1911.0
73,28,5,3.0,1419.0
73,28,6,16.0,1979.1
73,28,7,19.0,2821.8
73,28,8,32.0,2627.2
73,28,9,14.0,2317.4
73,28,10,13.0,1841.0
73,28,11,16.0,1554.2
73,28,12,9.0,1371.8
73,28,13,5.0,1813.2
73,28,14,6.0,1803.5
73,28,15,12.0,1747.2
73,28,16,13.0,1804.8
73,28,17,1.0,2000.0
73,28,18,7.0,2107.3
73,28,19,2.0,1761.0
73,28,20,10.0,1340.2
73,28,21,2.0,1353.0
73,28,22,1.0,1293.0
73,28,23,6.0,1507.5
73,29,2,1.0,1841.0
73,31,2,1.0,1514.0
73,31,8,1.0,1211.0
73,31,9,2.0,1846.5
73,31,11,2.0,1788.5
73,31,13,1.0,1034.0
73,31,14,1.0,1243.0
73,31,16,1.0,1128.0
73,31,19,4.0,2002.2
73,31,21,1.0,1630.0
73,31,22,6.0,1490.7
73,32,0,4.0,1580.8
73,32,1,1.0,1030.0
73,32,4,1.0,2646.0
73,32,5,1.0,1499.0
73,32,6,24.0,1940.5
73,32,7,25.0,2744.7
73,32,8,18.0,2857.1
73,32,9,15.0,2034.9
73,32,10,17.0,2058.5
73,32,11,23.0,1562.4
73,32,12,12.0,1701.8
73,32,13,11.0,1901.4
73,32,14,11.0,1838.0
73,32,15,19.0,1761.7
73,32,16,6.0,1488.5
73,32,17,4.0,1937.2
73,32,18,9.0,2081.6
73,32,19,3.0,1758.0
73,32,20,4.0,1474.5
73,32,21,5.0,1444.8
73,32,22,7.0,1608.9
73,32,23,1.0,1571.0
73,33,1,2.0,1154.5
73,33,6,4.0,1326.5
73,33,7,5.0,2423.6
73,33,8,1.0,1899.0
73,33,9,1.0,2262.0
73,33,10,3.0,1571.3
73,33,11,2.0,1329.0
73,33,12,2.0,1101.0
73,33,14,4.0,1278.2
73,33,16,3.0,1144.3
73,33,17,2.0,1325.5
73,33,19,1.0,1178.0
73,33,21,3.0,954.0
73,33,22,1.0,1112.0
73,33,23,2.0,974.0
73,34,0,2.0,1502.5
73,34,9,2.0,972.5
73,34,10,2.0,817.0
73,34,11,1.0,880.0
73,34,14,1.0,1105.0
73,34,17,1.0,937.0
73,34,20,1.0,1040.0
73,34,21,1.0,785.0
73,34,22,1.0,2158.0
73,34,23,1.0,1116.0
73,35,1,1.0,1494.0
73,35,2,1.0,1034.0
73,35,3,1.0,1595.0
73,35,4,1.0,783.0
73,35,5,2.0,1053.0
73,36,0,1.0,1678.0
73,36,3,1.0,928.0
73,37,4,1.0,570.0
73,38,0,1.0,702.0
73,38,1,2.0,840.0
73,38,3,1.0,1462.0
73,38,4,2.0,1424.5
73,38,5,2.0,1224.5
73,38,6,5.0,1123.8
73,38,11,1.0,1332.0
73,38,21,1.0,1856.0
73,38,22,2.0,997.5
73,38,23,3.0,1124.7
73,40,0,1.0,950.0
73,40,1,1.0,731.0
73,40,4,1.0,813.0
73,40,5,1.0,896.0
73,40,6,2.0,1038.5
73,40,7,1.0,1463.0
73,40,8,2.0,1250.5
73,40,9,3.0,1077.7
73,40,10,2.0,1223.5
73,40,12,3.0,992.3
73,40,13,4.0,1257.8
73,40,14,1.0,1111.0
73,40,15,7.0,1021.9
73,40,16,4.0,1753.5
73,40,17,10.0,1406.1
73,40,18,3.0,1098.0
73,40,19,4.0,997.2
73,40,20,2.0,791.5
73,40,21,7.0,948.6
73,40,22,7.0,935.9
73,41,0,2.0,1094.5
73,41,4,5.0,968.2
73,41,5,1.0,1617.0
73,41,6,4.0,1371.8
73,41,7,23.0,1943.6
73,41,8,12.0,1928.5
73,41,9,8.0,1309.4
73,41,10,8.0,1360.1
73,41,11,2.0,1147.5
73,41,12,7.0,1331.4
73,41,13,4.0,1453.8
73,41,14,9.0,1133.0
73,41,15,5.0,1548.0
73,41,16,12.0,1782.1
73,41,17,2.0,1524.5
73,41,18,6.0,1539.3
73,41,19,5.0,1323.2
73,41,21,3.0,1060.3
73,41,22,4.0,1203.5
73,41,23,1.0,1239.0
73,42,0,1.0,1131.0
73,42,1,6.0,963.3
73,42,2,1.0,775.0
73,42,3,3.0,720.7
73,42,4,1.0,591.0
73,42,5,1.0,2138.0
73,42,6,1.0,1123.0
73,43,0,5.0,1111.0
73,43,1,5.0,1024.6
73,43,2,4.0,948.8
73,43,3,3.0,1024.7
73,43,4,1.0,1032.0
73,43,5,4.0,1053.0
73,43,6,3.0,1300.0
73,43,7,14.0,1415.9
73,43,8,2.0,1273.5
73,43,9,11.0,1539.0
73,43,10,7.0,1189.0
73,43,11,6.0,1074.0
73,43,12,6.0,1446.3
73,43,13,10.0,1386.3
73,43,14,12.0,1379.7
73,43,15,7.0,1403.1
73,43,16,17.0,1292.5
73,43,17,7.0,1547.9
73,43,18,16.0,1408.2
73,43,19,13.0,1574.4
73,43,20,7.0,1374.6
73,43,21,6.0,1282.5
73,43,22,10.0,1312.8
73,43,23,6.0,1146.8
73,44,0,3.0,694.7
73,44,1,5.0,543.4
73,44,2,3.0,260.0
73,44,3,12.0,381.2
73,44,4,14.0,482.5
73,44,5,23.0,799.0
73,44,6,16.0,611.1
73,44,7,55.0,780.4
73,44,8,37.0,723.2
73,44,9,32.0,713.4
73,44,10,28.0,666.0
73,44,11,23.0,617.9
73,44,12,26.0,546.3
73,44,13,16.0,682.4
73,44,14,17.0,690.1
73,44,15,17.0,918.3
73,44,16,24.0,650.9
73,44,17,26.0,694.5
73,44,18,28.0,683.6
73,44,19,29.0,661.3
73,44,20,16.0,638.1
73,44,21,30.0,684.4
73,44,22,5.0,521.0
73,44,23,2.0,448.0
73,45,1,1.0,656.0
73,45,8,3.0,1286.7
73,45,9,1.0,1181.0
73,45,11,6.0,1217.7
73,45,12,4.0,968.0
73,45,13,4.0,1139.8
73,45,14,1.0,1012.0
73,45,15,9.0,1352.7
73,45,17,3.0,1556.7
73,45,18,6.0,1350.7
73,45,19,6.0,1137.3
73,45,20,2.0,862.0
73,45,23,1.0,880.0
73,46,0,3.0,977.3
73,46,1,2.0,1130.0
73,46,5,1.0,789.0
73,46,9,3.0,1499.3
73,46,10,2.0,898.5
73,46,11,5.0,1239.8
73,46,13,2.0,1006.5
73,46,14,3.0,1409.0
73,46,15,1.0,2246.0
73,46,18,3.0,1138.3
73,46,19,8.0,1500.4
73,46,20,1.0,955.0
73,46,21,5.0,1270.2
73,46,22,1.0,703.0
73,46,23,2.0,1233.5
73,47,5,2.0,773.5
73,47,7,2.0,1524.5
73,47,9,1.0,559.0
73,47,10,1.0,1008.0
73,47,12,1.0,1181.0
73,47,13,3.0,709.7
73,47,14,2.0,977.5
73,47,15,1.0,835.0
73,47,16,1.0,1678.0
73,47,17,2.0,686.0
73,47,18,2.0,835.0
73,47,21,1.0,599.0
73,47,22,2.0,872.5
73,47,23,2.0,1076.5
73,48,3,1.0,927.0
73,48,6,1.0,820.0
73,48,7,3.0,804.7
73,48,8,5.0,971.6
73,48,9,1.0,703.0
73,48,10,5.0,906.6
73,48,11,2.0,1214.0
73,48,13,3.0,955.0
73,48,15,6.0,1182.7
73,48,16,4.0,1250.5
73,48,17,3.0,1322.3
73,48,18,3.0,1099.7
73,48,21,4.0,700.0
73,48,22,1.0,827.0
73,48,23,3.0,940.3
73,49,0,9.0,442.9
73,49,1,13.0,384.1
73,49,2,10.0,482.0
73,49,3,9.0,683.2
73,49,4,15.0,358.1
73,49,5,8.0,408.9
73,49,6,9.0,466.7
73,49,23,2.0,774.0
73,50,0,1.0,300.0
73,50,4,2.0,533.5
73,50,5,5.0,540.0
73,50,6,7.0,861.7
73,50,9,2.0,447.0
73,50,10,2.0,569.0
73,50,11,4.0,643.8
73,50,12,4.0,572.0
73,50,14,5.0,781.4
73,50,20,1.0,1001.0
73,50,22,3.0,523.0
73,51,0,2.0,816.0
73,51,3,1.0,817.0
73,51,4,7.0,876.9
73,51,5,9.0,1040.6
73,51,6,9.0,798.0
73,51,7,7.0,824.4
73,51,8,8.0,1024.0
73,51,9,6.0,777.0
73,51,10,1.0,1332.0
73,51,11,1.0,558.0
73,51,12,7.0,786.9
73,51,13,5.0,740.2
73,51,14,8.0,794.6
73,51,15,2.0,713.5
73,51,16,2.0,1647.5
73,51,17,7.0,1509.3
73,51,18,4.0,940.8
73,51,19,1.0,852.0
73,51,20,1.0,1278.0
73,51,21,4.0,705.5
73,51,22,6.0,978.8
73,51,23,4.0,1306.0
73,52,7,3.0,1699.0
73,52,13,1.0,939.0
73,52,17,2.0,1530.5
73,52,20,2.0,1315.0
73,53,0,3.0,706.7
73,53,1,6.0,1001.7
73,53,2,4.0,816.2
73,53,3,2.0,1032.5
73,53,4,2.0,1325.5
73,53,5,1.0,1991.0
73,53,6,4.0,826.0
73,53,7,5.0,867.0
73,53,8,14.0,739.9
73,53,9,16.0,914.6
73,53,10,8.0,814.1
73,53,11,8.0,923.1
73,53,12,6.0,885.3
73,53,13,4.0,906.0
73,53,14,10.0,808.3
73,53,15,10.0,778.7
73,53,16,15.0,793.3
73,53,17,8.0,1012.2
73,53,18,5.0,2002.6
73,53,19,9.0,873.7
73,53,20,6.0,834.8
73,53,21,10.0,813.1
73,53,22,9.0,662.8
73,53,23,10.0,809.4
73,54,0,1.0,826.0
73,54,6,2.0,542.5
73,54,12,2.0,1691.5
73,54,14,3.0,865.3
73,54,15,2.0,963.5
73,54,16,4.0,1304.0
73,54,17,1.0,1323.0
73,54,18,5.0,1631.0
73,54,19,2.0,972.0
73,54,21,1.0,1067.0
73,54,22,2.0,919.5
73,54,23,2.0,938.5
73,55,5,3.0,1162.0
73,55,17,2.0,1818.0
73,55,18,1.0,1202.0
73,55,19,1.0,1143.0
73,56,0,1.0,1683.0
73,56,3,6.0,1385.5
73,56,4,9.0,1454.4
73,56,5,5.0,1489.2
73,56,6,9.0,1776.9
73,56,7,8.0,2171.0
73,56,8,7.0,1979.7
73,56,9,2.0,1914.5
73,56,10,1.0,1413.0
73,56,11,3.0,1745.7
73,56,12,6.0,1846.2
73,56,14,3.0,2191.0
73,56,15,7.0,2485.3
73,56,16,5.0,2319.2
73,56,17,2.0,2504.5
73,56,18,4.0,2441.5
73,56,19,2.0,1907.0
73,56,20,2.0,2028.5
73,56,21,1.0,1683.0
73,56,23,1.0,2188.0
73,57,5,3.0,1782.0
73,57,6,2.0,2314.0
73,57,8,1.0,1898.0
73,57,10,1.0,2026.0
73,57,15,1.0,1981.0
73,57,17,1.0,2447.0
73,58,9,1.0,1539.0
73,58,10,1.0,1335.0
73,58,12,1.0,2462.0
73,58,14,1.0,2002.0
73,58,15,1.0,1648.0
73,58,21,5.0,1569.0
73,58,22,1.0,1440.0
73,59,5,1.0,1221.0
73,59,7,1.0,1949.0
73,59,8,1.0,1317.0
73,59,9,1.0,1246.0
73,59,17,1.0,1220.0
73,59,18,2.0,1261.5
73,61,1,1.0,1043.0
73,61,2,1.0,959.0
73,61,4,1.0,881.0
73,61,5,3.0,1017.7
73,61,6,1.0,1085.0
73,61,7,10.0,1350.6
73,61,8,4.0,1486.8
73,61,9,2.0,1365.0
73,61,10,3.0,1131.3
73,61,11,3.0,1536.3
73,61,12,1.0,806.0
73,61,13,7.0,1081.6
73,61,14,2.0,1229.0
73,61,15,3.0,1391.0
73,61,16,6.0,1493.3
73,61,17,3.0,928.0
73,61,18,2.0,1331.5
73,61,19,1.0,1040.0
73,61,20,3.0,1353.0
73,61,21,11.0,1076.8
73,61,23,2.0,1071.5
73,62,6,1.0,1556.0
73,62,10,1.0,1413.0
73,62,15,1.0,1972.0
73,62,20,1.0,1799.0
73,63,4,2.0,1095.5
73,63,5,1.0,1757.0
73,63,6,2.0,1158.5
73,63,12,1.0,1124.0
73,63,13,1.0,2351.0
73,63,21,1.0,1279.0
73,63,23,1.0,1062.0
73,64,4,5.0,1212.4
73,65,3,2.0,1329.5
73,66,0,2.0,1375.0
73,66,1,4.0,1228.5
73,66,2,1.0,1740.0
73,66,4,1.0,1255.0
73,66,6,1.0,959.0
73,66,11,1.0,1190.0
73,66,12,8.0,1371.4
73,66,13,3.0,846.3
73,66,14,4.0,1231.8
73,66,17,2.0,982.0
73,66,19,1.0,1329.0
73,66,20,4.0,1054.0
73,66,21,3.0,970.7
73,66,22,2.0,976.5
73,66,23,3.0,841.7
73,67,0,6.0,1041.3
73,67,1,1.0,939.0
73,67,2,3.0,599.7
73,67,3,2.0,745.5
73,67,4,1.0,1733.0
73,67,5,4.0,664.5
73,67,6,3.0,576.0
73,67,7,13.0,1134.1
73,67,8,12.0,901.7
73,67,9,4.0,783.2
73,67,10,10.0,845.1
73,67,11,6.0,883.3
73,67,12,7.0,792.9
73,67,13,7.0,780.0
73,67,14,11.0,861.3
73,67,15,9.0,1080.3
73,67,16,5.0,1239.4
73,67,17,11.0,961.2
73,67,18,12.0,939.0
73,67,19,4.0,698.2
73,67,20,14.0,855.6
73,67,21,3.0,965.7
73,67,22,10.0,697.1
73,67,23,7.0,876.9
73,68,0,1.0,822.0
73,68,1,4.0,627.5
73,68,3,1.0,750.0
73,68,5,1.0,658.0
73,68,6,3.0,670.3
73,68,7,10.0,1053.0
73,68,8,25.0,1084.8
73,68,9,16.0,901.9
73,68,10,10.0,954.9
73,68,11,5.0,838.0
73,68,12,12.0,862.8
73,68,13,6.0,817.8
73,68,14,7.0,1025.0
73,68,15,9.0,960.9
73,68,16,14.0,931.0
73,68,17,11.0,914.5
73,68,18,2.0,880.0
73,68,19,7.0,1192.0
73,68,20,6.0,955.3
73,68,21,10.0,885.1
73,68,22,3.0,895.3
73,68,23,7.0,687.0
73,69,0,11.0,851.3
73,69,1,4.0,798.2
73,69,2,1.0,632.0
73,69,3,3.0,770.3
73,69,4,1.0,558.0
73,69,5,1.0,1198.0
73,69,6,2.0,960.0
73,69,12,1.0,711.0
73,69,20,5.0,757.2
73,69,21,1.0,934.0
73,69,22,7.0,678.7
73,69,23,5.0,726.8
73,70,1,2.0,459.0
73,70,2,2.0,698.0
73,70,3,3.0,715.3
73,70,4,1.0,709.0
73,70,5,6.0,920.5
73,71,1,2.0,498.0
73,71,2,3.0,369.3
73,71,3,9.0,375.4
73,71,4,3.0,541.0
73,72,0,2.0,237.0
73,72,1,2.0,387.0
73,72,5,2.0,277.5
73,72,6,2.0,451.0
73,72,9,2.0,529.5
73,72,10,5.0,451.0
73,72,11,6.0,593.2
73,72,12,2.0,254.0
73,72,13,2.0,300.5
73,72,14,2.0,341.0
73,72,20,5.0,342.4
73,72,21,4.0,520.2
73,72,22,2.0,318.0
73,72,23,3.0,343.3
73,73,1,7.0,454.4
73,73,2,17.0,331.9
73,73,3,1.0,1625.0
73,73,4,1.0,535.0
73,75,0,3.0,445.3
73,75,1,3.0,539.0
73,75,2,2.0,467.0
73,75,4,1.0,539.0
73,75,6,11.0,686.5
73,75,7,35.0,551.4
73,75,8,17.0,678.9
73,75,9,12.0,508.7
73,75,10,8.0,443.0
73,75,11,10.0,421.0
73,75,12,14.0,535.9
73,75,13,16.0,599.2
73,75,14,22.0,531.9
73,75,15,28.0,785.6
73,75,16,27.0,862.6
73,75,17,18.0,625.3
73,75,18,9.0,539.9
73,75,19,13.0,559.0
73,75,20,4.0,423.5
73,75,21,10.0,555.7
73,75,22,7.0,543.3
73,75,23,10.0,643.5
73,76,1,1.0,5270.0
73,76,2,5.0,2304.0
73,76,3,4.0,2285.5
73,76,4,10.0,2230.4
73,76,5,1.0,5171.0
73,77,19,1.0,1988.0
73,77,21,1.0,3938.0
73,77,22,1.0,2003.0
74,1,13,1.0,2787.0
74,1,20,1.0,2493.0
74,2,10,1.0,3103.0
74,2,20,1.0,3156.0
74,3,2,1.0,2069.0
74,6,12,1.0,2575.0
74,6,13,1.0,2372.0
74,6,14,1.0,2304.0
74,6,15,1.0,3003.0
74,6,17,1.0,3195.0
74,6,19,1.0,2840.0
74,8,5,1.0,3781.0
74,8,6,1.0,2906.0
74,8,7,1.0,4118.0
74,8,9,1.0,3761.0
74,8,10,1.0,2674.0
74,8,11,1.0,3896.0
74,8,12,2.0,2604.5
74,8,14,1.0,2462.0
74,8,15,1.0,6621.0
74,8,17,3.0,3060.0
74,8,18,2.0,2671.0
74,8,19,4.0,2453.5
74,8,20,6.0,2042.5
74,8,21,3.0,2057.7
74,8,22,4.0,1801.5
74,10,14,1.0,3192.0
74,14,23,1.0,2652.0
74,15,14,1.0,5458.0
74,17,15,1.0,6675.0
74,22,3,1.0,1877.0
74,22,8,1.0,2323.0
74,25,17,1.0,3114.0
74,28,5,2.0,2778.5
74,29,19,1.0,1988.0
74,31,0,1.0,1771.0
74,31,4,1.0,2586.0
74,31,12,1.0,1918.0
74,31,14,1.0,2516.0
74,32,4,3.0,1600.0
74,32,7,3.0,3484.0
74,32,8,4.0,2695.5
74,32,9,1.0,2322.0
74,32,10,10.0,2267.9
74,32,12,1.0,2620.0
74,32,13,3.0,2180.0
74,32,14,3.0,2288.7
74,32,15,3.0,2958.3
74,32,16,3.0,2337.0
74,32,18,2.0,3050.0
74,32,20,1.0,2104.0
74,32,21,1.0,1628.0
74,32,22,2.0,1596.5
74,33,8,1.0,4087.0
74,33,10,1.0,2381.0
74,33,11,3.0,1564.0
74,33,12,1.0,1391.0
74,33,16,2.0,2522.0
74,33,17,1.0,2357.0
74,33,18,1.0,1961.0
74,33,22,1.0,1258.0
74,34,19,1.0,1597.0
74,35,23,1.0,1610.0
74,38,10,1.0,1868.0
74,38,11,1.0,1468.0
74,38,15,1.0,1884.0
74,38,17,1.0,1412.0
74,39,0,1.0,1579.0
74,39,20,1.0,1809.0
74,41,5,1.0,1814.0
74,41,9,1.0,1555.0
74,42,14,1.0,1832.0
74,42,16,1.0,1984.0
74,42,19,2.0,1949.0
74,42,20,5.0,1869.2
74,42,21,1.0,1328.0
74,43,8,1.0,2058.0
74,43,12,1.0,1753.0
74,43,17,1.0,1994.0
74,43,20,1.0,1907.0
74,44,0,1.0,1043.0
74,45,10,1.0,1857.0
74,45,15,3.0,2146.7
74,45,17,1.0,2158.0
74,45,20,1.0,1306.0
74,46,15,4.0,2241.2
74,46,20,1.0,1753.0
74,48,0,1.0,942.0
74,48,11,1.0,1364.0
74,48,13,2.0,1495.0
74,48,14,2.0,1576.5
74,48,15,1.0,2099.0
74,48,17,1.0,1574.0
74,48,22,1.0,1065.0
74,49,6,6.0,1255.7
74,49,7,4.0,1627.8
74,49,8,1.0,1150.0
74,49,9,1.0,1433.0
74,49,10,2.0,1111.5
74,49,13,2.0,1187.0
74,49,14,2.0,1167.5
74,49,15,3.0,1459.7
74,49,16,4.0,1152.5
74,49,17,2.0,1323.5
74,49,19,2.0,1212.0
74,49,20,1.0,989.0
74,49,21,4.0,1184.5
74,49,23,1.0,1175.0
74,50,8,2.0,1455.5
74,51,4,1.0,953.0
74,51,5,1.0,1459.0
74,51,11,1.0,1294.0
74,51,12,5.0,1293.2
74,51,13,1.0,1323.0
74,51,14,1.0,1639.0
74,51,16,3.0,1467.7
74,51,17,1.0,1553.0
74,51,19,2.0,1753.0
74,51,22,1.0,1213.0
74,52,12,1.0,1863.0
74,52,19,1.0,1828.0
74,53,8,2.0,1156.5
74,53,9,1.0,858.0
74,53,10,2.0,1020.0
74,53,12,1.0,636.0
74,53,15,3.0,1038.3
74,53,16,2.0,629.0
74,53,19,3.0,958.3
74,53,20,1.0,1220.0
74,56,0,1.0,1533.0
74,56,2,1.0,926.0
74,56,3,11.0,983.1
74,56,4,7.0,1049.3
74,56,5,6.0,1264.3
74,56,6,2.0,1502.0
74,57,0,1.0,1034.0
74,57,4,1.0,1078.0
74,57,5,1.0,1261.0
74,57,7,1.0,1938.0
74,57,12,1.0,1466.0
74,57,13,1.0,1618.0
74,57,15,2.0,2165.5
74,58,15,1.0,2397.0
74,58,19,1.0,1796.0
74,58,22,1.0,1663.0
74,59,5,1.0,1555.0
74,59,17,1.0,1895.0
74,59,18,2.0,2207.0
74,59,19,3.0,2437.0
74,60,1,1.0,1806.0
74,60,2,1.0,1765.0
74,60,5,1.0,2242.0
74,60,7,1.0,2667.0
74,60,16,2.0,2235.0
74,60,17,1.0,1826.0
74,60,18,2.0,2171.5
74,61,12,1.0,1605.0
74,61,14,1.0,2331.0
74,61,15,2.0,2015.0
74,61,19,1.0,1494.0
74,63,0,1.0,1225.0
74,63,6,1.0,1660.0
74,65,0,1.0,1105.0
74,65,11,2.0,1555.5
74,65,12,2.0,1067.5
74,65,15,2.0,1386.0
74,65,17,1.0,1104.0
74,65,18,1.0,946.0
74,65,19,1.0,1197.0
74,65,20,3.0,1174.3
74,65,21,2.0,980.5
74,66,0,1.0,1452.0
74,66,2,1.0,634.0
74,66,9,1.0,1072.0
74,66,10,1.0,1004.0
74,66,12,1.0,1148.0
74,66,13,2.0,1584.0
74,66,15,1.0,1626.0
74,66,20,1.0,1572.0
74,66,21,1.0,966.0
74,66,23,1.0,1305.0
74,67,0,1.0,1054.0
74,67,7,1.0,1586.0
74,67,15,2.0,2445.0
74,67,19,1.0,2169.0
74,67,21,1.0,848.0
74,69,11,1.0,1618.0
74,69,13,2.0,1351.5
74,69,14,3.0,1287.7
74,69,15,8.0,2033.1
74,69,16,2.0,1397.5
74,69,18,5.0,1494.6
74,69,19,7.0,1794.4
74,69,20,2.0,1610.5
74,69,21,3.0,1425.0
74,69,23,1.0,1001.0
74,70,0,2.0,1040.5
74,70,3,1.0,790.0
74,70,4,1.0,565.0
74,70,7,1.0,1130.0
74,70,8,1.0,931.0
74,70,9,2.0,885.5
74,70,10,3.0,686.0
74,70,11,2.0,718.0
74,70,12,2.0,1053.5
74,70,13,3.0,649.7
74,70,14,4.0,927.8
74,70,15,1.0,1319.0
74,70,16,8.0,902.6
74,70,17,8.0,833.0
74,70,18,1.0,1132.0
74,70,19,2.0,819.0
74,70,20,2.0,992.5
74,70,21,1.0,636.0
74,70,22,3.0,624.0
74,70,23,2.0,435.5
74,72,1,5.0,521.6
74,72,2,2.0,569.0
74,72,3,2.0,416.0
74,72,4,1.0,264.0
74,72,5,2.0,500.5
74,73,10,1.0,1243.0
74,73,11,1.0,1004.0
74,73,12,1.0,1306.0
74,73,13,2.0,945.5
74,73,14,1.0,690.0
74,73,23,1.0,674.0
74,74,1,2.0,184.5
74,74,2,6.0,182.3
74,74,4,2.0,256.0
74,75,0,5.0,328.8
74,75,1,6.0,323.3
74,75,2,1.0,323.0
74,75,3,1.0,160.0
74,75,5,4.0,437.5
74,75,6,3.0,439.3
74,75,7,2.0,517.5
74,75,8,3.0,537.3
74,75,9,1.0,342.0
74,75,10,2.0,468.0
74,75,11,6.0,522.5
74,75,12,2.0,716.5
74,75,13,4.0,726.0
74,75,14,5.0,701.2
74,75,15,8.0,1062.8
74,75,16,3.0,491.7
74,75,17,2.0,568.0
74,75,18,4.0,498.0
74,75,19,5.0,534.0
74,75,20,5.0,485.8
74,75,21,4.0,343.8
74,75,22,4.0,296.5
74,75,23,6.0,371.7
74,76,3,2.0,2469.5
74,76,4,2.0,2533.5
74,76,5,3.0,2647.3
75,2,5,1.0,2620.0
75,2,6,2.0,2536.0
75,3,8,1.0,3607.0
75,3,14,1.0,2216.0
75,4,4,1.0,1807.0
75,5,6,4.0,3397.0
75,5,9,1.0,3240.0
75,5,11,1.0,3291.0
75,5,12,2.0,1926.5
75,5,13,4.0,2353.0
75,5,14,1.0,2690.0
75,5,21,1.0,1738.0
75,5,22,1.0,2142.0
75,6,12,1.0,2061.0
75,6,14,1.0,1795.0
75,6,19,2.0,2069.5
75,6,22,2.0,1737.0
75,6,23,3.0,1751.3
75,7,11,1.0,2139.0
75,8,4,1.0,1755.0
75,8,5,2.0,2005.5
75,8,6,6.0,2380.5
75,8,7,2.0,3006.0
75,8,8,6.0,3478.3
75,8,9,9.0,2638.4
75,8,10,4.0,1837.2
75,8,11,1.0,1505.0
75,8,12,4.0,2144.2
75,8,13,1.0,2015.0
75,8,14,1.0,2386.0
75,8,15,5.0,2192.4
75,8,16,3.0,2829.7
75,8,17,1.0,2844.0
75,8,18,4.0,2006.8
75,8,19,3.0,1684.3
75,8,20,1.0,1478.0
75,8,21,5.0,2073.8
75,8,22,2.0,1682.5
75,8,23,1.0,1674.0
75,15,5,1.0,2659.0
75,15,9,1.0,2902.0
75,15,22,1.0,2538.0
75,16,0,1.0,1965.0
75,16,12,1.0,2755.0
75,16,15,2.0,2404.5
75,18,5,1.0,4352.0
75,21,16,1.0,2893.0
75,21,21,1.0,2049.0
75,24,2,1.0,1593.0
75,25,1,1.0,1499.0
75,26,7,1.0,3713.0
75,26,11,1.0,2806.0
75,26,12,1.0,1821.0
75,26,13,1.0,1934.0
75,26,17,1.0,3106.0
75,28,3,1.0,1536.0
75,29,0,1.0,1796.0
75,29,1,1.0,1451.0
75,29,9,1.0,1362.0
75,29,10,2.0,1695.0
75,29,11,1.0,1774.0
75,29,13,2.0,1869.0
75,29,16,1.0,2991.0
75,29,22,1.0,2309.0
75,32,1,1.0,1491.0
75,32,4,1.0,1261.0
75,32,5,3.0,1722.7
75,32,6,4.0,2281.0
75,32,7,6.0,3543.2
75,32,8,9.0,3228.0
75,32,9,7.0,2049.3
75,32,10,12.0,1796.7
75,32,11,8.0,2076.8
75,32,12,7.0,1793.0
75,32,13,3.0,1654.0
75,32,14,6.0,2055.8
75,32,15,4.0,2211.0
75,32,16,3.0,2289.3
75,32,17,4.0,2311.0
75,32,18,2.0,1857.0
75,32,19,2.0,1406.5
75,32,20,2.0,1481.0
75,32,21,1.0,1197.0
75,32,22,4.0,1291.8
75,32,23,1.0,1285.0
75,33,4,1.0,1266.0
75,33,6,1.0,2044.0
75,33,11,1.0,1464.0
75,33,22,1.0,1067.0
75,34,5,1.0,1101.0
75,34,7,2.0,1742.0
75,34,8,2.0,2188.0
75,34,10,4.0,1235.8
75,34,14,1.0,1394.0
75,34,15,1.0,1216.0
75,34,16,2.0,1566.0
75,34,17,2.0,1793.5
75,34,18,1.0,1154.0
75,35,5,2.0,1205.0
75,35,6,2.0,1787.5
75,35,7,7.0,2409.1
75,35,9,1.0,1288.0
75,35,10,4.0,1271.0
75,35,12,4.0,1097.2
75,35,13,3.0,897.0
75,35,15,4.0,1500.0
75,35,17,1.0,993.0
75,35,18,1.0,1337.0
75,35,19,1.0,1143.0
75,35,20,1.0,1131.0
75,35,21,1.0,1520.0
75,35,22,1.0,1072.0
75,35,23,1.0,1498.0
75,37,7,1.0,2049.0
75,37,9,1.0,1516.0
75,37,15,1.0,1405.0
75,37,21,1.0,1039.0
75,38,2,1.0,1841.0
75,38,5,1.0,1248.0
75,39,5,1.0,1022.0
75,39,6,6.0,1836.3
75,39,7,3.0,2372.3
75,39,10,1.0,976.0
75,39,11,1.0,1583.0
75,39,15,2.0,1278.5
75,39,17,1.0,1308.0
75,39,18,1.0,1838.0
75,39,20,1.0,1379.0
75,39,21,2.0,1473.0
75,39,23,2.0,1484.0
75,40,1,1.0,689.0
75,40,2,1.0,706.0
75,40,5,2.0,1270.5
75,40,6,1.0,1714.0
75,40,8,1.0,1486.0
75,40,10,2.0,915.0
75,40,11,1.0,1094.0
75,40,12,3.0,1151.7
75,40,13,2.0,1265.0
75,40,15,2.0,1601.0
75,40,16,4.0,1669.8
75,40,17,2.0,1179.5
75,40,18,4.0,1598.2
75,40,20,1.0,988.0
75,40,21,2.0,958.5
75,40,22,1.0,1082.0
75,40,23,2.0,814.5
75,41,0,1.0,1437.0
75,41,3,2.0,1753.5
75,41,6,7.0,1481.7
75,41,7,11.0,2165.8
75,41,8,1.0,1553.0
75,41,9,6.0,1646.3
75,41,10,2.0,1283.5
75,41,11,3.0,1450.3
75,41,12,3.0,1983.3
75,41,14,2.0,1241.5
75,41,15,5.0,1731.0
75,41,16,5.0,1490.6
75,41,17,1.0,1791.0
75,41,18,1.0,1491.0
75,41,19,5.0,1690.2
75,41,20,2.0,1103.0
75,41,21,2.0,1511.0
75,41,22,2.0,1297.5
75,41,23,1.0,1146.0
75,42,0,1.0,1678.0
75,42,7,2.0,2189.5
75,42,8,1.0,2003.0
75,42,9,1.0,1019.0
75,42,12,2.0,1140.0
75,42,13,3.0,1270.7
75,42,14,1.0,1185.0
75,42,16,6.0,1556.7
75,42,17,2.0,1024.5
75,42,18,4.0,1112.5
75,42,19,3.0,1633.3
75,42,20,3.0,1184.0
75,42,21,1.0,1447.0
75,42,22,6.0,1278.5
75,42,23,3.0,1045.3
75,43,0,6.0,1328.2
75,43,1,1.0,1221.0
75,43,2,3.0,1051.0
75,43,5,1.0,1472.0
75,43,7,3.0,1874.0
75,43,8,6.0,1684.7
75,43,9,3.0,1310.3
75,43,10,1.0,1443.0
75,43,11,2.0,1378.0
75,43,12,3.0,1923.3
75,43,13,2.0,1905.0
75,43,14,4.0,1913.8
75,43,15,3.0,1581.3
75,43,16,2.0,1631.0
75,43,17,5.0,1957.2
75,43,18,3.0,2159.3
75,43,19,13.0,1910.9
75,43,20,3.0,1608.3
75,43,21,2.0,1239.5
75,43,22,2.0,1354.0
75,43,23,7.0,1609.9
75,44,0,6.0,657.7
75,44,3,3.0,773.7
75,44,4,3.0,646.3
75,44,5,9.0,644.7
75,44,6,8.0,938.2
75,44,7,3.0,1169.3
75,44,8,3.0,1489.3
75,44,9,11.0,825.5
75,44,10,5.0,896.6
75,44,11,11.0,832.2
75,44,12,5.0,868.2
75,44,13,4.0,672.8
75,44,14,3.0,643.7
75,44,15,10.0,806.7
75,44,16,9.0,1293.2
75,44,17,8.0,960.1
75,44,18,7.0,1254.9
75,44,19,6.0,1247.5
75,44,20,6.0,824.0
75,44,21,2.0,695.0
75,44,22,4.0,916.2
75,44,23,4.0,795.0
75,45,1,1.0,2008.0
75,45,6,1.0,1232.0
75,45,9,1.0,1544.0
75,45,11,1.0,1242.0
75,45,12,1.0,1016.0
75,45,16,2.0,1120.5
75,45,17,2.0,1143.5
75,45,18,2.0,1557.0
75,45,19,2.0,1046.0
75,45,20,1.0,820.0
75,46,0,2.0,1062.5
75,46,6,2.0,1636.0
75,46,12,1.0,1165.0
75,47,1,1.0,777.0
75,47,4,1.0,1316.0
75,47,8,1.0,728.0
75,47,10,1.0,5679.0
75,47,11,1.0,1135.0
75,47,13,2.0,986.0
75,47,23,1.0,847.0
75,48,8,1.0,1132.0
75,48,10,2.0,826.0
75,48,11,2.0,921.5
75,48,12,3.0,1071.0
75,48,13,2.0,1128.0
75,48,14,1.0,1124.0
75,48,15,3.0,1065.7
75,48,16,5.0,1248.8
75,48,17,3.0,931.7
75,48,18,1.0,1138.0
75,48,19,1.0,1057.0
75,48,20,2.0,828.0
75,48,21,4.0,884.8
75,48,22,3.0,1142.0
75,48,23,4.0,803.8
75,49,0,7.0,819.4
75,49,1,4.0,572.2
75,49,2,3.0,566.0
75,49,3,5.0,561.2
75,49,4,5.0,440.2
75,49,5,1.0,877.0
75,49,6,12.0,608.9
75,49,7,2.0,746.5
75,49,12,2.0,397.5
75,49,20,4.0,859.5
75,49,21,1.0,567.0
75,49,23,1.0,807.0
75,50,1,1.0,634.0
75,50,4,1.0,452.0
75,50,5,2.0,1108.5
75,50,6,3.0,1156.0
75,50,7,5.0,903.2
75,50,8,2.0,1294.5
75,50,9,5.0,861.2
75,50,10,4.0,665.2
75,50,11,3.0,795.3
75,50,12,3.0,746.3
75,50,13,3.0,846.3
75,50,14,5.0,957.6
75,50,15,8.0,978.2
75,50,16,5.0,807.8
75,50,17,4.0,1221.8
75,50,18,2.0,885.5
75,50,19,5.0,841.2
75,50,20,4.0,806.2
75,50,21,3.0,906.3
75,50,22,4.0,1282.0
75,50,23,2.0,970.5
75,51,5,1.0,1142.0
75,52,8,1.0,1852.0
75,52,13,1.0,1583.0
75,52,14,1.0,1614.0
75,52,15,2.0,1335.5
75,53,0,3.0,571.7
75,53,1,2.0,371.5
75,53,2,1.0,714.0
75,53,3,1.0,649.0
75,53,5,3.0,647.3
75,53,6,8.0,588.5
75,53,7,1.0,275.0
75,53,8,1.0,471.0
75,53,9,5.0,404.0
75,53,10,8.0,543.0
75,53,11,17.0,407.2
75,53,12,11.0,495.5
75,53,13,14.0,524.0
75,53,14,10.0,745.1
75,53,15,1.0,610.0
75,53,17,1.0,419.0
75,53,18,4.0,622.2
75,53,19,8.0,528.5
75,53,20,7.0,564.7
75,53,21,13.0,611.6
75,53,22,10.0,715.3
75,53,23,9.0,577.6
75,54,1,1.0,723.0
75,54,9,3.0,790.7
75,54,10,4.0,827.8
75,54,11,4.0,962.5
75,54,12,2.0,837.0
75,54,13,1.0,480.0
75,54,14,2.0,890.5
75,54,15,3.0,1248.3
75,54,16,4.0,1096.2
75,54,18,6.0,1067.3
75,54,19,2.0,874.0
75,54,20,3.0,1328.0
75,54,21,1.0,1691.0
75,54,23,1.0,888.0
75,56,2,3.0,1666.7
75,56,3,14.0,1432.5
75,56,4,8.0,1559.1
75,56,5,10.0,1506.5
75,56,6,9.0,1880.6
75,56,7,7.0,2011.7
75,56,8,5.0,1889.0
75,56,9,2.0,1945.5
75,56,10,7.0,1867.9
75,56,11,5.0,1838.8
75,56,12,6.0,1927.5
75,56,13,4.0,1981.0
75,56,14,5.0,2074.2
75,56,15,1.0,2957.0
75,56,16,3.0,2326.0
75,56,17,5.0,2135.0
75,56,18,2.0,2302.0
75,56,19,3.0,2144.7
75,56,20,2.0,1811.5
75,58,9,1.0,2273.0
75,58,13,1.0,2357.0
75,61,1,1.0,910.0
75,61,4,1.0,815.0
75,61,5,1.0,1510.0
75,61,7,1.0,1991.0
75,61,10,2.0,1249.0
75,61,11,2.0,1438.5
75,61,13,1.0,1578.0
75,61,15,1.0,1783.0
75,61,16,1.0,1200.0
75,63,2,1.0,1035.0
75,63,8,1.0,2084.0
75,63,10,1.0,1907.0
75,63,23,1.0,1259.0
75,64,3,1.0,1674.0
75,65,6,2.0,1937.0
75,65,9,6.0,1657.2
75,65,10,3.0,2541.7
75,65,13,2.0,1003.0
75,65,14,1.0,1606.0
75,65,17,2.0,1791.0
75,65,18,1.0,1967.0
75,65,20,2.0,1567.0
75,65,21,3.0,1128.3
75,66,0,1.0,1089.0
75,66,1,2.0,1087.0
75,66,2,1.0,1159.0
75,66,6,1.0,954.0
75,66,7,5.0,1640.6
75,66,8,6.0,1365.3
75,66,9,6.0,1260.8
75,66,10,3.0,949.0
75,66,11,3.0,1250.3
75,66,12,3.0,1480.7
75,66,13,3.0,1331.3
75,66,14,2.0,1425.5
75,66,15,3.0,1505.3
75,66,16,1.0,2196.0
75,66,17,2.0,1069.5
75,66,18,1.0,1865.0
75,66,19,4.0,1044.5
75,66,20,4.0,1488.8
75,66,21,2.0,1513.5
75,66,23,2.0,988.5
75,67,0,1.0,966.0
75,67,1,1.0,1371.0
75,67,2,3.0,1027.3
75,67,5,1.0,901.0
75,67,6,3.0,1297.7
75,67,8,1.0,1039.0
75,67,9,1.0,1178.0
75,67,10,1.0,946.0
75,67,11,3.0,1146.3
75,67,12,2.0,1057.5
75,67,13,2.0,1154.0
75,67,14,1.0,1275.0
75,67,17,1.0,1243.0
75,67,19,3.0,1024.7
75,67,20,3.0,1227.7
75,67,22,3.0,1250.7
75,67,23,1.0,771.0
75,68,0,3.0,1111.3
75,68,4,1.0,1100.0
75,68,6,1.0,1675.0
75,68,8,3.0,1644.0
75,68,9,4.0,1013.0
75,68,10,1.0,939.0
75,68,11,1.0,1008.0
75,68,12,4.0,788.5
75,68,13,1.0,744.0
75,68,14,4.0,1047.0
75,68,15,2.0,962.5
75,68,16,2.0,1573.5
75,68,17,1.0,836.0
75,68,18,2.0,1509.0
75,68,19,4.0,997.0
75,68,20,3.0,1164.0
75,68,21,4.0,962.2
75,68,22,2.0,1295.0
75,68,23,1.0,859.0
75,69,1,2.0,1022.5
75,69,2,2.0,761.5
75,69,5,3.0,852.0
75,70,0,1.0,1112.0
75,70,4,3.0,746.3
75,70,5,2.0,800.0
75,71,2,2.0,799.5
75,71,3,1.0,470.0
75,71,4,2.0,851.0
75,72,0,2.0,253.0
75,72,3,1.0,418.0
75,72,4,4.0,440.0
75,72,5,6.0,418.8
75,72,6,1.0,374.0
75,72,7,5.0,483.4
75,72,8,23.0,427.0
75,72,9,12.0,477.4
75,72,10,12.0,422.2
75,72,11,13.0,421.2
75,72,12,6.0,591.5
75,72,13,12.0,742.2
75,72,14,8.0,621.6
75,72,15,25.0,386.3
75,72,16,15.0,543.3
75,72,17,15.0,436.1
75,72,18,8.0,604.6
75,72,19,11.0,528.3
75,72,20,5.0,487.0
75,72,21,9.0,380.8
75,72,22,8.0,361.1
75,72,23,6.0,401.7
75,73,0,2.0,496.5
75,73,1,4.0,475.8
75,73,2,3.0,402.7
75,73,4,1.0,892.0
75,73,5,2.0,400.0
75,73,6,12.0,557.2
75,73,7,8.0,717.4
75,73,8,18.0,510.9
75,73,9,9.0,466.8
75,73,10,7.0,590.6
75,73,11,7.0,445.9
75,73,12,8.0,506.0
75,73,13,5.0,519.6
75,73,14,14.0,491.1
75,73,15,20.0,552.0
75,73,16,14.0,629.3
75,73,17,14.0,735.5
75,73,18,15.0,590.7
75,73,19,5.0,485.0
75,73,20,12.0,528.1
75,73,21,4.0,489.5
75,73,22,6.0,463.3
75,73,23,5.0,840.4
75,74,0,3.0,338.3
75,74,2,1.0,304.0
75,74,3,1.0,698.0
75,74,4,2.0,292.0
75,74,5,1.0,141.0
75,74,6,2.0,185.5
75,74,10,2.0,509.0
75,74,14,1.0,390.0
75,74,20,3.0,405.7
75,74,21,2.0,230.0
75,74,22,2.0,397.5
75,74,23,2.0,262.5
75,75,0,2.0,409.0
75,75,1,1.0,350.0
75,75,2,5.0,717.0
75,75,3,2.0,355.0
75,75,5,3.0,764.3
75,75,6,15.0,558.6
75,75,7,2.0,341.5
75,75,21,1.0,260.0
75,75,22,2.0,295.0
75,75,23,1.0,105.0
75,76,0,1.0,2628.0
75,76,2,3.0,2169.0
75,76,3,2.0,2437.0
75,76,4,5.0,2632.6
75,76,5,4.0,3997.2
75,76,6,7.0,3854.0
75,76,7,1.0,3469.0
75,76,9,2.0,3484.0
75,76,10,3.0,2735.3
75,76,11,1.0,3562.0
75,76,12,3.0,3539.0
75,76,14,3.0,3354.3
75,76,17,2.0,3615.5
75,76,19,1.0,3546.0
75,76,20,1.0,3346.0
76,1,0,26.0,2026.3
76,1,1,29.0,2025.0
76,1,2,3.0,1908.0
76,1,3,1.0,1535.0
76,1,4,3.0,2217.7
76,1,5,11.0,1982.5
76,2,0,38.0,1661.4
76,2,1,14.0,1456.9
76,2,5,6.0,1707.8
76,2,6,11.0,2181.6
76,2,7,16.0,2419.2
76,2,8,15.0,2382.1
76,2,9,18.0,1935.9
76,2,10,21.0,1935.6
76,2,11,18.0,1819.3
76,2,12,19.0,1947.6
76,2,13,19.0,2119.2
76,2,14,18.0,2231.8
76,2,15,23.0,2593.9
76,2,16,9.0,2652.4
76,2,17,27.0,3004.4
76,2,18,12.0,2435.0
76,2,19,22.0,2022.6
76,2,20,30.0,2019.9
76,2,21,33.0,2037.6
76,2,22,22.0,1921.0
76,2,23,31.0,1728.5
76,3,0,82.0,1782.0
76,3,1,37.0,1675.0
76,3,2,3.0,1440.0
76,3,4,2.0,1941.0
76,3,5,26.0,1980.5
76,3,6,24.0,3240.8
76,3,7,21.0,3200.2
76,3,8,27.0,2958.1
76,3,9,33.0,2274.1
76,3,10,38.0,2120.0
76,3,11,42.0,2189.9
76,3,12,50.0,2304.9
76,3,13,66.0,2347.7
76,3,14,68.0,2916.9
76,3,15,96.0,3312.2
76,3,16,57.0,3227.4
76,3,17,90.0,3533.2
76,3,18,94.0,3088.9
76,3,19,107.0,2646.9
76,3,20,129.0,2311.4
76,3,21,142.0,2305.2
76,3,22,113.0,2136.4
76,3,23,81.0,1843.8
76,4,0,41.0,1519.9
76,4,1,13.0,1380.7
76,4,2,2.0,1270.5
76,4,4,3.0,1338.3
76,4,5,14.0,1606.6
76,4,6,14.0,2661.3
76,4,7,7.0,2387.3
76,4,8,17.0,2225.5
76,4,9,24.0,2014.1
76,4,10,18.0,1881.3
76,4,11,26.0,1814.2
76,4,12,38.0,1989.1
76,4,13,38.0,2042.5
76,4,14,41.0,2342.9
76,4,15,53.0,2865.7
76,4,16,42.0,2866.1
76,4,17,52.0,3136.5
76,4,18,61.0,2640.2
76,4,19,66.0,2304.2
76,4,20,79.0,2009.1
76,4,21,82.0,1961.3
76,4,22,55.0,1854.9
76,4,23,55.0,1663.9
76,5,0,7.0,1218.3
76,5,1,14.0,1238.1
76,5,2,3.0,1212.3
76,5,3,1.0,1564.0
76,5,4,1.0,1216.0
76,5,5,15.0,1474.9
76,6,1,29.0,1615.6
76,6,2,11.0,1652.5
76,6,3,4.0,1573.0
76,6,4,15.0,1480.7
76,7,0,194.0,1505.4
76,7,1,51.0,1438.7
76,7,2,4.0,1428.0
76,7,3,4.0,1492.5
76,7,4,16.0,1318.4
76,7,5,37.0,1709.7
76,7,6,61.0,2801.0
76,7,7,56.0,3585.7
76,7,8,58.0,3133.9
76,7,9,94.0,2353.7
76,7,10,105.0,1970.1
76,7,11,134.0,1950.1
76,7,12,142.0,2086.1
76,7,13,191.0,2268.2
76,7,14,197.0,2682.4
76,7,15,207.0,3339.0
76,7,16,120.0,3520.2
76,7,17,180.0,3683.8
76,7,18,245.0,3301.0
76,7,19,281.0,2806.7
76,7,20,365.0,2217.6
76,7,21,435.0,1986.8
76,7,22,271.0,1752.8
76,7,23,173.0,1568.5
76,8,0,725.0,1564.1
76,8,1,227.0,1482.2
76,8,2,37.0,1456.0
76,8,3,9.0,1479.4
76,8,4,27.0,1380.0
76,8,5,171.0,1768.4
76,8,6,211.0,3332.3
76,8,7,369.0,4197.0
76,8,8,579.0,3680.1
76,8,9,1081.0,2775.4
76,8,10,1059.0,2413.4
76,8,11,1358.0,2245.3
76,8,12,1336.0,2412.4
76,8,13,1608.0,2673.9
76,8,14,1445.0,3151.3
76,8,15,1610.0,3800.7
76,8,16,1081.0,3855.1
76,8,17,1250.0,3866.5
76,8,18,1397.0,3282.4
76,8,19,1510.0,2881.0
76,8,20,1841.0,2336.9
76,8,21,1806.0,2081.3
76,8,22,1198.0,1905.0
76,8,23,837.0,1680.4
76,9,0,9.0,796.8
76,9,1,7.0,772.3
76,9,2,4.0,784.0
76,9,3,1.0,833.0
76,9,4,2.0,594.0
76,9,5,4.0,856.5
76,9,6,5.0,971.2
76,9,7,1.0,794.0
76,9,20,1.0,829.0
76,9,21,2.0,755.0
76,9,22,3.0,756.7
76,9,23,2.0,977.5
76,10,0,4.0,577.8
76,10,1,14.0,565.6
76,10,2,5.0,406.8
76,10,3,3.0,907.7
76,10,4,1.0,1038.0
76,10,5,9.0,709.0
76,11,0,21.0,825.2
76,11,1,10.0,742.3
76,11,2,3.0,638.0
76,11,4,3.0,603.3
76,11,5,8.0,919.8
76,11,6,4.0,1243.0
76,11,7,6.0,1096.7
76,11,8,9.0,1292.4
76,11,9,11.0,876.8
76,11,10,7.0,924.3
76,11,11,8.0,1002.2
76,11,12,9.0,1077.9
76,11,13,12.0,952.9
76,11,14,17.0,1039.8
76,11,15,21.0,1557.4
76,11,16,13.0,1492.8
76,11,17,9.0,1726.7
76,11,18,13.0,1386.9
76,11,19,26.0,1369.5
76,11,20,23.0,1028.6
76,11,21,21.0,1164.3
76,11,22,21.0,1052.2
76,11,23,16.0,895.5
76,12,0,16.0,1058.7
76,12,1,6.0,976.2
76,12,4,3.0,968.3
76,12,5,1.0,1247.0
76,12,6,3.0,1576.3
76,12,7,1.0,1684.0
76,12,8,8.0,1341.0
76,12,9,5.0,1306.0
76,12,10,4.0,1286.8
76,12,11,6.0,1308.8
76,12,12,17.0,1309.6
76,12,13,19.0,1266.1
76,12,14,21.0,1650.4
76,12,15,23.0,1799.7
76,12,16,21.0,1844.4
76,12,17,32.0,2183.1
76,12,18,23.0,1833.1
76,12,19,34.0,1552.3
76,12,20,23.0,1424.4
76,12,21,24.0,1440.3
76,12,22,20.0,1198.8
76,12,23,16.0,1167.2
76,13,0,10.0,1358.8
76,13,1,7.0,1209.1
76,13,2,2.0,1332.0
76,13,3,1.0,922.0
76,13,6,2.0,1893.5
76,13,7,5.0,2253.2
76,13,8,14.0,1914.9
76,13,9,14.0,1613.3
76,13,10,6.0,1605.2
76,13,11,2.0,1756.5
76,13,12,6.0,1646.8
76,13,13,6.0,1433.7
76,13,14,1.0,1952.0
76,13,15,6.0,2196.7
76,13,16,5.0,2348.4
76,13,17,5.0,2438.8
76,13,18,4.0,1847.8
76,13,19,12.0,1682.4
76,13,20,11.0,1552.6
76,13,21,13.0,1837.7
76,13,22,16.0,1865.4
76,13,23,7.0,1496.7
76,14,0,27.0,1191.3
76,14,1,13.0,1273.9
76,14,2,4.0,1234.2
76,14,3,1.0,793.0
76,14,5,9.0,1429.2
76,14,6,11.0,2185.5
76,14,7,1.0,1680.0
76,14,11,7.0,1494.9
76,14,13,2.0,1248.0
76,14,20,8.0,1488.5
76,14,21,14.0,1511.1
76,14,22,12.0,1326.9
76,14,23,16.0,1241.8
76,15,0,38.0,1035.7
76,15,1,11.0,1077.2
76,15,2,3.0,885.3
76,15,3,4.0,986.5
76,15,4,6.0,1046.3
76,15,5,12.0,1073.7
76,15,6,10.0,1514.2
76,15,7,6.0,1269.7
76,15,8,8.0,1149.0
76,15,9,11.0,1204.0
76,15,10,18.0,1037.3
76,15,11,15.0,1210.5
76,15,12,28.0,1188.0
76,15,13,34.0,1307.9
76,15,14,23.0,1611.5
76,15,15,28.0,2004.5
76,15,16,20.0,2057.8
76,15,17,25.0,1913.6
76,15,18,31.0,1792.7
76,15,19,27.0,1602.9
76,15,20,41.0,1269.7
76,15,21,48.0,1388.4
76,15,22,32.0,1171.1
76,15,23,20.0,1174.1
76,16,0,47.0,1090.1
76,16,1,22.0,1003.8
76,16,2,7.0,1019.7
76,16,4,4.0,909.5
76,16,5,19.0,1316.6
76,16,6,17.0,2003.1
76,16,7,3.0,2332.3
76,16,8,4.0,1252.5
76,16,9,9.0,1351.1
76,16,10,10.0,1375.6
76,16,11,29.0,1324.5
76,16,12,20.0,1410.3
76,16,13,20.0,1615.3
76,16,14,8.0,2119.2
76,16,15,9.0,2213.8
76,16,16,5.0,2247.0
76,16,17,4.0,2346.8
76,16,18,9.0,1815.0
76,16,19,18.0,1929.8
76,16,20,37.0,1219.9
76,16,21,59.0,1401.1
76,16,22,33.0,1336.3
76,16,23,35.0,1055.2
76,17,0,17.0,834.8
76,17,1,11.0,887.5
76,17,2,5.0,762.2
76,17,3,2.0,842.5
76,17,4,1.0,852.0
76,17,5,4.0,895.8
76,17,6,4.0,1055.0
76,17,7,18.0,1075.0
76,17,8,14.0,801.2
76,17,9,11.0,1251.0
76,17,10,20.0,941.2
76,17,11,15.0,1005.2
76,17,12,7.0,962.7
76,17,13,17.0,1102.6
76,17,14,16.0,1008.9
76,17,15,15.0,1256.7
76,17,16,26.0,1193.4
76,17,17,31.0,1454.4
76,17,18,27.0,1185.6
76,17,19,24.0,1461.2
76,17,20,23.0,1053.7
76,17,21,29.0,1018.8
76,17,22,25.0,1032.7
76,17,23,12.0,835.9
76,18,0,2.0,931.5
76,18,2,1.0,738.0
76,18,5,3.0,1221.0
76,19,1,2.0,1297.0
76,19,2,2.0,1189.5
76,19,3,2.0,1795.0
76,19,4,4.0,1201.5
76,20,0,4.0,1549.0
76,20,1,4.0,1271.0
76,20,2,2.0,1237.5
76,20,5,4.0,1314.8
76,21,0,40.0,1083.4
76,21,1,15.0,1047.9
76,21,3,1.0,1026.0
76,21,4,3.0,834.7
76,21,5,11.0,1362.6
76,21,6,3.0,1525.0
76,22,0,131.0,1198.3
76,22,1,48.0,1121.5
76,22,2,4.0,1081.5
76,22,3,1.0,986.0
76,22,4,8.0,1129.9
76,22,5,24.0,1357.4
76,22,6,14.0,2125.9
76,22,7,8.0,1876.2
76,22,23,55.0,1278.8
76,23,0,11.0,1472.4
76,23,1,5.0,1627.4
76,23,2,1.0,1583.0
76,23,5,3.0,1952.0
76,23,6,1.0,3337.0
76,23,7,1.0,2843.0
76,23,8,8.0,2338.8
76,23,9,11.0,1917.1
76,23,10,10.0,1903.4
76,23,11,12.0,1787.4
76,23,12,2.0,1818.5
76,23,13,6.0,1964.8
76,23,14,8.0,2316.1
76,23,15,12.0,3649.0
76,23,16,7.0,3617.3
76,23,17,5.0,3343.4
76,23,18,13.0,2898.9
76,23,19,13.0,2618.0
76,23,20,12.0,2214.4
76,23,21,21.0,2083.7
76,23,22,14.0,1994.7
76,23,23,21.0,1606.7
76,24,1,69.0,1286.1
76,24,2,8.0,1333.9
76,24,3,5.0,1311.4
76,24,4,12.0,1258.3
76,24,5,18.0,1633.4
76,25,0,10.0,1448.3
76,25,1,3.0,1575.3
76,25,3,13.0,2760.4
76,25,5,5.0,1827.4
76,25,6,5.0,2272.2
76,25,7,8.0,2104.8
76,25,8,4.0,2142.2
76,25,9,7.0,1865.3
76,25,10,9.0,1863.1
76,25,11,9.0,2094.1
76,25,12,8.0,1782.9
76,25,13,12.0,2240.0
76,25,14,7.0,2625.1
76,25,15,12.0,3021.2
76,25,16,11.0,2868.8
76,25,17,27.0,2750.6
76,25,18,25.0,2576.6
76,25,19,11.0,2189.2
76,25,20,11.0,1853.5
76,25,21,15.0,1791.2
76,25,22,25.0,1774.8
76,25,23,10.0,1589.0
76,26,0,2.0,1694.5
76,26,1,1.0,1811.0
76,26,2,1.0,1514.0
76,26,3,1.0,1973.0
76,26,5,1.0,1702.0
76,26,6,1.0,2139.0
76,26,7,1.0,3155.0
76,26,8,4.0,2241.5
76,26,9,2.0,2463.5
76,26,11,1.0,3230.0
76,26,12,1.0,2158.0
76,26,13,2.0,1890.5
76,26,14,2.0,2807.0
76,26,16,1.0,3059.0
76,26,18,2.0,3526.0
76,26,20,1.0,3109.0
76,26,21,2.0,1831.5
76,26,23,3.0,1652.3
76,27,0,6.0,1678.2
76,27,1,3.0,1772.7
76,27,2,1.0,2503.0
76,27,5,4.0,1890.8
76,27,6,2.0,3279.0
76,27,7,6.0,3155.5
76,27,8,4.0,2713.0
76,27,9,2.0,2415.5
76,27,10,3.0,2232.3
76,27,11,1.0,1741.0
76,27,12,3.0,1796.7
76,27,13,7.0,1996.7
76,27,14,4.0,2625.0
76,27,15,2.0,3910.5
76,27,16,4.0,3406.8
76,27,17,5.0,3679.0
76,27,18,4.0,3093.5
76,27,19,5.0,2654.4
76,27,20,10.0,2065.8
76,27,21,6.0,2173.8
76,27,22,10.0,1867.7
76,27,23,6.0,1956.8
76,28,0,190.0,1463.5
76,28,1,61.0,1439.0
76,28,2,7.0,1416.6
76,28,3,1.0,1521.0
76,28,4,13.0,1353.6
76,28,5,95.0,1668.3
76,28,6,88.0,3102.8
76,28,7,148.0,3942.4
76,28,8,265.0,3353.7
76,28,9,360.0,2456.4
76,28,10,338.0,2107.6
76,28,11,360.0,2031.5
76,28,12,253.0,2218.9
76,28,13,315.0,2442.1
76,28,14,253.0,2925.0
76,28,15,257.0,3620.2
76,28,16,219.0,3798.8
76,28,17,245.0,3812.7
76,28,18,308.0,3143.2
76,28,19,366.0,2693.2
76,28,20,466.0,2149.2
76,28,21,392.0,1932.9
76,28,22,278.0,1772.9
76,28,23,200.0,1592.3
76,29,0,7.0,1998.7
76,29,1,4.0,1928.5
76,29,2,3.0,1639.0
76,29,4,1.0,2341.0
76,29,5,2.0,2139.0
76,29,6,1.0,2038.0
76,30,0,6.0,2133.3
76,30,1,3.0,2039.0
76,30,2,1.0,1815.0
76,30,5,2.0,2371.0
76,31,0,26.0,1762.5
76,31,1,12.0,1664.1
76,31,2,7.0,1832.3
76,31,5,4.0,2122.0
76,31,6,10.0,3542.0
76,31,7,1.0,2482.0
76,31,9,1.0,2814.0
76,31,10,9.0,2500.4
76,31,11,10.0,2189.6
76,31,12,7.0,2442.4
76,31,13,7.0,2432.1
76,31,14,10.0,3150.3
76,31,20,7.0,2283.0
76,31,21,13.0,1969.7
76,31,22,17.0,1882.5
76,31,23,16.0,1695.4
76,32,0,447.0,1654.1
76,32,1,153.0,1634.3
76,32,2,25.0,1555.2
76,32,3,6.0,1399.7
76,32,4,16.0,1541.9
76,32,5,133.0,1905.1
76,32,6,72.0,3442.9
76,32,23,212.0,1605.9
76,33,0,72.0,1806.7
76,33,1,22.0,1815.7
76,33,2,5.0,1703.4
76,33,4,3.0,1922.3
76,33,5,26.0,1935.0
76,33,6,41.0,3502.8
76,33,7,63.0,4124.1
76,33,8,102.0,3565.9
76,33,9,205.0,2850.2
76,33,10,176.0,2544.3
76,33,11,193.0,2500.3
76,33,12,219.0,2719.9
76,33,13,239.0,3002.3
76,33,14,213.0,3556.3
76,33,15,205.0,4203.2
76,33,16,145.0,4475.8
76,33,17,161.0,4274.4
76,33,18,139.0,3581.3
76,33,19,174.0,3062.4
76,33,20,198.0,2528.6
76,33,21,156.0,2271.2
76,33,22,124.0,2175.0
76,33,23,115.0,1870.2
76,34,0,10.0,1738.1
76,34,1,4.0,1698.5
76,34,5,2.0,1729.5
76,34,6,2.0,3119.5
76,34,11,6.0,2884.3
76,34,12,1.0,2881.0
76,34,13,1.0,2251.0
76,34,20,1.0,1537.0
76,34,21,6.0,2094.3
76,34,22,3.0,1468.0
76,34,23,6.0,1553.7
76,35,1,3.0,1881.7
76,35,2,2.0,1619.5
76,35,3,1.0,1653.0
76,35,4,1.0,1578.0
76,36,0,2.0,1884.0
76,36,5,1.0,2515.0
76,36,6,2.0,4072.5
76,36,10,4.0,2965.8
76,36,11,3.0,5085.0
76,36,12,2.0,3103.0
76,36,13,3.0,2815.3
76,36,14,3.0,3167.3
76,36,15,2.0,3803.0
76,36,17,2.0,3671.5
76,36,19,3.0,2897.3
76,36,21,4.0,2731.8
76,36,22,1.0,2077.0
76,36,23,3.0,2081.7
76,37,1,1.0,1529.0
76,38,0,12.0,1833.7
76,38,1,5.0,1674.6
76,38,2,1.0,2586.0
76,38,3,1.0,1621.0
76,38,5,5.0,2000.8
76,38,23,5.0,1972.4
76,39,0,17.0,2175.5
76,39,1,7.0,2174.0
76,39,5,7.0,2293.3
76,39,6,4.0,3602.8
76,39,7,6.0,4440.2
76,39,8,5.0,3788.0
76,39,9,5.0,3183.4
76,39,10,10.0,2928.2
76,39,11,7.0,2916.7
76,39,12,11.0,2752.6
76,39,13,14.0,3078.4
76,39,14,11.0,3670.8
76,39,15,10.0,4347.5
76,39,16,11.0,4821.1
76,39,17,13.0,4370.8
76,39,18,11.0,3663.7
76,39,19,19.0,3407.2
76,39,20,21.0,2747.3
76,39,21,24.0,2578.5
76,39,22,16.0,2327.1
76,39,23,14.0,2060.5
76,40,0,3.0,1867.7
76,40,1,1.0,1834.0
76,40,5,1.0,2054.0
76,40,6,1.0,2444.0
76,40,11,1.0,3892.0
76,40,13,1.0,2844.0
76,40,14,2.0,4449.0
76,40,15,2.0,5067.0
76,40,16,1.0,4189.0
76,40,18,1.0,3747.0
76,40,19,1.0,3893.0
76,40,20,2.0,2727.5
76,40,22,1.0,3288.0
76,40,23,1.0,2813.0
76,41,0,41.0,2233.8
76,41,1,16.0,1969.2
76,41,2,3.0,2299.0
76,41,4,2.0,1801.0
76,41,5,8.0,2300.5
76,41,6,15.0,3486.3
76,41,7,24.0,4382.9
76,41,8,38.0,3816.1
76,41,9,36.0,3143.2
76,41,10,41.0,2833.3
76,41,11,33.0,2704.1
76,41,12,31.0,3261.3
76,41,13,44.0,3310.0
76,41,14,53.0,3949.3
76,41,15,47.0,4721.6
76,41,16,36.0,4697.7
76,41,17,41.0,4481.8
76,41,18,40.0,4068.8
76,41,19,51.0,3508.4
76,41,20,54.0,2911.2
76,41,21,62.0,2856.2
76,41,22,52.0,2378.2
76,41,23,47.0,2248.7
76,42,0,8.0,2379.1
76,42,1,2.0,1917.0
76,42,3,1.0,2104.0
76,42,4,1.0,1828.0
76,42,5,1.0,2007.0
76,42,6,3.0,4473.3
76,42,7,2.0,4063.5
76,42,8,8.0,3570.8
76,42,9,5.0,3001.8
76,42,10,3.0,3214.7
76,42,11,5.0,3162.8
76,42,12,3.0,3488.0
76,42,13,3.0,3293.3
76,42,14,6.0,4541.5
76,42,15,6.0,4930.3
76,42,16,3.0,5112.0
76,42,17,5.0,5497.8
76,42,18,3.0,4170.7
76,42,19,3.0,3669.0
76,42,20,7.0,3004.6
76,42,21,11.0,2825.4
76,42,22,6.0,3165.0
76,42,23,9.0,2399.6
76,43,1,3.0,2534.0
76,44,0,7.0,2506.3
76,44,1,2.0,2115.5
76,44,5,1.0,1944.0
76,44,6,1.0,2759.0
76,44,23,3.0,2882.0
76,45,0,1.0,2527.0
76,45,1,1.0,2867.0
76,45,6,1.0,5162.0
76,45,7,3.0,4406.3
76,45,9,1.0,3441.0
76,45,12,1.0,3519.0
76,45,13,1.0,4155.0
76,45,14,1.0,3880.0
76,45,15,1.0,4976.0
76,45,21,3.0,3786.3
76,46,0,4.0,2490.0
76,46,1,1.0,2196.0
76,46,2,2.0,2707.5
76,46,5,1.0,3340.0
76,46,6,1.0,4887.0
76,46,7,2.0,4043.0
76,46,11,1.0,3917.0
76,46,13,3.0,3922.7
76,46,14,1.0,6001.0
76,46,15,1.0,6562.0
76,46,16,3.0,6853.0
76,46,20,1.0,3083.0
76,46,21,2.0,4053.5
76,46,22,1.0,3103.0
76,46,23,2.0,2664.0
76,48,0,1.0,2374.0
76,48,1,1.0,2389.0
76,48,4,1.0,2612.0
76,49,0,3.0,2323.7
76,49,1,2.0,2451.0
76,49,3,1.0,2767.0
76,49,21,1.0,3178.0
76,49,23,1.0,2582.0
76,50,7,1.0,2979.0
76,50,8,1.0,3196.0
76,50,11,2.0,3334.0
76,51,0,1.0,2897.0
76,51,2,3.0,2507.0
76,51,6,1.0,4374.0
76,51,7,2.0,4458.5
76,51,8,2.0,3110.0
76,51,10,1.0,3796.0
76,51,14,1.0,7020.0
76,51,18,1.0,4823.0
76,51,20,3.0,3863.3
76,52,0,2.0,2535.0
76,52,6,1.0,4779.0
76,52,9,2.0,4156.0
76,52,13,2.0,3796.5
76,52,17,2.0,5523.0
76,52,19,2.0,4066.5
76,52,22,1.0,3727.0
76,52,23,1.0,2474.0
76,53,0,1.0,3087.0
76,53,1,2.0,2383.0
76,53,2,1.0,2316.0
76,55,1,1.0,2382.0
76,56,0,2.0,2418.0
76,56,1,4.0,1906.8
76,56,3,1.0,1980.0
76,56,4,6.0,1938.7
76,56,5,3.0,2293.7
76,56,6,8.0,3108.4
76,56,8,2.0,2481.0
76,56,9,3.0,3101.3
76,56,10,7.0,2798.7
76,56,11,15.0,2556.7
76,56,12,17.0,2434.4
76,56,13,14.0,2735.3
76,56,14,11.0,3206.0
76,56,15,1.0,3461.0
76,56,19,2.0,2797.5
76,56,20,8.0,2498.9
76,56,21,6.0,2346.0
76,56,22,4.0,2257.5
76,56,23,4.0,2278.0
76,57,0,3.0,2050.0
76,57,1,1.0,1679.0
76,57,2,1.0,2335.0
76,57,6,1.0,3589.0
76,57,7,1.0,2866.0
76,57,8,1.0,2014.0
76,57,9,2.0,2837.0
76,57,10,1.0,2395.0
76,57,13,4.0,2971.0
76,57,14,1.0,4150.0
76,57,16,2.0,3984.0
76,57,17,2.0,4294.0
76,57,19,1.0,2269.0
76,57,20,1.0,3029.0
76,57,21,2.0,3002.5
76,57,22,2.0,2886.5
76,58,1,1.0,1934.0
76,58,2,1.0,1733.0
76,59,1,1.0,1521.0
76,60,0,20.0,1834.8
76,60,1,5.0,1570.0
76,60,4,1.0,1682.0
76,60,5,6.0,2179.5
76,61,0,8.0,1998.2
76,61,1,2.0,2171.5
76,61,2,1.0,2146.0
76,61,6,1.0,2701.0
76,61,23,3.0,1968.3
76,62,1,5.0,2122.4
76,62,5,1.0,2262.0
76,62,6,1.0,3700.0
76,63,0,3.0,2494.3
76,63,1,1.0,2631.0
76,63,6,1.0,3238.0
76,63,10,3.0,3351.3
76,63,13,1.0,3500.0
76,63,15,1.0,5336.0
76,63,16,1.0,4606.0
76,63,17,1.0,5104.0
76,63,18,2.0,3441.0
76,63,19,1.0,2847.0
76,63,22,1.0,2069.0
76,63,23,4.0,2689.0
76,64,0,5.0,2557.2
76,64,1,1.0,3009.0
76,64,5,1.0,2019.0
76,64,6,1.0,3076.0
76,64,10,1.0,2806.0
76,64,11,1.0,2129.0
76,64,13,3.0,2615.3
76,64,19,1.0,2855.0
76,64,20,2.0,2847.5
76,64,21,1.0,1973.0
76,64,22,1.0,2600.0
76,64,23,1.0,2265.0
76,65,1,5.0,2421.8
76,65,4,2.0,2894.0
76,66,0,5.0,2494.0
76,66,1,1.0,2540.0
76,66,2,1.0,2941.0
76,66,5,1.0,4258.0
76,67,0,3.0,2914.3
76,67,1,2.0,2647.5
76,67,6,1.0,2905.0
76,68,0,1.0,2386.0
76,69,0,5.0,1896.6
76,69,1,1.0,2004.0
76,69,5,2.0,2606.0
76,70,0,5.0,2368.4
76,70,1,2.0,2637.5
76,70,5,1.0,2694.0
76,70,6,4.0,2662.0
76,70,7,4.0,3254.5
76,70,9,2.0,3220.5
76,70,10,1.0,2457.0
76,70,11,2.0,3069.5
76,70,12,1.0,2731.0
76,70,13,1.0,2489.0
76,70,14,2.0,4157.0
76,70,15,2.0,3954.5
76,70,16,2.0,5911.5
76,70,17,2.0,4079.5
76,70,18,1.0,4449.0
76,70,20,4.0,2827.8
76,70,21,5.0,2817.8
76,70,22,2.0,2570.5
76,70,23,4.0,2509.5
76,71,0,6.0,2618.5
76,71,1,1.0,2805.0
76,71,7,2.0,4023.0
76,71,13,1.0,4706.0
76,71,14,1.0,4915.0
76,71,15,3.0,4216.0
76,71,17,1.0,4391.0
76,71,18,5.0,3930.0
76,71,19,1.0,5433.0
76,71,20,6.0,3337.7
76,71,21,3.0,3149.7
76,71,22,3.0,2517.0
76,71,23,3.0,2913.0
76,72,0,4.0,2708.0
76,72,1,2.0,2848.0
76,72,6,1.0,2719.0
76,72,11,1.0,2272.0
76,72,22,3.0,2648.7
76,72,23,1.0,2282.0
76,73,0,3.0,2336.0
76,73,6,1.0,5193.0
76,73,10,1.0,2906.0
76,73,11,3.0,2465.0
76,73,12,1.0,3219.0
76,73,13,1.0,3604.0
76,73,23,1.0,2362.0
76,74,7,1.0,2582.0
76,74,9,1.0,2867.0
76,74,13,1.0,2628.0
76,74,14,2.0,3751.5
76,74,15,1.0,3385.0
76,74,17,2.0,5061.5
76,74,18,3.0,3630.7
76,74,19,1.0,2647.0
76,74,20,1.0,2864.0
76,74,21,1.0,3684.0
76,74,22,2.0,2351.0
76,75,0,5.0,2412.8
76,75,1,1.0,2763.0
76,75,3,1.0,2341.0
76,75,5,1.0,3106.0
76,75,12,1.0,2956.0
76,75,13,1.0,2794.0
76,75,15,1.0,4098.0
76,75,18,1.0,2993.0
76,75,19,1.0,2855.0
76,75,20,2.0,2909.5
76,75,21,5.0,2782.2
76,75,22,1.0,2778.0
76,76,0,25.0,466.5
76,76,1,27.0,605.7
76,76,2,11.0,656.5
76,76,3,21.0,673.5
76,76,4,81.0,545.4
76,76,5,97.0,721.2
76,77,0,74.0,1923.2
76,77,1,26.0,1867.0
76,77,2,2.0,1790.5
76,77,3,3.0,1716.7
76,77,4,3.0,1783.0
76,77,5,22.0,2125.7
76,77,6,15.0,2781.7
76,77,23,28.0,1902.4
77,1,0,103.0,404.6
77,1,1,73.0,365.7
77,1,2,64.0,382.4
77,1,3,25.0,381.1
77,1,4,17.0,653.6
77,1,5,8.0,479.4
77,1,6,23.0,426.8
77,1,7,56.0,563.8
77,1,8,99.0,543.4
77,1,9,79.0,462.5
77,1,10,103.0,452.8
77,1,11,96.0,486.4
77,1,12,90.0,476.7
77,1,13,85.0,483.7
77,1,14,92.0,566.7
77,1,15,128.0,662.7
77,1,16,137.0,606.5
77,1,17,148.0,593.8
77,1,18,176.0,574.6
77,1,19,192.0,532.1
77,1,20,198.0,496.4
77,1,21,186.0,472.5
77,1,22,220.0,510.6
77,1,23,205.0,467.9
77,2,0,53.0,480.2
77,2,1,26.0,505.9
77,2,2,20.0,402.7
77,2,3,17.0,434.8
77,2,4,12.0,514.2
77,2,5,21.0,512.1
77,2,6,24.0,567.9
77,2,7,4.0,546.0
77,2,9,7.0,633.6
77,2,10,19.0,604.3
77,2,11,45.0,614.4
77,2,12,15.0,629.4
77,2,13,20.0,684.2
77,2,14,11.0,632.3
77,2,20,32.0,643.5
77,2,21,37.0,550.3
77,2,22,34.0,585.0
77,2,23,60.0,534.4
77,3,0,9.0,387.8
77,3,1,54.0,378.4
77,3,2,35.0,412.4
77,3,3,16.0,434.3
77,3,4,18.0,344.3
77,3,5,26.0,366.4
77,4,1,19.0,466.1
77,4,2,17.0,464.8
77,4,3,11.0,506.5
77,4,4,8.0,414.9
77,5,0,9.0,683.7
77,5,1,5.0,683.6
77,5,2,7.0,852.1
77,5,4,2.0,647.5
77,5,5,1.0,418.0
77,5,6,10.0,930.6
77,5,7,45.0,1175.7
77,5,8,32.0,1072.0
77,5,9,54.0,919.2
77,5,10,26.0,797.0
77,5,11,27.0,865.6
77,5,12,14.0,859.8
77,5,13,18.0,915.9
77,5,14,21.0,1000.1
77,5,15,25.0,1101.9
77,5,16,23.0,1011.7
77,5,17,45.0,1198.1
77,5,18,54.0,1042.4
77,5,19,57.0,904.6
77,5,20,47.0,824.4
77,5,21,35.0,819.1
77,5,22,46.0,770.7
77,5,23,38.0,813.3
77,6,0,97.0,657.0
77,6,1,59.0,685.1
77,6,2,27.0,609.8
77,6,3,16.0,609.2
77,6,4,13.0,736.7
77,6,5,32.0,579.1
77,6,6,85.0,677.8
77,6,7,104.0,1228.9
77,6,8,159.0,1123.8
77,6,9,133.0,831.0
77,6,10,157.0,766.1
77,6,11,129.0,747.1
77,6,12,117.0,769.5
77,6,13,114.0,728.7
77,6,14,116.0,757.5
77,6,15,113.0,826.5
77,6,16,72.0,905.0
77,6,17,125.0,919.1
77,6,18,166.0,902.7
77,6,19,199.0,792.1
77,6,20,136.0,702.8
77,6,21,175.0,710.2
77,6,22,193.0,695.7
77,6,23,110.0,679.7
77,7,0,19.0,897.8
77,7,1,5.0,824.2
77,7,2,3.0,865.7
77,7,3,5.0,877.2
77,7,4,13.0,823.0
77,7,5,10.0,735.7
77,7,6,19.0,830.7
77,7,23,13.0,887.8
77,8,0,20.0,921.9
77,8,1,20.0,1051.9
77,8,2,16.0,961.4
77,8,3,12.0,780.3
77,8,4,40.0,814.8
77,8,5,79.0,852.1
77,10,2,1.0,1467.0
77,10,4,1.0,962.0
77,10,6,2.0,1683.0
77,10,7,4.0,2485.8
77,10,8,2.0,1803.0
77,10,9,1.0,1896.0
77,10,11,1.0,3103.0
77,10,12,4.0,1961.0
77,10,13,2.0,2644.0
77,10,15,6.0,2676.2
77,10,16,2.0,2496.0
77,10,17,2.0,2362.5
77,10,18,10.0,2067.0
77,10,19,5.0,1656.6
77,10,20,4.0,1535.0
77,10,21,7.0,1714.6
77,10,22,7.0,1476.0
77,10,23,6.0,1341.3
77,11,1,1.0,974.0
77,11,2,5.0,1255.4
77,11,3,6.0,1318.3
77,11,4,3.0,1394.7
77,12,0,1.0,1301.0
77,12,2,2.0,943.5
77,12,6,2.0,970.0
77,12,7,9.0,1312.9
77,12,8,10.0,1654.0
77,12,9,13.0,1126.0
77,12,10,11.0,1233.6
77,12,11,10.0,1172.8
77,12,12,5.0,1652.2
77,12,13,2.0,1230.0
77,12,14,2.0,1573.0
77,12,15,3.0,1433.7
77,12,16,4.0,1378.2
77,12,17,2.0,1951.5
77,12,18,2.0,1437.5
77,12,19,3.0,1430.7
77,12,21,1.0,1267.0
77,12,22,3.0,1419.7
77,12,23,1.0,1093.0
77,13,2,1.0,852.0
77,13,3,4.0,894.0
77,13,4,2.0,575.5
77,14,0,11.0,782.2
77,14,1,14.0,863.6
77,14,2,5.0,789.0
77,14,3,3.0,871.0
77,14,4,2.0,603.5
77,14,5,2.0,1066.5
77,14,6,3.0,1076.7
77,14,7,10.0,1412.5
77,14,8,16.0,1294.2
77,14,9,17.0,1044.5
77,14,10,9.0,1145.1
77,14,11,10.0,1011.6
77,14,12,12.0,1190.0
77,14,13,17.0,1189.2
77,14,14,22.0,1168.1
77,14,15,13.0,1458.2
77,14,16,21.0,1474.0
77,14,17,31.0,1525.5
77,14,18,30.0,1206.8
77,14,19,33.0,1135.7
77,14,20,23.0,986.7
77,14,21,42.0,985.7
77,14,22,31.0,819.0
77,14,23,29.0,888.3
77,15,0,3.0,1820.7
77,15,1,4.0,1519.2
77,15,2,3.0,1275.3
77,15,3,1.0,1664.0
77,15,4,1.0,989.0
77,15,5,4.0,1275.8
77,15,6,4.0,1484.5
77,15,7,1.0,1713.0
77,15,8,4.0,2061.5
77,15,9,2.0,2118.0
77,15,10,4.0,1891.5
77,15,11,3.0,1708.7
77,15,12,6.0,2226.3
77,15,13,5.0,2147.4
77,15,14,5.0,2091.0
77,15,15,4.0,2556.5
77,15,16,7.0,2470.6
77,15,17,5.0,2732.2
77,15,18,5.0,2490.0
77,15,19,7.0,1931.9
77,15,20,8.0,1914.9
77,15,21,8.0,1457.9
77,15,22,8.0,1505.5
77,15,23,7.0,1668.3
77,16,0,8.0,983.1
77,16,1,5.0,1369.0
77,16,2,5.0,1075.6
77,16,3,5.0,972.4
77,16,4,5.0,1081.4
77,16,5,2.0,940.0
77,16,6,18.0,1296.0
77,16,7,2.0,1163.0
77,16,9,4.0,1734.5
77,16,10,4.0,1216.2
77,16,11,8.0,1453.1
77,16,12,8.0,1123.6
77,16,13,8.0,1433.8
77,16,14,1.0,2188.0
77,16,15,1.0,1764.0
77,16,18,3.0,1420.0
77,16,19,7.0,1318.3
77,16,20,8.0,1224.1
77,16,21,10.0,1031.3
77,16,22,18.0,1211.2
77,16,23,7.0,1087.7
77,17,3,1.0,1362.0
77,17,6,3.0,1808.7
77,17,7,2.0,2693.0
77,17,8,4.0,2468.2
77,17,9,3.0,2314.0
77,17,10,1.0,2154.0
77,17,11,3.0,2220.0
77,17,12,1.0,3527.0
77,17,14,1.0,2875.0
77,17,15,3.0,3160.3
77,17,16,3.0,3576.7
77,17,17,1.0,3685.0
77,17,18,3.0,2319.0
77,17,19,1.0,2104.0
77,17,20,2.0,2075.0
77,17,22,1.0,1757.0
77,17,23,1.0,1865.0
77,19,0,1.0,1848.0
77,19,1,1.0,1857.0
77,19,2,3.0,1605.7
77,19,4,2.0,1547.0
77,19,5,1.0,1942.0
77,20,7,2.0,2339.0
77,20,8,1.0,1896.0
77,20,9,1.0,1811.0
77,20,11,2.0,1994.0
77,20,12,2.0,1925.5
77,20,13,3.0,2167.3
77,20,15,3.0,2706.7
77,20,16,1.0,2983.0
77,20,17,1.0,3029.0
77,20,18,3.0,2883.7
77,20,19,3.0,1982.7
77,20,20,5.0,1663.0
77,20,21,3.0,1662.0
77,20,22,1.0,2075.0
77,20,23,2.0,1725.5
77,21,1,2.0,1121.5
77,21,2,7.0,1245.0
77,22,1,3.0,1310.3
77,22,2,5.0,1225.2
77,22,3,4.0,1156.5
77,22,4,1.0,1072.0
77,23,0,4.0,1829.2
77,23,1,2.0,2294.5
77,23,2,5.0,1600.8
77,23,5,1.0,1471.0
77,23,6,6.0,1565.0
77,23,7,12.0,3655.3
77,23,8,2.0,2049.0
77,23,9,9.0,2517.6
77,23,10,2.0,2393.5
77,23,11,4.0,1995.0
77,23,12,6.0,2055.5
77,23,13,2.0,2257.0
77,23,14,3.0,2420.0
77,23,15,4.0,2910.2
77,23,16,4.0,3353.0
77,23,17,4.0,2521.2
77,23,18,6.0,2305.5
77,23,19,2.0,1712.0
77,23,20,7.0,1993.6
77,23,21,3.0,1869.3
77,23,22,4.0,1584.5
77,23,23,4.0,1372.2
77,24,1,5.0,1273.2
77,24,2,7.0,1304.6
77,24,3,3.0,1513.7
77,25,1,1.0,1823.0
77,25,2,1.0,1814.0
77,25,7,2.0,3282.0
77,25,8,1.0,3537.0
77,25,9,2.0,2703.0
77,25,10,3.0,2416.0
77,25,12,1.0,2369.0
77,25,15,1.0,2802.0
77,25,16,1.0,4133.0
77,25,17,5.0,3493.6
77,25,18,3.0,3050.0
77,25,19,1.0,2125.0
77,25,20,2.0,2042.5
77,25,21,3.0,1992.0
77,25,22,1.0,2242.0
77,26,20,1.0,1587.0
77,27,2,1.0,1757.0
77,27,3,1.0,1192.0
77,27,4,3.0,1695.3
77,27,5,4.0,1624.0
77,27,6,1.0,1826.0
77,27,7,2.0,3684.0
77,27,8,2.0,2699.5
77,27,9,2.0,2878.0
77,27,11,1.0,1382.0
77,27,12,1.0,4295.0
77,27,13,2.0,2385.0
77,27,14,5.0,2611.8
77,27,15,1.0,2458.0
77,27,16,2.0,3324.0
77,27,17,3.0,2416.0
77,27,18,1.0,2188.0
77,27,21,2.0,1740.5
77,27,22,1.0,1524.0
77,28,1,5.0,1853.4
77,28,2,4.0,1656.2
77,28,3,11.0,1305.7
77,28,4,10.0,1239.8
77,29,1,1.0,1717.0
77,29,4,1.0,1483.0
77,29,5,2.0,1490.0
77,30,2,2.0,1644.5
77,30,3,1.0,1666.0
77,31,0,4.0,1580.0
77,31,1,4.0,1706.5
77,31,2,1.0,1486.0
77,31,4,1.0,1724.0
77,31,5,3.0,1939.3
77,32,0,10.0,946.8
77,32,1,11.0,1159.1
77,32,2,5.0,1133.8
77,32,3,8.0,1015.1
77,32,4,15.0,952.1
77,32,5,67.0,1013.0
77,32,6,185.0,1211.1
77,32,7,308.0,2281.8
77,32,8,357.0,2252.2
77,32,9,373.0,1652.7
77,32,10,244.0,1424.1
77,32,11,169.0,1329.7
77,32,12,148.0,1402.2
77,32,13,117.0,1347.6
77,32,14,108.0,1484.5
77,32,15,90.0,1611.6
77,32,16,67.0,1817.1
77,32,17,80.0,1841.8
77,32,18,76.0,1732.9
77,32,19,47.0,1380.4
77,32,20,49.0,1247.5
77,32,21,50.0,1252.6
77,32,22,52.0,1244.7
77,32,23,37.0,1232.8
77,33,0,5.0,1347.0
77,33,1,4.0,1140.8
77,33,2,1.0,1309.0
77,33,3,1.0,1459.0
77,33,4,5.0,1303.2
77,33,5,8.0,1737.9
77,33,6,15.0,1496.9
77,33,7,11.0,2777.9
77,33,8,6.0,2675.3
77,33,9,13.0,1820.0
77,33,10,16.0,1586.5
77,33,11,6.0,1572.3
77,33,12,18.0,1563.4
77,33,13,10.0,1361.2
77,33,14,9.0,1754.2
77,33,15,5.0,1698.6
77,33,16,7.0,2502.3
77,33,17,9.0,2180.1
77,33,18,6.0,2219.8
77,33,19,13.0,1517.7
77,33,20,7.0,1407.1
77,33,21,13.0,1365.7
77,33,22,6.0,1262.5
77,33,23,8.0,1376.5
77,34,1,1.0,1174.0
77,34,5,1.0,1278.0
77,35,0,4.0,1778.8
77,35,1,2.0,1792.5
77,35,2,2.0,1519.5
77,35,4,1.0,2018.0
77,35,5,1.0,1591.0
77,35,6,2.0,1297.5
77,35,7,5.0,2217.2
77,35,8,2.0,2667.0
77,35,9,6.0,1605.2
77,35,10,2.0,1696.5
77,35,11,4.0,1645.5
77,35,12,3.0,1699.3
77,35,18,2.0,1835.5
77,35,20,1.0,1397.0
77,35,22,2.0,1566.0
77,35,23,2.0,1228.0
77,38,0,1.0,1834.0
77,38,1,1.0,1162.0
77,38,5,3.0,1416.7
77,38,6,1.0,1351.0
77,38,10,2.0,1875.5
77,38,11,1.0,2251.0
77,38,12,3.0,1626.3
77,38,14,2.0,1709.5
77,38,18,1.0,2131.0
77,38,20,2.0,1961.0
77,38,21,2.0,1345.5
77,38,23,2.0,2415.5
77,39,2,1.0,1490.0
77,39,9,2.0,2732.5
77,39,10,1.0,2609.0
77,39,11,1.0,1555.0
77,39,13,1.0,2848.0
77,39,15,1.0,2643.0
77,39,17,2.0,2328.5
77,39,18,1.0,1439.0
77,39,19,3.0,1394.0
77,39,20,3.0,1374.0
77,39,21,3.0,1686.7
77,39,22,4.0,1230.8
77,39,23,1.0,1979.0
77,40,18,2.0,1812.0
77,40,21,2.0,2014.5
77,40,22,3.0,1982.0
77,40,23,3.0,1934.3
77,41,0,1.0,1679.0
77,41,3,1.0,1884.0
77,41,4,2.0,1445.0
77,41,5,2.0,1622.0
77,42,0,1.0,1498.0
77,42,5,1.0,1713.0
77,43,0,2.0,1766.5
77,43,9,1.0,3955.0
77,43,10,2.0,2348.5
77,43,15,1.0,2644.0
77,43,18,3.0,3273.3
77,43,19,1.0,1625.0
77,43,20,3.0,1765.7
77,43,21,1.0,2512.0
77,44,4,1.0,1964.0
77,45,0,1.0,3889.0
77,45,2,1.0,2260.0
77,45,8,1.0,4360.0
77,45,10,1.0,2242.0
77,45,20,2.0,2124.5
77,45,22,1.0,3098.0
77,46,2,1.0,1656.0
77,47,12,1.0,1957.0
77,48,9,1.0,2246.0
77,48,20,1.0,2042.0
77,49,9,1.0,3238.0
77,49,12,1.0,2272.0
77,49,19,1.0,3149.0
77,49,21,1.0,3056.0
77,52,9,1.0,2739.0
77,52,19,1.0,3857.0
77,52,23,1.0,2885.0
77,53,7,1.0,3276.0
77,53,22,1.0,2579.0
77,55,11,1.0,3322.0
77,55,12,1.0,3128.0
77,56,3,19.0,1898.5
77,56,4,54.0,2049.9
77,56,5,32.0,1976.8
77,56,6,39.0,2316.9
77,56,7,28.0,3031.5
77,56,8,20.0,2852.2
77,56,9,20.0,2599.1
77,56,10,18.0,2515.6
77,56,11,23.0,2546.3
77,56,12,18.0,2436.6
77,56,13,17.0,3088.4
77,56,14,14.0,3622.8
77,56,15,21.0,4293.5
77,56,16,13.0,4083.2
77,56,17,8.0,4066.9
77,56,18,7.0,3038.6
77,56,19,7.0,2649.9
77,56,20,6.0,2188.0
77,56,21,1.0,2112.0
77,56,23,2.0,1959.5
77,57,0,1.0,2192.0
77,57,5,1.0,2512.0
77,57,7,2.0,3380.5
77,57,12,1.0,2366.0
77,57,16,1.0,2990.0
77,57,17,2.0,3154.0
77,57,20,1.0,3522.0
77,57,21,1.0,1903.0
77,58,0,4.0,2176.2
77,58,1,1.0,3457.0
77,58,2,1.0,1764.0
77,58,3,1.0,1460.0
77,58,6,2.0,1994.5
77,58,13,1.0,2705.0
77,58,18,1.0,2238.0
77,58,19,5.0,2115.8
77,58,20,2.0,2227.0
77,58,22,2.0,2021.5
77,59,0,1.0,2165.0
77,59,1,1.0,2385.0
77,59,3,1.0,1927.0
77,60,1,1.0,1282.0
77,60,2,3.0,1382.7
77,60,5,2.0,1310.0
77,61,0,2.0,2505.5
77,61,1,2.0,2136.0
77,61,2,1.0,1559.0
77,61,4,1.0,1713.0
77,61,6,3.0,2738.3
77,63,1,1.0,1513.0
77,63,15,1.0,3531.0
77,63,17,1.0,3677.0
77,63,21,2.0,2570.0
77,63,22,1.0,1533.0
77,64,15,1.0,4561.0
77,66,0,1.0,2361.0
77,66,2,1.0,1931.0
77,66,14,1.0,2520.0
77,66,20,1.0,2196.0
77,66,22,1.0,2247.0
77,66,23,1.0,3163.0
77,69,1,1.0,1552.0
77,69,5,1.0,2947.0
77,70,7,3.0,3999.7
77,70,8,3.0,3894.3
77,70,10,1.0,2486.0
77,70,14,1.0,2899.0
77,70,20,1.0,2235.0
77,70,22,1.0,2582.0
77,70,23,1.0,2393.0
77,71,0,1.0,2010.0
77,71,2,2.0,1909.5
77,71,9,1.0,2165.0
77,71,15,1.0,3403.0
77,71,21,2.0,2354.5
77,73,17,1.0,3218.0
77,75,0,1.0,2455.0
77,75,6,2.0,2684.5
77,75,20,1.0,2304.0
77,75,22,1.0,2181.0
77,76,1,3.0,1916.7
77,76,2,4.0,1763.0
77,76,3,50.0,1826.3
77,76,4,176.0,1783.5
77,76,5,213.0,2262.6
77,77,0,90.0,332.7
77,77,1,69.0,317.2
77,77,2,49.0,239.1
77,77,3,19.0,284.7
77,77,4,23.0,325.8
77,77,5,19.0,310.4
77,77,6,32.0,339.2
77,77,7,104.0,423.7
77,77,8,130.0,471.8
77,77,9,138.0,375.6
77,77,10,157.0,378.7
77,77,11,153.0,410.5
77,77,12,140.0,378.4
77,77,13,167.0,361.9
77,77,14,162.0,480.8
77,77,15,194.0,460.1
77,77,16,204.0,465.5
77,77,17,261.0,481.6
77,77,18,312.0,463.4
77,77,19,329.0,403.0
77,77,20,248.0,378.7
77,77,21,210.0,379.9
77,77,22,243.0,352.6
77,77,23,197.0,339.3
